interaction,metrics,bucket_ranks,bucket_labels,tokens,avg_multiple,hit_2x,hit_5x,hit_10x
market_cap + liquidity,"market_cap,liquidity",10 + 10,"109,316.51+ + 19,982.42+",79,15.8088,0.7975,0.5696,0.4051
market_cap + liquidity,"market_cap,liquidity",2 + 4,"15,281.14-16,137.22 + 12,361.67-12,786.19",5,2.631,0.4,0.2,0.0
market_cap + liquidity,"market_cap,liquidity",8 + 9,"25,335.37-30,114.91 + 15,815.4-19,926.93",48,4.1266,0.5417,0.1667,0.0625
market_cap + liquidity,"market_cap,liquidity",5 + 5,"18,609.88-20,577.61 + 12,788.21-13,271.46",37,2.1699,0.3784,0.0541,0.0
market_cap + liquidity,"market_cap,liquidity",6 + 7,"20,581.29-22,843.57 + 14,071.35-14,742.63",96,4.6356,0.4792,0.1458,0.0625
market_cap + liquidity,"market_cap,liquidity",7 + 8,"22,844.27-25,315.17 + 14,748.13-15,806.44",86,3.1114,0.4419,0.1395,0.0349
market_cap + liquidity,"market_cap,liquidity",3 + 4,"16,137.97-17,162.81 + 12,361.67-12,786.19",89,3.6468,0.3371,0.1461,0.0674
market_cap + liquidity,"market_cap,liquidity",1 + 3,"0-15,280.97 + 12,046.39-12,355.84",3,1.0,0.0,0.0,0.0
market_cap + liquidity,"market_cap,liquidity",5 + 6,"18,609.88-20,577.61 + 13,271.91-14,053.28",98,1.8844,0.2449,0.0306,0.0204
market_cap + liquidity,"market_cap,liquidity",3 + 3,"16,137.97-17,162.81 + 12,046.39-12,355.84",39,3.1971,0.3077,0.1538,0.0513
market_cap + liquidity,"market_cap,liquidity",1 + 2,"0-15,280.97 + 11,600.81-12,042.9",69,2.0172,0.3188,0.087,0.0
market_cap + liquidity,"market_cap,liquidity",4 + 5,"17,167.89-18,590.82 + 12,788.21-13,271.46",92,3.2213,0.3804,0.1196,0.0761
market_cap + liquidity,"market_cap,liquidity",2 + 2,"15,281.14-16,137.22 + 11,600.81-12,042.9",47,2.6037,0.383,0.0638,0.0213
market_cap + liquidity,"market_cap,liquidity",9 + 1,"30,327.76-107,930.06 + 0-11,598.3",2,1.6248,0.5,0.0,0.0
market_cap + liquidity,"market_cap,liquidity",10 + 1,"109,316.51+ + 0-11,598.3",45,1.9338,0.2222,0.0444,0.0
market_cap + liquidity,"market_cap,liquidity",2 + 3,"15,281.14-16,137.22 + 12,046.39-12,355.84",84,1.7678,0.2143,0.0476,0.0
market_cap + liquidity,"market_cap,liquidity",8 + 8,"25,335.37-30,114.91 + 14,748.13-15,806.44",48,3.6794,0.625,0.1875,0.0625
market_cap + liquidity,"market_cap,liquidity",9 + 9,"30,327.76-107,930.06 + 15,815.4-19,926.93",61,8.3708,0.8852,0.459,0.2131
market_cap + liquidity,"market_cap,liquidity",1 + 1,"0-15,280.97 + 0-11,598.3",66,1.7541,0.2273,0.0606,0.0
market_cap + liquidity,"market_cap,liquidity",6 + 6,"20,581.29-22,843.57 + 13,271.91-14,053.28",35,3.0681,0.5429,0.1143,0.0571
market_cap + liquidity,"market_cap,liquidity",4 + 4,"17,167.89-18,590.82 + 12,361.67-12,786.19",38,2.2311,0.3947,0.1316,0.0
market_cap + liquidity,"market_cap,liquidity",7 + 7,"22,844.27-25,315.17 + 14,071.35-14,742.63",41,3.2433,0.5854,0.1463,0.0244
market_cap + liquidity,"market_cap,liquidity",9 + 10,"30,327.76-107,930.06 + 19,982.42+",55,8.27,0.8,0.5091,0.2364
market_cap + liquidity,"market_cap,liquidity",3 + 9,"16,137.97-17,162.81 + 15,815.4-19,926.93",3,1.8471,0.3333,0.0,0.0
market_cap + liquidity,"market_cap,liquidity",4 + 9,"17,167.89-18,590.82 + 15,815.4-19,926.93",5,1.444,0.0,0.0,0.0
market_cap + liquidity,"market_cap,liquidity",5 + 9,"18,609.88-20,577.61 + 15,815.4-19,926.93",6,2.6654,0.8333,0.0,0.0
market_cap + liquidity,"market_cap,liquidity",8 + 2,"25,335.37-30,114.91 + 11,600.81-12,042.9",17,6.4769,0.7647,0.2941,0.1765
market_cap + liquidity,"market_cap,liquidity",8 + 5,"25,335.37-30,114.91 + 12,788.21-13,271.46",1,1.3133,0.0,0.0,0.0
market_cap + liquidity,"market_cap,liquidity",6 + 1,"20,581.29-22,843.57 + 0-11,598.3",4,1.5431,0.25,0.0,0.0
market_cap + liquidity,"market_cap,liquidity",8 + 3,"25,335.37-30,114.91 + 12,046.39-12,355.84",10,3.1665,0.7,0.2,0.0
market_cap + liquidity,"market_cap,liquidity",9 + 5,"30,327.76-107,930.06 + 12,788.21-13,271.46",8,3.3193,0.5,0.125,0.125
market_cap + liquidity,"market_cap,liquidity",7 + 1,"22,844.27-25,315.17 + 0-11,598.3",11,2.545,0.6364,0.0909,0.0
market_cap + liquidity,"market_cap,liquidity",8 + 1,"25,335.37-30,114.91 + 0-11,598.3",10,3.1096,0.5,0.3,0.0
market_cap + liquidity,"market_cap,liquidity",9 + 8,"30,327.76-107,930.06 + 14,748.13-15,806.44",4,3.3481,1.0,0.25,0.0
market_cap + liquidity,"market_cap,liquidity",2 + 9,"15,281.14-16,137.22 + 15,815.4-19,926.93",5,1.4573,0.0,0.0,0.0
market_cap + liquidity,"market_cap,liquidity",9 + 7,"30,327.76-107,930.06 + 14,071.35-14,742.63",2,2.1548,1.0,0.0,0.0
market_cap + liquidity,"market_cap,liquidity",7 + 10,"22,844.27-25,315.17 + 19,982.42+",4,3.6175,0.5,0.25,0.0
market_cap + liquidity,"market_cap,liquidity",3 + 5,"16,137.97-17,162.81 + 12,788.21-13,271.46",4,1.2802,0.0,0.0,0.0
market_cap + liquidity,"market_cap,liquidity",1 + 9,"0-15,280.97 + 15,815.4-19,926.93",4,1.276,0.0,0.0,0.0
market_cap + liquidity,"market_cap,liquidity",6 + 9,"20,581.29-22,843.57 + 15,815.4-19,926.93",4,1.429,0.0,0.0,0.0
market_cap + liquidity,"market_cap,liquidity",8 + 4,"25,335.37-30,114.91 + 12,361.67-12,786.19",5,2.5653,0.4,0.2,0.0
market_cap + liquidity,"market_cap,liquidity",4 + 1,"17,167.89-18,590.82 + 0-11,598.3",3,3.0917,0.6667,0.3333,0.0
market_cap + liquidity,"market_cap,liquidity",8 + 10,"25,335.37-30,114.91 + 19,982.42+",3,4.4806,0.6667,0.3333,0.0
market_cap + liquidity,"market_cap,liquidity",6 + 8,"20,581.29-22,843.57 + 14,748.13-15,806.44",2,1.9886,0.5,0.0,0.0
market_cap + liquidity,"market_cap,liquidity",10 + 7,"109,316.51+ + 14,071.35-14,742.63",3,1.5359,0.0,0.0,0.0
market_cap + liquidity,"market_cap,liquidity",3 + 2,"16,137.97-17,162.81 + 11,600.81-12,042.9",7,1.1199,0.0,0.0,0.0
market_cap + liquidity,"market_cap,liquidity",4 + 6,"17,167.89-18,590.82 + 13,271.91-14,053.28",3,1.348,0.3333,0.0,0.0
market_cap + liquidity,"market_cap,liquidity",9 + 6,"30,327.76-107,930.06 + 13,271.91-14,053.28",5,5.8014,0.8,0.4,0.2
market_cap + liquidity,"market_cap,liquidity",9 + 3,"30,327.76-107,930.06 + 12,046.39-12,355.84",3,7.6159,1.0,0.6667,0.3333
market_cap + liquidity,"market_cap,liquidity",4 + 3,"17,167.89-18,590.82 + 12,046.39-12,355.84",1,1.0,0.0,0.0,0.0
market_cap + liquidity,"market_cap,liquidity",10 + 3,"109,316.51+ + 12,046.39-12,355.84",2,2.0227,0.5,0.0,0.0
market_cap + liquidity,"market_cap,liquidity",10 + 6,"109,316.51+ + 13,271.91-14,053.28",1,7.9024,1.0,1.0,0.0
market_cap + liquidity,"market_cap,liquidity",10 + 4,"109,316.51+ + 12,361.67-12,786.19",3,1.302,0.0,0.0,0.0
market_cap + liquidity,"market_cap,liquidity",2 + 8,"15,281.14-16,137.22 + 14,748.13-15,806.44",1,1.0,0.0,0.0,0.0
market_cap + liquidity,"market_cap,liquidity",10 + 9,"109,316.51+ + 15,815.4-19,926.93",6,2.4139,0.6667,0.0,0.0
market_cap + liquidity,"market_cap,liquidity",9 + 4,"30,327.76-107,930.06 + 12,361.67-12,786.19",2,7.3385,1.0,0.5,0.5
market_cap + liquidity,"market_cap,liquidity",10 + 2,"109,316.51+ + 11,600.81-12,042.9",2,1.0,0.0,0.0,0.0
market_cap + liquidity,"market_cap,liquidity",10 + 8,"109,316.51+ + 14,748.13-15,806.44",1,1.9061,0.0,0.0,0.0
market_cap + liquidity,"market_cap,liquidity",5 + 1,"18,609.88-20,577.61 + 0-11,598.3",1,1.0,0.0,0.0,0.0
market_cap + liquidity,"market_cap,liquidity",6 + 10,"20,581.29-22,843.57 + 19,982.42+",1,2.8012,1.0,0.0,0.0
market_cap + volume_usd,"market_cap,volume_usd",10 + 10,"109,316.51+ + 96,643.19+",66,16.8361,0.8485,0.6364,0.4394
market_cap + volume_usd,"market_cap,volume_usd",2 + 9,"15,281.14-16,137.22 + 58,815.09-96,139.16",3,1.0,0.0,0.0,0.0
market_cap + volume_usd,"market_cap,volume_usd",8 + 4,"25,335.37-30,114.91 + 26,969.13-30,982.7",10,3.0493,0.5,0.2,0.0
market_cap + volume_usd,"market_cap,volume_usd",5 + 3,"18,609.88-20,577.61 + 23,015.77-26,957.65",15,1.5052,0.2,0.0,0.0
market_cap + volume_usd,"market_cap,volume_usd",6 + 3,"20,581.29-22,843.57 + 23,015.77-26,957.65",12,7.2088,0.6667,0.1667,0.0833
market_cap + volume_usd,"market_cap,volume_usd",7 + 1,"22,844.27-25,315.17 + 5,784.89-17,669",8,2.8527,0.375,0.25,0.0
market_cap + volume_usd,"market_cap,volume_usd",3 + 4,"16,137.97-17,162.81 + 26,969.13-30,982.7",23,5.0704,0.3043,0.1304,0.0435
market_cap + volume_usd,"market_cap,volume_usd",6 + 8,"20,581.29-22,843.57 + 47,012.32-58,764.49",25,2.2687,0.44,0.12,0.0
market_cap + volume_usd,"market_cap,volume_usd",7 + 7,"22,844.27-25,315.17 + 40,013.6-46,956.43",18,3.5532,0.6667,0.2778,0.0556
market_cap + volume_usd,"market_cap,volume_usd",1 + 3,"0-15,280.97 + 23,015.77-26,957.65",22,1.5961,0.1818,0.0455,0.0
market_cap + volume_usd,"market_cap,volume_usd",5 + 8,"18,609.88-20,577.61 + 47,012.32-58,764.49",13,1.5058,0.1538,0.0,0.0
market_cap + volume_usd,"market_cap,volume_usd",3 + 2,"16,137.97-17,162.81 + 17,791.49-23,002.15",27,2.5586,0.3333,0.1481,0.037
market_cap + volume_usd,"market_cap,volume_usd",1 + 5,"0-15,280.97 + 31,005.61-35,301.14",21,1.6276,0.2857,0.0,0.0
market_cap + volume_usd,"market_cap,volume_usd",4 + 5,"17,167.89-18,590.82 + 31,005.61-35,301.14",17,1.6112,0.2353,0.0,0.0
market_cap + volume_usd,"market_cap,volume_usd",7 + 6,"22,844.27-25,315.17 + 35,329.38-40,010.01",23,2.5106,0.4348,0.1304,0.0
market_cap + volume_usd,"market_cap,volume_usd",1 + 9,"0-15,280.97 + 58,815.09-96,139.16",7,1.5384,0.1429,0.0,0.0
market_cap + volume_usd,"market_cap,volume_usd",2 + 3,"15,281.14-16,137.22 + 23,015.77-26,957.65",21,1.8686,0.2857,0.0476,0.0
market_cap + volume_usd,"market_cap,volume_usd",7 + 9,"22,844.27-25,315.17 + 58,815.09-96,139.16",27,2.7456,0.5556,0.0741,0.0
market_cap + volume_usd,"market_cap,volume_usd",3 + 1,"16,137.97-17,162.81 + 5,784.89-17,669",23,3.7611,0.4783,0.1304,0.087
market_cap + volume_usd,"market_cap,volume_usd",5 + 5,"18,609.88-20,577.61 + 31,005.61-35,301.14",22,1.9874,0.3182,0.0455,0.0
market_cap + volume_usd,"market_cap,volume_usd",9 + 4,"30,327.76-107,930.06 + 26,969.13-30,982.7",4,17.9175,0.5,0.25,0.25
market_cap + volume_usd,"market_cap,volume_usd",10 + 5,"109,316.51+ + 31,005.61-35,301.14",15,2.0968,0.2667,0.0667,0.0
market_cap + volume_usd,"market_cap,volume_usd",6 + 4,"20,581.29-22,843.57 + 26,969.13-30,982.7",16,3.5316,0.5,0.1875,0.125
market_cap + volume_usd,"market_cap,volume_usd",2 + 4,"15,281.14-16,137.22 + 26,969.13-30,982.7",20,2.1103,0.25,0.1,0.0
market_cap + volume_usd,"market_cap,volume_usd",4 + 2,"17,167.89-18,590.82 + 17,791.49-23,002.15",15,2.9206,0.3333,0.1333,0.0667
market_cap + volume_usd,"market_cap,volume_usd",8 + 9,"25,335.37-30,114.91 + 58,815.09-96,139.16",24,3.3372,0.7083,0.1667,0.0417
market_cap + volume_usd,"market_cap,volume_usd",9 + 10,"30,327.76-107,930.06 + 96,643.19+",68,8.9638,0.9706,0.5882,0.2647
market_cap + volume_usd,"market_cap,volume_usd",4 + 6,"17,167.89-18,590.82 + 35,329.38-40,010.01",22,2.2295,0.4091,0.0455,0.0455
market_cap + volume_usd,"market_cap,volume_usd",7 + 8,"22,844.27-25,315.17 + 47,012.32-58,764.49",24,2.5568,0.625,0.0417,0.0
market_cap + volume_usd,"market_cap,volume_usd",8 + 8,"25,335.37-30,114.91 + 47,012.32-58,764.49",30,4.7787,0.7,0.3333,0.1333
market_cap + volume_usd,"market_cap,volume_usd",2 + 6,"15,281.14-16,137.22 + 35,329.38-40,010.01",11,2.1438,0.2727,0.0909,0.0
market_cap + volume_usd,"market_cap,volume_usd",4 + 7,"17,167.89-18,590.82 + 40,013.6-46,956.43",13,2.868,0.5385,0.2308,0.0
market_cap + volume_usd,"market_cap,volume_usd",10 + 4,"109,316.51+ + 26,969.13-30,982.7",9,6.1208,0.5556,0.1111,0.1111
market_cap + volume_usd,"market_cap,volume_usd",6 + 1,"20,581.29-22,843.57 + 5,784.89-17,669",7,3.4783,0.4286,0.1429,0.1429
market_cap + volume_usd,"market_cap,volume_usd",8 + 2,"25,335.37-30,114.91 + 17,791.49-23,002.15",9,5.1175,0.5556,0.1111,0.1111
market_cap + volume_usd,"market_cap,volume_usd",6 + 5,"20,581.29-22,843.57 + 31,005.61-35,301.14",12,1.6513,0.3333,0.0,0.0
market_cap + volume_usd,"market_cap,volume_usd",4 + 4,"17,167.89-18,590.82 + 26,969.13-30,982.7",18,2.5564,0.2778,0.0556,0.0556
market_cap + volume_usd,"market_cap,volume_usd",5 + 4,"18,609.88-20,577.61 + 26,969.13-30,982.7",19,2.299,0.2632,0.1053,0.0526
market_cap + volume_usd,"market_cap,volume_usd",5 + 9,"18,609.88-20,577.61 + 58,815.09-96,139.16",10,1.6849,0.1,0.0,0.0
market_cap + volume_usd,"market_cap,volume_usd",3 + 3,"16,137.97-17,162.81 + 23,015.77-26,957.65",23,3.3298,0.087,0.087,0.087
market_cap + volume_usd,"market_cap,volume_usd",2 + 7,"15,281.14-16,137.22 + 40,013.6-46,956.43",18,1.913,0.3333,0.0556,0.0
market_cap + volume_usd,"market_cap,volume_usd",9 + 6,"30,327.76-107,930.06 + 35,329.38-40,010.01",4,2.0814,0.75,0.0,0.0
market_cap + volume_usd,"market_cap,volume_usd",2 + 2,"15,281.14-16,137.22 + 17,791.49-23,002.15",24,1.8898,0.2083,0.0833,0.0
market_cap + volume_usd,"market_cap,volume_usd",6 + 9,"20,581.29-22,843.57 + 58,815.09-96,139.16",16,5.8687,0.4375,0.125,0.0625
market_cap + volume_usd,"market_cap,volume_usd",9 + 7,"30,327.76-107,930.06 + 40,013.6-46,956.43",6,6.3751,0.8333,0.5,0.3333
market_cap + volume_usd,"market_cap,volume_usd",3 + 5,"16,137.97-17,162.81 + 31,005.61-35,301.14",13,3.6681,0.5385,0.3846,0.0769
market_cap + volume_usd,"market_cap,volume_usd",3 + 6,"16,137.97-17,162.81 + 35,329.38-40,010.01",14,3.0581,0.3571,0.1429,0.0714
market_cap + volume_usd,"market_cap,volume_usd",8 + 7,"25,335.37-30,114.91 + 40,013.6-46,956.43",26,2.7944,0.5,0.1538,0.0
market_cap + volume_usd,"market_cap,volume_usd",2 + 8,"15,281.14-16,137.22 + 47,012.32-58,764.49",10,1.7139,0.2,0.0,0.0
market_cap + volume_usd,"market_cap,volume_usd",3 + 8,"16,137.97-17,162.81 + 47,012.32-58,764.49",6,1.41,0.0,0.0,0.0
market_cap + volume_usd,"market_cap,volume_usd",4 + 1,"17,167.89-18,590.82 + 5,784.89-17,669",21,3.453,0.381,0.0952,0.0476
market_cap + volume_usd,"market_cap,volume_usd",10 + 9,"109,316.51+ + 58,815.09-96,139.16",12,6.177,0.4167,0.25,0.0833
market_cap + volume_usd,"market_cap,volume_usd",10 + 3,"109,316.51+ + 23,015.77-26,957.65",5,1.0,0.0,0.0,0.0
market_cap + volume_usd,"market_cap,volume_usd",9 + 9,"30,327.76-107,930.06 + 58,815.09-96,139.16",31,7.0198,0.8065,0.4194,0.1935
market_cap + volume_usd,"market_cap,volume_usd",10 + 7,"109,316.51+ + 40,013.6-46,956.43",6,8.2337,0.3333,0.1667,0.1667
market_cap + volume_usd,"market_cap,volume_usd",4 + 3,"17,167.89-18,590.82 + 23,015.77-26,957.65",20,3.861,0.35,0.2,0.15
market_cap + volume_usd,"market_cap,volume_usd",5 + 7,"18,609.88-20,577.61 + 40,013.6-46,956.43",18,1.8078,0.2778,0.0,0.0
market_cap + volume_usd,"market_cap,volume_usd",2 + 1,"15,281.14-16,137.22 + 5,784.89-17,669",18,3.1156,0.2222,0.0556,0.0556
market_cap + volume_usd,"market_cap,volume_usd",5 + 1,"18,609.88-20,577.61 + 5,784.89-17,669",17,2.9514,0.5294,0.1176,0.0588
market_cap + volume_usd,"market_cap,volume_usd",4 + 9,"17,167.89-18,590.82 + 58,815.09-96,139.16",5,3.878,0.6,0.4,0.0
market_cap + volume_usd,"market_cap,volume_usd",6 + 6,"20,581.29-22,843.57 + 35,329.38-40,010.01",21,2.4202,0.4762,0.0952,0.0
market_cap + volume_usd,"market_cap,volume_usd",1 + 1,"0-15,280.97 + 5,784.89-17,669",32,2.1505,0.3438,0.0938,0.0
market_cap + volume_usd,"market_cap,volume_usd",2 + 5,"15,281.14-16,137.22 + 31,005.61-35,301.14",17,1.8397,0.4118,0.0,0.0
market_cap + volume_usd,"market_cap,volume_usd",10 + 2,"109,316.51+ + 17,791.49-23,002.15",10,1.5082,0.1,0.0,0.0
market_cap + volume_usd,"market_cap,volume_usd",7 + 2,"22,844.27-25,315.17 + 17,791.49-23,002.15",10,2.2836,0.2,0.1,0.0
market_cap + volume_usd,"market_cap,volume_usd",9 + 5,"30,327.76-107,930.06 + 31,005.61-35,301.14",6,2.524,0.6667,0.1667,0.0
market_cap + volume_usd,"market_cap,volume_usd",7 + 3,"22,844.27-25,315.17 + 23,015.77-26,957.65",9,3.6638,0.2222,0.2222,0.1111
market_cap + volume_usd,"market_cap,volume_usd",8 + 5,"25,335.37-30,114.91 + 31,005.61-35,301.14",7,11.5534,0.4286,0.2857,0.2857
market_cap + volume_usd,"market_cap,volume_usd",5 + 6,"18,609.88-20,577.61 + 35,329.38-40,010.01",14,1.8158,0.3571,0.0,0.0
market_cap + volume_usd,"market_cap,volume_usd",5 + 2,"18,609.88-20,577.61 + 17,791.49-23,002.15",13,2.0245,0.4615,0.0,0.0
market_cap + volume_usd,"market_cap,volume_usd",6 + 7,"20,581.29-22,843.57 + 40,013.6-46,956.43",21,6.2706,0.619,0.1905,0.0952
market_cap + volume_usd,"market_cap,volume_usd",1 + 2,"0-15,280.97 + 17,791.49-23,002.15",21,1.8538,0.2381,0.0952,0.0
market_cap + volume_usd,"market_cap,volume_usd",1 + 6,"0-15,280.97 + 35,329.38-40,010.01",10,1.8923,0.2,0.1,0.0
market_cap + volume_usd,"market_cap,volume_usd",5 + 10,"18,609.88-20,577.61 + 96,643.19+",1,1.0895,0.0,0.0,0.0
market_cap + volume_usd,"market_cap,volume_usd",8 + 6,"25,335.37-30,114.91 + 35,329.38-40,010.01",18,4.5983,0.6111,0.2778,0.0556
market_cap + volume_usd,"market_cap,volume_usd",7 + 4,"22,844.27-25,315.17 + 26,969.13-30,982.7",9,6.3576,0.6667,0.1111,0.1111
market_cap + volume_usd,"market_cap,volume_usd",1 + 4,"0-15,280.97 + 26,969.13-30,982.7",14,2.0111,0.2857,0.0714,0.0
market_cap + volume_usd,"market_cap,volume_usd",8 + 3,"25,335.37-30,114.91 + 23,015.77-26,957.65",10,2.2469,0.5,0.1,0.0
market_cap + volume_usd,"market_cap,volume_usd",9 + 3,"30,327.76-107,930.06 + 23,015.77-26,957.65",5,9.5066,0.6,0.2,0.2
market_cap + volume_usd,"market_cap,volume_usd",3 + 7,"16,137.97-17,162.81 + 40,013.6-46,956.43",6,1.3021,0.0,0.0,0.0
market_cap + volume_usd,"market_cap,volume_usd",9 + 8,"30,327.76-107,930.06 + 47,012.32-58,764.49",10,3.4411,0.6,0.2,0.0
market_cap + volume_usd,"market_cap,volume_usd",7 + 5,"22,844.27-25,315.17 + 31,005.61-35,301.14",12,3.7657,0.4167,0.25,0.0833
market_cap + volume_usd,"market_cap,volume_usd",1 + 7,"0-15,280.97 + 40,013.6-46,956.43",10,1.5967,0.1,0.1,0.0
market_cap + volume_usd,"market_cap,volume_usd",6 + 2,"20,581.29-22,843.57 + 17,791.49-23,002.15",10,4.7254,0.4,0.1,0.1
market_cap + volume_usd,"market_cap,volume_usd",10 + 8,"109,316.51+ + 47,012.32-58,764.49",8,1.7533,0.25,0.0,0.0
market_cap + volume_usd,"market_cap,volume_usd",1 + 8,"0-15,280.97 + 47,012.32-58,764.49",5,2.4411,0.6,0.2,0.0
market_cap + volume_usd,"market_cap,volume_usd",4 + 8,"17,167.89-18,590.82 + 47,012.32-58,764.49",11,2.7284,0.4545,0.1818,0.0
market_cap + volume_usd,"market_cap,volume_usd",3 + 9,"16,137.97-17,162.81 + 58,815.09-96,139.16",7,1.7417,0.2857,0.0,0.0
market_cap + volume_usd,"market_cap,volume_usd",8 + 1,"25,335.37-30,114.91 + 5,784.89-17,669",5,1.5277,0.4,0.0,0.0
market_cap + volume_usd,"market_cap,volume_usd",8 + 10,"25,335.37-30,114.91 + 96,643.19+",3,2.9089,1.0,0.0,0.0
market_cap + volume_usd,"market_cap,volume_usd",10 + 1,"109,316.51+ + 5,784.89-17,669",6,2.0704,0.5,0.0,0.0
market_cap + volume_usd,"market_cap,volume_usd",9 + 1,"30,327.76-107,930.06 + 5,784.89-17,669",5,5.8403,0.4,0.4,0.4
market_cap + volume_usd,"market_cap,volume_usd",9 + 2,"30,327.76-107,930.06 + 17,791.49-23,002.15",3,2.6055,0.6667,0.0,0.0
market_cap + volume_usd,"market_cap,volume_usd",6 + 10,"20,581.29-22,843.57 + 96,643.19+",2,1.7593,0.0,0.0,0.0
market_cap + volume_usd,"market_cap,volume_usd",10 + 6,"109,316.51+ + 35,329.38-40,010.01",5,1.3973,0.2,0.0,0.0
market_cap + volume_usd,"market_cap,volume_usd",7 + 10,"22,844.27-25,315.17 + 96,643.19+",2,2.3925,0.5,0.0,0.0
market_cap + holders,"market_cap,holders",10 + 10,"109,316.51+ + 296+",48,20.6063,0.875,0.7083,0.5625
market_cap + holders,"market_cap,holders",2 + 2,"15,281.14-16,137.22 + 85-101",23,3.1146,0.2609,0.1304,0.0435
market_cap + holders,"market_cap,holders",8 + 6,"25,335.37-30,114.91 + 144-160",15,2.1751,0.4667,0.0,0.0
market_cap + holders,"market_cap,holders",5 + 2,"18,609.88-20,577.61 + 85-101",15,2.2356,0.4667,0.0667,0.0
market_cap + holders,"market_cap,holders",6 + 2,"20,581.29-22,843.57 + 85-101",8,4.2151,0.625,0.25,0.125
market_cap + holders,"market_cap,holders",7 + 1,"22,844.27-25,315.17 + 40-85",9,2.7101,0.2222,0.2222,0.0
market_cap + holders,"market_cap,holders",3 + 2,"16,137.97-17,162.81 + 85-101",19,5.5676,0.5263,0.2105,0.1579
market_cap + holders,"market_cap,holders",6 + 5,"20,581.29-22,843.57 + 129-143",18,5.4923,0.4444,0.0556,0.0556
market_cap + holders,"market_cap,holders",7 + 3,"22,844.27-25,315.17 + 101-116",7,2.6848,0.4286,0.1429,0.0
market_cap + holders,"market_cap,holders",1 + 7,"0-15,280.97 + 160-178",11,1.5901,0.1818,0.0909,0.0
market_cap + holders,"market_cap,holders",3 + 8,"16,137.97-17,162.81 + 178-215",8,1.3489,0.125,0.0,0.0
market_cap + holders,"market_cap,holders",5 + 9,"18,609.88-20,577.61 + 215-292",5,2.6412,0.8,0.0,0.0
market_cap + holders,"market_cap,holders",1 + 1,"0-15,280.97 + 40-85",32,1.9069,0.2188,0.0938,0.0
market_cap + holders,"market_cap,holders",4 + 1,"17,167.89-18,590.82 + 40-85",19,1.308,0.1053,0.0,0.0
market_cap + holders,"market_cap,holders",7 + 2,"22,844.27-25,315.17 + 85-101",9,6.4298,0.4444,0.2222,0.1111
market_cap + holders,"market_cap,holders",1 + 2,"0-15,280.97 + 85-101",26,2.057,0.3462,0.0769,0.0
market_cap + holders,"market_cap,holders",2 + 4,"15,281.14-16,137.22 + 116-129",29,1.6164,0.2759,0.0,0.0
market_cap + holders,"market_cap,holders",7 + 8,"22,844.27-25,315.17 + 178-215",32,3.155,0.5,0.1875,0.0312
market_cap + holders,"market_cap,holders",7 + 9,"22,844.27-25,315.17 + 215-292",32,2.9775,0.6562,0.0938,0.0
market_cap + holders,"market_cap,holders",2 + 6,"15,281.14-16,137.22 + 144-160",16,1.6869,0.1875,0.0,0.0
market_cap + holders,"market_cap,holders",5 + 7,"18,609.88-20,577.61 + 160-178",21,1.5446,0.0952,0.0,0.0
market_cap + holders,"market_cap,holders",9 + 1,"30,327.76-107,930.06 + 40-85",11,2.9238,0.3636,0.0909,0.0909
market_cap + holders,"market_cap,holders",10 + 2,"109,316.51+ + 85-101",13,4.571,0.1538,0.1538,0.0769
market_cap + holders,"market_cap,holders",3 + 4,"16,137.97-17,162.81 + 116-129",27,2.8627,0.2593,0.1111,0.037
market_cap + holders,"market_cap,holders",6 + 6,"20,581.29-22,843.57 + 144-160",20,2.135,0.4,0.05,0.0
market_cap + holders,"market_cap,holders",4 + 3,"17,167.89-18,590.82 + 101-116",18,3.4832,0.3889,0.0556,0.0556
market_cap + holders,"market_cap,holders",9 + 10,"30,327.76-107,930.06 + 296+",82,8.8876,0.9634,0.5976,0.2561
market_cap + holders,"market_cap,holders",4 + 8,"17,167.89-18,590.82 + 178-215",11,5.2282,0.8182,0.3636,0.0909
market_cap + holders,"market_cap,holders",8 + 9,"25,335.37-30,114.91 + 215-292",43,3.7223,0.6512,0.2093,0.0698
market_cap + holders,"market_cap,holders",2 + 1,"15,281.14-16,137.22 + 40-85",16,1.3789,0.0625,0.0,0.0
market_cap + holders,"market_cap,holders",4 + 4,"17,167.89-18,590.82 + 116-129",20,2.0968,0.35,0.1,0.0
market_cap + holders,"market_cap,holders",10 + 4,"109,316.51+ + 116-129",9,1.7164,0.3333,0.0,0.0
market_cap + holders,"market_cap,holders",1 + 3,"0-15,280.97 + 101-116",18,1.3762,0.0556,0.0,0.0
market_cap + holders,"market_cap,holders",7 + 4,"22,844.27-25,315.17 + 116-129",7,5.5188,0.7143,0.4286,0.1429
market_cap + holders,"market_cap,holders",6 + 3,"20,581.29-22,843.57 + 101-116",17,4.2042,0.5294,0.1176,0.1176
market_cap + holders,"market_cap,holders",8 + 5,"25,335.37-30,114.91 + 129-143",16,5.9357,0.5625,0.125,0.0625
market_cap + holders,"market_cap,holders",6 + 8,"20,581.29-22,843.57 + 178-215",19,5.4931,0.4737,0.1053,0.0526
market_cap + holders,"market_cap,holders",5 + 4,"18,609.88-20,577.61 + 116-129",20,2.6103,0.35,0.1,0.05
market_cap + holders,"market_cap,holders",7 + 5,"22,844.27-25,315.17 + 129-143",16,3.1806,0.5625,0.1875,0.0625
market_cap + holders,"market_cap,holders",5 + 8,"18,609.88-20,577.61 + 178-215",16,1.7236,0.25,0.0,0.0
market_cap + holders,"market_cap,holders",3 + 3,"16,137.97-17,162.81 + 101-116",24,1.866,0.2083,0.0417,0.0417
market_cap + holders,"market_cap,holders",5 + 3,"18,609.88-20,577.61 + 101-116",21,1.715,0.2857,0.0476,0.0
market_cap + holders,"market_cap,holders",2 + 3,"15,281.14-16,137.22 + 101-116",21,1.6193,0.2381,0.0,0.0
market_cap + holders,"market_cap,holders",2 + 8,"15,281.14-16,137.22 + 178-215",8,1.262,0.125,0.0,0.0
market_cap + holders,"market_cap,holders",7 + 7,"22,844.27-25,315.17 + 160-178",16,1.8322,0.3125,0.0,0.0
market_cap + holders,"market_cap,holders",9 + 9,"30,327.76-107,930.06 + 215-292",11,7.358,0.8182,0.3636,0.1818
market_cap + holders,"market_cap,holders",3 + 5,"16,137.97-17,162.81 + 129-143",14,7.0023,0.3571,0.2143,0.0714
market_cap + holders,"market_cap,holders",8 + 7,"25,335.37-30,114.91 + 160-178",17,5.0862,0.7059,0.3529,0.0588
market_cap + holders,"market_cap,holders",2 + 7,"15,281.14-16,137.22 + 160-178",13,3.0032,0.5385,0.2308,0.0
market_cap + holders,"market_cap,holders",3 + 7,"16,137.97-17,162.81 + 160-178",14,3.3322,0.3571,0.2143,0.0714
market_cap + holders,"market_cap,holders",4 + 2,"17,167.89-18,590.82 + 85-101",16,3.9202,0.5,0.1875,0.125
market_cap + holders,"market_cap,holders",4 + 5,"17,167.89-18,590.82 + 129-143",17,1.4457,0.1176,0.0,0.0
market_cap + holders,"market_cap,holders",10 + 5,"109,316.51+ + 129-143",3,1.8319,0.3333,0.0,0.0
market_cap + holders,"market_cap,holders",10 + 6,"109,316.51+ + 144-160",4,2.0085,0.25,0.0,0.0
market_cap + holders,"market_cap,holders",10 + 8,"109,316.51+ + 178-215",6,2.0451,0.3333,0.0,0.0
market_cap + holders,"market_cap,holders",10 + 1,"109,316.51+ + 40-85",28,2.101,0.3571,0.0357,0.0
market_cap + holders,"market_cap,holders",4 + 6,"17,167.89-18,590.82 + 144-160",17,2.271,0.4706,0.0588,0.0588
market_cap + holders,"market_cap,holders",1 + 6,"0-15,280.97 + 144-160",17,1.4973,0.2353,0.0,0.0
market_cap + holders,"market_cap,holders",6 + 4,"20,581.29-22,843.57 + 116-129",12,2.1405,0.5833,0.0,0.0
market_cap + holders,"market_cap,holders",8 + 10,"25,335.37-30,114.91 + 296+",6,3.347,0.5,0.1667,0.0
market_cap + holders,"market_cap,holders",4 + 9,"17,167.89-18,590.82 + 215-292",4,1.2264,0.0,0.0,0.0
market_cap + holders,"market_cap,holders",6 + 9,"20,581.29-22,843.57 + 215-292",24,2.979,0.4583,0.2083,0.0417
market_cap + holders,"market_cap,holders",9 + 8,"30,327.76-107,930.06 + 178-215",12,10.2878,0.75,0.4167,0.3333
market_cap + holders,"market_cap,holders",5 + 5,"18,609.88-20,577.61 + 129-143",17,2.3646,0.2941,0.0588,0.0588
market_cap + holders,"market_cap,holders",5 + 6,"18,609.88-20,577.61 + 144-160",18,1.5362,0.2222,0.0,0.0
market_cap + holders,"market_cap,holders",1 + 5,"0-15,280.97 + 129-143",13,2.2319,0.4615,0.0769,0.0
market_cap + holders,"market_cap,holders",8 + 8,"25,335.37-30,114.91 + 178-215",21,5.7193,0.7143,0.381,0.1429
market_cap + holders,"market_cap,holders",1 + 4,"0-15,280.97 + 116-129",13,2.1405,0.2308,0.1538,0.0
market_cap + holders,"market_cap,holders",9 + 6,"30,327.76-107,930.06 + 144-160",8,2.1062,0.625,0.0,0.0
market_cap + holders,"market_cap,holders",5 + 1,"18,609.88-20,577.61 + 40-85",7,2.4461,0.5714,0.0,0.0
market_cap + holders,"market_cap,holders",9 + 5,"30,327.76-107,930.06 + 129-143",5,3.7097,0.8,0.2,0.0
market_cap + holders,"market_cap,holders",7 + 6,"22,844.27-25,315.17 + 144-160",13,1.8329,0.3846,0.0,0.0
market_cap + holders,"market_cap,holders",3 + 6,"16,137.97-17,162.81 + 144-160",16,3.1722,0.3125,0.25,0.0625
market_cap + holders,"market_cap,holders",3 + 1,"16,137.97-17,162.81 + 40-85",19,1.5922,0.2105,0.0526,0.0
market_cap + holders,"market_cap,holders",8 + 3,"25,335.37-30,114.91 + 101-116",6,2.3853,0.5,0.1667,0.0
market_cap + holders,"market_cap,holders",6 + 7,"20,581.29-22,843.57 + 160-178",16,3.1236,0.5,0.1875,0.0625
market_cap + holders,"market_cap,holders",2 + 5,"15,281.14-16,137.22 + 129-143",16,2.6003,0.4375,0.125,0.0
market_cap + holders,"market_cap,holders",1 + 8,"0-15,280.97 + 178-215",10,1.9479,0.3,0.1,0.0
market_cap + holders,"market_cap,holders",10 + 7,"109,316.51+ + 160-178",11,6.1793,0.3636,0.2727,0.0909
market_cap + holders,"market_cap,holders",8 + 1,"25,335.37-30,114.91 + 40-85",7,2.6146,0.4286,0.1429,0.0
market_cap + holders,"market_cap,holders",9 + 2,"30,327.76-107,930.06 + 85-101",4,12.7523,0.5,0.5,0.25
market_cap + holders,"market_cap,holders",10 + 9,"109,316.51+ + 215-292",16,7.0241,0.75,0.4375,0.125
market_cap + holders,"market_cap,holders",9 + 3,"30,327.76-107,930.06 + 101-116",4,3.8639,0.5,0.25,0.25
market_cap + holders,"market_cap,holders",6 + 1,"20,581.29-22,843.57 + 40-85",7,10.2556,0.4286,0.2857,0.1429
market_cap + holders,"market_cap,holders",8 + 4,"25,335.37-30,114.91 + 116-129",9,1.6233,0.3333,0.0,0.0
market_cap + holders,"market_cap,holders",4 + 7,"17,167.89-18,590.82 + 160-178",19,4.1624,0.4737,0.2632,0.1053
market_cap + holders,"market_cap,holders",9 + 7,"30,327.76-107,930.06 + 160-178",5,2.4614,0.8,0.0,0.0
market_cap + holders,"market_cap,holders",8 + 2,"25,335.37-30,114.91 + 85-101",2,6.8035,1.0,0.5,0.5
market_cap + holders,"market_cap,holders",6 + 10,"20,581.29-22,843.57 + 296+",1,1.0,0.0,0.0,0.0
market_cap + holders,"market_cap,holders",1 + 9,"0-15,280.97 + 215-292",1,2.0118,1.0,0.0,0.0
market_cap + holders,"market_cap,holders",1 + 10,"0-15,280.97 + 296+",1,2.5041,1.0,0.0,0.0
market_cap + holders,"market_cap,holders",4 + 10,"17,167.89-18,590.82 + 296+",1,5.7909,1.0,1.0,0.0
market_cap + holders,"market_cap,holders",10 + 3,"109,316.51+ + 101-116",4,11.4514,0.5,0.25,0.25
market_cap + holders,"market_cap,holders",3 + 9,"16,137.97-17,162.81 + 215-292",1,3.4099,1.0,0.0,0.0
market_cap + holders,"market_cap,holders",5 + 10,"18,609.88-20,577.61 + 296+",2,1.0,0.0,0.0,0.0
market_cap + holders,"market_cap,holders",7 + 10,"22,844.27-25,315.17 + 296+",1,3.0614,1.0,0.0,0.0
liquidity + volume_usd,"liquidity,volume_usd",10 + 10,"19,982.42+ + 96,643.19+",90,16.0228,0.9222,0.7222,0.4556
liquidity + volume_usd,"liquidity,volume_usd",4 + 9,"12,361.67-12,786.19 + 58,815.09-96,139.16",14,3.1981,0.5,0.1429,0.0714
liquidity + volume_usd,"liquidity,volume_usd",9 + 4,"15,815.4-19,926.93 + 26,969.13-30,982.7",5,15.0509,0.6,0.2,0.2
liquidity + volume_usd,"liquidity,volume_usd",5 + 3,"12,788.21-13,271.46 + 23,015.77-26,957.65",14,4.8025,0.5,0.2143,0.2143
liquidity + volume_usd,"liquidity,volume_usd",7 + 3,"14,071.35-14,742.63 + 23,015.77-26,957.65",11,9.6033,0.8182,0.3636,0.1818
liquidity + volume_usd,"liquidity,volume_usd",8 + 1,"14,748.13-15,806.44 + 5,784.89-17,669",4,2.9512,0.5,0.25,0.0
liquidity + volume_usd,"liquidity,volume_usd",4 + 4,"12,361.67-12,786.19 + 26,969.13-30,982.7",25,4.4856,0.32,0.08,0.04
liquidity + volume_usd,"liquidity,volume_usd",7 + 8,"14,071.35-14,742.63 + 47,012.32-58,764.49",27,2.1678,0.4444,0.0741,0.0
liquidity + volume_usd,"liquidity,volume_usd",8 + 7,"14,748.13-15,806.44 + 40,013.6-46,956.43",18,4.4378,0.8333,0.4444,0.0556
liquidity + volume_usd,"liquidity,volume_usd",3 + 3,"12,046.39-12,355.84 + 23,015.77-26,957.65",17,1.6622,0.1176,0.0588,0.0
liquidity + volume_usd,"liquidity,volume_usd",6 + 8,"13,271.91-14,053.28 + 47,012.32-58,764.49",16,1.9202,0.3125,0.0625,0.0
liquidity + volume_usd,"liquidity,volume_usd",3 + 2,"12,046.39-12,355.84 + 17,791.49-23,002.15",25,2.5637,0.28,0.12,0.04
liquidity + volume_usd,"liquidity,volume_usd",2 + 5,"11,600.81-12,042.9 + 31,005.61-35,301.14",21,1.6767,0.2857,0.0,0.0
liquidity + volume_usd,"liquidity,volume_usd",5 + 5,"12,788.21-13,271.46 + 31,005.61-35,301.14",15,1.6605,0.2,0.0,0.0
liquidity + volume_usd,"liquidity,volume_usd",8 + 6,"14,748.13-15,806.44 + 35,329.38-40,010.01",23,3.4296,0.3478,0.1739,0.0435
liquidity + volume_usd,"liquidity,volume_usd",2 + 9,"11,600.81-12,042.9 + 58,815.09-96,139.16",6,1.4075,0.1667,0.0,0.0
liquidity + volume_usd,"liquidity,volume_usd",2 + 3,"11,600.81-12,042.9 + 23,015.77-26,957.65",19,1.9151,0.3684,0.0526,0.0
liquidity + volume_usd,"liquidity,volume_usd",8 + 9,"14,748.13-15,806.44 + 58,815.09-96,139.16",26,2.9053,0.5769,0.0769,0.0385
liquidity + volume_usd,"liquidity,volume_usd",3 + 1,"12,046.39-12,355.84 + 5,784.89-17,669",22,3.0067,0.2727,0.0909,0.0455
liquidity + volume_usd,"liquidity,volume_usd",6 + 5,"13,271.91-14,053.28 + 31,005.61-35,301.14",20,2.0696,0.4,0.05,0.0
liquidity + volume_usd,"liquidity,volume_usd",1 + 4,"0-11,598.3 + 26,969.13-30,982.7",14,1.7514,0.2143,0.0714,0.0
liquidity + volume_usd,"liquidity,volume_usd",1 + 5,"0-11,598.3 + 31,005.61-35,301.14",20,1.8848,0.3,0.05,0.0
liquidity + volume_usd,"liquidity,volume_usd",4 + 2,"12,361.67-12,786.19 + 17,791.49-23,002.15",23,1.998,0.3043,0.1304,0.0
liquidity + volume_usd,"liquidity,volume_usd",7 + 4,"14,071.35-14,742.63 + 26,969.13-30,982.7",12,2.9142,0.5,0.1667,0.0833
liquidity + volume_usd,"liquidity,volume_usd",3 + 4,"12,046.39-12,355.84 + 26,969.13-30,982.7",21,2.1758,0.2381,0.0952,0.0
liquidity + volume_usd,"liquidity,volume_usd",5 + 2,"12,788.21-13,271.46 + 17,791.49-23,002.15",17,2.8087,0.3529,0.0588,0.0588
liquidity + volume_usd,"liquidity,volume_usd",9 + 10,"15,815.4-19,926.93 + 96,643.19+",40,6.5631,0.925,0.375,0.15
liquidity + volume_usd,"liquidity,volume_usd",5 + 6,"12,788.21-13,271.46 + 35,329.38-40,010.01",24,2.1202,0.3333,0.0417,0.0417
liquidity + volume_usd,"liquidity,volume_usd",8 + 8,"14,748.13-15,806.44 + 47,012.32-58,764.49",27,2.9876,0.6667,0.0741,0.037
liquidity + volume_usd,"liquidity,volume_usd",9 + 8,"15,815.4-19,926.93 + 47,012.32-58,764.49",12,3.6125,0.5,0.3333,0.0833
liquidity + volume_usd,"liquidity,volume_usd",3 + 6,"12,046.39-12,355.84 + 35,329.38-40,010.01",12,2.552,0.4167,0.1667,0.0
liquidity + volume_usd,"liquidity,volume_usd",5 + 7,"12,788.21-13,271.46 + 40,013.6-46,956.43",14,2.0829,0.3571,0.0714,0.0
liquidity + volume_usd,"liquidity,volume_usd",6 + 1,"13,271.91-14,053.28 + 5,784.89-17,669",15,4.1581,0.4,0.2,0.2
liquidity + volume_usd,"liquidity,volume_usd",8 + 2,"14,748.13-15,806.44 + 17,791.49-23,002.15",9,1.9221,0.1111,0.1111,0.0
liquidity + volume_usd,"liquidity,volume_usd",1 + 3,"0-11,598.3 + 23,015.77-26,957.65",18,1.2547,0.0556,0.0,0.0
liquidity + volume_usd,"liquidity,volume_usd",7 + 5,"14,071.35-14,742.63 + 31,005.61-35,301.14",15,1.9929,0.3333,0.0667,0.0
liquidity + volume_usd,"liquidity,volume_usd",5 + 4,"12,788.21-13,271.46 + 26,969.13-30,982.7",16,3.1083,0.25,0.125,0.0625
liquidity + volume_usd,"liquidity,volume_usd",7 + 7,"14,071.35-14,742.63 + 40,013.6-46,956.43",18,6.9108,0.6111,0.2222,0.1111
liquidity + volume_usd,"liquidity,volume_usd",6 + 9,"13,271.91-14,053.28 + 58,815.09-96,139.16",13,2.3674,0.2308,0.1538,0.0
liquidity + volume_usd,"liquidity,volume_usd",9 + 9,"15,815.4-19,926.93 + 58,815.09-96,139.16",27,6.0794,0.8519,0.4074,0.1481
liquidity + volume_usd,"liquidity,volume_usd",4 + 3,"12,361.67-12,786.19 + 23,015.77-26,957.65",23,3.772,0.2174,0.1739,0.087
liquidity + volume_usd,"liquidity,volume_usd",3 + 7,"12,046.39-12,355.84 + 40,013.6-46,956.43",15,2.3822,0.3333,0.0667,0.0667
liquidity + volume_usd,"liquidity,volume_usd",9 + 6,"15,815.4-19,926.93 + 35,329.38-40,010.01",9,2.0039,0.4444,0.0,0.0
liquidity + volume_usd,"liquidity,volume_usd",6 + 4,"13,271.91-14,053.28 + 26,969.13-30,982.7",22,2.6495,0.3182,0.0909,0.0909
liquidity + volume_usd,"liquidity,volume_usd",2 + 6,"11,600.81-12,042.9 + 35,329.38-40,010.01",11,1.8973,0.1818,0.0909,0.0
liquidity + volume_usd,"liquidity,volume_usd",10 + 7,"19,982.42+ + 40,013.6-46,956.43",4,12.9737,1.0,0.5,0.25
liquidity + volume_usd,"liquidity,volume_usd",3 + 5,"12,046.39-12,355.84 + 31,005.61-35,301.14",18,2.1643,0.4444,0.1111,0.0
liquidity + volume_usd,"liquidity,volume_usd",4 + 6,"12,361.67-12,786.19 + 35,329.38-40,010.01",11,3.4044,0.4545,0.1818,0.0909
liquidity + volume_usd,"liquidity,volume_usd",9 + 7,"15,815.4-19,926.93 + 40,013.6-46,956.43",13,2.8161,0.3077,0.1538,0.0769
liquidity + volume_usd,"liquidity,volume_usd",2 + 8,"11,600.81-12,042.9 + 47,012.32-58,764.49",14,4.6682,0.5714,0.2857,0.1429
liquidity + volume_usd,"liquidity,volume_usd",3 + 8,"12,046.39-12,355.84 + 47,012.32-58,764.49",8,2.476,0.25,0.125,0.0
liquidity + volume_usd,"liquidity,volume_usd",5 + 1,"12,788.21-13,271.46 + 5,784.89-17,669",21,4.0438,0.5238,0.1429,0.0952
liquidity + volume_usd,"liquidity,volume_usd",1 + 9,"0-11,598.3 + 58,815.09-96,139.16",17,2.9598,0.4706,0.1765,0.0
liquidity + volume_usd,"liquidity,volume_usd",10 + 3,"19,982.42+ + 23,015.77-26,957.65",5,1.5784,0.2,0.0,0.0
liquidity + volume_usd,"liquidity,volume_usd",1 + 7,"0-11,598.3 + 40,013.6-46,956.43",16,1.7378,0.1875,0.0,0.0
liquidity + volume_usd,"liquidity,volume_usd",7 + 9,"14,071.35-14,742.63 + 58,815.09-96,139.16",19,5.4868,0.4737,0.1053,0.0526
liquidity + volume_usd,"liquidity,volume_usd",9 + 3,"15,815.4-19,926.93 + 23,015.77-26,957.65",8,6.2139,0.25,0.125,0.125
liquidity + volume_usd,"liquidity,volume_usd",2 + 2,"11,600.81-12,042.9 + 17,791.49-23,002.15",19,3.5908,0.3684,0.1579,0.0526
liquidity + volume_usd,"liquidity,volume_usd",2 + 7,"11,600.81-12,042.9 + 40,013.6-46,956.43",15,2.1883,0.4,0.0667,0.0
liquidity + volume_usd,"liquidity,volume_usd",1 + 6,"0-11,598.3 + 35,329.38-40,010.01",11,1.8361,0.2727,0.0909,0.0
liquidity + volume_usd,"liquidity,volume_usd",2 + 1,"11,600.81-12,042.9 + 5,784.89-17,669",23,3.2004,0.3913,0.087,0.0435
liquidity + volume_usd,"liquidity,volume_usd",4 + 1,"12,361.67-12,786.19 + 5,784.89-17,669",13,2.9343,0.5385,0.0769,0.0769
liquidity + volume_usd,"liquidity,volume_usd",1 + 2,"0-11,598.3 + 17,791.49-23,002.15",18,1.7738,0.2778,0.0556,0.0
liquidity + volume_usd,"liquidity,volume_usd",1 + 1,"0-11,598.3 + 5,784.89-17,669",20,2.5179,0.45,0.15,0.0
liquidity + volume_usd,"liquidity,volume_usd",2 + 4,"11,600.81-12,042.9 + 26,969.13-30,982.7",14,2.8986,0.5,0.1429,0.0
liquidity + volume_usd,"liquidity,volume_usd",7 + 6,"14,071.35-14,742.63 + 35,329.38-40,010.01",23,2.9008,0.6522,0.1304,0.0
liquidity + volume_usd,"liquidity,volume_usd",9 + 5,"15,815.4-19,926.93 + 31,005.61-35,301.14",6,13.3152,0.5,0.3333,0.3333
liquidity + volume_usd,"liquidity,volume_usd",6 + 6,"13,271.91-14,053.28 + 35,329.38-40,010.01",14,1.949,0.4286,0.0,0.0
liquidity + volume_usd,"liquidity,volume_usd",9 + 2,"15,815.4-19,926.93 + 17,791.49-23,002.15",7,1.9316,0.4286,0.0,0.0
liquidity + volume_usd,"liquidity,volume_usd",6 + 2,"13,271.91-14,053.28 + 17,791.49-23,002.15",9,1.952,0.3333,0.0,0.0
liquidity + volume_usd,"liquidity,volume_usd",6 + 3,"13,271.91-14,053.28 + 23,015.77-26,957.65",15,1.4347,0.2,0.0,0.0
liquidity + volume_usd,"liquidity,volume_usd",8 + 4,"14,748.13-15,806.44 + 26,969.13-30,982.7",7,7.7822,0.5714,0.2857,0.1429
liquidity + volume_usd,"liquidity,volume_usd",3 + 9,"12,046.39-12,355.84 + 58,815.09-96,139.16",4,1.6076,0.25,0.0,0.0
liquidity + volume_usd,"liquidity,volume_usd",6 + 7,"13,271.91-14,053.28 + 40,013.6-46,956.43",15,2.1707,0.4667,0.0,0.0
liquidity + volume_usd,"liquidity,volume_usd",6 + 10,"13,271.91-14,053.28 + 96,643.19+",3,3.5073,0.3333,0.3333,0.0
liquidity + volume_usd,"liquidity,volume_usd",4 + 5,"12,361.67-12,786.19 + 31,005.61-35,301.14",14,3.2714,0.5,0.2857,0.0714
liquidity + volume_usd,"liquidity,volume_usd",10 + 9,"19,982.42+ + 58,815.09-96,139.16",10,10.236,0.7,0.3,0.2
liquidity + volume_usd,"liquidity,volume_usd",7 + 2,"14,071.35-14,742.63 + 17,791.49-23,002.15",11,4.4788,0.3636,0.0909,0.0909
liquidity + volume_usd,"liquidity,volume_usd",8 + 3,"14,748.13-15,806.44 + 23,015.77-26,957.65",12,1.6034,0.25,0.0,0.0
liquidity + volume_usd,"liquidity,volume_usd",4 + 7,"12,361.67-12,786.19 + 40,013.6-46,956.43",14,2.3659,0.2857,0.2143,0.0
liquidity + volume_usd,"liquidity,volume_usd",9 + 1,"15,815.4-19,926.93 + 5,784.89-17,669",15,1.8001,0.3333,0.0,0.0
liquidity + volume_usd,"liquidity,volume_usd",10 + 4,"19,982.42+ + 26,969.13-30,982.7",6,8.6669,0.8333,0.1667,0.1667
liquidity + volume_usd,"liquidity,volume_usd",10 + 6,"19,982.42+ + 35,329.38-40,010.01",4,3.8731,0.75,0.25,0.0
liquidity + volume_usd,"liquidity,volume_usd",10 + 8,"19,982.42+ + 47,012.32-58,764.49",11,3.0797,0.4545,0.1818,0.0
liquidity + volume_usd,"liquidity,volume_usd",8 + 5,"14,748.13-15,806.44 + 31,005.61-35,301.14",9,2.834,0.2222,0.1111,0.1111
liquidity + volume_usd,"liquidity,volume_usd",5 + 8,"12,788.21-13,271.46 + 47,012.32-58,764.49",15,2.668,0.4667,0.1333,0.0
liquidity + volume_usd,"liquidity,volume_usd",4 + 8,"12,361.67-12,786.19 + 47,012.32-58,764.49",5,1.9542,0.2,0.0,0.0
liquidity + volume_usd,"liquidity,volume_usd",10 + 5,"19,982.42+ + 31,005.61-35,301.14",4,4.368,0.75,0.25,0.0
liquidity + volume_usd,"liquidity,volume_usd",10 + 1,"19,982.42+ + 5,784.89-17,669",4,1.1193,0.0,0.0,0.0
liquidity + volume_usd,"liquidity,volume_usd",8 + 10,"14,748.13-15,806.44 + 96,643.19+",7,3.0255,0.7143,0.1429,0.0
liquidity + volume_usd,"liquidity,volume_usd",1 + 8,"0-11,598.3 + 47,012.32-58,764.49",7,2.1676,0.4286,0.1429,0.0
liquidity + volume_usd,"liquidity,volume_usd",7 + 1,"14,071.35-14,742.63 + 5,784.89-17,669",5,2.3375,0.2,0.2,0.0
liquidity + volume_usd,"liquidity,volume_usd",5 + 9,"12,788.21-13,271.46 + 58,815.09-96,139.16",6,2.5044,0.3333,0.1667,0.0
liquidity + volume_usd,"liquidity,volume_usd",10 + 2,"19,982.42+ + 17,791.49-23,002.15",4,1.7344,0.25,0.0,0.0
liquidity + volume_usd,"liquidity,volume_usd",1 + 10,"0-11,598.3 + 96,643.19+",1,1.0,0.0,0.0,0.0
liquidity + volume_usd,"liquidity,volume_usd",7 + 10,"14,071.35-14,742.63 + 96,643.19+",1,1.5678,0.0,0.0,0.0
liquidity + holders,"liquidity,holders",10 + 10,"19,982.42+ + 296+",75,17.6422,0.9333,0.7733,0.5067
liquidity + holders,"liquidity,holders",4 + 2,"12,361.67-12,786.19 + 85-101",15,5.5529,0.4667,0.2,0.1333
liquidity + holders,"liquidity,holders",9 + 6,"15,815.4-19,926.93 + 144-160",8,1.7204,0.25,0.0,0.0
liquidity + holders,"liquidity,holders",5 + 2,"12,788.21-13,271.46 + 85-101",13,4.775,0.6154,0.3077,0.1538
liquidity + holders,"liquidity,holders",7 + 2,"14,071.35-14,742.63 + 85-101",7,3.3246,0.5714,0.2857,0.0
liquidity + holders,"liquidity,holders",8 + 1,"14,748.13-15,806.44 + 40-85",5,2.5646,0.4,0.2,0.0
liquidity + holders,"liquidity,holders",7 + 5,"14,071.35-14,742.63 + 129-143",17,5.9381,0.4706,0.0588,0.0588
liquidity + holders,"liquidity,holders",8 + 3,"14,748.13-15,806.44 + 101-116",10,2.8251,0.5,0.2,0.0
liquidity + holders,"liquidity,holders",3 + 7,"12,046.39-12,355.84 + 160-178",13,2.251,0.3846,0.1538,0.0
liquidity + holders,"liquidity,holders",4 + 8,"12,361.67-12,786.19 + 178-215",11,2.0518,0.2727,0.0909,0.0
liquidity + holders,"liquidity,holders",6 + 9,"13,271.91-14,053.28 + 215-292",9,2.6769,0.5556,0.1111,0.0
liquidity + holders,"liquidity,holders",3 + 2,"12,046.39-12,355.84 + 85-101",22,2.4167,0.3182,0.0909,0.0455
liquidity + holders,"liquidity,holders",2 + 1,"11,600.81-12,042.9 + 40-85",16,1.8079,0.1875,0.125,0.0
liquidity + holders,"liquidity,holders",5 + 1,"12,788.21-13,271.46 + 40-85",15,1.7851,0.2,0.0,0.0
liquidity + holders,"liquidity,holders",8 + 2,"14,748.13-15,806.44 + 85-101",6,7.6155,0.1667,0.1667,0.1667
liquidity + holders,"liquidity,holders",2 + 2,"11,600.81-12,042.9 + 85-101",22,3.5581,0.4091,0.1364,0.0455
liquidity + holders,"liquidity,holders",2 + 4,"11,600.81-12,042.9 + 116-129",18,1.8841,0.2778,0.0556,0.0
liquidity + holders,"liquidity,holders",8 + 8,"14,748.13-15,806.44 + 178-215",30,4.3887,0.6333,0.2667,0.0667
liquidity + holders,"liquidity,holders",8 + 9,"14,748.13-15,806.44 + 215-292",33,3.2554,0.6364,0.1212,0.0606
liquidity + holders,"liquidity,holders",2 + 6,"11,600.81-12,042.9 + 144-160",17,1.6777,0.2941,0.0,0.0
liquidity + holders,"liquidity,holders",6 + 7,"13,271.91-14,053.28 + 160-178",21,2.6893,0.2857,0.1429,0.0476
liquidity + holders,"liquidity,holders",1 + 1,"0-11,598.3 + 40-85",38,2.1367,0.3421,0.0526,0.0
liquidity + holders,"liquidity,holders",1 + 2,"0-11,598.3 + 85-101",23,1.8393,0.2609,0.087,0.0
liquidity + holders,"liquidity,holders",4 + 4,"12,361.67-12,786.19 + 116-129",23,2.2008,0.3043,0.1304,0.0
liquidity + holders,"liquidity,holders",7 + 6,"14,071.35-14,742.63 + 144-160",17,2.0416,0.4118,0.0588,0.0
liquidity + holders,"liquidity,holders",5 + 3,"12,788.21-13,271.46 + 101-116",17,4.1406,0.4706,0.1176,0.1176
liquidity + holders,"liquidity,holders",8 + 6,"14,748.13-15,806.44 + 144-160",13,2.148,0.4615,0.0,0.0
liquidity + holders,"liquidity,holders",9 + 10,"15,815.4-19,926.93 + 296+",51,7.275,0.9412,0.451,0.1765
liquidity + holders,"liquidity,holders",5 + 8,"12,788.21-13,271.46 + 178-215",16,3.7371,0.5625,0.1875,0.0625
liquidity + holders,"liquidity,holders",9 + 9,"15,815.4-19,926.93 + 215-292",20,3.4675,0.6,0.25,0.05
liquidity + holders,"liquidity,holders",3 + 1,"12,046.39-12,355.84 + 40-85",16,1.7166,0.1875,0.0625,0.0
liquidity + holders,"liquidity,holders",3 + 4,"12,046.39-12,355.84 + 116-129",32,2.4743,0.2188,0.0625,0.0312
liquidity + holders,"liquidity,holders",5 + 4,"12,788.21-13,271.46 + 116-129",17,1.9958,0.3529,0.0588,0.0
liquidity + holders,"liquidity,holders",1 + 4,"0-11,598.3 + 116-129",13,1.707,0.2308,0.0769,0.0
liquidity + holders,"liquidity,holders",1 + 3,"0-11,598.3 + 101-116",9,1.341,0.0,0.0,0.0
liquidity + holders,"liquidity,holders",8 + 4,"14,748.13-15,806.44 + 116-129",9,1.7719,0.4444,0.0,0.0
liquidity + holders,"liquidity,holders",6 + 3,"13,271.91-14,053.28 + 101-116",24,1.7082,0.25,0.0417,0.0
liquidity + holders,"liquidity,holders",8 + 5,"14,748.13-15,806.44 + 129-143",17,2.7567,0.4706,0.1765,0.0588
liquidity + holders,"liquidity,holders",1 + 7,"0-11,598.3 + 160-178",9,1.6545,0.1111,0.0,0.0
liquidity + holders,"liquidity,holders",7 + 8,"14,071.35-14,742.63 + 178-215",28,4.5445,0.4643,0.1071,0.0357
liquidity + holders,"liquidity,holders",3 + 6,"12,046.39-12,355.84 + 144-160",10,1.7784,0.2,0.0,0.0
liquidity + holders,"liquidity,holders",6 + 8,"13,271.91-14,053.28 + 178-215",13,1.756,0.2308,0.0,0.0
liquidity + holders,"liquidity,holders",9 + 1,"15,815.4-19,926.93 + 40-85",19,1.6475,0.2105,0.0,0.0
liquidity + holders,"liquidity,holders",4 + 3,"12,361.67-12,786.19 + 101-116",19,1.8326,0.2105,0.0526,0.0526
liquidity + holders,"liquidity,holders",3 + 3,"12,046.39-12,355.84 + 101-116",20,1.6062,0.2,0.0,0.0
liquidity + holders,"liquidity,holders",3 + 8,"12,046.39-12,355.84 + 178-215",10,3.0616,0.3,0.2,0.1
liquidity + holders,"liquidity,holders",8 + 7,"14,748.13-15,806.44 + 160-178",15,2.118,0.2667,0.1333,0.0
liquidity + holders,"liquidity,holders",6 + 6,"13,271.91-14,053.28 + 144-160",21,1.7964,0.3333,0.0,0.0
liquidity + holders,"liquidity,holders",10 + 9,"19,982.42+ + 215-292",19,8.3952,0.8421,0.4211,0.1579
liquidity + holders,"liquidity,holders",4 + 5,"12,361.67-12,786.19 + 129-143",14,6.278,0.2857,0.0714,0.0714
liquidity + holders,"liquidity,holders",9 + 7,"15,815.4-19,926.93 + 160-178",5,2.9116,0.6,0.2,0.0
liquidity + holders,"liquidity,holders",2 + 7,"11,600.81-12,042.9 + 160-178",18,3.8615,0.4444,0.1667,0.0556
liquidity + holders,"liquidity,holders",5 + 5,"12,788.21-13,271.46 + 129-143",22,1.6342,0.1818,0.0,0.0
liquidity + holders,"liquidity,holders",1 + 5,"0-11,598.3 + 129-143",10,1.5728,0.1,0.1,0.0
liquidity + holders,"liquidity,holders",1 + 6,"0-11,598.3 + 144-160",18,1.6246,0.2222,0.0,0.0
liquidity + holders,"liquidity,holders",1 + 8,"0-11,598.3 + 178-215",7,2.8003,0.4286,0.2857,0.0
liquidity + holders,"liquidity,holders",10 + 1,"19,982.42+ + 40-85",13,2.4584,0.2308,0.1538,0.0
liquidity + holders,"liquidity,holders",5 + 6,"12,788.21-13,271.46 + 144-160",18,2.1423,0.3333,0.0556,0.0556
liquidity + holders,"liquidity,holders",7 + 4,"14,071.35-14,742.63 + 116-129",10,4.4583,0.6,0.3,0.1
liquidity + holders,"liquidity,holders",9 + 3,"15,815.4-19,926.93 + 101-116",8,1.4328,0.0,0.0,0.0
liquidity + holders,"liquidity,holders",2 + 5,"11,600.81-12,042.9 + 129-143",12,2.7153,0.5833,0.0833,0.0
liquidity + holders,"liquidity,holders",5 + 10,"12,788.21-13,271.46 + 296+",3,1.9794,0.3333,0.0,0.0
liquidity + holders,"liquidity,holders",2 + 3,"11,600.81-12,042.9 + 101-116",20,1.6376,0.3,0.0,0.0
liquidity + holders,"liquidity,holders",4 + 9,"12,361.67-12,786.19 + 215-292",4,2.4906,0.5,0.0,0.0
liquidity + holders,"liquidity,holders",7 + 9,"14,071.35-14,742.63 + 215-292",29,2.9982,0.5517,0.1724,0.0345
liquidity + holders,"liquidity,holders",6 + 2,"13,271.91-14,053.28 + 85-101",14,2.6738,0.3571,0.0714,0.0714
liquidity + holders,"liquidity,holders",6 + 5,"13,271.91-14,053.28 + 129-143",13,2.5474,0.3846,0.0769,0.0769
liquidity + holders,"liquidity,holders",1 + 9,"0-11,598.3 + 215-292",12,2.7503,0.5833,0.1667,0.0
liquidity + holders,"liquidity,holders",9 + 5,"15,815.4-19,926.93 + 129-143",7,10.5428,0.8571,0.1429,0.1429
liquidity + holders,"liquidity,holders",8 + 10,"14,748.13-15,806.44 + 296+",4,4.0269,0.75,0.25,0.0
liquidity + holders,"liquidity,holders",3 + 10,"12,046.39-12,355.84 + 296+",1,1.6897,0.0,0.0,0.0
liquidity + holders,"liquidity,holders",6 + 4,"13,271.91-14,053.28 + 116-129",18,2.7052,0.5,0.0556,0.0556
liquidity + holders,"liquidity,holders",2 + 8,"11,600.81-12,042.9 + 178-215",13,3.2756,0.4615,0.1538,0.0769
liquidity + holders,"liquidity,holders",9 + 2,"15,815.4-19,926.93 + 85-101",9,7.1939,0.5556,0.2222,0.2222
liquidity + holders,"liquidity,holders",10 + 2,"19,982.42+ + 85-101",4,13.1318,0.75,0.5,0.25
liquidity + holders,"liquidity,holders",10 + 5,"19,982.42+ + 129-143",8,3.234,0.75,0.125,0.0
liquidity + holders,"liquidity,holders",10 + 6,"19,982.42+ + 144-160",5,2.2912,0.6,0.0,0.0
liquidity + holders,"liquidity,holders",7 + 7,"14,071.35-14,742.63 + 160-178",16,2.4094,0.5,0.0625,0.0
liquidity + holders,"liquidity,holders",4 + 6,"12,361.67-12,786.19 + 144-160",17,3.1654,0.4706,0.2353,0.0588
liquidity + holders,"liquidity,holders",5 + 7,"12,788.21-13,271.46 + 160-178",19,3.8042,0.3684,0.1579,0.1053
liquidity + holders,"liquidity,holders",4 + 7,"12,361.67-12,786.19 + 160-178",20,3.7125,0.55,0.35,0.05
liquidity + holders,"liquidity,holders",3 + 5,"12,046.39-12,355.84 + 129-143",15,3.2959,0.4667,0.2667,0.0
liquidity + holders,"liquidity,holders",9 + 4,"15,815.4-19,926.93 + 116-129",5,2.0893,0.6,0.0,0.0
liquidity + holders,"liquidity,holders",10 + 7,"19,982.42+ + 160-178",7,8.4569,0.7143,0.2857,0.1429
liquidity + holders,"liquidity,holders",10 + 3,"19,982.42+ + 101-116",5,9.9265,0.6,0.2,0.2
liquidity + holders,"liquidity,holders",3 + 9,"12,046.39-12,355.84 + 215-292",3,5.0057,1.0,0.3333,0.0
liquidity + holders,"liquidity,holders",4 + 1,"12,361.67-12,786.19 + 40-85",18,1.3404,0.2222,0.0,0.0
liquidity + holders,"liquidity,holders",7 + 1,"14,071.35-14,742.63 + 40-85",9,8.2269,0.3333,0.2222,0.1111
liquidity + holders,"liquidity,holders",7 + 3,"14,071.35-14,742.63 + 101-116",8,6.9522,0.875,0.25,0.25
liquidity + holders,"liquidity,holders",9 + 8,"15,815.4-19,926.93 + 178-215",10,10.959,0.7,0.4,0.3
liquidity + holders,"liquidity,holders",7 + 10,"14,071.35-14,742.63 + 296+",1,1.0,0.0,0.0,0.0
liquidity + holders,"liquidity,holders",6 + 1,"13,271.91-14,053.28 + 40-85",6,3.6944,0.3333,0.1667,0.1667
liquidity + holders,"liquidity,holders",6 + 10,"13,271.91-14,053.28 + 296+",3,3.1606,0.3333,0.3333,0.0
liquidity + holders,"liquidity,holders",10 + 4,"19,982.42+ + 116-129",1,1.0143,0.0,0.0,0.0
liquidity + holders,"liquidity,holders",5 + 9,"12,788.21-13,271.46 + 215-292",2,1.9699,0.5,0.0,0.0
liquidity + holders,"liquidity,holders",1 + 10,"0-11,598.3 + 296+",3,3.7855,1.0,0.3333,0.0
liquidity + holders,"liquidity,holders",2 + 9,"11,600.81-12,042.9 + 215-292",6,5.7406,0.6667,0.3333,0.1667
liquidity + holders,"liquidity,holders",10 + 8,"19,982.42+ + 178-215",5,4.0249,0.6,0.2,0.2
liquidity + holders,"liquidity,holders",4 + 10,"12,361.67-12,786.19 + 296+",1,12.5679,1.0,1.0,1.0
volume_usd + holders,"volume_usd,holders",10 + 10,"96,643.19+ + 296+",112,14.128,0.9375,0.6518,0.3929
volume_usd + holders,"volume_usd,holders",9 + 2,"58,815.09-96,139.16 + 85-101",6,1.9032,0.1667,0.1667,0.0
volume_usd + holders,"volume_usd,holders",4 + 6,"26,969.13-30,982.7 + 144-160",20,2.4866,0.5,0.1,0.0
volume_usd + holders,"volume_usd,holders",3 + 2,"23,015.77-26,957.65 + 85-101",22,5.8228,0.3636,0.2273,0.1364
volume_usd + holders,"volume_usd,holders",1 + 1,"5,784.89-17,669 + 40-85",62,2.1444,0.2903,0.0806,0.0161
volume_usd + holders,"volume_usd,holders",4 + 2,"26,969.13-30,982.7 + 85-101",11,9.0044,0.5455,0.2727,0.1818
volume_usd + holders,"volume_usd,holders",8 + 5,"47,012.32-58,764.49 + 129-143",14,2.7764,0.5714,0.0714,0.0
volume_usd + holders,"volume_usd,holders",7 + 3,"40,013.6-46,956.43 + 101-116",11,6.0725,0.5455,0.1818,0.0909
volume_usd + holders,"volume_usd,holders",3 + 7,"23,015.77-26,957.65 + 160-178",7,6.3201,0.4286,0.4286,0.2857
volume_usd + holders,"volume_usd,holders",4 + 8,"26,969.13-30,982.7 + 178-215",17,6.5229,0.2353,0.1765,0.1176
volume_usd + holders,"volume_usd,holders",8 + 9,"47,012.32-58,764.49 + 215-292",38,3.7234,0.6579,0.2105,0.0526
volume_usd + holders,"volume_usd,holders",2 + 2,"17,791.49-23,002.15 + 85-101",28,3.1622,0.3571,0.1786,0.0714
volume_usd + holders,"volume_usd,holders",5 + 1,"31,005.61-35,301.14 + 40-85",10,2.8078,0.6,0.1,0.0
volume_usd + holders,"volume_usd,holders",6 + 2,"35,329.38-40,010.01 + 85-101",7,2.0077,0.2857,0.0,0.0
volume_usd + holders,"volume_usd,holders",3 + 4,"23,015.77-26,957.65 + 116-129",24,2.6603,0.2917,0.125,0.0417
volume_usd + holders,"volume_usd,holders",9 + 8,"58,815.09-96,139.16 + 178-215",14,3.0073,0.4286,0.1429,0.0714
volume_usd + holders,"volume_usd,holders",9 + 9,"58,815.09-96,139.16 + 215-292",45,3.8979,0.6222,0.1556,0.0444
volume_usd + holders,"volume_usd,holders",3 + 6,"23,015.77-26,957.65 + 144-160",20,1.9499,0.35,0.0,0.0
volume_usd + holders,"volume_usd,holders",1 + 2,"5,784.89-17,669 + 85-101",39,3.5213,0.5128,0.1282,0.0769
volume_usd + holders,"volume_usd,holders",5 + 7,"31,005.61-35,301.14 + 160-178",19,2.1279,0.4211,0.0526,0.0
volume_usd + holders,"volume_usd,holders",4 + 1,"26,969.13-30,982.7 + 40-85",11,1.3522,0.1818,0.0,0.0
volume_usd + holders,"volume_usd,holders",5 + 2,"31,005.61-35,301.14 + 85-101",16,2.6626,0.3125,0.125,0.0625
volume_usd + holders,"volume_usd,holders",2 + 4,"17,791.49-23,002.15 + 116-129",20,1.9781,0.15,0.15,0.0
volume_usd + holders,"volume_usd,holders",2 + 1,"17,791.49-23,002.15 + 40-85",34,1.5693,0.2059,0.0,0.0
volume_usd + holders,"volume_usd,holders",5 + 3,"31,005.61-35,301.14 + 101-116",16,2.0636,0.3125,0.0625,0.0
volume_usd + holders,"volume_usd,holders",9 + 6,"58,815.09-96,139.16 + 144-160",10,1.8639,0.2,0.0,0.0
volume_usd + holders,"volume_usd,holders",6 + 8,"35,329.38-40,010.01 + 178-215",24,4.2957,0.7083,0.25,0.0417
volume_usd + holders,"volume_usd,holders",6 + 1,"35,329.38-40,010.01 + 40-85",9,1.9772,0.1111,0.1111,0.0
volume_usd + holders,"volume_usd,holders",6 + 4,"35,329.38-40,010.01 + 116-129",12,1.7073,0.3333,0.0,0.0
volume_usd + holders,"volume_usd,holders",7 + 4,"40,013.6-46,956.43 + 116-129",14,1.6936,0.3571,0.0,0.0
volume_usd + holders,"volume_usd,holders",4 + 4,"26,969.13-30,982.7 + 116-129",32,2.1539,0.4062,0.0312,0.0
volume_usd + holders,"volume_usd,holders",1 + 3,"5,784.89-17,669 + 101-116",24,3.1785,0.2917,0.0833,0.0833
volume_usd + holders,"volume_usd,holders",2 + 5,"17,791.49-23,002.15 + 129-143",21,2.6123,0.5238,0.0952,0.0
volume_usd + holders,"volume_usd,holders",5 + 8,"31,005.61-35,301.14 + 178-215",12,2.8039,0.3333,0.1667,0.0833
volume_usd + holders,"volume_usd,holders",7 + 5,"40,013.6-46,956.43 + 129-143",13,2.3547,0.2308,0.1538,0.0769
volume_usd + holders,"volume_usd,holders",6 + 6,"35,329.38-40,010.01 + 144-160",26,2.1465,0.3462,0.0385,0.0385
volume_usd + holders,"volume_usd,holders",3 + 8,"23,015.77-26,957.65 + 178-215",2,1.0,0.0,0.0,0.0
volume_usd + holders,"volume_usd,holders",7 + 6,"40,013.6-46,956.43 + 144-160",16,1.6886,0.25,0.0,0.0
volume_usd + holders,"volume_usd,holders",4 + 3,"26,969.13-30,982.7 + 101-116",17,2.0818,0.1765,0.0588,0.0588
volume_usd + holders,"volume_usd,holders",2 + 3,"17,791.49-23,002.15 + 101-116",25,2.9524,0.32,0.08,0.04
volume_usd + holders,"volume_usd,holders",7 + 8,"40,013.6-46,956.43 + 178-215",33,5.0446,0.5455,0.2121,0.0606
volume_usd + holders,"volume_usd,holders",7 + 7,"40,013.6-46,956.43 + 160-178",30,2.4371,0.4,0.1333,0.0
volume_usd + holders,"volume_usd,holders",7 + 9,"40,013.6-46,956.43 + 215-292",20,3.8809,0.6,0.3,0.1
volume_usd + holders,"volume_usd,holders",6 + 5,"35,329.38-40,010.01 + 129-143",20,1.913,0.35,0.05,0.0
volume_usd + holders,"volume_usd,holders",8 + 7,"47,012.32-58,764.49 + 160-178",15,1.9259,0.2,0.1333,0.0
volume_usd + holders,"volume_usd,holders",3 + 5,"23,015.77-26,957.65 + 129-143",19,1.8,0.2632,0.0526,0.0
volume_usd + holders,"volume_usd,holders",3 + 1,"23,015.77-26,957.65 + 40-85",22,3.8586,0.0909,0.0455,0.0455
volume_usd + holders,"volume_usd,holders",8 + 3,"47,012.32-58,764.49 + 101-116",10,1.4032,0.1,0.0,0.0
volume_usd + holders,"volume_usd,holders",5 + 5,"31,005.61-35,301.14 + 129-143",21,4.6784,0.381,0.0476,0.0476
volume_usd + holders,"volume_usd,holders",9 + 10,"58,815.09-96,139.16 + 296+",25,6.1173,0.76,0.4,0.16
volume_usd + holders,"volume_usd,holders",7 + 1,"40,013.6-46,956.43 + 40-85",2,2.7918,0.5,0.0,0.0
volume_usd + holders,"volume_usd,holders",5 + 6,"31,005.61-35,301.14 + 144-160",23,2.3935,0.3043,0.1304,0.0435
volume_usd + holders,"volume_usd,holders",9 + 4,"58,815.09-96,139.16 + 116-129",5,1.4887,0.4,0.0,0.0
volume_usd + holders,"volume_usd,holders",3 + 3,"23,015.77-26,957.65 + 101-116",26,1.8823,0.3077,0.0385,0.0385
volume_usd + holders,"volume_usd,holders",4 + 10,"26,969.13-30,982.7 + 296+",1,1.3133,0.0,0.0,0.0
volume_usd + holders,"volume_usd,holders",1 + 4,"5,784.89-17,669 + 116-129",10,6.2545,0.6,0.3,0.2
volume_usd + holders,"volume_usd,holders",2 + 7,"17,791.49-23,002.15 + 160-178",5,7.8126,0.6,0.2,0.2
volume_usd + holders,"volume_usd,holders",5 + 4,"31,005.61-35,301.14 + 116-129",23,1.8981,0.3478,0.087,0.0
volume_usd + holders,"volume_usd,holders",4 + 5,"26,969.13-30,982.7 + 129-143",14,8.1883,0.5,0.3571,0.1429
volume_usd + holders,"volume_usd,holders",6 + 9,"35,329.38-40,010.01 + 215-292",15,1.829,0.4,0.0,0.0
volume_usd + holders,"volume_usd,holders",9 + 1,"58,815.09-96,139.16 + 40-85",3,3.8205,0.3333,0.3333,0.0
volume_usd + holders,"volume_usd,holders",9 + 5,"58,815.09-96,139.16 + 129-143",9,9.1022,0.4444,0.1111,0.1111
volume_usd + holders,"volume_usd,holders",8 + 6,"47,012.32-58,764.49 + 144-160",19,1.5764,0.3684,0.0,0.0
volume_usd + holders,"volume_usd,holders",1 + 5,"5,784.89-17,669 + 129-143",3,2.6679,0.6667,0.0,0.0
volume_usd + holders,"volume_usd,holders",2 + 6,"17,791.49-23,002.15 + 144-160",7,1.5266,0.2857,0.0,0.0
volume_usd + holders,"volume_usd,holders",10 + 7,"96,643.19+ + 160-178",6,2.4712,0.3333,0.1667,0.0
volume_usd + holders,"volume_usd,holders",6 + 7,"35,329.38-40,010.01 + 160-178",21,3.5357,0.4286,0.2857,0.0476
volume_usd + holders,"volume_usd,holders",4 + 7,"26,969.13-30,982.7 + 160-178",18,2.7657,0.3333,0.1111,0.0556
volume_usd + holders,"volume_usd,holders",8 + 10,"47,012.32-58,764.49 + 296+",1,1.0,0.0,0.0,0.0
volume_usd + holders,"volume_usd,holders",8 + 8,"47,012.32-58,764.49 + 178-215",33,3.2268,0.5455,0.1515,0.0606
volume_usd + holders,"volume_usd,holders",7 + 2,"40,013.6-46,956.43 + 85-101",1,4.1053,1.0,0.0,0.0
volume_usd + holders,"volume_usd,holders",10 + 9,"96,643.19+ + 215-292",16,7.2926,0.9375,0.4375,0.125
volume_usd + holders,"volume_usd,holders",8 + 2,"47,012.32-58,764.49 + 85-101",5,3.517,0.4,0.2,0.0
volume_usd + holders,"volume_usd,holders",9 + 7,"58,815.09-96,139.16 + 160-178",22,4.3703,0.5455,0.1818,0.0455
volume_usd + holders,"volume_usd,holders",5 + 9,"31,005.61-35,301.14 + 215-292",2,1.0,0.0,0.0,0.0
volume_usd + holders,"volume_usd,holders",8 + 4,"47,012.32-58,764.49 + 116-129",5,1.4344,0.2,0.0,0.0
volume_usd + holders,"volume_usd,holders",6 + 3,"35,329.38-40,010.01 + 101-116",8,1.9064,0.5,0.0,0.0
volume_usd + holders,"volume_usd,holders",10 + 8,"96,643.19+ + 178-215",6,3.2089,0.3333,0.1667,0.1667
volume_usd + holders,"volume_usd,holders",1 + 10,"5,784.89-17,669 + 296+",1,5.7909,1.0,1.0,0.0
volume_usd + holders,"volume_usd,holders",1 + 6,"5,784.89-17,669 + 144-160",3,2.5385,0.6667,0.0,0.0
volume_usd + holders,"volume_usd,holders",9 + 3,"58,815.09-96,139.16 + 101-116",3,1.5294,0.3333,0.0,0.0
volume_usd + holders,"volume_usd,holders",10 + 5,"96,643.19+ + 129-143",1,2.5881,1.0,0.0,0.0
volume_usd + holders,"volume_usd,holders",2 + 8,"17,791.49-23,002.15 + 178-215",2,1.3324,0.0,0.0,0.0
volume_usd + holders,"volume_usd,holders",4 + 9,"26,969.13-30,982.7 + 215-292",1,3.0614,1.0,0.0,0.0
volume_usd + holders,"volume_usd,holders",7 + 10,"40,013.6-46,956.43 + 296+",2,4.4794,1.0,0.5,0.0
volume_usd + holders,"volume_usd,holders",10 + 4,"96,643.19+ + 116-129",1,3.1613,1.0,0.0,0.0
volume_usd + holders,"volume_usd,holders",8 + 1,"47,012.32-58,764.49 + 40-85",2,5.8974,1.0,1.0,0.0
market_cap + liquidity + holders,"market_cap,liquidity,holders",10 + 10 + 10,"109,316.51+ + 19,982.42+ + 296+",47,21.0042,0.8936,0.7234,0.5745
market_cap + liquidity + holders,"market_cap,liquidity,holders",2 + 4 + 2,"15,281.14-16,137.22 + 12,361.67-12,786.19 + 85-101",1,1.0,0.0,0.0,0.0
market_cap + liquidity + holders,"market_cap,liquidity,holders",8 + 9 + 6,"25,335.37-30,114.91 + 15,815.4-19,926.93 + 144-160",7,1.8234,0.2857,0.0,0.0
market_cap + liquidity + holders,"market_cap,liquidity,holders",5 + 5 + 2,"18,609.88-20,577.61 + 12,788.21-13,271.46 + 85-101",2,4.896,1.0,0.5,0.0
market_cap + liquidity + holders,"market_cap,liquidity,holders",6 + 7 + 2,"20,581.29-22,843.57 + 14,071.35-14,742.63 + 85-101",5,2.8888,0.6,0.2,0.0
market_cap + liquidity + holders,"market_cap,liquidity,holders",7 + 8 + 1,"22,844.27-25,315.17 + 14,748.13-15,806.44 + 40-85",3,3.2353,0.3333,0.3333,0.0
market_cap + liquidity + holders,"market_cap,liquidity,holders",3 + 4 + 2,"16,137.97-17,162.81 + 12,361.67-12,786.19 + 85-101",11,6.8841,0.5455,0.2727,0.1818
market_cap + liquidity + holders,"market_cap,liquidity,holders",6 + 7 + 5,"20,581.29-22,843.57 + 14,071.35-14,742.63 + 129-143",12,7.2412,0.4167,0.0833,0.0833
market_cap + liquidity + holders,"market_cap,liquidity,holders",7 + 8 + 3,"22,844.27-25,315.17 + 14,748.13-15,806.44 + 101-116",6,2.8861,0.5,0.1667,0.0
market_cap + liquidity + holders,"market_cap,liquidity,holders",1 + 3 + 7,"0-15,280.97 + 12,046.39-12,355.84 + 160-178",1,1.0,0.0,0.0,0.0
market_cap + liquidity + holders,"market_cap,liquidity,holders",3 + 4 + 8,"16,137.97-17,162.81 + 12,361.67-12,786.19 + 178-215",7,1.3145,0.1429,0.0,0.0
market_cap + liquidity + holders,"market_cap,liquidity,holders",5 + 6 + 9,"18,609.88-20,577.61 + 13,271.91-14,053.28 + 215-292",4,2.5665,0.75,0.0,0.0
market_cap + liquidity + holders,"market_cap,liquidity,holders",3 + 3 + 2,"16,137.97-17,162.81 + 12,046.39-12,355.84 + 85-101",6,4.2859,0.5,0.1667,0.1667
market_cap + liquidity + holders,"market_cap,liquidity,holders",1 + 2 + 1,"0-15,280.97 + 11,600.81-12,042.9 + 40-85",10,2.0826,0.2,0.2,0.0
market_cap + liquidity + holders,"market_cap,liquidity,holders",4 + 5 + 1,"17,167.89-18,590.82 + 12,788.21-13,271.46 + 40-85",12,1.3516,0.0833,0.0,0.0
market_cap + liquidity + holders,"market_cap,liquidity,holders",7 + 8 + 2,"22,844.27-25,315.17 + 14,748.13-15,806.44 + 85-101",6,7.6155,0.1667,0.1667,0.1667
market_cap + liquidity + holders,"market_cap,liquidity,holders",1 + 2 + 2,"0-15,280.97 + 11,600.81-12,042.9 + 85-101",14,2.2907,0.4286,0.0714,0.0
market_cap + liquidity + holders,"market_cap,liquidity,holders",2 + 2 + 4,"15,281.14-16,137.22 + 11,600.81-12,042.9 + 116-129",7,2.0917,0.5714,0.0,0.0
market_cap + liquidity + holders,"market_cap,liquidity,holders",7 + 8 + 8,"22,844.27-25,315.17 + 14,748.13-15,806.44 + 178-215",19,3.6715,0.5263,0.2632,0.0526
market_cap + liquidity + holders,"market_cap,liquidity,holders",7 + 8 + 9,"22,844.27-25,315.17 + 14,748.13-15,806.44 + 215-292",19,2.695,0.5263,0.0526,0.0
market_cap + liquidity + holders,"market_cap,liquidity,holders",2 + 2 + 6,"15,281.14-16,137.22 + 11,600.81-12,042.9 + 144-160",8,1.5304,0.125,0.0,0.0
market_cap + liquidity + holders,"market_cap,liquidity,holders",5 + 6 + 7,"18,609.88-20,577.61 + 13,271.91-14,053.28 + 160-178",14,1.5178,0.0714,0.0,0.0
market_cap + liquidity + holders,"market_cap,liquidity,holders",9 + 1 + 1,"30,327.76-107,930.06 + 0-11,598.3 + 40-85",2,1.6248,0.5,0.0,0.0
market_cap + liquidity + holders,"market_cap,liquidity,holders",10 + 1 + 2,"109,316.51+ + 0-11,598.3 + 85-101",10,1.7226,0.1,0.1,0.0
market_cap + liquidity + holders,"market_cap,liquidity,holders",3 + 4 + 4,"16,137.97-17,162.81 + 12,361.67-12,786.19 + 116-129",15,1.8688,0.2667,0.0667,0.0
market_cap + liquidity + holders,"market_cap,liquidity,holders",6 + 7 + 6,"20,581.29-22,843.57 + 14,071.35-14,742.63 + 144-160",13,2.1307,0.3846,0.0769,0.0
market_cap + liquidity + holders,"market_cap,liquidity,holders",2 + 3 + 2,"15,281.14-16,137.22 + 12,046.39-12,355.84 + 85-101",14,1.7449,0.2143,0.0714,0.0
market_cap + liquidity + holders,"market_cap,liquidity,holders",4 + 5 + 3,"17,167.89-18,590.82 + 12,788.21-13,271.46 + 101-116",12,4.443,0.4167,0.0833,0.0833
market_cap + liquidity + holders,"market_cap,liquidity,holders",8 + 8 + 6,"25,335.37-30,114.91 + 14,748.13-15,806.44 + 144-160",5,2.6669,0.6,0.0,0.0
market_cap + liquidity + holders,"market_cap,liquidity,holders",9 + 9 + 10,"30,327.76-107,930.06 + 15,815.4-19,926.93 + 296+",48,7.4773,0.9583,0.4583,0.1875
market_cap + liquidity + holders,"market_cap,liquidity,holders",4 + 5 + 8,"17,167.89-18,590.82 + 12,788.21-13,271.46 + 178-215",9,5.2275,0.7778,0.3333,0.1111
market_cap + liquidity + holders,"market_cap,liquidity,holders",8 + 9 + 9,"25,335.37-30,114.91 + 15,815.4-19,926.93 + 215-292",14,2.8711,0.5714,0.1429,0.0
market_cap + liquidity + holders,"market_cap,liquidity,holders",2 + 3 + 1,"15,281.14-16,137.22 + 12,046.39-12,355.84 + 40-85",7,1.2555,0.0,0.0,0.0
market_cap + liquidity + holders,"market_cap,liquidity,holders",2 + 3 + 4,"15,281.14-16,137.22 + 12,046.39-12,355.84 + 116-129",22,1.4651,0.1818,0.0,0.0
market_cap + liquidity + holders,"market_cap,liquidity,holders",4 + 5 + 4,"17,167.89-18,590.82 + 12,788.21-13,271.46 + 116-129",10,1.6307,0.3,0.0,0.0
market_cap + liquidity + holders,"market_cap,liquidity,holders",10 + 1 + 4,"109,316.51+ + 0-11,598.3 + 116-129",5,1.4638,0.2,0.0,0.0
market_cap + liquidity + holders,"market_cap,liquidity,holders",1 + 1 + 3,"0-15,280.97 + 0-11,598.3 + 101-116",8,1.3836,0.0,0.0,0.0
market_cap + liquidity + holders,"market_cap,liquidity,holders",7 + 8 + 4,"22,844.27-25,315.17 + 14,748.13-15,806.44 + 116-129",3,1.89,0.6667,0.0,0.0
market_cap + liquidity + holders,"market_cap,liquidity,holders",6 + 6 + 3,"20,581.29-22,843.57 + 13,271.91-14,053.28 + 101-116",7,1.8128,0.2857,0.0,0.0
market_cap + liquidity + holders,"market_cap,liquidity,holders",8 + 8 + 5,"25,335.37-30,114.91 + 14,748.13-15,806.44 + 129-143",5,1.8056,0.4,0.0,0.0
market_cap + liquidity + holders,"market_cap,liquidity,holders",1 + 1 + 7,"0-15,280.97 + 0-11,598.3 + 160-178",3,1.1258,0.0,0.0,0.0
market_cap + liquidity + holders,"market_cap,liquidity,holders",6 + 7 + 8,"20,581.29-22,843.57 + 14,071.35-14,742.63 + 178-215",17,5.8494,0.4706,0.1176,0.0588
market_cap + liquidity + holders,"market_cap,liquidity,holders",4 + 4 + 4,"17,167.89-18,590.82 + 12,361.67-12,786.19 + 116-129",8,2.8232,0.375,0.25,0.0
market_cap + liquidity + holders,"market_cap,liquidity,holders",5 + 5 + 4,"18,609.88-20,577.61 + 12,788.21-13,271.46 + 116-129",7,2.5174,0.4286,0.1429,0.0
market_cap + liquidity + holders,"market_cap,liquidity,holders",7 + 7 + 5,"22,844.27-25,315.17 + 14,071.35-14,742.63 + 129-143",5,2.8108,0.6,0.0,0.0
market_cap + liquidity + holders,"market_cap,liquidity,holders",2 + 3 + 6,"15,281.14-16,137.22 + 12,046.39-12,355.84 + 144-160",8,1.8434,0.25,0.0,0.0
market_cap + liquidity + holders,"market_cap,liquidity,holders",5 + 6 + 8,"18,609.88-20,577.61 + 13,271.91-14,053.28 + 178-215",12,1.7398,0.25,0.0,0.0
market_cap + liquidity + holders,"market_cap,liquidity,holders",9 + 9 + 1,"30,327.76-107,930.06 + 15,815.4-19,926.93 + 40-85",2,1.0868,0.0,0.0,0.0
market_cap + liquidity + holders,"market_cap,liquidity,holders",3 + 4 + 3,"16,137.97-17,162.81 + 12,361.67-12,786.19 + 101-116",13,1.9913,0.1538,0.0769,0.0769
market_cap + liquidity + holders,"market_cap,liquidity,holders",5 + 6 + 3,"18,609.88-20,577.61 + 13,271.91-14,053.28 + 101-116",16,1.7067,0.25,0.0625,0.0
market_cap + liquidity + holders,"market_cap,liquidity,holders",2 + 3 + 3,"15,281.14-16,137.22 + 12,046.39-12,355.84 + 101-116",11,1.4746,0.0909,0.0,0.0
market_cap + liquidity + holders,"market_cap,liquidity,holders",2 + 3 + 8,"15,281.14-16,137.22 + 12,046.39-12,355.84 + 178-215",6,1.3111,0.1667,0.0,0.0
market_cap + liquidity + holders,"market_cap,liquidity,holders",7 + 8 + 7,"22,844.27-25,315.17 + 14,748.13-15,806.44 + 160-178",11,1.5278,0.1818,0.0,0.0
market_cap + liquidity + holders,"market_cap,liquidity,holders",6 + 6 + 6,"20,581.29-22,843.57 + 13,271.91-14,053.28 + 144-160",6,2.3334,0.5,0.0,0.0
market_cap + liquidity + holders,"market_cap,liquidity,holders",9 + 10 + 9,"30,327.76-107,930.06 + 19,982.42+ + 215-292",5,10.2004,0.8,0.2,0.2
market_cap + liquidity + holders,"market_cap,liquidity,holders",7 + 8 + 5,"22,844.27-25,315.17 + 14,748.13-15,806.44 + 129-143",11,3.3487,0.5455,0.2727,0.0909
market_cap + liquidity + holders,"market_cap,liquidity,holders",3 + 3 + 3,"16,137.97-17,162.81 + 12,046.39-12,355.84 + 101-116",8,1.8629,0.375,0.0,0.0
market_cap + liquidity + holders,"market_cap,liquidity,holders",3 + 4 + 5,"16,137.97-17,162.81 + 12,361.67-12,786.19 + 129-143",9,8.7727,0.3333,0.1111,0.1111
market_cap + liquidity + holders,"market_cap,liquidity,holders",8 + 9 + 7,"25,335.37-30,114.91 + 15,815.4-19,926.93 + 160-178",3,3.6735,0.6667,0.3333,0.0
market_cap + liquidity + holders,"market_cap,liquidity,holders",2 + 2 + 7,"15,281.14-16,137.22 + 11,600.81-12,042.9 + 160-178",8,2.6934,0.5,0.125,0.0
market_cap + liquidity + holders,"market_cap,liquidity,holders",3 + 3 + 7,"16,137.97-17,162.81 + 12,046.39-12,355.84 + 160-178",4,1.1203,0.0,0.0,0.0
market_cap + liquidity + holders,"market_cap,liquidity,holders",4 + 5 + 2,"17,167.89-18,590.82 + 12,788.21-13,271.46 + 85-101",9,5.5268,0.6667,0.3333,0.2222
market_cap + liquidity + holders,"market_cap,liquidity,holders",4 + 5 + 5,"17,167.89-18,590.82 + 12,788.21-13,271.46 + 129-143",13,1.5157,0.1538,0.0,0.0
market_cap + liquidity + holders,"market_cap,liquidity,holders",1 + 1 + 1,"0-15,280.97 + 0-11,598.3 + 40-85",18,1.9495,0.2778,0.0556,0.0
market_cap + liquidity + holders,"market_cap,liquidity,holders",10 + 1 + 5,"109,316.51+ + 0-11,598.3 + 129-143",2,1.2252,0.0,0.0,0.0
market_cap + liquidity + holders,"market_cap,liquidity,holders",10 + 1 + 6,"109,316.51+ + 0-11,598.3 + 144-160",4,2.0085,0.25,0.0,0.0
market_cap + liquidity + holders,"market_cap,liquidity,holders",10 + 1 + 8,"109,316.51+ + 0-11,598.3 + 178-215",2,1.2252,0.0,0.0,0.0
market_cap + liquidity + holders,"market_cap,liquidity,holders",10 + 10 + 1,"109,316.51+ + 19,982.42+ + 40-85",6,1.3868,0.1667,0.0,0.0
market_cap + liquidity + holders,"market_cap,liquidity,holders",10 + 1 + 1,"109,316.51+ + 0-11,598.3 + 40-85",17,2.4485,0.4118,0.0588,0.0
market_cap + liquidity + holders,"market_cap,liquidity,holders",4 + 5 + 6,"17,167.89-18,590.82 + 12,788.21-13,271.46 + 144-160",13,2.3796,0.3846,0.0769,0.0769
market_cap + liquidity + holders,"market_cap,liquidity,holders",1 + 1 + 6,"0-15,280.97 + 0-11,598.3 + 144-160",10,1.4706,0.2,0.0,0.0
market_cap + liquidity + holders,"market_cap,liquidity,holders",6 + 7 + 4,"20,581.29-22,843.57 + 14,071.35-14,742.63 + 116-129",7,1.803,0.4286,0.0,0.0
market_cap + liquidity + holders,"market_cap,liquidity,holders",3 + 9 + 3,"16,137.97-17,162.81 + 15,815.4-19,926.93 + 101-116",2,1.37,0.0,0.0,0.0
market_cap + liquidity + holders,"market_cap,liquidity,holders",4 + 9 + 3,"17,167.89-18,590.82 + 15,815.4-19,926.93 + 101-116",1,1.74,0.0,0.0,0.0
market_cap + liquidity + holders,"market_cap,liquidity,holders",5 + 9 + 3,"18,609.88-20,577.61 + 15,815.4-19,926.93 + 101-116",1,1.74,0.0,0.0,0.0
market_cap + liquidity + holders,"market_cap,liquidity,holders",8 + 2 + 5,"25,335.37-30,114.91 + 11,600.81-12,042.9 + 129-143",2,4.833,0.5,0.5,0.0
market_cap + liquidity + holders,"market_cap,liquidity,holders",8 + 5 + 10,"25,335.37-30,114.91 + 12,788.21-13,271.46 + 296+",1,1.3133,0.0,0.0,0.0
market_cap + liquidity + holders,"market_cap,liquidity,holders",2 + 2 + 3,"15,281.14-16,137.22 + 11,600.81-12,042.9 + 101-116",9,1.8325,0.4444,0.0,0.0
market_cap + liquidity + holders,"market_cap,liquidity,holders",4 + 4 + 9,"17,167.89-18,590.82 + 12,361.67-12,786.19 + 215-292",2,1.4528,0.0,0.0,0.0
market_cap + liquidity + holders,"market_cap,liquidity,holders",6 + 6 + 9,"20,581.29-22,843.57 + 13,271.91-14,053.28 + 215-292",4,3.2065,0.5,0.25,0.0
market_cap + liquidity + holders,"market_cap,liquidity,holders",6 + 1 + 5,"20,581.29-22,843.57 + 0-11,598.3 + 129-143",1,1.0,0.0,0.0,0.0
market_cap + liquidity + holders,"market_cap,liquidity,holders",8 + 3 + 7,"25,335.37-30,114.91 + 12,046.39-12,355.84 + 160-178",4,3.0213,0.75,0.25,0.0
market_cap + liquidity + holders,"market_cap,liquidity,holders",9 + 9 + 9,"30,327.76-107,930.06 + 15,815.4-19,926.93 + 215-292",5,5.4496,0.8,0.6,0.2
market_cap + liquidity + holders,"market_cap,liquidity,holders",6 + 7 + 9,"20,581.29-22,843.57 + 14,071.35-14,742.63 + 215-292",19,2.933,0.4211,0.2105,0.0526
market_cap + liquidity + holders,"market_cap,liquidity,holders",5 + 6 + 2,"18,609.88-20,577.61 + 13,271.91-14,053.28 + 85-101",11,1.7006,0.2727,0.0,0.0
market_cap + liquidity + holders,"market_cap,liquidity,holders",9 + 5 + 8,"30,327.76-107,930.06 + 12,788.21-13,271.46 + 178-215",3,2.0149,0.3333,0.0,0.0
market_cap + liquidity + holders,"market_cap,liquidity,holders",7 + 1 + 2,"22,844.27-25,315.17 + 0-11,598.3 + 85-101",1,2.1797,1.0,0.0,0.0
market_cap + liquidity + holders,"market_cap,liquidity,holders",7 + 7 + 4,"22,844.27-25,315.17 + 14,071.35-14,742.63 + 116-129",3,10.6538,1.0,1.0,0.3333
market_cap + liquidity + holders,"market_cap,liquidity,holders",5 + 6 + 5,"18,609.88-20,577.61 + 13,271.91-14,053.28 + 129-143",9,2.7722,0.3333,0.1111,0.1111
market_cap + liquidity + holders,"market_cap,liquidity,holders",5 + 6 + 6,"18,609.88-20,577.61 + 13,271.91-14,053.28 + 144-160",14,1.5431,0.2143,0.0,0.0
market_cap + liquidity + holders,"market_cap,liquidity,holders",8 + 1 + 9,"25,335.37-30,114.91 + 0-11,598.3 + 215-292",6,2.2035,0.3333,0.1667,0.0
market_cap + liquidity + holders,"market_cap,liquidity,holders",1 + 2 + 5,"0-15,280.97 + 11,600.81-12,042.9 + 129-143",7,2.534,0.7143,0.0,0.0
market_cap + liquidity + holders,"market_cap,liquidity,holders",8 + 9 + 5,"25,335.37-30,114.91 + 15,815.4-19,926.93 + 129-143",7,10.5428,0.8571,0.1429,0.1429
market_cap + liquidity + holders,"market_cap,liquidity,holders",9 + 8 + 10,"30,327.76-107,930.06 + 14,748.13-15,806.44 + 296+",2,4.6167,1.0,0.5,0.0
market_cap + liquidity + holders,"market_cap,liquidity,holders",8 + 8 + 8,"25,335.37-30,114.91 + 14,748.13-15,806.44 + 178-215",8,6.8457,0.75,0.375,0.125
market_cap + liquidity + holders,"market_cap,liquidity,holders",8 + 3 + 10,"25,335.37-30,114.91 + 12,046.39-12,355.84 + 296+",1,1.6897,0.0,0.0,0.0
market_cap + liquidity + holders,"market_cap,liquidity,holders",2 + 9 + 1,"15,281.14-16,137.22 + 15,815.4-19,926.93 + 40-85",5,1.4573,0.0,0.0,0.0
market_cap + liquidity + holders,"market_cap,liquidity,holders",4 + 4 + 3,"17,167.89-18,590.82 + 12,361.67-12,786.19 + 101-116",5,1.5282,0.4,0.0,0.0
market_cap + liquidity + holders,"market_cap,liquidity,holders",6 + 6 + 5,"20,581.29-22,843.57 + 13,271.91-14,053.28 + 129-143",4,2.0417,0.5,0.0,0.0
market_cap + liquidity + holders,"market_cap,liquidity,holders",5 + 6 + 4,"18,609.88-20,577.61 + 13,271.91-14,053.28 + 116-129",13,2.6603,0.3077,0.0769,0.0769
market_cap + liquidity + holders,"market_cap,liquidity,holders",5 + 5 + 5,"18,609.88-20,577.61 + 12,788.21-13,271.46 + 129-143",8,1.9061,0.25,0.0,0.0
market_cap + liquidity + holders,"market_cap,liquidity,holders",1 + 2 + 4,"0-15,280.97 + 11,600.81-12,042.9 + 116-129",6,2.3258,0.1667,0.1667,0.0
market_cap + liquidity + holders,"market_cap,liquidity,holders",4 + 4 + 5,"17,167.89-18,590.82 + 12,361.67-12,786.19 + 129-143",3,1.291,0.0,0.0,0.0
market_cap + liquidity + holders,"market_cap,liquidity,holders",8 + 8 + 7,"25,335.37-30,114.91 + 14,748.13-15,806.44 + 160-178",4,3.7411,0.5,0.5,0.0
market_cap + liquidity + holders,"market_cap,liquidity,holders",6 + 6 + 4,"20,581.29-22,843.57 + 13,271.91-14,053.28 + 116-129",4,3.0162,1.0,0.0,0.0
market_cap + liquidity + holders,"market_cap,liquidity,holders",8 + 8 + 9,"25,335.37-30,114.91 + 14,748.13-15,806.44 + 215-292",14,4.016,0.7857,0.2143,0.1429
market_cap + liquidity + holders,"market_cap,liquidity,holders",8 + 9 + 10,"25,335.37-30,114.91 + 15,815.4-19,926.93 + 296+",3,4.0369,0.6667,0.3333,0.0
market_cap + liquidity + holders,"market_cap,liquidity,holders",5 + 5 + 3,"18,609.88-20,577.61 + 12,788.21-13,271.46 + 101-116",4,1.7419,0.5,0.0,0.0
market_cap + liquidity + holders,"market_cap,liquidity,holders",9 + 10 + 10,"30,327.76-107,930.06 + 19,982.42+ + 296+",28,11.9987,1.0,0.8571,0.3929
market_cap + liquidity + holders,"market_cap,liquidity,holders",1 + 2 + 7,"0-15,280.97 + 11,600.81-12,042.9 + 160-178",7,1.8734,0.2857,0.1429,0.0
market_cap + liquidity + holders,"market_cap,liquidity,holders",8 + 2 + 8,"25,335.37-30,114.91 + 11,600.81-12,042.9 + 178-215",3,7.7739,1.0,0.3333,0.3333
market_cap + liquidity + holders,"market_cap,liquidity,holders",9 + 7 + 6,"30,327.76-107,930.06 + 14,071.35-14,742.63 + 144-160",1,2.2718,1.0,0.0,0.0
market_cap + liquidity + holders,"market_cap,liquidity,holders",5 + 9 + 1,"18,609.88-20,577.61 + 15,815.4-19,926.93 + 40-85",3,3.0723,1.0,0.0,0.0
market_cap + liquidity + holders,"market_cap,liquidity,holders",5 + 9 + 2,"18,609.88-20,577.61 + 15,815.4-19,926.93 + 85-101",2,2.5179,1.0,0.0,0.0
market_cap + liquidity + holders,"market_cap,liquidity,holders",7 + 10 + 2,"22,844.27-25,315.17 + 19,982.42+ + 85-101",1,2.5179,1.0,0.0,0.0
market_cap + liquidity + holders,"market_cap,liquidity,holders",9 + 10 + 5,"30,327.76-107,930.06 + 19,982.42+ + 129-143",5,3.7097,0.8,0.2,0.0
market_cap + liquidity + holders,"market_cap,liquidity,holders",9 + 10 + 6,"30,327.76-107,930.06 + 19,982.42+ + 144-160",5,2.2912,0.6,0.0,0.0
market_cap + liquidity + holders,"market_cap,liquidity,holders",7 + 7 + 7,"22,844.27-25,315.17 + 14,071.35-14,742.63 + 160-178",4,2.8774,0.75,0.0,0.0
market_cap + liquidity + holders,"market_cap,liquidity,holders",7 + 8 + 6,"22,844.27-25,315.17 + 14,748.13-15,806.44 + 144-160",8,1.8236,0.375,0.0,0.0
market_cap + liquidity + holders,"market_cap,liquidity,holders",3 + 3 + 8,"16,137.97-17,162.81 + 12,046.39-12,355.84 + 178-215",1,1.5896,0.0,0.0,0.0
market_cap + liquidity + holders,"market_cap,liquidity,holders",4 + 4 + 6,"17,167.89-18,590.82 + 12,361.67-12,786.19 + 144-160",4,1.9179,0.75,0.0,0.0
market_cap + liquidity + holders,"market_cap,liquidity,holders",3 + 5 + 6,"16,137.97-17,162.81 + 12,788.21-13,271.46 + 144-160",1,1.5787,0.0,0.0,0.0
market_cap + liquidity + holders,"market_cap,liquidity,holders",3 + 3 + 1,"16,137.97-17,162.81 + 12,046.39-12,355.84 + 40-85",6,2.0157,0.1667,0.1667,0.0
market_cap + liquidity + holders,"market_cap,liquidity,holders",8 + 8 + 3,"25,335.37-30,114.91 + 14,748.13-15,806.44 + 101-116",4,2.7336,0.5,0.25,0.0
market_cap + liquidity + holders,"market_cap,liquidity,holders",6 + 7 + 7,"20,581.29-22,843.57 + 14,071.35-14,742.63 + 160-178",11,2.285,0.4545,0.0909,0.0
market_cap + liquidity + holders,"market_cap,liquidity,holders",1 + 9 + 1,"0-15,280.97 + 15,815.4-19,926.93 + 40-85",3,1.368,0.0,0.0,0.0
market_cap + liquidity + holders,"market_cap,liquidity,holders",4 + 9 + 1,"17,167.89-18,590.82 + 15,815.4-19,926.93 + 40-85",2,1.2754,0.0,0.0,0.0
market_cap + liquidity + holders,"market_cap,liquidity,holders",6 + 9 + 2,"20,581.29-22,843.57 + 15,815.4-19,926.93 + 85-101",1,1.5508,0.0,0.0,0.0
market_cap + liquidity + holders,"market_cap,liquidity,holders",5 + 5 + 7,"18,609.88-20,577.61 + 12,788.21-13,271.46 + 160-178",6,1.698,0.1667,0.0,0.0
market_cap + liquidity + holders,"market_cap,liquidity,holders",1 + 1 + 4,"0-15,280.97 + 0-11,598.3 + 116-129",7,1.9817,0.2857,0.1429,0.0
market_cap + liquidity + holders,"market_cap,liquidity,holders",3 + 4 + 7,"16,137.97-17,162.81 + 12,361.67-12,786.19 + 160-178",9,4.5744,0.5556,0.3333,0.1111
market_cap + liquidity + holders,"market_cap,liquidity,holders",8 + 9 + 3,"25,335.37-30,114.91 + 15,815.4-19,926.93 + 101-116",1,1.077,0.0,0.0,0.0
market_cap + liquidity + holders,"market_cap,liquidity,holders",3 + 5 + 5,"16,137.97-17,162.81 + 12,788.21-13,271.46 + 129-143",1,1.0,0.0,0.0,0.0
market_cap + liquidity + holders,"market_cap,liquidity,holders",1 + 2 + 6,"0-15,280.97 + 11,600.81-12,042.9 + 144-160",7,1.5355,0.2857,0.0,0.0
market_cap + liquidity + holders,"market_cap,liquidity,holders",5 + 5 + 8,"18,609.88-20,577.61 + 12,788.21-13,271.46 + 178-215",4,1.6753,0.25,0.0,0.0
market_cap + liquidity + holders,"market_cap,liquidity,holders",2 + 3 + 5,"15,281.14-16,137.22 + 12,046.39-12,355.84 + 129-143",12,2.7095,0.4167,0.1667,0.0
market_cap + liquidity + holders,"market_cap,liquidity,holders",7 + 7 + 8,"22,844.27-25,315.17 + 14,071.35-14,742.63 + 178-215",11,2.5278,0.4545,0.0909,0.0
market_cap + liquidity + holders,"market_cap,liquidity,holders",7 + 7 + 9,"22,844.27-25,315.17 + 14,071.35-14,742.63 + 215-292",10,3.122,0.8,0.1,0.0
market_cap + liquidity + holders,"market_cap,liquidity,holders",6 + 9 + 4,"20,581.29-22,843.57 + 15,815.4-19,926.93 + 116-129",1,1.0,0.0,0.0,0.0
market_cap + liquidity + holders,"market_cap,liquidity,holders",2 + 4 + 3,"15,281.14-16,137.22 + 12,361.67-12,786.19 + 101-116",1,1.2925,0.0,0.0,0.0
market_cap + liquidity + holders,"market_cap,liquidity,holders",8 + 4 + 7,"25,335.37-30,114.91 + 12,361.67-12,786.19 + 160-178",2,3.5898,0.5,0.5,0.0
market_cap + liquidity + holders,"market_cap,liquidity,holders",3 + 4 + 6,"16,137.97-17,162.81 + 12,361.67-12,786.19 + 144-160",13,3.5492,0.3846,0.3077,0.0769
market_cap + liquidity + holders,"market_cap,liquidity,holders",1 + 2 + 8,"0-15,280.97 + 11,600.81-12,042.9 + 178-215",9,2.0035,0.3333,0.1111,0.0
market_cap + liquidity + holders,"market_cap,liquidity,holders",10 + 10 + 7,"109,316.51+ + 19,982.42+ + 160-178",5,10.4437,0.6,0.4,0.2
market_cap + liquidity + holders,"market_cap,liquidity,holders",4 + 1 + 2,"17,167.89-18,590.82 + 0-11,598.3 + 85-101",1,2.4841,1.0,0.0,0.0
market_cap + liquidity + holders,"market_cap,liquidity,holders",2 + 4 + 7,"15,281.14-16,137.22 + 12,361.67-12,786.19 + 160-178",1,5.7979,1.0,1.0,0.0
market_cap + liquidity + holders,"market_cap,liquidity,holders",7 + 10 + 1,"22,844.27-25,315.17 + 19,982.42+ + 40-85",2,5.2375,0.5,0.5,0.0
market_cap + liquidity + holders,"market_cap,liquidity,holders",8 + 10 + 1,"25,335.37-30,114.91 + 19,982.42+ + 40-85",1,9.1632,1.0,1.0,0.0
market_cap + liquidity + holders,"market_cap,liquidity,holders",9 + 10 + 2,"30,327.76-107,930.06 + 19,982.42+ + 85-101",2,5.0816,0.5,0.5,0.0
market_cap + liquidity + holders,"market_cap,liquidity,holders",10 + 10 + 9,"109,316.51+ + 19,982.42+ + 215-292",14,7.7505,0.8571,0.5,0.1429
market_cap + liquidity + holders,"market_cap,liquidity,holders",4 + 1 + 5,"17,167.89-18,590.82 + 0-11,598.3 + 129-143",1,1.0,0.0,0.0,0.0
market_cap + liquidity + holders,"market_cap,liquidity,holders",9 + 10 + 3,"30,327.76-107,930.06 + 19,982.42+ + 101-116",2,2.1748,0.5,0.0,0.0
market_cap + liquidity + holders,"market_cap,liquidity,holders",9 + 10 + 1,"30,327.76-107,930.06 + 19,982.42+ + 40-85",4,1.0,0.0,0.0,0.0
market_cap + liquidity + holders,"market_cap,liquidity,holders",6 + 8 + 1,"20,581.29-22,843.57 + 14,748.13-15,806.44 + 40-85",1,1.0,0.0,0.0,0.0
market_cap + liquidity + holders,"market_cap,liquidity,holders",8 + 3 + 9,"25,335.37-30,114.91 + 12,046.39-12,355.84 + 215-292",2,6.1644,1.0,0.5,0.0
market_cap + liquidity + holders,"market_cap,liquidity,holders",3 + 4 + 1,"16,137.97-17,162.81 + 12,361.67-12,786.19 + 40-85",11,1.4586,0.2727,0.0,0.0
market_cap + liquidity + holders,"market_cap,liquidity,holders",8 + 9 + 4,"25,335.37-30,114.91 + 15,815.4-19,926.93 + 116-129",2,1.6663,0.5,0.0,0.0
market_cap + liquidity + holders,"market_cap,liquidity,holders",4 + 5 + 7,"17,167.89-18,590.82 + 12,788.21-13,271.46 + 160-178",13,4.7763,0.4615,0.2308,0.1538
market_cap + liquidity + holders,"market_cap,liquidity,holders",10 + 7 + 2,"109,316.51+ + 14,071.35-14,742.63 + 85-101",1,1.3508,0.0,0.0,0.0
market_cap + liquidity + holders,"market_cap,liquidity,holders",10 + 7 + 1,"109,316.51+ + 14,071.35-14,742.63 + 40-85",1,1.3508,0.0,0.0,0.0
market_cap + liquidity + holders,"market_cap,liquidity,holders",9 + 9 + 7,"30,327.76-107,930.06 + 15,815.4-19,926.93 + 160-178",2,1.7687,0.5,0.0,0.0
market_cap + liquidity + holders,"market_cap,liquidity,holders",6 + 7 + 3,"20,581.29-22,843.57 + 14,071.35-14,742.63 + 101-116",8,6.9522,0.875,0.25,0.25
market_cap + liquidity + holders,"market_cap,liquidity,holders",8 + 9 + 8,"25,335.37-30,114.91 + 15,815.4-19,926.93 + 178-215",7,4.1015,0.5714,0.2857,0.1429
market_cap + liquidity + holders,"market_cap,liquidity,holders",8 + 8 + 10,"25,335.37-30,114.91 + 14,748.13-15,806.44 + 296+",1,4.9683,1.0,0.0,0.0
market_cap + liquidity + holders,"market_cap,liquidity,holders",8 + 9 + 2,"25,335.37-30,114.91 + 15,815.4-19,926.93 + 85-101",1,11.5823,1.0,1.0,1.0
market_cap + liquidity + holders,"market_cap,liquidity,holders",9 + 9 + 8,"30,327.76-107,930.06 + 15,815.4-19,926.93 + 178-215",2,38.9514,1.0,1.0,1.0
market_cap + liquidity + holders,"market_cap,liquidity,holders",1 + 1 + 5,"0-15,280.97 + 0-11,598.3 + 129-143",6,1.8795,0.1667,0.1667,0.0
market_cap + liquidity + holders,"market_cap,liquidity,holders",3 + 2 + 4,"16,137.97-17,162.81 + 11,600.81-12,042.9 + 116-129",3,1.1056,0.0,0.0,0.0
market_cap + liquidity + holders,"market_cap,liquidity,holders",4 + 4 + 8,"17,167.89-18,590.82 + 12,361.67-12,786.19 + 178-215",2,5.2313,1.0,0.5,0.0
market_cap + liquidity + holders,"market_cap,liquidity,holders",7 + 1 + 8,"22,844.27-25,315.17 + 0-11,598.3 + 178-215",2,1.6986,0.5,0.0,0.0
market_cap + liquidity + holders,"market_cap,liquidity,holders",7 + 1 + 9,"22,844.27-25,315.17 + 0-11,598.3 + 215-292",3,4.2847,1.0,0.3333,0.0
market_cap + liquidity + holders,"market_cap,liquidity,holders",6 + 9 + 3,"20,581.29-22,843.57 + 15,815.4-19,926.93 + 101-116",2,1.5826,0.0,0.0,0.0
market_cap + liquidity + holders,"market_cap,liquidity,holders",7 + 10 + 3,"22,844.27-25,315.17 + 19,982.42+ + 101-116",1,1.4773,0.0,0.0,0.0
market_cap + liquidity + holders,"market_cap,liquidity,holders",8 + 10 + 5,"25,335.37-30,114.91 + 19,982.42+ + 129-143",1,1.4773,0.0,0.0,0.0
market_cap + liquidity + holders,"market_cap,liquidity,holders",4 + 6 + 9,"17,167.89-18,590.82 + 13,271.91-14,053.28 + 215-292",1,1.0,0.0,0.0,0.0
market_cap + liquidity + holders,"market_cap,liquidity,holders",6 + 7 + 10,"20,581.29-22,843.57 + 14,071.35-14,742.63 + 296+",1,1.0,0.0,0.0,0.0
market_cap + liquidity + holders,"market_cap,liquidity,holders",6 + 6 + 1,"20,581.29-22,843.57 + 13,271.91-14,053.28 + 40-85",2,1.5585,0.5,0.0,0.0
market_cap + liquidity + holders,"market_cap,liquidity,holders",8 + 8 + 1,"25,335.37-30,114.91 + 14,748.13-15,806.44 + 40-85",1,2.1171,1.0,0.0,0.0
market_cap + liquidity + holders,"market_cap,liquidity,holders",3 + 3 + 5,"16,137.97-17,162.81 + 12,046.39-12,355.84 + 129-143",3,5.6412,0.6667,0.6667,0.0
market_cap + liquidity + holders,"market_cap,liquidity,holders",4 + 4 + 2,"17,167.89-18,590.82 + 12,361.67-12,786.19 + 85-101",3,2.1894,0.3333,0.0,0.0
market_cap + liquidity + holders,"market_cap,liquidity,holders",9 + 6 + 10,"30,327.76-107,930.06 + 13,271.91-14,053.28 + 296+",1,7.4817,1.0,1.0,0.0
market_cap + liquidity + holders,"market_cap,liquidity,holders",2 + 3 + 7,"15,281.14-16,137.22 + 12,046.39-12,355.84 + 160-178",4,2.9241,0.5,0.25,0.0
market_cap + liquidity + holders,"market_cap,liquidity,holders",10 + 1 + 7,"109,316.51+ + 0-11,598.3 + 160-178",3,1.6483,0.0,0.0,0.0
market_cap + liquidity + holders,"market_cap,liquidity,holders",10 + 1 + 9,"109,316.51+ + 0-11,598.3 + 215-292",1,1.9725,0.0,0.0,0.0
market_cap + liquidity + holders,"market_cap,liquidity,holders",1 + 2 + 3,"0-15,280.97 + 11,600.81-12,042.9 + 101-116",9,1.4115,0.1111,0.0,0.0
market_cap + liquidity + holders,"market_cap,liquidity,holders",10 + 10 + 4,"109,316.51+ + 19,982.42+ + 116-129",1,1.0143,0.0,0.0,0.0
market_cap + liquidity + holders,"market_cap,liquidity,holders",1 + 1 + 2,"0-15,280.97 + 0-11,598.3 + 85-101",11,1.8558,0.2727,0.0909,0.0
market_cap + liquidity + holders,"market_cap,liquidity,holders",1 + 1 + 9,"0-15,280.97 + 0-11,598.3 + 215-292",1,2.0118,1.0,0.0,0.0
market_cap + liquidity + holders,"market_cap,liquidity,holders",3 + 5 + 1,"16,137.97-17,162.81 + 12,788.21-13,271.46 + 40-85",1,1.0,0.0,0.0,0.0
market_cap + liquidity + holders,"market_cap,liquidity,holders",6 + 8 + 8,"20,581.29-22,843.57 + 14,748.13-15,806.44 + 178-215",1,2.9772,1.0,0.0,0.0
market_cap + liquidity + holders,"market_cap,liquidity,holders",1 + 1 + 8,"0-15,280.97 + 0-11,598.3 + 178-215",1,1.4472,0.0,0.0,0.0
market_cap + liquidity + holders,"market_cap,liquidity,holders",5 + 5 + 6,"18,609.88-20,577.61 + 12,788.21-13,271.46 + 144-160",4,1.5121,0.25,0.0,0.0
market_cap + liquidity + holders,"market_cap,liquidity,holders",6 + 6 + 7,"20,581.29-22,843.57 + 13,271.91-14,053.28 + 160-178",5,4.9684,0.6,0.4,0.2
market_cap + liquidity + holders,"market_cap,liquidity,holders",9 + 3 + 9,"30,327.76-107,930.06 + 12,046.39-12,355.84 + 215-292",1,2.6883,1.0,0.0,0.0
market_cap + liquidity + holders,"market_cap,liquidity,holders",8 + 9 + 1,"25,335.37-30,114.91 + 15,815.4-19,926.93 + 40-85",3,1.1614,0.0,0.0,0.0
market_cap + liquidity + holders,"market_cap,liquidity,holders",9 + 6 + 6,"30,327.76-107,930.06 + 13,271.91-14,053.28 + 144-160",1,2.1216,1.0,0.0,0.0
market_cap + liquidity + holders,"market_cap,liquidity,holders",3 + 2 + 3,"16,137.97-17,162.81 + 11,600.81-12,042.9 + 101-116",1,1.2548,0.0,0.0,0.0
market_cap + liquidity + holders,"market_cap,liquidity,holders",2 + 2 + 1,"15,281.14-16,137.22 + 11,600.81-12,042.9 + 40-85",4,1.4968,0.25,0.0,0.0
market_cap + liquidity + holders,"market_cap,liquidity,holders",1 + 9 + 2,"0-15,280.97 + 15,815.4-19,926.93 + 85-101",1,1.0,0.0,0.0,0.0
market_cap + liquidity + holders,"market_cap,liquidity,holders",6 + 6 + 2,"20,581.29-22,843.57 + 13,271.91-14,053.28 + 85-101",2,8.8628,1.0,0.5,0.5
market_cap + liquidity + holders,"market_cap,liquidity,holders",8 + 2 + 6,"25,335.37-30,114.91 + 11,600.81-12,042.9 + 144-160",2,2.7645,1.0,0.0,0.0
market_cap + liquidity + holders,"market_cap,liquidity,holders",9 + 8 + 8,"30,327.76-107,930.06 + 14,748.13-15,806.44 + 178-215",2,2.0795,1.0,0.0,0.0
market_cap + liquidity + holders,"market_cap,liquidity,holders",2 + 2 + 2,"15,281.14-16,137.22 + 11,600.81-12,042.9 + 85-101",8,5.776,0.375,0.25,0.125
market_cap + liquidity + holders,"market_cap,liquidity,holders",3 + 3 + 4,"16,137.97-17,162.81 + 12,046.39-12,355.84 + 116-129",9,5.1049,0.3333,0.2222,0.1111
market_cap + liquidity + holders,"market_cap,liquidity,holders",7 + 7 + 6,"22,844.27-25,315.17 + 14,071.35-14,742.63 + 144-160",3,1.5787,0.3333,0.0,0.0
market_cap + liquidity + holders,"market_cap,liquidity,holders",1 + 3 + 3,"0-15,280.97 + 12,046.39-12,355.84 + 101-116",1,1.0,0.0,0.0,0.0
market_cap + liquidity + holders,"market_cap,liquidity,holders",5 + 5 + 9,"18,609.88-20,577.61 + 12,788.21-13,271.46 + 215-292",1,2.9398,1.0,0.0,0.0
market_cap + liquidity + holders,"market_cap,liquidity,holders",4 + 4 + 7,"17,167.89-18,590.82 + 12,361.67-12,786.19 + 160-178",6,2.8323,0.5,0.3333,0.0
market_cap + liquidity + holders,"market_cap,liquidity,holders",8 + 1 + 8,"25,335.37-30,114.91 + 0-11,598.3 + 178-215",2,6.1536,1.0,1.0,0.0
market_cap + liquidity + holders,"market_cap,liquidity,holders",8 + 2 + 7,"25,335.37-30,114.91 + 11,600.81-12,042.9 + 160-178",2,16.9229,1.0,0.5,0.5
market_cap + liquidity + holders,"market_cap,liquidity,holders",9 + 6 + 1,"30,327.76-107,930.06 + 13,271.91-14,053.28 + 40-85",1,15.9219,1.0,1.0,1.0
market_cap + liquidity + holders,"market_cap,liquidity,holders",1 + 1 + 10,"0-15,280.97 + 0-11,598.3 + 296+",1,2.5041,1.0,0.0,0.0
market_cap + liquidity + holders,"market_cap,liquidity,holders",2 + 2 + 5,"15,281.14-16,137.22 + 11,600.81-12,042.9 + 129-143",2,2.0126,0.5,0.0,0.0
market_cap + liquidity + holders,"market_cap,liquidity,holders",8 + 1 + 7,"25,335.37-30,114.91 + 0-11,598.3 + 160-178",1,4.5681,1.0,0.0,0.0
market_cap + liquidity + holders,"market_cap,liquidity,holders",4 + 4 + 1,"17,167.89-18,590.82 + 12,361.67-12,786.19 + 40-85",5,1.2164,0.2,0.0,0.0
market_cap + liquidity + holders,"market_cap,liquidity,holders",8 + 2 + 9,"25,335.37-30,114.91 + 11,600.81-12,042.9 + 215-292",6,5.7406,0.6667,0.3333,0.1667
market_cap + liquidity + holders,"market_cap,liquidity,holders",8 + 8 + 4,"25,335.37-30,114.91 + 14,748.13-15,806.44 + 116-129",6,1.7128,0.3333,0.0,0.0
market_cap + liquidity + holders,"market_cap,liquidity,holders",7 + 7 + 1,"22,844.27-25,315.17 + 14,071.35-14,742.63 + 40-85",4,1.0526,0.0,0.0,0.0
market_cap + liquidity + holders,"market_cap,liquidity,holders",4 + 3 + 4,"17,167.89-18,590.82 + 12,046.39-12,355.84 + 116-129",1,1.0,0.0,0.0,0.0
market_cap + liquidity + holders,"market_cap,liquidity,holders",4 + 1 + 10,"17,167.89-18,590.82 + 0-11,598.3 + 296+",1,5.7909,1.0,1.0,0.0
market_cap + liquidity + holders,"market_cap,liquidity,holders",10 + 3 + 1,"109,316.51+ + 12,046.39-12,355.84 + 40-85",1,3.0453,1.0,0.0,0.0
market_cap + liquidity + holders,"market_cap,liquidity,holders",10 + 10 + 5,"109,316.51+ + 19,982.42+ + 129-143",1,3.0453,1.0,0.0,0.0
market_cap + liquidity + holders,"market_cap,liquidity,holders",5 + 5 + 1,"18,609.88-20,577.61 + 12,788.21-13,271.46 + 40-85",1,4.7787,1.0,0.0,0.0
market_cap + liquidity + holders,"market_cap,liquidity,holders",9 + 5 + 1,"30,327.76-107,930.06 + 12,788.21-13,271.46 + 40-85",1,4.7787,1.0,0.0,0.0
market_cap + liquidity + holders,"market_cap,liquidity,holders",10 + 3 + 2,"109,316.51+ + 12,046.39-12,355.84 + 85-101",1,1.0,0.0,0.0,0.0
market_cap + liquidity + holders,"market_cap,liquidity,holders",7 + 7 + 2,"22,844.27-25,315.17 + 14,071.35-14,742.63 + 85-101",1,7.4773,1.0,1.0,0.0
market_cap + liquidity + holders,"market_cap,liquidity,holders",9 + 5 + 10,"30,327.76-107,930.06 + 12,788.21-13,271.46 + 296+",2,2.3124,0.5,0.0,0.0
market_cap + liquidity + holders,"market_cap,liquidity,holders",9 + 3 + 8,"30,327.76-107,930.06 + 12,046.39-12,355.84 + 178-215",2,10.0798,1.0,1.0,0.5
market_cap + liquidity + holders,"market_cap,liquidity,holders",5 + 6 + 1,"18,609.88-20,577.61 + 13,271.91-14,053.28 + 40-85",3,1.0425,0.0,0.0,0.0
market_cap + liquidity + holders,"market_cap,liquidity,holders",8 + 2 + 4,"25,335.37-30,114.91 + 11,600.81-12,042.9 + 116-129",1,1.0,0.0,0.0,0.0
market_cap + liquidity + holders,"market_cap,liquidity,holders",10 + 1 + 3,"109,316.51+ + 0-11,598.3 + 101-116",1,1.0,0.0,0.0,0.0
market_cap + liquidity + holders,"market_cap,liquidity,holders",8 + 4 + 5,"25,335.37-30,114.91 + 12,361.67-12,786.19 + 129-143",1,1.0,0.0,0.0,0.0
market_cap + liquidity + holders,"market_cap,liquidity,holders",4 + 9 + 2,"17,167.89-18,590.82 + 15,815.4-19,926.93 + 85-101",2,1.4647,0.0,0.0,0.0
market_cap + liquidity + holders,"market_cap,liquidity,holders",6 + 7 + 1,"20,581.29-22,843.57 + 14,071.35-14,742.63 + 40-85",3,22.1477,0.6667,0.6667,0.3333
market_cap + liquidity + holders,"market_cap,liquidity,holders",9 + 10 + 8,"30,327.76-107,930.06 + 19,982.42+ + 178-215",3,5.0623,0.6667,0.3333,0.3333
market_cap + liquidity + holders,"market_cap,liquidity,holders",9 + 5 + 2,"30,327.76-107,930.06 + 12,788.21-13,271.46 + 85-101",1,1.0,0.0,0.0,0.0
market_cap + liquidity + holders,"market_cap,liquidity,holders",7 + 1 + 6,"22,844.27-25,315.17 + 0-11,598.3 + 144-160",2,2.251,0.5,0.0,0.0
market_cap + liquidity + holders,"market_cap,liquidity,holders",10 + 6 + 7,"109,316.51+ + 13,271.91-14,053.28 + 160-178",1,7.9024,1.0,1.0,0.0
market_cap + liquidity + holders,"market_cap,liquidity,holders",3 + 2 + 7,"16,137.97-17,162.81 + 11,600.81-12,042.9 + 160-178",1,1.0,0.0,0.0,0.0
market_cap + liquidity + holders,"market_cap,liquidity,holders",10 + 10 + 8,"109,316.51+ + 19,982.42+ + 178-215",2,2.4686,0.5,0.0,0.0
market_cap + liquidity + holders,"market_cap,liquidity,holders",10 + 4 + 7,"109,316.51+ + 12,361.67-12,786.19 + 160-178",1,1.0,0.0,0.0,0.0
market_cap + liquidity + holders,"market_cap,liquidity,holders",9 + 10 + 7,"30,327.76-107,930.06 + 19,982.42+ + 160-178",1,4.1784,1.0,0.0,0.0
market_cap + liquidity + holders,"market_cap,liquidity,holders",3 + 3 + 6,"16,137.97-17,162.81 + 12,046.39-12,355.84 + 144-160",2,1.5184,0.0,0.0,0.0
market_cap + liquidity + holders,"market_cap,liquidity,holders",1 + 3 + 1,"0-15,280.97 + 12,046.39-12,355.84 + 40-85",1,1.0,0.0,0.0,0.0
market_cap + liquidity + holders,"market_cap,liquidity,holders",8 + 3 + 1,"25,335.37-30,114.91 + 12,046.39-12,355.84 + 40-85",1,2.5373,1.0,0.0,0.0
market_cap + liquidity + holders,"market_cap,liquidity,holders",3 + 5 + 2,"16,137.97-17,162.81 + 12,788.21-13,271.46 + 85-101",1,1.5423,0.0,0.0,0.0
market_cap + liquidity + holders,"market_cap,liquidity,holders",7 + 1 + 7,"22,844.27-25,315.17 + 0-11,598.3 + 160-178",1,1.0,0.0,0.0,0.0
market_cap + liquidity + holders,"market_cap,liquidity,holders",8 + 2 + 3,"25,335.37-30,114.91 + 11,600.81-12,042.9 + 101-116",1,2.3005,1.0,0.0,0.0
market_cap + liquidity + holders,"market_cap,liquidity,holders",2 + 4 + 8,"15,281.14-16,137.22 + 12,361.67-12,786.19 + 178-215",1,1.0,0.0,0.0,0.0
market_cap + liquidity + holders,"market_cap,liquidity,holders",2 + 8 + 5,"15,281.14-16,137.22 + 14,748.13-15,806.44 + 129-143",1,1.0,0.0,0.0,0.0
market_cap + liquidity + holders,"market_cap,liquidity,holders",9 + 5 + 3,"30,327.76-107,930.06 + 12,788.21-13,271.46 + 101-116",1,10.1059,1.0,1.0,1.0
market_cap + liquidity + holders,"market_cap,liquidity,holders",3 + 4 + 9,"16,137.97-17,162.81 + 12,361.67-12,786.19 + 215-292",1,3.4099,1.0,0.0,0.0
market_cap + liquidity + holders,"market_cap,liquidity,holders",10 + 9 + 4,"109,316.51+ + 15,815.4-19,926.93 + 116-129",2,3.0571,1.0,0.0,0.0
market_cap + liquidity + holders,"market_cap,liquidity,holders",3 + 2 + 5,"16,137.97-17,162.81 + 11,600.81-12,042.9 + 129-143",1,1.1543,0.0,0.0,0.0
market_cap + liquidity + holders,"market_cap,liquidity,holders",9 + 4 + 10,"30,327.76-107,930.06 + 12,361.67-12,786.19 + 296+",1,12.5679,1.0,1.0,1.0
market_cap + liquidity + holders,"market_cap,liquidity,holders",3 + 2 + 1,"16,137.97-17,162.81 + 11,600.81-12,042.9 + 40-85",1,1.1134,0.0,0.0,0.0
market_cap + liquidity + holders,"market_cap,liquidity,holders",10 + 9 + 3,"109,316.51+ + 15,815.4-19,926.93 + 101-116",1,1.0,0.0,0.0,0.0
market_cap + liquidity + holders,"market_cap,liquidity,holders",10 + 2 + 1,"109,316.51+ + 11,600.81-12,042.9 + 40-85",1,1.0,0.0,0.0,0.0
market_cap + liquidity + holders,"market_cap,liquidity,holders",10 + 4 + 1,"109,316.51+ + 12,361.67-12,786.19 + 40-85",1,1.0,0.0,0.0,0.0
market_cap + liquidity + holders,"market_cap,liquidity,holders",8 + 4 + 1,"25,335.37-30,114.91 + 12,361.67-12,786.19 + 40-85",1,1.0,0.0,0.0,0.0
market_cap + liquidity + holders,"market_cap,liquidity,holders",5 + 6 + 10,"18,609.88-20,577.61 + 13,271.91-14,053.28 + 296+",2,1.0,0.0,0.0,0.0
market_cap + liquidity + holders,"market_cap,liquidity,holders",10 + 4 + 8,"109,316.51+ + 12,361.67-12,786.19 + 178-215",1,1.9061,0.0,0.0,0.0
market_cap + liquidity + holders,"market_cap,liquidity,holders",10 + 7 + 7,"109,316.51+ + 14,071.35-14,742.63 + 160-178",1,1.9061,0.0,0.0,0.0
market_cap + liquidity + holders,"market_cap,liquidity,holders",10 + 8 + 10,"109,316.51+ + 14,748.13-15,806.44 + 296+",1,1.9061,0.0,0.0,0.0
market_cap + liquidity + holders,"market_cap,liquidity,holders",10 + 9 + 9,"109,316.51+ + 15,815.4-19,926.93 + 215-292",1,1.9061,0.0,0.0,0.0
market_cap + liquidity + holders,"market_cap,liquidity,holders",10 + 9 + 1,"109,316.51+ + 15,815.4-19,926.93 + 40-85",1,2.4866,1.0,0.0,0.0
market_cap + liquidity + holders,"market_cap,liquidity,holders",7 + 1 + 10,"22,844.27-25,315.17 + 0-11,598.3 + 296+",1,3.0614,1.0,0.0,0.0
market_cap + liquidity + holders,"market_cap,liquidity,holders",9 + 9 + 6,"30,327.76-107,930.06 + 15,815.4-19,926.93 + 144-160",1,1.0,0.0,0.0,0.0
market_cap + liquidity + holders,"market_cap,liquidity,holders",4 + 6 + 2,"17,167.89-18,590.82 + 13,271.91-14,053.28 + 85-101",1,1.0,0.0,0.0,0.0
market_cap + liquidity + holders,"market_cap,liquidity,holders",4 + 6 + 4,"17,167.89-18,590.82 + 13,271.91-14,053.28 + 116-129",1,2.0441,1.0,0.0,0.0
market_cap + liquidity + holders,"market_cap,liquidity,holders",9 + 7 + 1,"30,327.76-107,930.06 + 14,071.35-14,742.63 + 40-85",1,2.0377,1.0,0.0,0.0
market_cap + liquidity + holders,"market_cap,liquidity,holders",4 + 5 + 9,"17,167.89-18,590.82 + 12,788.21-13,271.46 + 215-292",1,1.0,0.0,0.0,0.0
market_cap + liquidity + holders,"market_cap,liquidity,holders",9 + 4 + 7,"30,327.76-107,930.06 + 12,361.67-12,786.19 + 160-178",1,2.1092,1.0,0.0,0.0
market_cap + liquidity + holders,"market_cap,liquidity,holders",9 + 9 + 2,"30,327.76-107,930.06 + 15,815.4-19,926.93 + 85-101",1,39.846,1.0,1.0,1.0
market_cap + liquidity + holders,"market_cap,liquidity,holders",10 + 10 + 2,"109,316.51+ + 19,982.42+ + 85-101",1,39.846,1.0,1.0,1.0
market_cap + liquidity + holders,"market_cap,liquidity,holders",10 + 10 + 3,"109,316.51+ + 19,982.42+ + 101-116",2,21.9027,1.0,0.5,0.5
market_cap + liquidity + holders,"market_cap,liquidity,holders",9 + 6 + 7,"30,327.76-107,930.06 + 13,271.91-14,053.28 + 160-178",1,2.482,1.0,0.0,0.0
market_cap + liquidity + holders,"market_cap,liquidity,holders",2 + 2 + 8,"15,281.14-16,137.22 + 11,600.81-12,042.9 + 178-215",1,1.2295,0.0,0.0,0.0
market_cap + liquidity + holders,"market_cap,liquidity,holders",6 + 1 + 9,"20,581.29-22,843.57 + 0-11,598.3 + 215-292",1,2.9438,1.0,0.0,0.0
market_cap + liquidity + holders,"market_cap,liquidity,holders",5 + 1 + 7,"18,609.88-20,577.61 + 0-11,598.3 + 160-178",1,1.0,0.0,0.0,0.0
market_cap + liquidity + holders,"market_cap,liquidity,holders",3 + 9 + 2,"16,137.97-17,162.81 + 15,815.4-19,926.93 + 85-101",1,2.8012,1.0,0.0,0.0
market_cap + liquidity + holders,"market_cap,liquidity,holders",6 + 10 + 5,"20,581.29-22,843.57 + 19,982.42+ + 129-143",1,2.8012,1.0,0.0,0.0
market_cap + liquidity + holders,"market_cap,liquidity,holders",8 + 10 + 7,"25,335.37-30,114.91 + 19,982.42+ + 160-178",1,2.8012,1.0,0.0,0.0
market_cap + liquidity + holders,"market_cap,liquidity,holders",6 + 6 + 8,"20,581.29-22,843.57 + 13,271.91-14,053.28 + 178-215",1,1.9508,0.0,0.0,0.0
market_cap + liquidity + holders,"market_cap,liquidity,holders",10 + 9 + 8,"109,316.51+ + 15,815.4-19,926.93 + 178-215",1,2.9767,1.0,0.0,0.0
market_cap + liquidity + holders,"market_cap,liquidity,holders",8 + 3 + 8,"25,335.37-30,114.91 + 12,046.39-12,355.84 + 178-215",1,1.0,0.0,0.0,0.0
market_cap + liquidity + holders,"market_cap,liquidity,holders",8 + 1 + 6,"25,335.37-30,114.91 + 0-11,598.3 + 144-160",1,1.0,0.0,0.0,0.0
market_cap + liquidity + holders,"market_cap,liquidity,holders",6 + 1 + 6,"20,581.29-22,843.57 + 0-11,598.3 + 144-160",1,1.0,0.0,0.0,0.0
market_cap + liquidity + holders,"market_cap,liquidity,holders",2 + 4 + 5,"15,281.14-16,137.22 + 12,361.67-12,786.19 + 129-143",1,4.0646,1.0,0.0,0.0
market_cap + liquidity + holders,"market_cap,liquidity,holders",7 + 1 + 4,"22,844.27-25,315.17 + 0-11,598.3 + 116-129",1,1.0,0.0,0.0,0.0
market_cap + liquidity + holders,"market_cap,liquidity,holders",6 + 1 + 1,"20,581.29-22,843.57 + 0-11,598.3 + 40-85",1,1.2287,0.0,0.0,0.0
market_cap + liquidity + holders,"market_cap,liquidity,holders",9 + 6 + 3,"30,327.76-107,930.06 + 13,271.91-14,053.28 + 101-116",1,1.0,0.0,0.0,0.0
market_cap + liquidity + holders,"market_cap,liquidity,holders",8 + 3 + 2,"25,335.37-30,114.91 + 12,046.39-12,355.84 + 85-101",1,2.0247,1.0,0.0,0.0
market_cap + liquidity + holders,"market_cap,liquidity,holders",8 + 4 + 9,"25,335.37-30,114.91 + 12,361.67-12,786.19 + 215-292",1,3.6472,1.0,0.0,0.0
market_cap + liquidity + holders,"market_cap,liquidity,holders",10 + 2 + 4,"109,316.51+ + 11,600.81-12,042.9 + 116-129",1,1.0,0.0,0.0,0.0
market_cap + volume_usd + holders,"market_cap,volume_usd,holders",10 + 10 + 10,"109,316.51+ + 96,643.19+ + 296+",48,20.6063,0.875,0.7083,0.5625
market_cap + volume_usd + holders,"market_cap,volume_usd,holders",2 + 9 + 2,"15,281.14-16,137.22 + 58,815.09-96,139.16 + 85-101",1,1.0,0.0,0.0,0.0
market_cap + volume_usd + holders,"market_cap,volume_usd,holders",8 + 4 + 6,"25,335.37-30,114.91 + 26,969.13-30,982.7 + 144-160",3,1.9198,0.3333,0.0,0.0
market_cap + volume_usd + holders,"market_cap,volume_usd,holders",5 + 3 + 2,"18,609.88-20,577.61 + 23,015.77-26,957.65 + 85-101",2,2.1007,0.5,0.0,0.0
market_cap + volume_usd + holders,"market_cap,volume_usd,holders",6 + 3 + 2,"20,581.29-22,843.57 + 23,015.77-26,957.65 + 85-101",3,3.3615,0.6667,0.3333,0.0
market_cap + volume_usd + holders,"market_cap,volume_usd,holders",7 + 1 + 1,"22,844.27-25,315.17 + 5,784.89-17,669 + 40-85",5,2.3375,0.2,0.2,0.0
market_cap + volume_usd + holders,"market_cap,volume_usd,holders",3 + 4 + 2,"16,137.97-17,162.81 + 26,969.13-30,982.7 + 85-101",2,1.0,0.0,0.0,0.0
market_cap + volume_usd + holders,"market_cap,volume_usd,holders",6 + 8 + 5,"20,581.29-22,843.57 + 47,012.32-58,764.49 + 129-143",2,2.4304,0.5,0.0,0.0
market_cap + volume_usd + holders,"market_cap,volume_usd,holders",7 + 7 + 3,"22,844.27-25,315.17 + 40,013.6-46,956.43 + 101-116",2,3.0159,1.0,0.0,0.0
market_cap + volume_usd + holders,"market_cap,volume_usd,holders",1 + 3 + 7,"0-15,280.97 + 23,015.77-26,957.65 + 160-178",2,1.0,0.0,0.0,0.0
market_cap + volume_usd + holders,"market_cap,volume_usd,holders",3 + 4 + 8,"16,137.97-17,162.81 + 26,969.13-30,982.7 + 178-215",3,1.288,0.0,0.0,0.0
market_cap + volume_usd + holders,"market_cap,volume_usd,holders",5 + 8 + 9,"18,609.88-20,577.61 + 47,012.32-58,764.49 + 215-292",2,2.3861,0.5,0.0,0.0
market_cap + volume_usd + holders,"market_cap,volume_usd,holders",3 + 2 + 2,"16,137.97-17,162.81 + 17,791.49-23,002.15 + 85-101",6,5.1592,0.6667,0.3333,0.1667
market_cap + volume_usd + holders,"market_cap,volume_usd,holders",1 + 5 + 1,"0-15,280.97 + 31,005.61-35,301.14 + 40-85",2,1.9415,0.5,0.0,0.0
market_cap + volume_usd + holders,"market_cap,volume_usd,holders",4 + 5 + 1,"17,167.89-18,590.82 + 31,005.61-35,301.14 + 40-85",2,1.9415,0.5,0.0,0.0
market_cap + volume_usd + holders,"market_cap,volume_usd,holders",7 + 6 + 2,"22,844.27-25,315.17 + 35,329.38-40,010.01 + 85-101",1,1.8008,0.0,0.0,0.0
market_cap + volume_usd + holders,"market_cap,volume_usd,holders",1 + 9 + 2,"0-15,280.97 + 58,815.09-96,139.16 + 85-101",1,1.0,0.0,0.0,0.0
market_cap + volume_usd + holders,"market_cap,volume_usd,holders",2 + 3 + 4,"15,281.14-16,137.22 + 23,015.77-26,957.65 + 116-129",9,1.6381,0.2222,0.0,0.0
market_cap + volume_usd + holders,"market_cap,volume_usd,holders",7 + 9 + 8,"22,844.27-25,315.17 + 58,815.09-96,139.16 + 178-215",5,1.8128,0.4,0.0,0.0
market_cap + volume_usd + holders,"market_cap,volume_usd,holders",7 + 9 + 9,"22,844.27-25,315.17 + 58,815.09-96,139.16 + 215-292",16,3.3108,0.6875,0.125,0.0
market_cap + volume_usd + holders,"market_cap,volume_usd,holders",2 + 3 + 6,"15,281.14-16,137.22 + 23,015.77-26,957.65 + 144-160",1,1.142,0.0,0.0,0.0
market_cap + volume_usd + holders,"market_cap,volume_usd,holders",3 + 1 + 2,"16,137.97-17,162.81 + 5,784.89-17,669 + 85-101",5,4.957,0.8,0.2,0.2
market_cap + volume_usd + holders,"market_cap,volume_usd,holders",5 + 5 + 7,"18,609.88-20,577.61 + 31,005.61-35,301.14 + 160-178",6,1.7996,0.1667,0.0,0.0
market_cap + volume_usd + holders,"market_cap,volume_usd,holders",9 + 4 + 1,"30,327.76-107,930.06 + 26,969.13-30,982.7 + 40-85",1,1.0,0.0,0.0,0.0
market_cap + volume_usd + holders,"market_cap,volume_usd,holders",10 + 5 + 2,"109,316.51+ + 31,005.61-35,301.14 + 85-101",5,2.4451,0.2,0.2,0.0
market_cap + volume_usd + holders,"market_cap,volume_usd,holders",3 + 2 + 4,"16,137.97-17,162.81 + 17,791.49-23,002.15 + 116-129",6,1.8528,0.1667,0.1667,0.0
market_cap + volume_usd + holders,"market_cap,volume_usd,holders",6 + 4 + 6,"20,581.29-22,843.57 + 26,969.13-30,982.7 + 144-160",2,3.1706,0.5,0.5,0.0
market_cap + volume_usd + holders,"market_cap,volume_usd,holders",2 + 4 + 2,"15,281.14-16,137.22 + 26,969.13-30,982.7 + 85-101",3,3.4632,0.6667,0.3333,0.0
market_cap + volume_usd + holders,"market_cap,volume_usd,holders",4 + 2 + 1,"17,167.89-18,590.82 + 17,791.49-23,002.15 + 40-85",5,1.4482,0.2,0.0,0.0
market_cap + volume_usd + holders,"market_cap,volume_usd,holders",4 + 5 + 3,"17,167.89-18,590.82 + 31,005.61-35,301.14 + 101-116",3,2.3929,0.6667,0.0,0.0
market_cap + volume_usd + holders,"market_cap,volume_usd,holders",8 + 9 + 6,"25,335.37-30,114.91 + 58,815.09-96,139.16 + 144-160",2,2.3814,0.5,0.0,0.0
market_cap + volume_usd + holders,"market_cap,volume_usd,holders",9 + 10 + 10,"30,327.76-107,930.06 + 96,643.19+ + 296+",64,9.2692,0.9844,0.6094,0.2656
market_cap + volume_usd + holders,"market_cap,volume_usd,holders",4 + 6 + 8,"17,167.89-18,590.82 + 35,329.38-40,010.01 + 178-215",4,2.3156,0.75,0.0,0.0
market_cap + volume_usd + holders,"market_cap,volume_usd,holders",7 + 8 + 9,"22,844.27-25,315.17 + 47,012.32-58,764.49 + 215-292",8,2.2777,0.625,0.0,0.0
market_cap + volume_usd + holders,"market_cap,volume_usd,holders",8 + 8 + 9,"25,335.37-30,114.91 + 47,012.32-58,764.49 + 215-292",17,5.2844,0.8235,0.3529,0.1176
market_cap + volume_usd + holders,"market_cap,volume_usd,holders",2 + 6 + 1,"15,281.14-16,137.22 + 35,329.38-40,010.01 + 40-85",3,1.2071,0.0,0.0,0.0
market_cap + volume_usd + holders,"market_cap,volume_usd,holders",2 + 6 + 4,"15,281.14-16,137.22 + 35,329.38-40,010.01 + 116-129",1,2.5072,1.0,0.0,0.0
market_cap + volume_usd + holders,"market_cap,volume_usd,holders",4 + 7 + 4,"17,167.89-18,590.82 + 40,013.6-46,956.43 + 116-129",4,1.8229,0.25,0.0,0.0
market_cap + volume_usd + holders,"market_cap,volume_usd,holders",10 + 4 + 4,"109,316.51+ + 26,969.13-30,982.7 + 116-129",3,2.1264,0.6667,0.0,0.0
market_cap + volume_usd + holders,"market_cap,volume_usd,holders",1 + 5 + 3,"0-15,280.97 + 31,005.61-35,301.14 + 101-116",5,1.746,0.2,0.0,0.0
market_cap + volume_usd + holders,"market_cap,volume_usd,holders",7 + 6 + 4,"22,844.27-25,315.17 + 35,329.38-40,010.01 + 116-129",1,1.0,0.0,0.0,0.0
market_cap + volume_usd + holders,"market_cap,volume_usd,holders",6 + 1 + 3,"20,581.29-22,843.57 + 5,784.89-17,669 + 101-116",3,1.3622,0.0,0.0,0.0
market_cap + volume_usd + holders,"market_cap,volume_usd,holders",8 + 2 + 5,"25,335.37-30,114.91 + 17,791.49-23,002.15 + 129-143",3,1.705,0.3333,0.0,0.0
market_cap + volume_usd + holders,"market_cap,volume_usd,holders",6 + 5 + 8,"20,581.29-22,843.57 + 31,005.61-35,301.14 + 178-215",1,1.0,0.0,0.0,0.0
market_cap + volume_usd + holders,"market_cap,volume_usd,holders",4 + 4 + 4,"17,167.89-18,590.82 + 26,969.13-30,982.7 + 116-129",7,1.7445,0.2857,0.0,0.0
market_cap + volume_usd + holders,"market_cap,volume_usd,holders",5 + 4 + 4,"18,609.88-20,577.61 + 26,969.13-30,982.7 + 116-129",4,3.5943,0.75,0.25,0.0
market_cap + volume_usd + holders,"market_cap,volume_usd,holders",7 + 7 + 5,"22,844.27-25,315.17 + 40,013.6-46,956.43 + 129-143",3,5.7509,0.6667,0.6667,0.3333
market_cap + volume_usd + holders,"market_cap,volume_usd,holders",2 + 6 + 6,"15,281.14-16,137.22 + 35,329.38-40,010.01 + 144-160",3,2.2154,0.3333,0.0,0.0
market_cap + volume_usd + holders,"market_cap,volume_usd,holders",3 + 4 + 4,"16,137.97-17,162.81 + 26,969.13-30,982.7 + 116-129",6,1.8826,0.3333,0.0,0.0
market_cap + volume_usd + holders,"market_cap,volume_usd,holders",5 + 9 + 8,"18,609.88-20,577.61 + 58,815.09-96,139.16 + 178-215",1,4.0515,1.0,0.0,0.0
market_cap + volume_usd + holders,"market_cap,volume_usd,holders",8 + 9 + 9,"25,335.37-30,114.91 + 58,815.09-96,139.16 + 215-292",12,3.4607,0.75,0.1667,0.0833
market_cap + volume_usd + holders,"market_cap,volume_usd,holders",3 + 3 + 8,"16,137.97-17,162.81 + 23,015.77-26,957.65 + 178-215",1,1.0,0.0,0.0,0.0
market_cap + volume_usd + holders,"market_cap,volume_usd,holders",2 + 7 + 6,"15,281.14-16,137.22 + 40,013.6-46,956.43 + 144-160",4,1.3582,0.0,0.0,0.0
market_cap + volume_usd + holders,"market_cap,volume_usd,holders",9 + 6 + 1,"30,327.76-107,930.06 + 35,329.38-40,010.01 + 40-85",1,1.0,0.0,0.0,0.0
market_cap + volume_usd + holders,"market_cap,volume_usd,holders",3 + 4 + 3,"16,137.97-17,162.81 + 26,969.13-30,982.7 + 101-116",5,1.798,0.2,0.0,0.0
market_cap + volume_usd + holders,"market_cap,volume_usd,holders",5 + 4 + 3,"18,609.88-20,577.61 + 26,969.13-30,982.7 + 101-116",2,1.3353,0.0,0.0,0.0
market_cap + volume_usd + holders,"market_cap,volume_usd,holders",2 + 2 + 3,"15,281.14-16,137.22 + 17,791.49-23,002.15 + 101-116",6,1.7039,0.3333,0.0,0.0
market_cap + volume_usd + holders,"market_cap,volume_usd,holders",2 + 7 + 8,"15,281.14-16,137.22 + 40,013.6-46,956.43 + 178-215",3,1.4823,0.3333,0.0,0.0
market_cap + volume_usd + holders,"market_cap,volume_usd,holders",7 + 7 + 7,"22,844.27-25,315.17 + 40,013.6-46,956.43 + 160-178",4,1.6618,0.25,0.0,0.0
market_cap + volume_usd + holders,"market_cap,volume_usd,holders",2 + 4 + 3,"15,281.14-16,137.22 + 26,969.13-30,982.7 + 101-116",1,1.58,0.0,0.0,0.0
market_cap + volume_usd + holders,"market_cap,volume_usd,holders",6 + 9 + 6,"20,581.29-22,843.57 + 58,815.09-96,139.16 + 144-160",1,1.58,0.0,0.0,0.0
market_cap + volume_usd + holders,"market_cap,volume_usd,holders",9 + 7 + 9,"30,327.76-107,930.06 + 40,013.6-46,956.43 + 215-292",2,6.4538,1.0,0.5,0.5
market_cap + volume_usd + holders,"market_cap,volume_usd,holders",7 + 6 + 5,"22,844.27-25,315.17 + 35,329.38-40,010.01 + 129-143",5,2.9839,0.6,0.2,0.0
market_cap + volume_usd + holders,"market_cap,volume_usd,holders",3 + 5 + 3,"16,137.97-17,162.81 + 31,005.61-35,301.14 + 101-116",2,1.3641,0.0,0.0,0.0
market_cap + volume_usd + holders,"market_cap,volume_usd,holders",3 + 6 + 5,"16,137.97-17,162.81 + 35,329.38-40,010.01 + 129-143",2,1.9187,0.5,0.0,0.0
market_cap + volume_usd + holders,"market_cap,volume_usd,holders",4 + 4 + 1,"17,167.89-18,590.82 + 26,969.13-30,982.7 + 40-85",1,1.0,0.0,0.0,0.0
market_cap + volume_usd + holders,"market_cap,volume_usd,holders",8 + 7 + 7,"25,335.37-30,114.91 + 40,013.6-46,956.43 + 160-178",4,2.3885,0.5,0.0,0.0
market_cap + volume_usd + holders,"market_cap,volume_usd,holders",2 + 8 + 7,"15,281.14-16,137.22 + 47,012.32-58,764.49 + 160-178",1,1.1628,0.0,0.0,0.0
market_cap + volume_usd + holders,"market_cap,volume_usd,holders",3 + 8 + 7,"16,137.97-17,162.81 + 47,012.32-58,764.49 + 160-178",2,1.0814,0.0,0.0,0.0
market_cap + volume_usd + holders,"market_cap,volume_usd,holders",4 + 1 + 2,"17,167.89-18,590.82 + 5,784.89-17,669 + 85-101",4,2.2164,0.5,0.0,0.0
market_cap + volume_usd + holders,"market_cap,volume_usd,holders",4 + 2 + 5,"17,167.89-18,590.82 + 17,791.49-23,002.15 + 129-143",2,1.9721,0.5,0.0,0.0
market_cap + volume_usd + holders,"market_cap,volume_usd,holders",6 + 3 + 5,"20,581.29-22,843.57 + 23,015.77-26,957.65 + 129-143",1,2.2974,1.0,0.0,0.0
market_cap + volume_usd + holders,"market_cap,volume_usd,holders",1 + 3 + 1,"0-15,280.97 + 23,015.77-26,957.65 + 40-85",6,1.5594,0.1667,0.0,0.0
market_cap + volume_usd + holders,"market_cap,volume_usd,holders",2 + 8 + 3,"15,281.14-16,137.22 + 47,012.32-58,764.49 + 101-116",4,1.6489,0.25,0.0,0.0
market_cap + volume_usd + holders,"market_cap,volume_usd,holders",5 + 8 + 3,"18,609.88-20,577.61 + 47,012.32-58,764.49 + 101-116",2,1.0,0.0,0.0,0.0
market_cap + volume_usd + holders,"market_cap,volume_usd,holders",10 + 5 + 5,"109,316.51+ + 31,005.61-35,301.14 + 129-143",2,1.2252,0.0,0.0,0.0
market_cap + volume_usd + holders,"market_cap,volume_usd,holders",10 + 9 + 6,"109,316.51+ + 58,815.09-96,139.16 + 144-160",2,3.017,0.5,0.0,0.0
market_cap + volume_usd + holders,"market_cap,volume_usd,holders",10 + 9 + 8,"109,316.51+ + 58,815.09-96,139.16 + 178-215",2,1.6782,0.0,0.0,0.0
market_cap + volume_usd + holders,"market_cap,volume_usd,holders",10 + 3 + 1,"109,316.51+ + 23,015.77-26,957.65 + 40-85",2,1.0,0.0,0.0,0.0
market_cap + volume_usd + holders,"market_cap,volume_usd,holders",7 + 8 + 5,"22,844.27-25,315.17 + 47,012.32-58,764.49 + 129-143",2,3.157,1.0,0.0,0.0
market_cap + volume_usd + holders,"market_cap,volume_usd,holders",9 + 9 + 10,"30,327.76-107,930.06 + 58,815.09-96,139.16 + 296+",17,7.627,0.8824,0.5294,0.2353
market_cap + volume_usd + holders,"market_cap,volume_usd,holders",10 + 7 + 1,"109,316.51+ + 40,013.6-46,956.43 + 40-85",2,2.7918,0.5,0.0,0.0
market_cap + volume_usd + holders,"market_cap,volume_usd,holders",4 + 6 + 6,"17,167.89-18,590.82 + 35,329.38-40,010.01 + 144-160",4,3.7526,0.5,0.25,0.25
market_cap + volume_usd + holders,"market_cap,volume_usd,holders",7 + 8 + 7,"22,844.27-25,315.17 + 47,012.32-58,764.49 + 160-178",2,1.466,0.0,0.0,0.0
market_cap + volume_usd + holders,"market_cap,volume_usd,holders",1 + 5 + 6,"0-15,280.97 + 31,005.61-35,301.14 + 144-160",3,1.4516,0.3333,0.0,0.0
market_cap + volume_usd + holders,"market_cap,volume_usd,holders",6 + 9 + 4,"20,581.29-22,843.57 + 58,815.09-96,139.16 + 116-129",2,2.1513,1.0,0.0,0.0
market_cap + volume_usd + holders,"market_cap,volume_usd,holders",3 + 8 + 3,"16,137.97-17,162.81 + 47,012.32-58,764.49 + 101-116",1,1.74,0.0,0.0,0.0
market_cap + volume_usd + holders,"market_cap,volume_usd,holders",4 + 3 + 3,"17,167.89-18,590.82 + 23,015.77-26,957.65 + 101-116",3,1.5976,0.3333,0.0,0.0
market_cap + volume_usd + holders,"market_cap,volume_usd,holders",5 + 7 + 3,"18,609.88-20,577.61 + 40,013.6-46,956.43 + 101-116",1,1.74,0.0,0.0,0.0
market_cap + volume_usd + holders,"market_cap,volume_usd,holders",2 + 1 + 2,"15,281.14-16,137.22 + 5,784.89-17,669 + 85-101",6,6.2231,0.3333,0.1667,0.1667
market_cap + volume_usd + holders,"market_cap,volume_usd,holders",5 + 1 + 3,"18,609.88-20,577.61 + 5,784.89-17,669 + 101-116",4,1.4007,0.25,0.0,0.0
market_cap + volume_usd + holders,"market_cap,volume_usd,holders",8 + 4 + 10,"25,335.37-30,114.91 + 26,969.13-30,982.7 + 296+",1,1.3133,0.0,0.0,0.0
market_cap + volume_usd + holders,"market_cap,volume_usd,holders",2 + 7 + 3,"15,281.14-16,137.22 + 40,013.6-46,956.43 + 101-116",2,1.285,0.0,0.0,0.0
market_cap + volume_usd + holders,"market_cap,volume_usd,holders",4 + 9 + 9,"17,167.89-18,590.82 + 58,815.09-96,139.16 + 215-292",1,1.7563,0.0,0.0,0.0
market_cap + volume_usd + holders,"market_cap,volume_usd,holders",6 + 9 + 9,"20,581.29-22,843.57 + 58,815.09-96,139.16 + 215-292",4,1.5484,0.25,0.0,0.0
market_cap + volume_usd + holders,"market_cap,volume_usd,holders",2 + 7 + 7,"15,281.14-16,137.22 + 40,013.6-46,956.43 + 160-178",6,2.6795,0.5,0.1667,0.0
market_cap + volume_usd + holders,"market_cap,volume_usd,holders",6 + 6 + 5,"20,581.29-22,843.57 + 35,329.38-40,010.01 + 129-143",3,1.471,0.3333,0.0,0.0
market_cap + volume_usd + holders,"market_cap,volume_usd,holders",1 + 1 + 2,"0-15,280.97 + 5,784.89-17,669 + 85-101",13,1.8322,0.3846,0.0,0.0
market_cap + volume_usd + holders,"market_cap,volume_usd,holders",3 + 1 + 4,"16,137.97-17,162.81 + 5,784.89-17,669 + 116-129",2,17.0009,1.0,0.5,0.5
market_cap + volume_usd + holders,"market_cap,volume_usd,holders",8 + 2 + 7,"25,335.37-30,114.91 + 17,791.49-23,002.15 + 160-178",2,17.0009,1.0,0.5,0.5
market_cap + volume_usd + holders,"market_cap,volume_usd,holders",2 + 5 + 4,"15,281.14-16,137.22 + 31,005.61-35,301.14 + 116-129",4,1.751,0.5,0.0,0.0
market_cap + volume_usd + holders,"market_cap,volume_usd,holders",10 + 2 + 2,"109,316.51+ + 17,791.49-23,002.15 + 85-101",2,1.0,0.0,0.0,0.0
market_cap + volume_usd + holders,"market_cap,volume_usd,holders",1 + 1 + 1,"0-15,280.97 + 5,784.89-17,669 + 40-85",13,2.3939,0.3077,0.1538,0.0
market_cap + volume_usd + holders,"market_cap,volume_usd,holders",7 + 2 + 3,"22,844.27-25,315.17 + 17,791.49-23,002.15 + 101-116",2,4.6378,0.5,0.5,0.0
market_cap + volume_usd + holders,"market_cap,volume_usd,holders",8 + 4 + 5,"25,335.37-30,114.91 + 26,969.13-30,982.7 + 129-143",1,8.1986,1.0,1.0,0.0
market_cap + volume_usd + holders,"market_cap,volume_usd,holders",9 + 9 + 9,"30,327.76-107,930.06 + 58,815.09-96,139.16 + 215-292",8,8.1933,0.75,0.375,0.125
market_cap + volume_usd + holders,"market_cap,volume_usd,holders",2 + 5 + 8,"15,281.14-16,137.22 + 31,005.61-35,301.14 + 178-215",2,1.3246,0.0,0.0,0.0
market_cap + volume_usd + holders,"market_cap,volume_usd,holders",6 + 6 + 9,"20,581.29-22,843.57 + 35,329.38-40,010.01 + 215-292",4,1.4186,0.25,0.0,0.0
market_cap + volume_usd + holders,"market_cap,volume_usd,holders",1 + 9 + 1,"0-15,280.97 + 58,815.09-96,139.16 + 40-85",1,1.5216,0.0,0.0,0.0
market_cap + volume_usd + holders,"market_cap,volume_usd,holders",5 + 9 + 2,"18,609.88-20,577.61 + 58,815.09-96,139.16 + 85-101",2,1.2608,0.0,0.0,0.0
market_cap + volume_usd + holders,"market_cap,volume_usd,holders",8 + 9 + 5,"25,335.37-30,114.91 + 58,815.09-96,139.16 + 129-143",2,1.8077,0.5,0.0,0.0
market_cap + volume_usd + holders,"market_cap,volume_usd,holders",9 + 5 + 8,"30,327.76-107,930.06 + 31,005.61-35,301.14 + 178-215",2,3.0316,0.5,0.5,0.0
market_cap + volume_usd + holders,"market_cap,volume_usd,holders",7 + 1 + 2,"22,844.27-25,315.17 + 5,784.89-17,669 + 85-101",2,4.8285,1.0,0.5,0.0
market_cap + volume_usd + holders,"market_cap,volume_usd,holders",4 + 2 + 2,"17,167.89-18,590.82 + 17,791.49-23,002.15 + 85-101",3,7.6649,0.6667,0.3333,0.3333
market_cap + volume_usd + holders,"market_cap,volume_usd,holders",7 + 3 + 4,"22,844.27-25,315.17 + 23,015.77-26,957.65 + 116-129",2,12.5586,1.0,1.0,0.5
market_cap + volume_usd + holders,"market_cap,volume_usd,holders",5 + 9 + 5,"18,609.88-20,577.61 + 58,815.09-96,139.16 + 129-143",2,1.5219,0.0,0.0,0.0
market_cap + volume_usd + holders,"market_cap,volume_usd,holders",5 + 8 + 6,"18,609.88-20,577.61 + 47,012.32-58,764.49 + 144-160",2,1.0,0.0,0.0,0.0
market_cap + volume_usd + holders,"market_cap,volume_usd,holders",8 + 7 + 9,"25,335.37-30,114.91 + 40,013.6-46,956.43 + 215-292",10,2.1261,0.3,0.1,0.0
market_cap + volume_usd + holders,"market_cap,volume_usd,holders",8 + 5 + 6,"25,335.37-30,114.91 + 31,005.61-35,301.14 + 144-160",2,1.3782,0.0,0.0,0.0
market_cap + volume_usd + holders,"market_cap,volume_usd,holders",1 + 1 + 5,"0-15,280.97 + 5,784.89-17,669 + 129-143",1,3.4496,1.0,0.0,0.0
market_cap + volume_usd + holders,"market_cap,volume_usd,holders",3 + 3 + 5,"16,137.97-17,162.81 + 23,015.77-26,957.65 + 129-143",5,1.2481,0.0,0.0,0.0
market_cap + volume_usd + holders,"market_cap,volume_usd,holders",5 + 6 + 8,"18,609.88-20,577.61 + 35,329.38-40,010.01 + 178-215",2,1.6194,0.0,0.0,0.0
market_cap + volume_usd + holders,"market_cap,volume_usd,holders",3 + 1 + 3,"16,137.97-17,162.81 + 5,784.89-17,669 + 101-116",5,1.4838,0.4,0.0,0.0
market_cap + volume_usd + holders,"market_cap,volume_usd,holders",4 + 1 + 3,"17,167.89-18,590.82 + 5,784.89-17,669 + 101-116",5,8.2698,0.6,0.2,0.2
market_cap + volume_usd + holders,"market_cap,volume_usd,holders",2 + 2 + 4,"15,281.14-16,137.22 + 17,791.49-23,002.15 + 116-129",3,1.4941,0.0,0.0,0.0
market_cap + volume_usd + holders,"market_cap,volume_usd,holders",5 + 2 + 6,"18,609.88-20,577.61 + 17,791.49-23,002.15 + 144-160",2,2.207,0.5,0.0,0.0
market_cap + volume_usd + holders,"market_cap,volume_usd,holders",5 + 3 + 6,"18,609.88-20,577.61 + 23,015.77-26,957.65 + 144-160",2,1.2867,0.0,0.0,0.0
market_cap + volume_usd + holders,"market_cap,volume_usd,holders",8 + 4 + 8,"25,335.37-30,114.91 + 26,969.13-30,982.7 + 178-215",3,3.7409,0.6667,0.3333,0.0
market_cap + volume_usd + holders,"market_cap,volume_usd,holders",2 + 1 + 3,"15,281.14-16,137.22 + 5,784.89-17,669 + 101-116",1,1.6897,0.0,0.0,0.0
market_cap + volume_usd + holders,"market_cap,volume_usd,holders",7 + 6 + 9,"22,844.27-25,315.17 + 35,329.38-40,010.01 + 215-292",5,2.2184,0.4,0.0,0.0
market_cap + volume_usd + holders,"market_cap,volume_usd,holders",8 + 9 + 10,"25,335.37-30,114.91 + 58,815.09-96,139.16 + 296+",4,4.4422,0.75,0.25,0.0
market_cap + volume_usd + holders,"market_cap,volume_usd,holders",2 + 3 + 1,"15,281.14-16,137.22 + 23,015.77-26,957.65 + 40-85",2,1.0,0.0,0.0,0.0
market_cap + volume_usd + holders,"market_cap,volume_usd,holders",4 + 4 + 3,"17,167.89-18,590.82 + 26,969.13-30,982.7 + 101-116",2,1.0,0.0,0.0,0.0
market_cap + volume_usd + holders,"market_cap,volume_usd,holders",6 + 7 + 5,"20,581.29-22,843.57 + 40,013.6-46,956.43 + 129-143",1,1.0,0.0,0.0,0.0
market_cap + volume_usd + holders,"market_cap,volume_usd,holders",5 + 6 + 4,"18,609.88-20,577.61 + 35,329.38-40,010.01 + 116-129",3,2.1374,0.3333,0.0,0.0
market_cap + volume_usd + holders,"market_cap,volume_usd,holders",1 + 2 + 1,"0-15,280.97 + 17,791.49-23,002.15 + 40-85",6,1.0403,0.0,0.0,0.0
market_cap + volume_usd + holders,"market_cap,volume_usd,holders",5 + 4 + 5,"18,609.88-20,577.61 + 26,969.13-30,982.7 + 129-143",3,4.6783,0.3333,0.3333,0.3333
market_cap + volume_usd + holders,"market_cap,volume_usd,holders",6 + 4 + 5,"20,581.29-22,843.57 + 26,969.13-30,982.7 + 129-143",3,1.7444,0.3333,0.0,0.0
market_cap + volume_usd + holders,"market_cap,volume_usd,holders",5 + 3 + 5,"18,609.88-20,577.61 + 23,015.77-26,957.65 + 129-143",2,2.2319,0.5,0.0,0.0
market_cap + volume_usd + holders,"market_cap,volume_usd,holders",1 + 6 + 6,"0-15,280.97 + 35,329.38-40,010.01 + 144-160",4,1.2878,0.0,0.0,0.0
market_cap + volume_usd + holders,"market_cap,volume_usd,holders",5 + 10 + 7,"18,609.88-20,577.61 + 96,643.19+ + 160-178",1,1.0895,0.0,0.0,0.0
market_cap + volume_usd + holders,"market_cap,volume_usd,holders",6 + 5 + 6,"20,581.29-22,843.57 + 31,005.61-35,301.14 + 144-160",3,2.0516,0.3333,0.0,0.0
market_cap + volume_usd + holders,"market_cap,volume_usd,holders",2 + 4 + 6,"15,281.14-16,137.22 + 26,969.13-30,982.7 + 144-160",3,2.2349,0.3333,0.0,0.0
market_cap + volume_usd + holders,"market_cap,volume_usd,holders",4 + 5 + 6,"17,167.89-18,590.82 + 31,005.61-35,301.14 + 144-160",3,1.5266,0.3333,0.0,0.0
market_cap + volume_usd + holders,"market_cap,volume_usd,holders",1 + 2 + 6,"0-15,280.97 + 17,791.49-23,002.15 + 144-160",2,1.636,0.5,0.0,0.0
market_cap + volume_usd + holders,"market_cap,volume_usd,holders",3 + 5 + 8,"16,137.97-17,162.81 + 31,005.61-35,301.14 + 178-215",1,2.2719,1.0,0.0,0.0
market_cap + volume_usd + holders,"market_cap,volume_usd,holders",5 + 6 + 9,"18,609.88-20,577.61 + 35,329.38-40,010.01 + 215-292",2,2.6058,1.0,0.0,0.0
market_cap + volume_usd + holders,"market_cap,volume_usd,holders",1 + 1 + 4,"0-15,280.97 + 5,784.89-17,669 + 116-129",2,3.5418,0.5,0.5,0.0
market_cap + volume_usd + holders,"market_cap,volume_usd,holders",4 + 3 + 5,"17,167.89-18,590.82 + 23,015.77-26,957.65 + 129-143",4,1.1932,0.0,0.0,0.0
market_cap + volume_usd + holders,"market_cap,volume_usd,holders",4 + 5 + 5,"17,167.89-18,590.82 + 31,005.61-35,301.14 + 129-143",2,1.5115,0.0,0.0,0.0
market_cap + volume_usd + holders,"market_cap,volume_usd,holders",8 + 6 + 7,"25,335.37-30,114.91 + 35,329.38-40,010.01 + 160-178",4,4.4344,0.75,0.5,0.0
market_cap + volume_usd + holders,"market_cap,volume_usd,holders",2 + 2 + 1,"15,281.14-16,137.22 + 17,791.49-23,002.15 + 40-85",2,1.344,0.0,0.0,0.0
market_cap + volume_usd + holders,"market_cap,volume_usd,holders",6 + 4 + 4,"20,581.29-22,843.57 + 26,969.13-30,982.7 + 116-129",3,3.9647,1.0,0.0,0.0
market_cap + volume_usd + holders,"market_cap,volume_usd,holders",6 + 7 + 9,"20,581.29-22,843.57 + 40,013.6-46,956.43 + 215-292",6,5.5215,0.8333,0.5,0.1667
market_cap + volume_usd + holders,"market_cap,volume_usd,holders",2 + 1 + 4,"15,281.14-16,137.22 + 5,784.89-17,669 + 116-129",2,1.0122,0.0,0.0,0.0
market_cap + volume_usd + holders,"market_cap,volume_usd,holders",4 + 3 + 6,"17,167.89-18,590.82 + 23,015.77-26,957.65 + 144-160",3,1.9632,0.3333,0.0,0.0
market_cap + volume_usd + holders,"market_cap,volume_usd,holders",5 + 5 + 3,"18,609.88-20,577.61 + 31,005.61-35,301.14 + 101-116",4,2.3553,0.25,0.25,0.0
market_cap + volume_usd + holders,"market_cap,volume_usd,holders",3 + 3 + 2,"16,137.97-17,162.81 + 23,015.77-26,957.65 + 85-101",3,13.9796,0.3333,0.3333,0.3333
market_cap + volume_usd + holders,"market_cap,volume_usd,holders",7 + 4 + 2,"22,844.27-25,315.17 + 26,969.13-30,982.7 + 85-101",2,20.8208,1.0,0.5,0.5
market_cap + volume_usd + holders,"market_cap,volume_usd,holders",1 + 4 + 7,"0-15,280.97 + 26,969.13-30,982.7 + 160-178",2,1.6579,0.5,0.0,0.0
market_cap + volume_usd + holders,"market_cap,volume_usd,holders",7 + 2 + 5,"22,844.27-25,315.17 + 17,791.49-23,002.15 + 129-143",2,2.7931,0.5,0.0,0.0
market_cap + volume_usd + holders,"market_cap,volume_usd,holders",8 + 3 + 6,"25,335.37-30,114.91 + 23,015.77-26,957.65 + 144-160",2,3.0978,0.5,0.0,0.0
market_cap + volume_usd + holders,"market_cap,volume_usd,holders",9 + 3 + 6,"30,327.76-107,930.06 + 23,015.77-26,957.65 + 144-160",2,2.8434,1.0,0.0,0.0
market_cap + volume_usd + holders,"market_cap,volume_usd,holders",3 + 7 + 4,"16,137.97-17,162.81 + 40,013.6-46,956.43 + 116-129",1,1.5072,0.0,0.0,0.0
market_cap + volume_usd + holders,"market_cap,volume_usd,holders",3 + 6 + 4,"16,137.97-17,162.81 + 35,329.38-40,010.01 + 116-129",1,1.5072,0.0,0.0,0.0
market_cap + volume_usd + holders,"market_cap,volume_usd,holders",5 + 1 + 1,"18,609.88-20,577.61 + 5,784.89-17,669 + 40-85",4,2.9434,0.75,0.0,0.0
market_cap + volume_usd + holders,"market_cap,volume_usd,holders",5 + 1 + 2,"18,609.88-20,577.61 + 5,784.89-17,669 + 85-101",6,2.4577,0.5,0.1667,0.0
market_cap + volume_usd + holders,"market_cap,volume_usd,holders",5 + 2 + 2,"18,609.88-20,577.61 + 17,791.49-23,002.15 + 85-101",1,2.5179,1.0,0.0,0.0
market_cap + volume_usd + holders,"market_cap,volume_usd,holders",9 + 6 + 5,"30,327.76-107,930.06 + 35,329.38-40,010.01 + 129-143",1,2.5179,1.0,0.0,0.0
market_cap + volume_usd + holders,"market_cap,volume_usd,holders",9 + 8 + 6,"30,327.76-107,930.06 + 47,012.32-58,764.49 + 144-160",4,1.7032,0.5,0.0,0.0
market_cap + volume_usd + holders,"market_cap,volume_usd,holders",9 + 8 + 5,"30,327.76-107,930.06 + 47,012.32-58,764.49 + 129-143",3,4.227,0.6667,0.3333,0.0
market_cap + volume_usd + holders,"market_cap,volume_usd,holders",7 + 4 + 7,"22,844.27-25,315.17 + 26,969.13-30,982.7 + 160-178",2,1.7287,0.5,0.0,0.0
market_cap + volume_usd + holders,"market_cap,volume_usd,holders",8 + 6 + 9,"25,335.37-30,114.91 + 35,329.38-40,010.01 + 215-292",3,1.4858,0.3333,0.0,0.0
market_cap + volume_usd + holders,"market_cap,volume_usd,holders",7 + 5 + 6,"22,844.27-25,315.17 + 31,005.61-35,301.14 + 144-160",3,1.0913,0.0,0.0,0.0
market_cap + volume_usd + holders,"market_cap,volume_usd,holders",3 + 7 + 6,"16,137.97-17,162.81 + 40,013.6-46,956.43 + 144-160",1,1.5787,0.0,0.0,0.0
market_cap + volume_usd + holders,"market_cap,volume_usd,holders",3 + 1 + 1,"16,137.97-17,162.81 + 5,784.89-17,669 + 40-85",10,1.8634,0.3,0.1,0.0
market_cap + volume_usd + holders,"market_cap,volume_usd,holders",8 + 7 + 3,"25,335.37-30,114.91 + 40,013.6-46,956.43 + 101-116",1,6.7178,1.0,1.0,0.0
market_cap + volume_usd + holders,"market_cap,volume_usd,holders",4 + 1 + 1,"17,167.89-18,590.82 + 5,784.89-17,669 + 40-85",8,1.2161,0.0,0.0,0.0
market_cap + volume_usd + holders,"market_cap,volume_usd,holders",10 + 2 + 1,"109,316.51+ + 17,791.49-23,002.15 + 40-85",8,1.6353,0.125,0.0,0.0
market_cap + volume_usd + holders,"market_cap,volume_usd,holders",6 + 7 + 7,"20,581.29-22,843.57 + 40,013.6-46,956.43 + 160-178",3,2.0565,0.3333,0.0,0.0
market_cap + volume_usd + holders,"market_cap,volume_usd,holders",3 + 3 + 3,"16,137.97-17,162.81 + 23,015.77-26,957.65 + 101-116",4,3.7836,0.25,0.25,0.25
market_cap + volume_usd + holders,"market_cap,volume_usd,holders",5 + 4 + 7,"18,609.88-20,577.61 + 26,969.13-30,982.7 + 160-178",3,1.2529,0.0,0.0,0.0
market_cap + volume_usd + holders,"market_cap,volume_usd,holders",7 + 5 + 8,"22,844.27-25,315.17 + 31,005.61-35,301.14 + 178-215",3,5.7713,0.3333,0.3333,0.3333
market_cap + volume_usd + holders,"market_cap,volume_usd,holders",1 + 7 + 4,"0-15,280.97 + 40,013.6-46,956.43 + 116-129",2,1.1676,0.0,0.0,0.0
market_cap + volume_usd + holders,"market_cap,volume_usd,holders",5 + 8 + 5,"18,609.88-20,577.61 + 47,012.32-58,764.49 + 129-143",2,1.6336,0.0,0.0,0.0
market_cap + volume_usd + holders,"market_cap,volume_usd,holders",5 + 8 + 7,"18,609.88-20,577.61 + 47,012.32-58,764.49 + 160-178",1,1.3352,0.0,0.0,0.0
market_cap + volume_usd + holders,"market_cap,volume_usd,holders",3 + 7 + 7,"16,137.97-17,162.81 + 40,013.6-46,956.43 + 160-178",1,1.0,0.0,0.0,0.0
market_cap + volume_usd + holders,"market_cap,volume_usd,holders",8 + 2 + 3,"25,335.37-30,114.91 + 17,791.49-23,002.15 + 101-116",2,1.6887,0.5,0.0,0.0
market_cap + volume_usd + holders,"market_cap,volume_usd,holders",6 + 1 + 4,"20,581.29-22,843.57 + 5,784.89-17,669 + 116-129",1,2.0483,1.0,0.0,0.0
market_cap + volume_usd + holders,"market_cap,volume_usd,holders",3 + 2 + 5,"16,137.97-17,162.81 + 17,791.49-23,002.15 + 129-143",3,3.8776,0.6667,0.3333,0.0
market_cap + volume_usd + holders,"market_cap,volume_usd,holders",6 + 4 + 8,"20,581.29-22,843.57 + 26,969.13-30,982.7 + 178-215",2,1.0,0.0,0.0,0.0
market_cap + volume_usd + holders,"market_cap,volume_usd,holders",8 + 8 + 10,"25,335.37-30,114.91 + 47,012.32-58,764.49 + 296+",1,1.0,0.0,0.0,0.0
market_cap + volume_usd + holders,"market_cap,volume_usd,holders",5 + 8 + 8,"18,609.88-20,577.61 + 47,012.32-58,764.49 + 178-215",3,1.7267,0.3333,0.0,0.0
market_cap + volume_usd + holders,"market_cap,volume_usd,holders",6 + 8 + 9,"20,581.29-22,843.57 + 47,012.32-58,764.49 + 215-292",9,2.8332,0.4444,0.2222,0.0
market_cap + volume_usd + holders,"market_cap,volume_usd,holders",1 + 6 + 2,"0-15,280.97 + 35,329.38-40,010.01 + 85-101",2,1.1187,0.0,0.0,0.0
market_cap + volume_usd + holders,"market_cap,volume_usd,holders",1 + 2 + 4,"0-15,280.97 + 17,791.49-23,002.15 + 116-129",3,3.3866,0.3333,0.3333,0.0
market_cap + volume_usd + holders,"market_cap,volume_usd,holders",2 + 5 + 5,"15,281.14-16,137.22 + 31,005.61-35,301.14 + 129-143",5,1.926,0.4,0.0,0.0
market_cap + volume_usd + holders,"market_cap,volume_usd,holders",6 + 6 + 6,"20,581.29-22,843.57 + 35,329.38-40,010.01 + 144-160",4,2.1033,0.25,0.0,0.0
market_cap + volume_usd + holders,"market_cap,volume_usd,holders",7 + 8 + 8,"22,844.27-25,315.17 + 47,012.32-58,764.49 + 178-215",11,2.8854,0.6364,0.0909,0.0
market_cap + volume_usd + holders,"market_cap,volume_usd,holders",3 + 2 + 3,"16,137.97-17,162.81 + 17,791.49-23,002.15 + 101-116",6,1.253,0.1667,0.0,0.0
market_cap + volume_usd + holders,"market_cap,volume_usd,holders",6 + 6 + 4,"20,581.29-22,843.57 + 35,329.38-40,010.01 + 116-129",1,1.0,0.0,0.0,0.0
market_cap + volume_usd + holders,"market_cap,volume_usd,holders",2 + 3 + 3,"15,281.14-16,137.22 + 23,015.77-26,957.65 + 101-116",6,1.7245,0.3333,0.0,0.0
market_cap + volume_usd + holders,"market_cap,volume_usd,holders",5 + 2 + 4,"18,609.88-20,577.61 + 17,791.49-23,002.15 + 116-129",4,1.287,0.0,0.0,0.0
market_cap + volume_usd + holders,"market_cap,volume_usd,holders",5 + 3 + 4,"18,609.88-20,577.61 + 23,015.77-26,957.65 + 116-129",3,1.4252,0.0,0.0,0.0
market_cap + volume_usd + holders,"market_cap,volume_usd,holders",3 + 8 + 6,"16,137.97-17,162.81 + 47,012.32-58,764.49 + 144-160",1,1.914,0.0,0.0,0.0
market_cap + volume_usd + holders,"market_cap,volume_usd,holders",1 + 6 + 8,"0-15,280.97 + 35,329.38-40,010.01 + 178-215",2,4.767,1.0,0.5,0.0
market_cap + volume_usd + holders,"market_cap,volume_usd,holders",5 + 4 + 6,"18,609.88-20,577.61 + 26,969.13-30,982.7 + 144-160",2,1.5112,0.5,0.0,0.0
market_cap + volume_usd + holders,"market_cap,volume_usd,holders",6 + 5 + 7,"20,581.29-22,843.57 + 31,005.61-35,301.14 + 160-178",2,2.2535,1.0,0.0,0.0
market_cap + volume_usd + holders,"market_cap,volume_usd,holders",1 + 5 + 2,"0-15,280.97 + 31,005.61-35,301.14 + 85-101",3,2.0582,0.3333,0.0,0.0
market_cap + volume_usd + holders,"market_cap,volume_usd,holders",3 + 6 + 2,"16,137.97-17,162.81 + 35,329.38-40,010.01 + 85-101",2,2.5526,0.5,0.0,0.0
market_cap + volume_usd + holders,"market_cap,volume_usd,holders",5 + 7 + 2,"18,609.88-20,577.61 + 40,013.6-46,956.43 + 85-101",1,4.1053,1.0,0.0,0.0
market_cap + volume_usd + holders,"market_cap,volume_usd,holders",1 + 4 + 1,"0-15,280.97 + 26,969.13-30,982.7 + 40-85",2,1.0,0.0,0.0,0.0
market_cap + volume_usd + holders,"market_cap,volume_usd,holders",10 + 10 + 7,"109,316.51+ + 96,643.19+ + 160-178",3,3.7233,0.6667,0.3333,0.0
market_cap + volume_usd + holders,"market_cap,volume_usd,holders",9 + 10 + 9,"30,327.76-107,930.06 + 96,643.19+ + 215-292",1,2.4841,1.0,0.0,0.0
market_cap + volume_usd + holders,"market_cap,volume_usd,holders",1 + 7 + 7,"0-15,280.97 + 40,013.6-46,956.43 + 160-178",1,5.7979,1.0,1.0,0.0
market_cap + volume_usd + holders,"market_cap,volume_usd,holders",7 + 5 + 1,"22,844.27-25,315.17 + 31,005.61-35,301.14 + 40-85",1,9.1632,1.0,1.0,0.0
market_cap + volume_usd + holders,"market_cap,volume_usd,holders",8 + 6 + 1,"25,335.37-30,114.91 + 35,329.38-40,010.01 + 40-85",1,9.1632,1.0,1.0,0.0
market_cap + volume_usd + holders,"market_cap,volume_usd,holders",9 + 8 + 2,"30,327.76-107,930.06 + 47,012.32-58,764.49 + 85-101",1,9.1632,1.0,1.0,0.0
market_cap + volume_usd + holders,"market_cap,volume_usd,holders",10 + 10 + 9,"109,316.51+ + 96,643.19+ + 215-292",13,8.3374,0.9231,0.5385,0.1538
market_cap + volume_usd + holders,"market_cap,volume_usd,holders",4 + 3 + 2,"17,167.89-18,590.82 + 23,015.77-26,957.65 + 85-101",4,4.238,0.5,0.25,0.25
market_cap + volume_usd + holders,"market_cap,volume_usd,holders",5 + 5 + 5,"18,609.88-20,577.61 + 31,005.61-35,301.14 + 129-143",4,2.0237,0.5,0.0,0.0
market_cap + volume_usd + holders,"market_cap,volume_usd,holders",7 + 9 + 7,"22,844.27-25,315.17 + 58,815.09-96,139.16 + 160-178",3,2.6849,0.6667,0.0,0.0
market_cap + volume_usd + holders,"market_cap,volume_usd,holders",9 + 5 + 3,"30,327.76-107,930.06 + 31,005.61-35,301.14 + 101-116",1,1.0,0.0,0.0,0.0
market_cap + volume_usd + holders,"market_cap,volume_usd,holders",9 + 3 + 1,"30,327.76-107,930.06 + 23,015.77-26,957.65 + 40-85",2,1.0,0.0,0.0,0.0
market_cap + volume_usd + holders,"market_cap,volume_usd,holders",6 + 2 + 1,"20,581.29-22,843.57 + 17,791.49-23,002.15 + 40-85",1,1.0,0.0,0.0,0.0
market_cap + volume_usd + holders,"market_cap,volume_usd,holders",1 + 6 + 1,"0-15,280.97 + 35,329.38-40,010.01 + 40-85",1,1.0,0.0,0.0,0.0
market_cap + volume_usd + holders,"market_cap,volume_usd,holders",6 + 6 + 7,"20,581.29-22,843.57 + 35,329.38-40,010.01 + 160-178",1,7.7785,1.0,1.0,0.0
market_cap + volume_usd + holders,"market_cap,volume_usd,holders",7 + 7 + 8,"22,844.27-25,315.17 + 40,013.6-46,956.43 + 178-215",4,4.4189,0.75,0.5,0.0
market_cap + volume_usd + holders,"market_cap,volume_usd,holders",2 + 6 + 5,"15,281.14-16,137.22 + 35,329.38-40,010.01 + 129-143",2,1.2606,0.0,0.0,0.0
market_cap + volume_usd + holders,"market_cap,volume_usd,holders",6 + 5 + 2,"20,581.29-22,843.57 + 31,005.61-35,301.14 + 85-101",1,1.0,0.0,0.0,0.0
market_cap + volume_usd + holders,"market_cap,volume_usd,holders",8 + 3 + 4,"25,335.37-30,114.91 + 23,015.77-26,957.65 + 116-129",2,2.2571,1.0,0.0,0.0
market_cap + volume_usd + holders,"market_cap,volume_usd,holders",4 + 6 + 7,"17,167.89-18,590.82 + 35,329.38-40,010.01 + 160-178",4,2.5039,0.5,0.0,0.0
market_cap + volume_usd + holders,"market_cap,volume_usd,holders",9 + 5 + 1,"30,327.76-107,930.06 + 31,005.61-35,301.14 + 40-85",1,2.2495,1.0,0.0,0.0
market_cap + volume_usd + holders,"market_cap,volume_usd,holders",10 + 8 + 2,"109,316.51+ + 47,012.32-58,764.49 + 85-101",1,1.3508,0.0,0.0,0.0
market_cap + volume_usd + holders,"market_cap,volume_usd,holders",1 + 4 + 6,"0-15,280.97 + 26,969.13-30,982.7 + 144-160",3,1.8231,0.3333,0.0,0.0
market_cap + volume_usd + holders,"market_cap,volume_usd,holders",6 + 7 + 8,"20,581.29-22,843.57 + 40,013.6-46,956.43 + 178-215",6,12.946,0.6667,0.1667,0.1667
market_cap + volume_usd + holders,"market_cap,volume_usd,holders",9 + 10 + 7,"30,327.76-107,930.06 + 96,643.19+ + 160-178",1,1.0,0.0,0.0,0.0
market_cap + volume_usd + holders,"market_cap,volume_usd,holders",6 + 4 + 3,"20,581.29-22,843.57 + 26,969.13-30,982.7 + 101-116",2,5.7765,0.5,0.5,0.5
market_cap + volume_usd + holders,"market_cap,volume_usd,holders",8 + 8 + 8,"25,335.37-30,114.91 + 47,012.32-58,764.49 + 178-215",7,5.5536,0.5714,0.4286,0.2857
market_cap + volume_usd + holders,"market_cap,volume_usd,holders",6 + 2 + 4,"20,581.29-22,843.57 + 17,791.49-23,002.15 + 116-129",1,1.0,0.0,0.0,0.0
market_cap + volume_usd + holders,"market_cap,volume_usd,holders",1 + 8 + 8,"0-15,280.97 + 47,012.32-58,764.49 + 178-215",1,1.0,0.0,0.0,0.0
market_cap + volume_usd + holders,"market_cap,volume_usd,holders",1 + 4 + 5,"0-15,280.97 + 26,969.13-30,982.7 + 129-143",2,5.2816,1.0,0.5,0.0
market_cap + volume_usd + holders,"market_cap,volume_usd,holders",4 + 7 + 7,"17,167.89-18,590.82 + 40,013.6-46,956.43 + 160-178",6,3.4554,0.6667,0.3333,0.0
market_cap + volume_usd + holders,"market_cap,volume_usd,holders",4 + 8 + 8,"17,167.89-18,590.82 + 47,012.32-58,764.49 + 178-215",3,4.0342,0.6667,0.3333,0.0
market_cap + volume_usd + holders,"market_cap,volume_usd,holders",8 + 5 + 2,"25,335.37-30,114.91 + 31,005.61-35,301.14 + 85-101",1,11.5823,1.0,1.0,1.0
market_cap + volume_usd + holders,"market_cap,volume_usd,holders",9 + 9 + 8,"30,327.76-107,930.06 + 58,815.09-96,139.16 + 178-215",1,11.5823,1.0,1.0,1.0
market_cap + volume_usd + holders,"market_cap,volume_usd,holders",8 + 7 + 8,"25,335.37-30,114.91 + 40,013.6-46,956.43 + 178-215",7,4.0642,0.7143,0.2857,0.0
market_cap + volume_usd + holders,"market_cap,volume_usd,holders",1 + 7 + 5,"0-15,280.97 + 40,013.6-46,956.43 + 129-143",3,1.2274,0.0,0.0,0.0
market_cap + volume_usd + holders,"market_cap,volume_usd,holders",3 + 9 + 4,"16,137.97-17,162.81 + 58,815.09-96,139.16 + 116-129",2,1.0706,0.0,0.0,0.0
market_cap + volume_usd + holders,"market_cap,volume_usd,holders",2 + 5 + 7,"15,281.14-16,137.22 + 31,005.61-35,301.14 + 160-178",3,1.9926,0.6667,0.0,0.0
market_cap + volume_usd + holders,"market_cap,volume_usd,holders",7 + 1 + 3,"22,844.27-25,315.17 + 5,784.89-17,669 + 101-116",1,1.4773,0.0,0.0,0.0
market_cap + volume_usd + holders,"market_cap,volume_usd,holders",8 + 3 + 5,"25,335.37-30,114.91 + 23,015.77-26,957.65 + 129-143",2,1.2387,0.0,0.0,0.0
market_cap + volume_usd + holders,"market_cap,volume_usd,holders",3 + 9 + 7,"16,137.97-17,162.81 + 58,815.09-96,139.16 + 160-178",2,2.3203,0.5,0.0,0.0
market_cap + volume_usd + holders,"market_cap,volume_usd,holders",5 + 9 + 7,"18,609.88-20,577.61 + 58,815.09-96,139.16 + 160-178",3,1.7441,0.0,0.0,0.0
market_cap + volume_usd + holders,"market_cap,volume_usd,holders",5 + 7 + 8,"18,609.88-20,577.61 + 40,013.6-46,956.43 + 178-215",6,1.8056,0.3333,0.0,0.0
market_cap + volume_usd + holders,"market_cap,volume_usd,holders",2 + 1 + 1,"15,281.14-16,137.22 + 5,784.89-17,669 + 40-85",8,1.4958,0.125,0.0,0.0
market_cap + volume_usd + holders,"market_cap,volume_usd,holders",4 + 5 + 9,"17,167.89-18,590.82 + 31,005.61-35,301.14 + 215-292",1,1.0,0.0,0.0,0.0
market_cap + volume_usd + holders,"market_cap,volume_usd,holders",6 + 9 + 10,"20,581.29-22,843.57 + 58,815.09-96,139.16 + 296+",1,1.0,0.0,0.0,0.0
market_cap + volume_usd + holders,"market_cap,volume_usd,holders",6 + 1 + 1,"20,581.29-22,843.57 + 5,784.89-17,669 + 40-85",1,2.1171,1.0,0.0,0.0
market_cap + volume_usd + holders,"market_cap,volume_usd,holders",8 + 1 + 1,"25,335.37-30,114.91 + 5,784.89-17,669 + 40-85",3,1.4678,0.3333,0.0,0.0
market_cap + volume_usd + holders,"market_cap,volume_usd,holders",5 + 7 + 9,"18,609.88-20,577.61 + 40,013.6-46,956.43 + 215-292",1,3.222,1.0,0.0,0.0
market_cap + volume_usd + holders,"market_cap,volume_usd,holders",6 + 3 + 6,"20,581.29-22,843.57 + 23,015.77-26,957.65 + 144-160",3,2.7346,0.6667,0.0,0.0
market_cap + volume_usd + holders,"market_cap,volume_usd,holders",3 + 7 + 5,"16,137.97-17,162.81 + 40,013.6-46,956.43 + 129-143",2,1.3572,0.0,0.0,0.0
market_cap + volume_usd + holders,"market_cap,volume_usd,holders",10 + 3 + 2,"109,316.51+ + 23,015.77-26,957.65 + 85-101",3,1.0,0.0,0.0,0.0
market_cap + volume_usd + holders,"market_cap,volume_usd,holders",3 + 2 + 1,"16,137.97-17,162.81 + 17,791.49-23,002.15 + 40-85",5,1.3718,0.2,0.0,0.0
market_cap + volume_usd + holders,"market_cap,volume_usd,holders",1 + 3 + 4,"0-15,280.97 + 23,015.77-26,957.65 + 116-129",1,1.0,0.0,0.0,0.0
market_cap + volume_usd + holders,"market_cap,volume_usd,holders",6 + 2 + 6,"20,581.29-22,843.57 + 17,791.49-23,002.15 + 144-160",1,1.0,0.0,0.0,0.0
market_cap + volume_usd + holders,"market_cap,volume_usd,holders",2 + 8 + 2,"15,281.14-16,137.22 + 47,012.32-58,764.49 + 85-101",2,1.3831,0.0,0.0,0.0
market_cap + volume_usd + holders,"market_cap,volume_usd,holders",6 + 8 + 3,"20,581.29-22,843.57 + 47,012.32-58,764.49 + 101-116",2,1.3483,0.0,0.0,0.0
market_cap + volume_usd + holders,"market_cap,volume_usd,holders",7 + 9 + 5,"22,844.27-25,315.17 + 58,815.09-96,139.16 + 129-143",1,1.6967,0.0,0.0,0.0
market_cap + volume_usd + holders,"market_cap,volume_usd,holders",4 + 2 + 3,"17,167.89-18,590.82 + 17,791.49-23,002.15 + 101-116",2,1.0,0.0,0.0,0.0
market_cap + volume_usd + holders,"market_cap,volume_usd,holders",4 + 2 + 6,"17,167.89-18,590.82 + 17,791.49-23,002.15 + 144-160",1,1.0,0.0,0.0,0.0
market_cap + volume_usd + holders,"market_cap,volume_usd,holders",2 + 7 + 4,"15,281.14-16,137.22 + 40,013.6-46,956.43 + 116-129",3,1.9689,0.6667,0.0,0.0
market_cap + volume_usd + holders,"market_cap,volume_usd,holders",8 + 9 + 8,"25,335.37-30,114.91 + 58,815.09-96,139.16 + 178-215",1,2.4533,1.0,0.0,0.0
market_cap + volume_usd + holders,"market_cap,volume_usd,holders",4 + 2 + 4,"17,167.89-18,590.82 + 17,791.49-23,002.15 + 116-129",2,3.3147,0.5,0.5,0.0
market_cap + volume_usd + holders,"market_cap,volume_usd,holders",10 + 4 + 7,"109,316.51+ + 26,969.13-30,982.7 + 160-178",1,1.9725,0.0,0.0,0.0
market_cap + volume_usd + holders,"market_cap,volume_usd,holders",10 + 7 + 7,"109,316.51+ + 40,013.6-46,956.43 + 160-178",1,1.9725,0.0,0.0,0.0
market_cap + volume_usd + holders,"market_cap,volume_usd,holders",10 + 9 + 9,"109,316.51+ + 58,815.09-96,139.16 + 215-292",3,1.3332,0.0,0.0,0.0
market_cap + volume_usd + holders,"market_cap,volume_usd,holders",1 + 3 + 3,"0-15,280.97 + 23,015.77-26,957.65 + 101-116",4,1.3626,0.0,0.0,0.0
market_cap + volume_usd + holders,"market_cap,volume_usd,holders",1 + 4 + 3,"0-15,280.97 + 26,969.13-30,982.7 + 101-116",3,1.4159,0.0,0.0,0.0
market_cap + volume_usd + holders,"market_cap,volume_usd,holders",4 + 8 + 6,"17,167.89-18,590.82 + 47,012.32-58,764.49 + 144-160",2,1.7608,0.5,0.0,0.0
market_cap + volume_usd + holders,"market_cap,volume_usd,holders",10 + 8 + 4,"109,316.51+ + 47,012.32-58,764.49 + 116-129",2,2.0759,0.5,0.0,0.0
market_cap + volume_usd + holders,"market_cap,volume_usd,holders",2 + 2 + 5,"15,281.14-16,137.22 + 17,791.49-23,002.15 + 129-143",4,3.2341,0.5,0.25,0.0
market_cap + volume_usd + holders,"market_cap,volume_usd,holders",7 + 4 + 8,"22,844.27-25,315.17 + 26,969.13-30,982.7 + 178-215",2,1.1714,0.0,0.0,0.0
market_cap + volume_usd + holders,"market_cap,volume_usd,holders",6 + 2 + 5,"20,581.29-22,843.57 + 17,791.49-23,002.15 + 129-143",3,2.6088,0.6667,0.0,0.0
market_cap + volume_usd + holders,"market_cap,volume_usd,holders",8 + 3 + 7,"25,335.37-30,114.91 + 23,015.77-26,957.65 + 160-178",1,5.2757,1.0,1.0,0.0
market_cap + volume_usd + holders,"market_cap,volume_usd,holders",2 + 4 + 4,"15,281.14-16,137.22 + 26,969.13-30,982.7 + 116-129",7,1.4581,0.1429,0.0,0.0
market_cap + volume_usd + holders,"market_cap,volume_usd,holders",1 + 9 + 7,"0-15,280.97 + 58,815.09-96,139.16 + 160-178",2,1.1887,0.0,0.0,0.0
market_cap + volume_usd + holders,"market_cap,volume_usd,holders",3 + 9 + 6,"16,137.97-17,162.81 + 58,815.09-96,139.16 + 144-160",1,1.0,0.0,0.0,0.0
market_cap + volume_usd + holders,"market_cap,volume_usd,holders",1 + 8 + 9,"0-15,280.97 + 47,012.32-58,764.49 + 215-292",1,2.0118,1.0,0.0,0.0
market_cap + volume_usd + holders,"market_cap,volume_usd,holders",7 + 6 + 8,"22,844.27-25,315.17 + 35,329.38-40,010.01 + 178-215",5,3.842,0.6,0.4,0.0
market_cap + volume_usd + holders,"market_cap,volume_usd,holders",8 + 6 + 8,"25,335.37-30,114.91 + 35,329.38-40,010.01 + 178-215",3,13.0346,1.0,0.6667,0.3333
market_cap + volume_usd + holders,"market_cap,volume_usd,holders",7 + 3 + 2,"22,844.27-25,315.17 + 23,015.77-26,957.65 + 85-101",2,1.0,0.0,0.0,0.0
market_cap + volume_usd + holders,"market_cap,volume_usd,holders",8 + 3 + 3,"25,335.37-30,114.91 + 23,015.77-26,957.65 + 101-116",2,1.5032,0.5,0.0,0.0
market_cap + volume_usd + holders,"market_cap,volume_usd,holders",7 + 4 + 6,"22,844.27-25,315.17 + 26,969.13-30,982.7 + 144-160",2,3.3575,1.0,0.0,0.0
market_cap + volume_usd + holders,"market_cap,volume_usd,holders",2 + 3 + 5,"15,281.14-16,137.22 + 23,015.77-26,957.65 + 129-143",2,4.951,1.0,0.5,0.0
market_cap + volume_usd + holders,"market_cap,volume_usd,holders",6 + 6 + 8,"20,581.29-22,843.57 + 35,329.38-40,010.01 + 178-215",4,3.4911,0.75,0.25,0.0
market_cap + volume_usd + holders,"market_cap,volume_usd,holders",5 + 5 + 6,"18,609.88-20,577.61 + 31,005.61-35,301.14 + 144-160",3,2.3079,0.3333,0.0,0.0
market_cap + volume_usd + holders,"market_cap,volume_usd,holders",4 + 5 + 4,"17,167.89-18,590.82 + 31,005.61-35,301.14 + 116-129",1,1.5937,0.0,0.0,0.0
market_cap + volume_usd + holders,"market_cap,volume_usd,holders",1 + 2 + 5,"0-15,280.97 + 17,791.49-23,002.15 + 129-143",3,1.6591,0.3333,0.0,0.0
market_cap + volume_usd + holders,"market_cap,volume_usd,holders",3 + 6 + 6,"16,137.97-17,162.81 + 35,329.38-40,010.01 + 144-160",3,2.0726,0.3333,0.0,0.0
market_cap + volume_usd + holders,"market_cap,volume_usd,holders",8 + 10 + 9,"25,335.37-30,114.91 + 96,643.19+ + 215-292",1,2.9772,1.0,0.0,0.0
market_cap + volume_usd + holders,"market_cap,volume_usd,holders",6 + 9 + 8,"20,581.29-22,843.57 + 58,815.09-96,139.16 + 178-215",2,1.0,0.0,0.0,0.0
market_cap + volume_usd + holders,"market_cap,volume_usd,holders",2 + 4 + 8,"15,281.14-16,137.22 + 26,969.13-30,982.7 + 178-215",2,1.0,0.0,0.0,0.0
market_cap + volume_usd + holders,"market_cap,volume_usd,holders",4 + 4 + 7,"17,167.89-18,590.82 + 26,969.13-30,982.7 + 160-178",2,1.6117,0.0,0.0,0.0
market_cap + volume_usd + holders,"market_cap,volume_usd,holders",8 + 7 + 6,"25,335.37-30,114.91 + 40,013.6-46,956.43 + 144-160",2,1.8147,0.5,0.0,0.0
market_cap + volume_usd + holders,"market_cap,volume_usd,holders",1 + 9 + 8,"0-15,280.97 + 58,815.09-96,139.16 + 178-215",1,1.4472,0.0,0.0,0.0
market_cap + volume_usd + holders,"market_cap,volume_usd,holders",5 + 7 + 7,"18,609.88-20,577.61 + 40,013.6-46,956.43 + 160-178",4,1.2906,0.0,0.0,0.0
market_cap + volume_usd + holders,"market_cap,volume_usd,holders",1 + 5 + 4,"0-15,280.97 + 31,005.61-35,301.14 + 116-129",3,1.5628,0.3333,0.0,0.0
market_cap + volume_usd + holders,"market_cap,volume_usd,holders",5 + 7 + 6,"18,609.88-20,577.61 + 40,013.6-46,956.43 + 144-160",3,1.5628,0.3333,0.0,0.0
market_cap + volume_usd + holders,"market_cap,volume_usd,holders",6 + 8 + 7,"20,581.29-22,843.57 + 47,012.32-58,764.49 + 160-178",3,1.5979,0.3333,0.0,0.0
market_cap + volume_usd + holders,"market_cap,volume_usd,holders",1 + 2 + 3,"0-15,280.97 + 17,791.49-23,002.15 + 101-116",2,1.0,0.0,0.0,0.0
market_cap + volume_usd + holders,"market_cap,volume_usd,holders",8 + 3 + 1,"25,335.37-30,114.91 + 23,015.77-26,957.65 + 40-85",1,1.0,0.0,0.0,0.0
market_cap + volume_usd + holders,"market_cap,volume_usd,holders",9 + 7 + 8,"30,327.76-107,930.06 + 40,013.6-46,956.43 + 178-215",2,8.0481,0.5,0.5,0.5
market_cap + volume_usd + holders,"market_cap,volume_usd,holders",1 + 8 + 6,"0-15,280.97 + 47,012.32-58,764.49 + 144-160",1,1.0,0.0,0.0,0.0
market_cap + volume_usd + holders,"market_cap,volume_usd,holders",4 + 6 + 5,"17,167.89-18,590.82 + 35,329.38-40,010.01 + 129-143",4,1.4546,0.0,0.0,0.0
market_cap + volume_usd + holders,"market_cap,volume_usd,holders",7 + 8 + 6,"22,844.27-25,315.17 + 47,012.32-58,764.49 + 144-160",1,2.1553,1.0,0.0,0.0
market_cap + volume_usd + holders,"market_cap,volume_usd,holders",3 + 6 + 3,"16,137.97-17,162.81 + 35,329.38-40,010.01 + 101-116",1,1.2548,0.0,0.0,0.0
market_cap + volume_usd + holders,"market_cap,volume_usd,holders",1 + 2 + 2,"0-15,280.97 + 17,791.49-23,002.15 + 85-101",4,2.8199,0.5,0.25,0.0
market_cap + volume_usd + holders,"market_cap,volume_usd,holders",1 + 4 + 4,"0-15,280.97 + 26,969.13-30,982.7 + 116-129",2,1.28,0.0,0.0,0.0
market_cap + volume_usd + holders,"market_cap,volume_usd,holders",5 + 6 + 6,"18,609.88-20,577.61 + 35,329.38-40,010.01 + 144-160",4,1.0075,0.0,0.0,0.0
market_cap + volume_usd + holders,"market_cap,volume_usd,holders",6 + 7 + 6,"20,581.29-22,843.57 + 40,013.6-46,956.43 + 144-160",2,2.4076,0.5,0.0,0.0
market_cap + volume_usd + holders,"market_cap,volume_usd,holders",6 + 7 + 3,"20,581.29-22,843.57 + 40,013.6-46,956.43 + 101-116",3,2.9641,0.6667,0.0,0.0
market_cap + volume_usd + holders,"market_cap,volume_usd,holders",5 + 6 + 3,"18,609.88-20,577.61 + 35,329.38-40,010.01 + 101-116",2,2.7645,1.0,0.0,0.0
market_cap + volume_usd + holders,"market_cap,volume_usd,holders",6 + 4 + 2,"20,581.29-22,843.57 + 26,969.13-30,982.7 + 85-101",1,2.6293,1.0,0.0,0.0
market_cap + volume_usd + holders,"market_cap,volume_usd,holders",1 + 7 + 8,"0-15,280.97 + 40,013.6-46,956.43 + 178-215",2,1.0746,0.0,0.0,0.0
market_cap + volume_usd + holders,"market_cap,volume_usd,holders",3 + 2 + 6,"16,137.97-17,162.81 + 17,791.49-23,002.15 + 144-160",1,1.0,0.0,0.0,0.0
market_cap + volume_usd + holders,"market_cap,volume_usd,holders",5 + 4 + 8,"18,609.88-20,577.61 + 26,969.13-30,982.7 + 178-215",3,1.0915,0.0,0.0,0.0
market_cap + volume_usd + holders,"market_cap,volume_usd,holders",1 + 6 + 7,"0-15,280.97 + 35,329.38-40,010.01 + 160-178",1,1.0,0.0,0.0,0.0
market_cap + volume_usd + holders,"market_cap,volume_usd,holders",9 + 6 + 8,"30,327.76-107,930.06 + 35,329.38-40,010.01 + 178-215",2,2.4038,1.0,0.0,0.0
market_cap + volume_usd + holders,"market_cap,volume_usd,holders",3 + 5 + 6,"16,137.97-17,162.81 + 31,005.61-35,301.14 + 144-160",4,6.2509,0.75,0.75,0.25
market_cap + volume_usd + holders,"market_cap,volume_usd,holders",3 + 5 + 7,"16,137.97-17,162.81 + 31,005.61-35,301.14 + 160-178",1,7.0977,1.0,1.0,0.0
market_cap + volume_usd + holders,"market_cap,volume_usd,holders",7 + 7 + 9,"22,844.27-25,315.17 + 40,013.6-46,956.43 + 215-292",1,7.0977,1.0,1.0,0.0
market_cap + volume_usd + holders,"market_cap,volume_usd,holders",6 + 8 + 4,"20,581.29-22,843.57 + 47,012.32-58,764.49 + 116-129",1,1.0,0.0,0.0,0.0
market_cap + volume_usd + holders,"market_cap,volume_usd,holders",8 + 5 + 7,"25,335.37-30,114.91 + 31,005.61-35,301.14 + 160-178",1,1.6705,0.0,0.0,0.0
market_cap + volume_usd + holders,"market_cap,volume_usd,holders",2 + 3 + 2,"15,281.14-16,137.22 + 23,015.77-26,957.65 + 85-101",1,1.1056,0.0,0.0,0.0
market_cap + volume_usd + holders,"market_cap,volume_usd,holders",9 + 8 + 8,"30,327.76-107,930.06 + 47,012.32-58,764.49 + 178-215",2,2.8767,0.5,0.0,0.0
market_cap + volume_usd + holders,"market_cap,volume_usd,holders",4 + 8 + 7,"17,167.89-18,590.82 + 47,012.32-58,764.49 + 160-178",3,2.6447,0.3333,0.3333,0.0
market_cap + volume_usd + holders,"market_cap,volume_usd,holders",2 + 8 + 5,"15,281.14-16,137.22 + 47,012.32-58,764.49 + 129-143",2,2.8073,0.5,0.0,0.0
market_cap + volume_usd + holders,"market_cap,volume_usd,holders",10 + 1 + 1,"109,316.51+ + 5,784.89-17,669 + 40-85",6,2.0704,0.5,0.0,0.0
market_cap + volume_usd + holders,"market_cap,volume_usd,holders",3 + 3 + 1,"16,137.97-17,162.81 + 23,015.77-26,957.65 + 40-85",4,1.1898,0.0,0.0,0.0
market_cap + volume_usd + holders,"market_cap,volume_usd,holders",8 + 6 + 6,"25,335.37-30,114.91 + 35,329.38-40,010.01 + 144-160",2,2.5837,1.0,0.0,0.0
market_cap + volume_usd + holders,"market_cap,volume_usd,holders",6 + 6 + 2,"20,581.29-22,843.57 + 35,329.38-40,010.01 + 85-101",1,3.9103,1.0,0.0,0.0
market_cap + volume_usd + holders,"market_cap,volume_usd,holders",6 + 2 + 3,"20,581.29-22,843.57 + 17,791.49-23,002.15 + 101-116",3,11.8091,0.6667,0.3333,0.3333
market_cap + volume_usd + holders,"market_cap,volume_usd,holders",2 + 4 + 7,"15,281.14-16,137.22 + 26,969.13-30,982.7 + 160-178",2,4.2692,0.5,0.5,0.0
market_cap + volume_usd + holders,"market_cap,volume_usd,holders",4 + 3 + 7,"17,167.89-18,590.82 + 23,015.77-26,957.65 + 160-178",2,17.3774,1.0,1.0,1.0
market_cap + volume_usd + holders,"market_cap,volume_usd,holders",2 + 5 + 6,"15,281.14-16,137.22 + 31,005.61-35,301.14 + 144-160",2,1.0016,0.0,0.0,0.0
market_cap + volume_usd + holders,"market_cap,volume_usd,holders",9 + 1 + 1,"30,327.76-107,930.06 + 5,784.89-17,669 + 40-85",4,4.7739,0.25,0.25,0.25
market_cap + volume_usd + holders,"market_cap,volume_usd,holders",7 + 3 + 6,"22,844.27-25,315.17 + 23,015.77-26,957.65 + 144-160",3,1.2156,0.0,0.0,0.0
market_cap + volume_usd + holders,"market_cap,volume_usd,holders",10 + 5 + 1,"109,316.51+ + 31,005.61-35,301.14 + 40-85",4,2.2249,0.5,0.0,0.0
market_cap + volume_usd + holders,"market_cap,volume_usd,holders",1 + 9 + 10,"0-15,280.97 + 58,815.09-96,139.16 + 296+",1,2.5041,1.0,0.0,0.0
market_cap + volume_usd + holders,"market_cap,volume_usd,holders",6 + 8 + 8,"20,581.29-22,843.57 + 47,012.32-58,764.49 + 178-215",3,1.9257,0.6667,0.0,0.0
market_cap + volume_usd + holders,"market_cap,volume_usd,holders",6 + 3 + 3,"20,581.29-22,843.57 + 23,015.77-26,957.65 + 101-116",2,2.0729,1.0,0.0,0.0
market_cap + volume_usd + holders,"market_cap,volume_usd,holders",5 + 1 + 4,"18,609.88-20,577.61 + 5,784.89-17,669 + 116-129",2,8.1935,1.0,0.5,0.5
market_cap + volume_usd + holders,"market_cap,volume_usd,holders",6 + 4 + 7,"20,581.29-22,843.57 + 26,969.13-30,982.7 + 160-178",2,7.9278,0.5,0.5,0.5
market_cap + volume_usd + holders,"market_cap,volume_usd,holders",6 + 1 + 2,"20,581.29-22,843.57 + 5,784.89-17,669 + 85-101",2,8.0481,0.5,0.5,0.5
market_cap + volume_usd + holders,"market_cap,volume_usd,holders",3 + 3 + 6,"16,137.97-17,162.81 + 23,015.77-26,957.65 + 144-160",2,1.186,0.0,0.0,0.0
market_cap + volume_usd + holders,"market_cap,volume_usd,holders",6 + 9 + 7,"20,581.29-22,843.57 + 58,815.09-96,139.16 + 160-178",3,2.7683,0.6667,0.3333,0.0
market_cap + volume_usd + holders,"market_cap,volume_usd,holders",8 + 9 + 7,"25,335.37-30,114.91 + 58,815.09-96,139.16 + 160-178",3,3.3214,0.6667,0.3333,0.0
market_cap + volume_usd + holders,"market_cap,volume_usd,holders",6 + 5 + 4,"20,581.29-22,843.57 + 31,005.61-35,301.14 + 116-129",2,1.7207,0.5,0.0,0.0
market_cap + volume_usd + holders,"market_cap,volume_usd,holders",4 + 3 + 1,"17,167.89-18,590.82 + 23,015.77-26,957.65 + 40-85",2,1.0,0.0,0.0,0.0
market_cap + volume_usd + holders,"market_cap,volume_usd,holders",9 + 4 + 2,"30,327.76-107,930.06 + 26,969.13-30,982.7 + 85-101",1,1.0,0.0,0.0,0.0
market_cap + volume_usd + holders,"market_cap,volume_usd,holders",4 + 7 + 8,"17,167.89-18,590.82 + 40,013.6-46,956.43 + 178-215",2,4.0656,1.0,0.5,0.0
market_cap + volume_usd + holders,"market_cap,volume_usd,holders",2 + 2 + 2,"15,281.14-16,137.22 + 17,791.49-23,002.15 + 85-101",9,1.6695,0.1111,0.1111,0.0
market_cap + volume_usd + holders,"market_cap,volume_usd,holders",8 + 5 + 4,"25,335.37-30,114.91 + 31,005.61-35,301.14 + 116-129",1,1.0,0.0,0.0,0.0
market_cap + volume_usd + holders,"market_cap,volume_usd,holders",1 + 8 + 5,"0-15,280.97 + 47,012.32-58,764.49 + 129-143",1,2.2965,1.0,0.0,0.0
market_cap + volume_usd + holders,"market_cap,volume_usd,holders",9 + 10 + 8,"30,327.76-107,930.06 + 96,643.19+ + 178-215",2,6.4149,1.0,0.5,0.5
market_cap + volume_usd + holders,"market_cap,volume_usd,holders",4 + 1 + 4,"17,167.89-18,590.82 + 5,784.89-17,669 + 116-129",1,1.0,0.0,0.0,0.0
market_cap + volume_usd + holders,"market_cap,volume_usd,holders",3 + 3 + 4,"16,137.97-17,162.81 + 23,015.77-26,957.65 + 116-129",4,1.285,0.0,0.0,0.0
market_cap + volume_usd + holders,"market_cap,volume_usd,holders",8 + 8 + 5,"25,335.37-30,114.91 + 47,012.32-58,764.49 + 129-143",1,2.8351,1.0,0.0,0.0
market_cap + volume_usd + holders,"market_cap,volume_usd,holders",4 + 6 + 3,"17,167.89-18,590.82 + 35,329.38-40,010.01 + 101-116",2,1.3943,0.0,0.0,0.0
market_cap + volume_usd + holders,"market_cap,volume_usd,holders",3 + 5 + 4,"16,137.97-17,162.81 + 31,005.61-35,301.14 + 116-129",5,2.1166,0.4,0.2,0.0
market_cap + volume_usd + holders,"market_cap,volume_usd,holders",4 + 1 + 10,"17,167.89-18,590.82 + 5,784.89-17,669 + 296+",1,5.7909,1.0,1.0,0.0
market_cap + volume_usd + holders,"market_cap,volume_usd,holders",10 + 9 + 5,"109,316.51+ + 58,815.09-96,139.16 + 129-143",1,3.0453,1.0,0.0,0.0
market_cap + volume_usd + holders,"market_cap,volume_usd,holders",9 + 2 + 1,"30,327.76-107,930.06 + 17,791.49-23,002.15 + 40-85",2,3.4082,1.0,0.0,0.0
market_cap + volume_usd + holders,"market_cap,volume_usd,holders",7 + 6 + 3,"22,844.27-25,315.17 + 35,329.38-40,010.01 + 101-116",1,1.0091,0.0,0.0,0.0
market_cap + volume_usd + holders,"market_cap,volume_usd,holders",1 + 7 + 3,"0-15,280.97 + 40,013.6-46,956.43 + 101-116",1,1.0,0.0,0.0,0.0
market_cap + volume_usd + holders,"market_cap,volume_usd,holders",1 + 1 + 3,"0-15,280.97 + 5,784.89-17,669 + 101-116",3,1.1147,0.0,0.0,0.0
market_cap + volume_usd + holders,"market_cap,volume_usd,holders",10 + 5 + 4,"109,316.51+ + 31,005.61-35,301.14 + 116-129",3,1.3055,0.0,0.0,0.0
market_cap + volume_usd + holders,"market_cap,volume_usd,holders",7 + 6 + 6,"22,844.27-25,315.17 + 35,329.38-40,010.01 + 144-160",2,2.5858,1.0,0.0,0.0
market_cap + volume_usd + holders,"market_cap,volume_usd,holders",10 + 4 + 1,"109,316.51+ + 26,969.13-30,982.7 + 40-85",3,1.9631,0.6667,0.0,0.0
market_cap + volume_usd + holders,"market_cap,volume_usd,holders",5 + 4 + 1,"18,609.88-20,577.61 + 26,969.13-30,982.7 + 40-85",1,1.0,0.0,0.0,0.0
market_cap + volume_usd + holders,"market_cap,volume_usd,holders",8 + 7 + 4,"25,335.37-30,114.91 + 40,013.6-46,956.43 + 116-129",1,1.0,0.0,0.0,0.0
market_cap + volume_usd + holders,"market_cap,volume_usd,holders",10 + 4 + 3,"109,316.51+ + 26,969.13-30,982.7 + 101-116",1,1.0,0.0,0.0,0.0
market_cap + volume_usd + holders,"market_cap,volume_usd,holders",3 + 6 + 7,"16,137.97-17,162.81 + 35,329.38-40,010.01 + 160-178",5,4.9781,0.4,0.4,0.2
market_cap + volume_usd + holders,"market_cap,volume_usd,holders",3 + 4 + 6,"16,137.97-17,162.81 + 26,969.13-30,982.7 + 144-160",2,5.002,0.5,0.5,0.0
market_cap + volume_usd + holders,"market_cap,volume_usd,holders",5 + 3 + 3,"18,609.88-20,577.61 + 23,015.77-26,957.65 + 101-116",4,1.2659,0.25,0.0,0.0
market_cap + volume_usd + holders,"market_cap,volume_usd,holders",6 + 3 + 4,"20,581.29-22,843.57 + 23,015.77-26,957.65 + 116-129",1,1.0,0.0,0.0,0.0
market_cap + volume_usd + holders,"market_cap,volume_usd,holders",8 + 6 + 5,"25,335.37-30,114.91 + 35,329.38-40,010.01 + 129-143",3,1.4109,0.3333,0.0,0.0
market_cap + volume_usd + holders,"market_cap,volume_usd,holders",4 + 5 + 2,"17,167.89-18,590.82 + 31,005.61-35,301.14 + 85-101",3,1.2361,0.0,0.0,0.0
market_cap + volume_usd + holders,"market_cap,volume_usd,holders",6 + 6 + 1,"20,581.29-22,843.57 + 35,329.38-40,010.01 + 40-85",1,1.0,0.0,0.0,0.0
market_cap + volume_usd + holders,"market_cap,volume_usd,holders",1 + 7 + 6,"0-15,280.97 + 40,013.6-46,956.43 + 144-160",1,1.0021,0.0,0.0,0.0
market_cap + volume_usd + holders,"market_cap,volume_usd,holders",1 + 3 + 5,"0-15,280.97 + 23,015.77-26,957.65 + 129-143",3,1.3488,0.3333,0.0,0.0
market_cap + volume_usd + holders,"market_cap,volume_usd,holders",5 + 2 + 3,"18,609.88-20,577.61 + 17,791.49-23,002.15 + 101-116",2,1.9938,0.5,0.0,0.0
market_cap + volume_usd + holders,"market_cap,volume_usd,holders",9 + 2 + 2,"30,327.76-107,930.06 + 17,791.49-23,002.15 + 85-101",1,1.0,0.0,0.0,0.0
market_cap + volume_usd + holders,"market_cap,volume_usd,holders",7 + 9 + 6,"22,844.27-25,315.17 + 58,815.09-96,139.16 + 144-160",1,1.3437,0.0,0.0,0.0
market_cap + volume_usd + holders,"market_cap,volume_usd,holders",8 + 8 + 6,"25,335.37-30,114.91 + 47,012.32-58,764.49 + 144-160",2,2.1781,0.5,0.0,0.0
market_cap + volume_usd + holders,"market_cap,volume_usd,holders",10 + 9 + 7,"109,316.51+ + 58,815.09-96,139.16 + 160-178",3,16.2495,0.6667,0.6667,0.3333
market_cap + volume_usd + holders,"market_cap,volume_usd,holders",6 + 6 + 3,"20,581.29-22,843.57 + 35,329.38-40,010.01 + 101-116",2,2.335,1.0,0.0,0.0
market_cap + volume_usd + holders,"market_cap,volume_usd,holders",7 + 7 + 4,"22,844.27-25,315.17 + 40,013.6-46,956.43 + 116-129",2,2.335,1.0,0.0,0.0
market_cap + volume_usd + holders,"market_cap,volume_usd,holders",4 + 4 + 8,"17,167.89-18,590.82 + 26,969.13-30,982.7 + 178-215",1,19.865,1.0,1.0,1.0
market_cap + volume_usd + holders,"market_cap,volume_usd,holders",10 + 10 + 8,"109,316.51+ + 96,643.19+ + 178-215",2,1.2612,0.0,0.0,0.0
market_cap + volume_usd + holders,"market_cap,volume_usd,holders",5 + 7 + 5,"18,609.88-20,577.61 + 40,013.6-46,956.43 + 129-143",2,1.3943,0.0,0.0,0.0
market_cap + volume_usd + holders,"market_cap,volume_usd,holders",7 + 5 + 5,"22,844.27-25,315.17 + 31,005.61-35,301.14 + 129-143",3,1.7068,0.3333,0.0,0.0
market_cap + volume_usd + holders,"market_cap,volume_usd,holders",8 + 4 + 1,"25,335.37-30,114.91 + 26,969.13-30,982.7 + 40-85",1,1.1978,0.0,0.0,0.0
market_cap + volume_usd + holders,"market_cap,volume_usd,holders",1 + 3 + 2,"0-15,280.97 + 23,015.77-26,957.65 + 85-101",3,2.991,0.3333,0.3333,0.0
market_cap + volume_usd + holders,"market_cap,volume_usd,holders",7 + 5 + 4,"22,844.27-25,315.17 + 31,005.61-35,301.14 + 116-129",1,6.8442,1.0,1.0,0.0
market_cap + volume_usd + holders,"market_cap,volume_usd,holders",6 + 4 + 1,"20,581.29-22,843.57 + 26,969.13-30,982.7 + 40-85",1,1.0,0.0,0.0,0.0
market_cap + volume_usd + holders,"market_cap,volume_usd,holders",2 + 4 + 1,"15,281.14-16,137.22 + 26,969.13-30,982.7 + 40-85",1,1.7867,0.0,0.0,0.0
market_cap + volume_usd + holders,"market_cap,volume_usd,holders",2 + 5 + 2,"15,281.14-16,137.22 + 31,005.61-35,301.14 + 85-101",1,4.0107,1.0,0.0,0.0
market_cap + volume_usd + holders,"market_cap,volume_usd,holders",9 + 9 + 7,"30,327.76-107,930.06 + 58,815.09-96,139.16 + 160-178",3,2.9416,1.0,0.0,0.0
market_cap + volume_usd + holders,"market_cap,volume_usd,holders",4 + 1 + 5,"17,167.89-18,590.82 + 5,784.89-17,669 + 129-143",1,2.8893,1.0,0.0,0.0
market_cap + volume_usd + holders,"market_cap,volume_usd,holders",4 + 1 + 6,"17,167.89-18,590.82 + 5,784.89-17,669 + 144-160",1,2.8893,1.0,0.0,0.0
market_cap + volume_usd + holders,"market_cap,volume_usd,holders",4 + 9 + 3,"17,167.89-18,590.82 + 58,815.09-96,139.16 + 101-116",1,2.5881,1.0,0.0,0.0
market_cap + volume_usd + holders,"market_cap,volume_usd,holders",6 + 9 + 5,"20,581.29-22,843.57 + 58,815.09-96,139.16 + 129-143",3,23.5063,0.6667,0.3333,0.3333
market_cap + volume_usd + holders,"market_cap,volume_usd,holders",8 + 10 + 5,"25,335.37-30,114.91 + 96,643.19+ + 129-143",1,2.5881,1.0,0.0,0.0
market_cap + volume_usd + holders,"market_cap,volume_usd,holders",7 + 3 + 7,"22,844.27-25,315.17 + 23,015.77-26,957.65 + 160-178",1,1.2103,0.0,0.0,0.0
market_cap + volume_usd + holders,"market_cap,volume_usd,holders",8 + 1 + 3,"25,335.37-30,114.91 + 5,784.89-17,669 + 101-116",1,1.2103,0.0,0.0,0.0
market_cap + volume_usd + holders,"market_cap,volume_usd,holders",3 + 4 + 7,"16,137.97-17,162.81 + 26,969.13-30,982.7 + 160-178",3,2.2864,0.3333,0.0,0.0
market_cap + volume_usd + holders,"market_cap,volume_usd,holders",4 + 5 + 7,"17,167.89-18,590.82 + 31,005.61-35,301.14 + 160-178",2,1.2122,0.0,0.0,0.0
market_cap + volume_usd + holders,"market_cap,volume_usd,holders",3 + 1 + 6,"16,137.97-17,162.81 + 5,784.89-17,669 + 144-160",1,1.6649,0.0,0.0,0.0
market_cap + volume_usd + holders,"market_cap,volume_usd,holders",5 + 1 + 5,"18,609.88-20,577.61 + 5,784.89-17,669 + 129-143",1,1.6649,0.0,0.0,0.0
market_cap + volume_usd + holders,"market_cap,volume_usd,holders",7 + 2 + 8,"22,844.27-25,315.17 + 17,791.49-23,002.15 + 178-215",1,1.6649,0.0,0.0,0.0
market_cap + volume_usd + holders,"market_cap,volume_usd,holders",6 + 8 + 6,"20,581.29-22,843.57 + 47,012.32-58,764.49 + 144-160",4,1.5478,0.5,0.0,0.0
market_cap + volume_usd + holders,"market_cap,volume_usd,holders",4 + 3 + 4,"17,167.89-18,590.82 + 23,015.77-26,957.65 + 116-129",2,4.0287,0.5,0.5,0.0
market_cap + volume_usd + holders,"market_cap,volume_usd,holders",7 + 6 + 7,"22,844.27-25,315.17 + 35,329.38-40,010.01 + 160-178",3,1.1802,0.0,0.0,0.0
market_cap + volume_usd + holders,"market_cap,volume_usd,holders",8 + 2 + 1,"25,335.37-30,114.91 + 17,791.49-23,002.15 + 40-85",1,2.5373,1.0,0.0,0.0
market_cap + volume_usd + holders,"market_cap,volume_usd,holders",1 + 5 + 8,"0-15,280.97 + 31,005.61-35,301.14 + 178-215",3,1.4494,0.3333,0.0,0.0
market_cap + volume_usd + holders,"market_cap,volume_usd,holders",5 + 4 + 2,"18,609.88-20,577.61 + 26,969.13-30,982.7 + 85-101",1,1.5423,0.0,0.0,0.0
market_cap + volume_usd + holders,"market_cap,volume_usd,holders",8 + 6 + 4,"25,335.37-30,114.91 + 35,329.38-40,010.01 + 116-129",2,1.4539,0.0,0.0,0.0
market_cap + volume_usd + holders,"market_cap,volume_usd,holders",10 + 8 + 7,"109,316.51+ + 47,012.32-58,764.49 + 160-178",2,1.5544,0.0,0.0,0.0
market_cap + volume_usd + holders,"market_cap,volume_usd,holders",6 + 10 + 7,"20,581.29-22,843.57 + 96,643.19+ + 160-178",1,1.5678,0.0,0.0,0.0
market_cap + volume_usd + holders,"market_cap,volume_usd,holders",2 + 8 + 6,"15,281.14-16,137.22 + 47,012.32-58,764.49 + 144-160",1,1.0,0.0,0.0,0.0
market_cap + volume_usd + holders,"market_cap,volume_usd,holders",5 + 5 + 4,"18,609.88-20,577.61 + 31,005.61-35,301.14 + 116-129",3,1.5284,0.3333,0.0,0.0
market_cap + volume_usd + holders,"market_cap,volume_usd,holders",10 + 6 + 2,"109,316.51+ + 35,329.38-40,010.01 + 85-101",1,1.0,0.0,0.0,0.0
market_cap + volume_usd + holders,"market_cap,volume_usd,holders",10 + 9 + 1,"109,316.51+ + 58,815.09-96,139.16 + 40-85",1,8.9398,1.0,1.0,0.0
market_cap + volume_usd + holders,"market_cap,volume_usd,holders",5 + 2 + 1,"18,609.88-20,577.61 + 17,791.49-23,002.15 + 40-85",1,3.3495,1.0,0.0,0.0
market_cap + volume_usd + holders,"market_cap,volume_usd,holders",9 + 4 + 3,"30,327.76-107,930.06 + 26,969.13-30,982.7 + 101-116",1,3.3495,1.0,0.0,0.0
market_cap + volume_usd + holders,"market_cap,volume_usd,holders",9 + 5 + 5,"30,327.76-107,930.06 + 31,005.61-35,301.14 + 129-143",1,3.3495,1.0,0.0,0.0
market_cap + volume_usd + holders,"market_cap,volume_usd,holders",9 + 7 + 6,"30,327.76-107,930.06 + 40,013.6-46,956.43 + 144-160",1,3.3495,1.0,0.0,0.0
market_cap + volume_usd + holders,"market_cap,volume_usd,holders",6 + 5 + 5,"20,581.29-22,843.57 + 31,005.61-35,301.14 + 129-143",2,1.3564,0.0,0.0,0.0
market_cap + volume_usd + holders,"market_cap,volume_usd,holders",7 + 3 + 3,"22,844.27-25,315.17 + 23,015.77-26,957.65 + 101-116",1,1.0,0.0,0.0,0.0
market_cap + volume_usd + holders,"market_cap,volume_usd,holders",6 + 2 + 7,"20,581.29-22,843.57 + 17,791.49-23,002.15 + 160-178",1,1.0,0.0,0.0,0.0
market_cap + volume_usd + holders,"market_cap,volume_usd,holders",9 + 1 + 3,"30,327.76-107,930.06 + 5,784.89-17,669 + 101-116",1,10.1059,1.0,1.0,1.0
market_cap + volume_usd + holders,"market_cap,volume_usd,holders",2 + 4 + 5,"15,281.14-16,137.22 + 26,969.13-30,982.7 + 129-143",1,1.0,0.0,0.0,0.0
market_cap + volume_usd + holders,"market_cap,volume_usd,holders",3 + 9 + 9,"16,137.97-17,162.81 + 58,815.09-96,139.16 + 215-292",1,3.4099,1.0,0.0,0.0
market_cap + volume_usd + holders,"market_cap,volume_usd,holders",3 + 7 + 8,"16,137.97-17,162.81 + 40,013.6-46,956.43 + 178-215",1,1.0122,0.0,0.0,0.0
market_cap + volume_usd + holders,"market_cap,volume_usd,holders",1 + 2 + 7,"0-15,280.97 + 17,791.49-23,002.15 + 160-178",1,1.0,0.0,0.0,0.0
market_cap + volume_usd + holders,"market_cap,volume_usd,holders",1 + 3 + 8,"0-15,280.97 + 23,015.77-26,957.65 + 178-215",1,1.0,0.0,0.0,0.0
market_cap + volume_usd + holders,"market_cap,volume_usd,holders",10 + 8 + 3,"109,316.51+ + 47,012.32-58,764.49 + 101-116",1,1.0,0.0,0.0,0.0
market_cap + volume_usd + holders,"market_cap,volume_usd,holders",4 + 4 + 5,"17,167.89-18,590.82 + 26,969.13-30,982.7 + 129-143",2,1.0,0.0,0.0,0.0
market_cap + volume_usd + holders,"market_cap,volume_usd,holders",4 + 4 + 6,"17,167.89-18,590.82 + 26,969.13-30,982.7 + 144-160",3,1.9052,0.6667,0.0,0.0
market_cap + volume_usd + holders,"market_cap,volume_usd,holders",6 + 3 + 1,"20,581.29-22,843.57 + 23,015.77-26,957.65 + 40-85",2,30.3872,0.5,0.5,0.5
market_cap + volume_usd + holders,"market_cap,volume_usd,holders",8 + 5 + 5,"25,335.37-30,114.91 + 31,005.61-35,301.14 + 129-143",2,31.9323,1.0,0.5,0.5
market_cap + volume_usd + holders,"market_cap,volume_usd,holders",2 + 6 + 8,"15,281.14-16,137.22 + 35,329.38-40,010.01 + 178-215",1,1.0,0.0,0.0,0.0
market_cap + volume_usd + holders,"market_cap,volume_usd,holders",5 + 9 + 10,"18,609.88-20,577.61 + 58,815.09-96,139.16 + 296+",2,1.0,0.0,0.0,0.0
market_cap + volume_usd + holders,"market_cap,volume_usd,holders",2 + 9 + 6,"15,281.14-16,137.22 + 58,815.09-96,139.16 + 144-160",1,1.0,0.0,0.0,0.0
market_cap + volume_usd + holders,"market_cap,volume_usd,holders",4 + 7 + 5,"17,167.89-18,590.82 + 40,013.6-46,956.43 + 129-143",1,1.1288,0.0,0.0,0.0
market_cap + volume_usd + holders,"market_cap,volume_usd,holders",10 + 7 + 4,"109,316.51+ + 40,013.6-46,956.43 + 116-129",1,1.0,0.0,0.0,0.0
market_cap + volume_usd + holders,"market_cap,volume_usd,holders",10 + 8 + 6,"109,316.51+ + 47,012.32-58,764.49 + 144-160",1,1.0,0.0,0.0,0.0
market_cap + volume_usd + holders,"market_cap,volume_usd,holders",5 + 2 + 5,"18,609.88-20,577.61 + 17,791.49-23,002.15 + 129-143",1,2.8405,1.0,0.0,0.0
market_cap + volume_usd + holders,"market_cap,volume_usd,holders",10 + 7 + 6,"109,316.51+ + 40,013.6-46,956.43 + 144-160",1,1.0,0.0,0.0,0.0
market_cap + volume_usd + holders,"market_cap,volume_usd,holders",3 + 4 + 5,"16,137.97-17,162.81 + 26,969.13-30,982.7 + 129-143",2,36.8032,1.0,1.0,0.5
market_cap + volume_usd + holders,"market_cap,volume_usd,holders",9 + 4 + 8,"30,327.76-107,930.06 + 26,969.13-30,982.7 + 178-215",1,66.3204,1.0,1.0,1.0
market_cap + volume_usd + holders,"market_cap,volume_usd,holders",7 + 2 + 1,"22,844.27-25,315.17 + 17,791.49-23,002.15 + 40-85",3,1.1802,0.0,0.0,0.0
market_cap + volume_usd + holders,"market_cap,volume_usd,holders",1 + 3 + 6,"0-15,280.97 + 23,015.77-26,957.65 + 144-160",2,1.6436,0.5,0.0,0.0
market_cap + volume_usd + holders,"market_cap,volume_usd,holders",2 + 1 + 6,"15,281.14-16,137.22 + 5,784.89-17,669 + 144-160",1,3.0614,1.0,0.0,0.0
market_cap + volume_usd + holders,"market_cap,volume_usd,holders",5 + 2 + 7,"18,609.88-20,577.61 + 17,791.49-23,002.15 + 160-178",1,3.0614,1.0,0.0,0.0
market_cap + volume_usd + holders,"market_cap,volume_usd,holders",7 + 4 + 9,"22,844.27-25,315.17 + 26,969.13-30,982.7 + 215-292",1,3.0614,1.0,0.0,0.0
market_cap + volume_usd + holders,"market_cap,volume_usd,holders",7 + 7 + 10,"22,844.27-25,315.17 + 40,013.6-46,956.43 + 296+",1,3.0614,1.0,0.0,0.0
market_cap + volume_usd + holders,"market_cap,volume_usd,holders",1 + 5 + 7,"0-15,280.97 + 31,005.61-35,301.14 + 160-178",2,1.0,0.0,0.0,0.0
market_cap + volume_usd + holders,"market_cap,volume_usd,holders",5 + 2 + 8,"18,609.88-20,577.61 + 17,791.49-23,002.15 + 178-215",1,1.0,0.0,0.0,0.0
market_cap + volume_usd + holders,"market_cap,volume_usd,holders",3 + 8 + 8,"16,137.97-17,162.81 + 47,012.32-58,764.49 + 178-215",2,1.3215,0.0,0.0,0.0
market_cap + volume_usd + holders,"market_cap,volume_usd,holders",7 + 2 + 2,"22,844.27-25,315.17 + 17,791.49-23,002.15 + 85-101",2,1.3842,0.0,0.0,0.0
market_cap + volume_usd + holders,"market_cap,volume_usd,holders",7 + 10 + 9,"22,844.27-25,315.17 + 96,643.19+ + 215-292",1,2.8342,1.0,0.0,0.0
market_cap + volume_usd + holders,"market_cap,volume_usd,holders",9 + 9 + 6,"30,327.76-107,930.06 + 58,815.09-96,139.16 + 144-160",1,1.0,0.0,0.0,0.0
market_cap + volume_usd + holders,"market_cap,volume_usd,holders",7 + 7 + 6,"22,844.27-25,315.17 + 40,013.6-46,956.43 + 144-160",1,1.5211,0.0,0.0,0.0
market_cap + volume_usd + holders,"market_cap,volume_usd,holders",7 + 5 + 7,"22,844.27-25,315.17 + 31,005.61-35,301.14 + 160-178",1,3.4732,1.0,0.0,0.0
market_cap + volume_usd + holders,"market_cap,volume_usd,holders",2 + 6 + 7,"15,281.14-16,137.22 + 35,329.38-40,010.01 + 160-178",1,7.286,1.0,1.0,0.0
market_cap + volume_usd + holders,"market_cap,volume_usd,holders",4 + 6 + 4,"17,167.89-18,590.82 + 35,329.38-40,010.01 + 116-129",3,1.7178,0.6667,0.0,0.0
market_cap + volume_usd + holders,"market_cap,volume_usd,holders",8 + 7 + 5,"25,335.37-30,114.91 + 40,013.6-46,956.43 + 129-143",1,2.0441,1.0,0.0,0.0
market_cap + volume_usd + holders,"market_cap,volume_usd,holders",4 + 6 + 9,"17,167.89-18,590.82 + 35,329.38-40,010.01 + 215-292",1,1.0,0.0,0.0,0.0
market_cap + volume_usd + holders,"market_cap,volume_usd,holders",10 + 6 + 1,"109,316.51+ + 35,329.38-40,010.01 + 40-85",2,1.005,0.0,0.0,0.0
market_cap + volume_usd + holders,"market_cap,volume_usd,holders",9 + 3 + 2,"30,327.76-107,930.06 + 23,015.77-26,957.65 + 85-101",1,39.846,1.0,1.0,1.0
market_cap + volume_usd + holders,"market_cap,volume_usd,holders",10 + 4 + 2,"109,316.51+ + 26,969.13-30,982.7 + 85-101",1,39.846,1.0,1.0,1.0
market_cap + volume_usd + holders,"market_cap,volume_usd,holders",10 + 7 + 3,"109,316.51+ + 40,013.6-46,956.43 + 101-116",1,39.846,1.0,1.0,1.0
market_cap + volume_usd + holders,"market_cap,volume_usd,holders",9 + 5 + 7,"30,327.76-107,930.06 + 31,005.61-35,301.14 + 160-178",1,2.482,1.0,0.0,0.0
market_cap + volume_usd + holders,"market_cap,volume_usd,holders",8 + 8 + 7,"25,335.37-30,114.91 + 47,012.32-58,764.49 + 160-178",1,5.4597,1.0,1.0,0.0
market_cap + volume_usd + holders,"market_cap,volume_usd,holders",8 + 4 + 7,"25,335.37-30,114.91 + 26,969.13-30,982.7 + 160-178",1,2.8012,1.0,0.0,0.0
market_cap + volume_usd + holders,"market_cap,volume_usd,holders",4 + 9 + 8,"17,167.89-18,590.82 + 58,815.09-96,139.16 + 178-215",1,8.1482,1.0,1.0,0.0
market_cap + volume_usd + holders,"market_cap,volume_usd,holders",6 + 10 + 8,"20,581.29-22,843.57 + 96,643.19+ + 178-215",1,1.9508,0.0,0.0,0.0
market_cap + volume_usd + holders,"market_cap,volume_usd,holders",7 + 10 + 8,"22,844.27-25,315.17 + 96,643.19+ + 178-215",1,1.9508,0.0,0.0,0.0
market_cap + volume_usd + holders,"market_cap,volume_usd,holders",8 + 10 + 4,"25,335.37-30,114.91 + 96,643.19+ + 116-129",1,3.1613,1.0,0.0,0.0
market_cap + volume_usd + holders,"market_cap,volume_usd,holders",10 + 6 + 8,"109,316.51+ + 35,329.38-40,010.01 + 178-215",1,2.9767,1.0,0.0,0.0
market_cap + volume_usd + holders,"market_cap,volume_usd,holders",5 + 3 + 7,"18,609.88-20,577.61 + 23,015.77-26,957.65 + 160-178",1,1.0,0.0,0.0,0.0
market_cap + volume_usd + holders,"market_cap,volume_usd,holders",10 + 5 + 3,"109,316.51+ + 31,005.61-35,301.14 + 101-116",1,3.9594,1.0,0.0,0.0
market_cap + volume_usd + holders,"market_cap,volume_usd,holders",8 + 2 + 4,"25,335.37-30,114.91 + 17,791.49-23,002.15 + 116-129",1,1.026,0.0,0.0,0.0
market_cap + volume_usd + holders,"market_cap,volume_usd,holders",3 + 9 + 2,"16,137.97-17,162.81 + 58,815.09-96,139.16 + 85-101",1,1.0,0.0,0.0,0.0
market_cap + volume_usd + holders,"market_cap,volume_usd,holders",4 + 9 + 1,"17,167.89-18,590.82 + 58,815.09-96,139.16 + 40-85",1,1.0,0.0,0.0,0.0
market_cap + volume_usd + holders,"market_cap,volume_usd,holders",7 + 9 + 4,"22,844.27-25,315.17 + 58,815.09-96,139.16 + 116-129",1,1.0,0.0,0.0,0.0
market_cap + volume_usd + holders,"market_cap,volume_usd,holders",5 + 6 + 7,"18,609.88-20,577.61 + 35,329.38-40,010.01 + 160-178",1,1.0,0.0,0.0,0.0
market_cap + volume_usd + holders,"market_cap,volume_usd,holders",9 + 9 + 3,"30,327.76-107,930.06 + 58,815.09-96,139.16 + 101-116",1,1.0,0.0,0.0,0.0
market_cap + volume_usd + holders,"market_cap,volume_usd,holders",4 + 8 + 5,"17,167.89-18,590.82 + 47,012.32-58,764.49 + 129-143",1,1.0,0.0,0.0,0.0
market_cap + volume_usd + holders,"market_cap,volume_usd,holders",1 + 8 + 1,"0-15,280.97 + 47,012.32-58,764.49 + 40-85",1,5.8974,1.0,1.0,0.0
market_cap + volume_usd + holders,"market_cap,volume_usd,holders",4 + 9 + 2,"17,167.89-18,590.82 + 58,815.09-96,139.16 + 85-101",1,5.8974,1.0,1.0,0.0
market_cap + volume_usd + holders,"market_cap,volume_usd,holders",6 + 8 + 1,"20,581.29-22,843.57 + 47,012.32-58,764.49 + 40-85",1,5.8974,1.0,1.0,0.0
market_cap + volume_usd + holders,"market_cap,volume_usd,holders",9 + 7 + 10,"30,327.76-107,930.06 + 40,013.6-46,956.43 + 296+",1,5.8974,1.0,1.0,0.0
market_cap + volume_usd + holders,"market_cap,volume_usd,holders",8 + 8 + 4,"25,335.37-30,114.91 + 47,012.32-58,764.49 + 116-129",1,1.0,0.0,0.0,0.0
market_cap + volume_usd + holders,"market_cap,volume_usd,holders",10 + 8 + 8,"109,316.51+ + 47,012.32-58,764.49 + 178-215",1,3.4149,1.0,0.0,0.0
market_cap + volume_usd + holders,"market_cap,volume_usd,holders",5 + 8 + 4,"18,609.88-20,577.61 + 47,012.32-58,764.49 + 116-129",1,1.0204,0.0,0.0,0.0
market_cap + volume_usd + holders,"market_cap,volume_usd,holders",8 + 1 + 2,"25,335.37-30,114.91 + 5,784.89-17,669 + 85-101",1,2.0247,1.0,0.0,0.0
market_cap + volume_usd + holders,"market_cap,volume_usd,holders",4 + 8 + 2,"17,167.89-18,590.82 + 47,012.32-58,764.49 + 85-101",1,4.3049,1.0,0.0,0.0
market_cap + volume_usd + holders,"market_cap,volume_usd,holders",1 + 9 + 6,"0-15,280.97 + 58,815.09-96,139.16 + 144-160",1,1.9182,0.0,0.0,0.0
market_cap + volume_usd + holders,"market_cap,volume_usd,holders",6 + 5 + 9,"20,581.29-22,843.57 + 31,005.61-35,301.14 + 215-292",1,1.0,0.0,0.0,0.0
market_cap + volume_usd + holders,"market_cap,volume_usd,holders",10 + 6 + 7,"109,316.51+ + 35,329.38-40,010.01 + 160-178",1,1.0,0.0,0.0,0.0
market_cap + volume_usd + holders,"market_cap,volume_usd,holders",4 + 8 + 9,"17,167.89-18,590.82 + 47,012.32-58,764.49 + 215-292",1,1.1492,0.0,0.0,0.0
market_cap + volume_usd + holders,"market_cap,volume_usd,holders",5 + 5 + 2,"18,609.88-20,577.61 + 31,005.61-35,301.14 + 85-101",2,1.9498,0.5,0.0,0.0
market_cap + volume_usd + holders,"market_cap,volume_usd,holders",5 + 3 + 1,"18,609.88-20,577.61 + 23,015.77-26,957.65 + 40-85",1,1.0,0.0,0.0,0.0
market_cap + volume_usd + holders,"market_cap,volume_usd,holders",2 + 9 + 3,"15,281.14-16,137.22 + 58,815.09-96,139.16 + 101-116",1,1.0,0.0,0.0,0.0
liquidity + volume_usd + holders,"liquidity,volume_usd,holders",10 + 10 + 10,"19,982.42+ + 96,643.19+ + 296+",73,17.9754,0.9315,0.7671,0.5205
liquidity + volume_usd + holders,"liquidity,volume_usd,holders",4 + 9 + 2,"12,361.67-12,786.19 + 58,815.09-96,139.16 + 85-101",2,1.0,0.0,0.0,0.0
liquidity + volume_usd + holders,"liquidity,volume_usd,holders",9 + 4 + 6,"15,815.4-19,926.93 + 26,969.13-30,982.7 + 144-160",2,2.3797,0.5,0.0,0.0
liquidity + volume_usd + holders,"liquidity,volume_usd,holders",5 + 3 + 2,"12,788.21-13,271.46 + 23,015.77-26,957.65 + 85-101",4,4.8317,0.75,0.25,0.25
liquidity + volume_usd + holders,"liquidity,volume_usd,holders",7 + 3 + 2,"14,071.35-14,742.63 + 23,015.77-26,957.65 + 85-101",2,4.2669,1.0,0.5,0.0
liquidity + volume_usd + holders,"liquidity,volume_usd,holders",8 + 1 + 1,"14,748.13-15,806.44 + 5,784.89-17,669 + 40-85",3,3.5315,0.6667,0.3333,0.0
liquidity + volume_usd + holders,"liquidity,volume_usd,holders",4 + 4 + 2,"12,361.67-12,786.19 + 26,969.13-30,982.7 + 85-101",2,1.0,0.0,0.0,0.0
liquidity + volume_usd + holders,"liquidity,volume_usd,holders",7 + 8 + 5,"14,071.35-14,742.63 + 47,012.32-58,764.49 + 129-143",2,2.4304,0.5,0.0,0.0
liquidity + volume_usd + holders,"liquidity,volume_usd,holders",8 + 7 + 3,"14,748.13-15,806.44 + 40,013.6-46,956.43 + 101-116",3,4.2499,1.0,0.3333,0.0
liquidity + volume_usd + holders,"liquidity,volume_usd,holders",3 + 3 + 7,"12,046.39-12,355.84 + 23,015.77-26,957.65 + 160-178",1,1.0,0.0,0.0,0.0
liquidity + volume_usd + holders,"liquidity,volume_usd,holders",4 + 4 + 8,"12,361.67-12,786.19 + 26,969.13-30,982.7 + 178-215",2,1.1372,0.0,0.0,0.0
liquidity + volume_usd + holders,"liquidity,volume_usd,holders",6 + 8 + 9,"13,271.91-14,053.28 + 47,012.32-58,764.49 + 215-292",3,4.1036,0.6667,0.3333,0.0
liquidity + volume_usd + holders,"liquidity,volume_usd,holders",3 + 2 + 2,"12,046.39-12,355.84 + 17,791.49-23,002.15 + 85-101",7,3.1356,0.1429,0.1429,0.1429
liquidity + volume_usd + holders,"liquidity,volume_usd,holders",2 + 5 + 1,"11,600.81-12,042.9 + 31,005.61-35,301.14 + 40-85",1,1.8008,0.0,0.0,0.0
liquidity + volume_usd + holders,"liquidity,volume_usd,holders",5 + 5 + 1,"12,788.21-13,271.46 + 31,005.61-35,301.14 + 40-85",1,1.8008,0.0,0.0,0.0
liquidity + volume_usd + holders,"liquidity,volume_usd,holders",8 + 6 + 2,"14,748.13-15,806.44 + 35,329.38-40,010.01 + 85-101",1,1.8008,0.0,0.0,0.0
liquidity + volume_usd + holders,"liquidity,volume_usd,holders",2 + 9 + 2,"11,600.81-12,042.9 + 58,815.09-96,139.16 + 85-101",1,1.0,0.0,0.0,0.0
liquidity + volume_usd + holders,"liquidity,volume_usd,holders",2 + 3 + 4,"11,600.81-12,042.9 + 23,015.77-26,957.65 + 116-129",4,2.2373,0.5,0.0,0.0
liquidity + volume_usd + holders,"liquidity,volume_usd,holders",8 + 9 + 8,"14,748.13-15,806.44 + 58,815.09-96,139.16 + 178-215",4,1.6874,0.25,0.0,0.0
liquidity + volume_usd + holders,"liquidity,volume_usd,holders",8 + 9 + 9,"14,748.13-15,806.44 + 58,815.09-96,139.16 + 215-292",13,3.1713,0.6154,0.0769,0.0769
liquidity + volume_usd + holders,"liquidity,volume_usd,holders",2 + 3 + 6,"11,600.81-12,042.9 + 23,015.77-26,957.65 + 144-160",2,1.7146,0.5,0.0,0.0
liquidity + volume_usd + holders,"liquidity,volume_usd,holders",3 + 1 + 2,"12,046.39-12,355.84 + 5,784.89-17,669 + 85-101",7,1.6693,0.4286,0.0,0.0
liquidity + volume_usd + holders,"liquidity,volume_usd,holders",6 + 5 + 7,"13,271.91-14,053.28 + 31,005.61-35,301.14 + 160-178",7,1.8971,0.2857,0.0,0.0
liquidity + volume_usd + holders,"liquidity,volume_usd,holders",1 + 4 + 1,"0-11,598.3 + 26,969.13-30,982.7 + 40-85",4,1.3506,0.25,0.0,0.0
liquidity + volume_usd + holders,"liquidity,volume_usd,holders",1 + 5 + 2,"0-11,598.3 + 31,005.61-35,301.14 + 85-101",6,2.2159,0.1667,0.1667,0.0
liquidity + volume_usd + holders,"liquidity,volume_usd,holders",4 + 2 + 4,"12,361.67-12,786.19 + 17,791.49-23,002.15 + 116-129",5,2.6833,0.4,0.4,0.0
liquidity + volume_usd + holders,"liquidity,volume_usd,holders",7 + 4 + 6,"14,071.35-14,742.63 + 26,969.13-30,982.7 + 144-160",2,3.1706,0.5,0.5,0.0
liquidity + volume_usd + holders,"liquidity,volume_usd,holders",3 + 4 + 2,"12,046.39-12,355.84 + 26,969.13-30,982.7 + 85-101",3,3.4632,0.6667,0.3333,0.0
liquidity + volume_usd + holders,"liquidity,volume_usd,holders",5 + 2 + 1,"12,788.21-13,271.46 + 17,791.49-23,002.15 + 40-85",4,2.5049,0.5,0.0,0.0
liquidity + volume_usd + holders,"liquidity,volume_usd,holders",5 + 5 + 3,"12,788.21-13,271.46 + 31,005.61-35,301.14 + 101-116",5,1.8903,0.4,0.0,0.0
liquidity + volume_usd + holders,"liquidity,volume_usd,holders",8 + 9 + 6,"14,748.13-15,806.44 + 58,815.09-96,139.16 + 144-160",1,3.2411,1.0,0.0,0.0
liquidity + volume_usd + holders,"liquidity,volume_usd,holders",9 + 10 + 10,"15,815.4-19,926.93 + 96,643.19+ + 296+",36,7.0599,0.9722,0.4167,0.1667
liquidity + volume_usd + holders,"liquidity,volume_usd,holders",5 + 6 + 8,"12,788.21-13,271.46 + 35,329.38-40,010.01 + 178-215",3,2.3161,0.6667,0.0,0.0
liquidity + volume_usd + holders,"liquidity,volume_usd,holders",8 + 8 + 9,"14,748.13-15,806.44 + 47,012.32-58,764.49 + 215-292",13,3.3091,0.6923,0.0769,0.0769
liquidity + volume_usd + holders,"liquidity,volume_usd,holders",9 + 8 + 9,"15,815.4-19,926.93 + 47,012.32-58,764.49 + 215-292",4,4.398,0.75,0.5,0.0
liquidity + volume_usd + holders,"liquidity,volume_usd,holders",3 + 6 + 1,"12,046.39-12,355.84 + 35,329.38-40,010.01 + 40-85",2,1.0,0.0,0.0,0.0
liquidity + volume_usd + holders,"liquidity,volume_usd,holders",3 + 6 + 4,"12,046.39-12,355.84 + 35,329.38-40,010.01 + 116-129",1,2.5072,1.0,0.0,0.0
liquidity + volume_usd + holders,"liquidity,volume_usd,holders",5 + 7 + 4,"12,788.21-13,271.46 + 40,013.6-46,956.43 + 116-129",2,1.7536,0.5,0.0,0.0
liquidity + volume_usd + holders,"liquidity,volume_usd,holders",1 + 4 + 4,"0-11,598.3 + 26,969.13-30,982.7 + 116-129",2,1.7013,0.5,0.0,0.0
liquidity + volume_usd + holders,"liquidity,volume_usd,holders",1 + 5 + 3,"0-11,598.3 + 31,005.61-35,301.14 + 101-116",2,1.4754,0.0,0.0,0.0
liquidity + volume_usd + holders,"liquidity,volume_usd,holders",8 + 6 + 4,"14,748.13-15,806.44 + 35,329.38-40,010.01 + 116-129",2,1.4539,0.0,0.0,0.0
liquidity + volume_usd + holders,"liquidity,volume_usd,holders",6 + 1 + 3,"13,271.91-14,053.28 + 5,784.89-17,669 + 101-116",5,1.2328,0.0,0.0,0.0
liquidity + volume_usd + holders,"liquidity,volume_usd,holders",8 + 2 + 5,"14,748.13-15,806.44 + 17,791.49-23,002.15 + 129-143",2,1.0,0.0,0.0,0.0
liquidity + volume_usd + holders,"liquidity,volume_usd,holders",1 + 3 + 7,"0-11,598.3 + 23,015.77-26,957.65 + 160-178",1,1.0,0.0,0.0,0.0
liquidity + volume_usd + holders,"liquidity,volume_usd,holders",7 + 5 + 8,"14,071.35-14,742.63 + 31,005.61-35,301.14 + 178-215",2,1.0,0.0,0.0,0.0
liquidity + volume_usd + holders,"liquidity,volume_usd,holders",4 + 4 + 4,"12,361.67-12,786.19 + 26,969.13-30,982.7 + 116-129",8,1.9229,0.375,0.0,0.0
liquidity + volume_usd + holders,"liquidity,volume_usd,holders",5 + 4 + 4,"12,788.21-13,271.46 + 26,969.13-30,982.7 + 116-129",7,2.7843,0.4286,0.1429,0.0
liquidity + volume_usd + holders,"liquidity,volume_usd,holders",7 + 7 + 5,"14,071.35-14,742.63 + 40,013.6-46,956.43 + 129-143",1,1.0,0.0,0.0,0.0
liquidity + volume_usd + holders,"liquidity,volume_usd,holders",3 + 6 + 6,"12,046.39-12,355.84 + 35,329.38-40,010.01 + 144-160",2,2.533,0.5,0.0,0.0
liquidity + volume_usd + holders,"liquidity,volume_usd,holders",6 + 9 + 8,"13,271.91-14,053.28 + 58,815.09-96,139.16 + 178-215",1,4.0515,1.0,0.0,0.0
liquidity + volume_usd + holders,"liquidity,volume_usd,holders",9 + 9 + 9,"15,815.4-19,926.93 + 58,815.09-96,139.16 + 215-292",7,3.8699,0.8571,0.2857,0.0
liquidity + volume_usd + holders,"liquidity,volume_usd,holders",4 + 3 + 8,"12,361.67-12,786.19 + 23,015.77-26,957.65 + 178-215",1,1.0,0.0,0.0,0.0
liquidity + volume_usd + holders,"liquidity,volume_usd,holders",3 + 7 + 6,"12,046.39-12,355.84 + 40,013.6-46,956.43 + 144-160",2,1.0637,0.0,0.0,0.0
liquidity + volume_usd + holders,"liquidity,volume_usd,holders",9 + 6 + 1,"15,815.4-19,926.93 + 35,329.38-40,010.01 + 40-85",2,1.3106,0.0,0.0,0.0
liquidity + volume_usd + holders,"liquidity,volume_usd,holders",4 + 4 + 3,"12,361.67-12,786.19 + 26,969.13-30,982.7 + 101-116",4,1.0,0.0,0.0,0.0
liquidity + volume_usd + holders,"liquidity,volume_usd,holders",6 + 4 + 3,"13,271.91-14,053.28 + 26,969.13-30,982.7 + 101-116",2,1.3353,0.0,0.0,0.0
liquidity + volume_usd + holders,"liquidity,volume_usd,holders",3 + 2 + 3,"12,046.39-12,355.84 + 17,791.49-23,002.15 + 101-116",5,1.7575,0.4,0.0,0.0
liquidity + volume_usd + holders,"liquidity,volume_usd,holders",3 + 7 + 8,"12,046.39-12,355.84 + 40,013.6-46,956.43 + 178-215",4,4.8858,0.5,0.25,0.25
liquidity + volume_usd + holders,"liquidity,volume_usd,holders",8 + 7 + 7,"14,748.13-15,806.44 + 40,013.6-46,956.43 + 160-178",2,1.0,0.0,0.0,0.0
liquidity + volume_usd + holders,"liquidity,volume_usd,holders",2 + 6 + 6,"11,600.81-12,042.9 + 35,329.38-40,010.01 + 144-160",3,1.441,0.0,0.0,0.0
liquidity + volume_usd + holders,"liquidity,volume_usd,holders",3 + 4 + 3,"12,046.39-12,355.84 + 26,969.13-30,982.7 + 101-116",4,2.1425,0.25,0.0,0.0
liquidity + volume_usd + holders,"liquidity,volume_usd,holders",6 + 9 + 6,"13,271.91-14,053.28 + 58,815.09-96,139.16 + 144-160",1,1.58,0.0,0.0,0.0
liquidity + volume_usd + holders,"liquidity,volume_usd,holders",10 + 7 + 9,"19,982.42+ + 40,013.6-46,956.43 + 215-292",1,2.8018,1.0,0.0,0.0
liquidity + volume_usd + holders,"liquidity,volume_usd,holders",8 + 6 + 5,"14,748.13-15,806.44 + 35,329.38-40,010.01 + 129-143",4,2.3078,0.25,0.25,0.0
liquidity + volume_usd + holders,"liquidity,volume_usd,holders",3 + 5 + 3,"12,046.39-12,355.84 + 31,005.61-35,301.14 + 101-116",2,1.3641,0.0,0.0,0.0
liquidity + volume_usd + holders,"liquidity,volume_usd,holders",4 + 6 + 5,"12,361.67-12,786.19 + 35,329.38-40,010.01 + 129-143",3,1.6125,0.3333,0.0,0.0
liquidity + volume_usd + holders,"liquidity,volume_usd,holders",5 + 4 + 1,"12,788.21-13,271.46 + 26,969.13-30,982.7 + 40-85",1,1.0,0.0,0.0,0.0
liquidity + volume_usd + holders,"liquidity,volume_usd,holders",9 + 7 + 7,"15,815.4-19,926.93 + 40,013.6-46,956.43 + 160-178",1,1.0,0.0,0.0,0.0
liquidity + volume_usd + holders,"liquidity,volume_usd,holders",2 + 8 + 7,"11,600.81-12,042.9 + 47,012.32-58,764.49 + 160-178",1,1.1628,0.0,0.0,0.0
liquidity + volume_usd + holders,"liquidity,volume_usd,holders",3 + 8 + 7,"12,046.39-12,355.84 + 47,012.32-58,764.49 + 160-178",2,1.0814,0.0,0.0,0.0
liquidity + volume_usd + holders,"liquidity,volume_usd,holders",5 + 1 + 2,"12,788.21-13,271.46 + 5,784.89-17,669 + 85-101",3,3.3384,0.6667,0.3333,0.0
liquidity + volume_usd + holders,"liquidity,volume_usd,holders",5 + 2 + 5,"12,788.21-13,271.46 + 17,791.49-23,002.15 + 129-143",3,1.648,0.3333,0.0,0.0
liquidity + volume_usd + holders,"liquidity,volume_usd,holders",7 + 3 + 5,"14,071.35-14,742.63 + 23,015.77-26,957.65 + 129-143",1,2.2974,1.0,0.0,0.0
liquidity + volume_usd + holders,"liquidity,volume_usd,holders",1 + 3 + 1,"0-11,598.3 + 23,015.77-26,957.65 + 40-85",7,1.5122,0.1429,0.0,0.0
liquidity + volume_usd + holders,"liquidity,volume_usd,holders",3 + 8 + 3,"12,046.39-12,355.84 + 47,012.32-58,764.49 + 101-116",1,1.0,0.0,0.0,0.0
liquidity + volume_usd + holders,"liquidity,volume_usd,holders",6 + 8 + 3,"13,271.91-14,053.28 + 47,012.32-58,764.49 + 101-116",4,1.1742,0.0,0.0,0.0
liquidity + volume_usd + holders,"liquidity,volume_usd,holders",1 + 5 + 5,"0-11,598.3 + 31,005.61-35,301.14 + 129-143",2,1.2252,0.0,0.0,0.0
liquidity + volume_usd + holders,"liquidity,volume_usd,holders",1 + 9 + 6,"0-11,598.3 + 58,815.09-96,139.16 + 144-160",4,2.324,0.25,0.0,0.0
liquidity + volume_usd + holders,"liquidity,volume_usd,holders",1 + 9 + 8,"0-11,598.3 + 58,815.09-96,139.16 + 178-215",3,1.7373,0.3333,0.0,0.0
liquidity + volume_usd + holders,"liquidity,volume_usd,holders",10 + 3 + 1,"19,982.42+ + 23,015.77-26,957.65 + 40-85",3,1.0,0.0,0.0,0.0
liquidity + volume_usd + holders,"liquidity,volume_usd,holders",8 + 8 + 5,"14,748.13-15,806.44 + 47,012.32-58,764.49 + 129-143",3,3.0497,1.0,0.0,0.0
liquidity + volume_usd + holders,"liquidity,volume_usd,holders",9 + 9 + 10,"15,815.4-19,926.93 + 58,815.09-96,139.16 + 296+",14,8.2761,0.9286,0.5714,0.2143
liquidity + volume_usd + holders,"liquidity,volume_usd,holders",1 + 7 + 1,"0-11,598.3 + 40,013.6-46,956.43 + 40-85",2,2.7918,0.5,0.0,0.0
liquidity + volume_usd + holders,"liquidity,volume_usd,holders",3 + 3 + 4,"12,046.39-12,355.84 + 23,015.77-26,957.65 + 116-129",8,1.2417,0.0,0.0,0.0
liquidity + volume_usd + holders,"liquidity,volume_usd,holders",5 + 6 + 6,"12,788.21-13,271.46 + 35,329.38-40,010.01 + 144-160",5,3.2021,0.4,0.2,0.2
liquidity + volume_usd + holders,"liquidity,volume_usd,holders",8 + 8 + 7,"14,748.13-15,806.44 + 47,012.32-58,764.49 + 160-178",1,1.0,0.0,0.0,0.0
liquidity + volume_usd + holders,"liquidity,volume_usd,holders",1 + 5 + 6,"0-11,598.3 + 31,005.61-35,301.14 + 144-160",1,2.2086,1.0,0.0,0.0
liquidity + volume_usd + holders,"liquidity,volume_usd,holders",7 + 9 + 4,"14,071.35-14,742.63 + 58,815.09-96,139.16 + 116-129",2,2.1513,1.0,0.0,0.0
liquidity + volume_usd + holders,"liquidity,volume_usd,holders",9 + 8 + 3,"15,815.4-19,926.93 + 47,012.32-58,764.49 + 101-116",2,1.37,0.0,0.0,0.0
liquidity + volume_usd + holders,"liquidity,volume_usd,holders",9 + 3 + 3,"15,815.4-19,926.93 + 23,015.77-26,957.65 + 101-116",1,1.74,0.0,0.0,0.0
liquidity + volume_usd + holders,"liquidity,volume_usd,holders",9 + 7 + 3,"15,815.4-19,926.93 + 40,013.6-46,956.43 + 101-116",2,1.714,0.0,0.0,0.0
liquidity + volume_usd + holders,"liquidity,volume_usd,holders",2 + 2 + 5,"11,600.81-12,042.9 + 17,791.49-23,002.15 + 129-143",4,1.9872,0.5,0.0,0.0
liquidity + volume_usd + holders,"liquidity,volume_usd,holders",5 + 4 + 10,"12,788.21-13,271.46 + 26,969.13-30,982.7 + 296+",1,1.3133,0.0,0.0,0.0
liquidity + volume_usd + holders,"liquidity,volume_usd,holders",2 + 8 + 3,"11,600.81-12,042.9 + 47,012.32-58,764.49 + 101-116",3,1.8652,0.3333,0.0,0.0
liquidity + volume_usd + holders,"liquidity,volume_usd,holders",3 + 7 + 3,"12,046.39-12,355.84 + 40,013.6-46,956.43 + 101-116",2,1.285,0.0,0.0,0.0
liquidity + volume_usd + holders,"liquidity,volume_usd,holders",4 + 9 + 9,"12,361.67-12,786.19 + 58,815.09-96,139.16 + 215-292",3,2.9378,0.6667,0.0,0.0
liquidity + volume_usd + holders,"liquidity,volume_usd,holders",6 + 9 + 9,"13,271.91-14,053.28 + 58,815.09-96,139.16 + 215-292",1,1.7563,0.0,0.0,0.0
liquidity + volume_usd + holders,"liquidity,volume_usd,holders",2 + 7 + 7,"11,600.81-12,042.9 + 40,013.6-46,956.43 + 160-178",4,3.5156,0.75,0.25,0.0
liquidity + volume_usd + holders,"liquidity,volume_usd,holders",1 + 6 + 5,"0-11,598.3 + 35,329.38-40,010.01 + 129-143",1,1.0,0.0,0.0,0.0
liquidity + volume_usd + holders,"liquidity,volume_usd,holders",2 + 1 + 2,"11,600.81-12,042.9 + 5,784.89-17,669 + 85-101",8,5.8298,0.625,0.125,0.125
liquidity + volume_usd + holders,"liquidity,volume_usd,holders",4 + 1 + 4,"12,361.67-12,786.19 + 5,784.89-17,669 + 116-129",1,2.9913,1.0,0.0,0.0
liquidity + volume_usd + holders,"liquidity,volume_usd,holders",3 + 2 + 7,"12,046.39-12,355.84 + 17,791.49-23,002.15 + 160-178",1,2.9913,1.0,0.0,0.0
liquidity + volume_usd + holders,"liquidity,volume_usd,holders",2 + 5 + 4,"11,600.81-12,042.9 + 31,005.61-35,301.14 + 116-129",4,1.3021,0.25,0.0,0.0
liquidity + volume_usd + holders,"liquidity,volume_usd,holders",1 + 2 + 2,"0-11,598.3 + 17,791.49-23,002.15 + 85-101",5,2.7201,0.6,0.2,0.0
liquidity + volume_usd + holders,"liquidity,volume_usd,holders",1 + 1 + 1,"0-11,598.3 + 5,784.89-17,669 + 40-85",9,2.9543,0.5556,0.1111,0.0
liquidity + volume_usd + holders,"liquidity,volume_usd,holders",4 + 2 + 2,"12,361.67-12,786.19 + 17,791.49-23,002.15 + 85-101",4,3.7147,0.75,0.25,0.0
liquidity + volume_usd + holders,"liquidity,volume_usd,holders",8 + 2 + 3,"14,748.13-15,806.44 + 17,791.49-23,002.15 + 101-116",2,4.6378,0.5,0.5,0.0
liquidity + volume_usd + holders,"liquidity,volume_usd,holders",2 + 4 + 5,"11,600.81-12,042.9 + 26,969.13-30,982.7 + 129-143",2,6.5834,1.0,0.5,0.0
liquidity + volume_usd + holders,"liquidity,volume_usd,holders",3 + 5 + 8,"12,046.39-12,355.84 + 31,005.61-35,301.14 + 178-215",2,3.2415,0.5,0.5,0.0
liquidity + volume_usd + holders,"liquidity,volume_usd,holders",7 + 6 + 9,"14,071.35-14,742.63 + 35,329.38-40,010.01 + 215-292",6,1.9431,0.5,0.0,0.0
liquidity + volume_usd + holders,"liquidity,volume_usd,holders",2 + 9 + 1,"11,600.81-12,042.9 + 58,815.09-96,139.16 + 40-85",1,1.5216,0.0,0.0,0.0
liquidity + volume_usd + holders,"liquidity,volume_usd,holders",6 + 9 + 2,"13,271.91-14,053.28 + 58,815.09-96,139.16 + 85-101",2,1.2608,0.0,0.0,0.0
liquidity + volume_usd + holders,"liquidity,volume_usd,holders",8 + 9 + 5,"14,748.13-15,806.44 + 58,815.09-96,139.16 + 129-143",1,1.5216,0.0,0.0,0.0
liquidity + volume_usd + holders,"liquidity,volume_usd,holders",9 + 9 + 6,"15,815.4-19,926.93 + 58,815.09-96,139.16 + 144-160",2,1.2608,0.0,0.0,0.0
liquidity + volume_usd + holders,"liquidity,volume_usd,holders",5 + 5 + 8,"12,788.21-13,271.46 + 31,005.61-35,301.14 + 178-215",1,1.0,0.0,0.0,0.0
liquidity + volume_usd + holders,"liquidity,volume_usd,holders",1 + 1 + 2,"0-11,598.3 + 5,784.89-17,669 + 85-101",7,1.4684,0.2857,0.0,0.0
liquidity + volume_usd + holders,"liquidity,volume_usd,holders",5 + 2 + 2,"12,788.21-13,271.46 + 17,791.49-23,002.15 + 85-101",3,7.1702,0.3333,0.3333,0.3333
liquidity + volume_usd + holders,"liquidity,volume_usd,holders",7 + 3 + 4,"14,071.35-14,742.63 + 23,015.77-26,957.65 + 116-129",3,8.7057,0.6667,0.6667,0.3333
liquidity + volume_usd + holders,"liquidity,volume_usd,holders",6 + 9 + 5,"13,271.91-14,053.28 + 58,815.09-96,139.16 + 129-143",1,1.4761,0.0,0.0,0.0
liquidity + volume_usd + holders,"liquidity,volume_usd,holders",6 + 8 + 6,"13,271.91-14,053.28 + 47,012.32-58,764.49 + 144-160",3,1.7436,0.6667,0.0,0.0
liquidity + volume_usd + holders,"liquidity,volume_usd,holders",1 + 7 + 9,"0-11,598.3 + 40,013.6-46,956.43 + 215-292",2,1.3012,0.0,0.0,0.0
liquidity + volume_usd + holders,"liquidity,volume_usd,holders",9 + 5 + 6,"15,815.4-19,926.93 + 31,005.61-35,301.14 + 144-160",2,1.3782,0.0,0.0,0.0
liquidity + volume_usd + holders,"liquidity,volume_usd,holders",2 + 1 + 5,"11,600.81-12,042.9 + 5,784.89-17,669 + 129-143",1,3.4496,1.0,0.0,0.0
liquidity + volume_usd + holders,"liquidity,volume_usd,holders",4 + 3 + 5,"12,361.67-12,786.19 + 23,015.77-26,957.65 + 129-143",5,1.294,0.0,0.0,0.0
liquidity + volume_usd + holders,"liquidity,volume_usd,holders",6 + 6 + 8,"13,271.91-14,053.28 + 35,329.38-40,010.01 + 178-215",2,1.6194,0.0,0.0,0.0
liquidity + volume_usd + holders,"liquidity,volume_usd,holders",4 + 1 + 3,"12,361.67-12,786.19 + 5,784.89-17,669 + 101-116",3,1.4724,0.3333,0.0,0.0
liquidity + volume_usd + holders,"liquidity,volume_usd,holders",5 + 1 + 3,"12,788.21-13,271.46 + 5,784.89-17,669 + 101-116",6,8.7505,0.8333,0.3333,0.3333
liquidity + volume_usd + holders,"liquidity,volume_usd,holders",9 + 2 + 5,"15,815.4-19,926.93 + 17,791.49-23,002.15 + 129-143",1,2.6477,1.0,0.0,0.0
liquidity + volume_usd + holders,"liquidity,volume_usd,holders",8 + 9 + 10,"14,748.13-15,806.44 + 58,815.09-96,139.16 + 296+",2,3.808,1.0,0.0,0.0
liquidity + volume_usd + holders,"liquidity,volume_usd,holders",3 + 2 + 4,"12,046.39-12,355.84 + 17,791.49-23,002.15 + 116-129",5,1.4492,0.0,0.0,0.0
liquidity + volume_usd + holders,"liquidity,volume_usd,holders",6 + 2 + 6,"13,271.91-14,053.28 + 17,791.49-23,002.15 + 144-160",2,2.207,0.5,0.0,0.0
liquidity + volume_usd + holders,"liquidity,volume_usd,holders",6 + 3 + 6,"13,271.91-14,053.28 + 23,015.77-26,957.65 + 144-160",3,1.9964,0.3333,0.0,0.0
liquidity + volume_usd + holders,"liquidity,volume_usd,holders",8 + 4 + 8,"14,748.13-15,806.44 + 26,969.13-30,982.7 + 178-215",3,2.5456,0.3333,0.3333,0.0
liquidity + volume_usd + holders,"liquidity,volume_usd,holders",3 + 1 + 3,"12,046.39-12,355.84 + 5,784.89-17,669 + 101-116",4,1.4228,0.25,0.0,0.0
liquidity + volume_usd + holders,"liquidity,volume_usd,holders",8 + 6 + 9,"14,748.13-15,806.44 + 35,329.38-40,010.01 + 215-292",3,1.7026,0.0,0.0,0.0
liquidity + volume_usd + holders,"liquidity,volume_usd,holders",3 + 9 + 10,"12,046.39-12,355.84 + 58,815.09-96,139.16 + 296+",1,1.6897,0.0,0.0,0.0
liquidity + volume_usd + holders,"liquidity,volume_usd,holders",9 + 3 + 1,"15,815.4-19,926.93 + 23,015.77-26,957.65 + 40-85",2,1.0,0.0,0.0,0.0
liquidity + volume_usd + holders,"liquidity,volume_usd,holders",6 + 7 + 5,"13,271.91-14,053.28 + 40,013.6-46,956.43 + 129-143",2,1.3943,0.0,0.0,0.0
liquidity + volume_usd + holders,"liquidity,volume_usd,holders",6 + 6 + 4,"13,271.91-14,053.28 + 35,329.38-40,010.01 + 116-129",3,2.4005,0.6667,0.0,0.0
liquidity + volume_usd + holders,"liquidity,volume_usd,holders",1 + 2 + 1,"0-11,598.3 + 17,791.49-23,002.15 + 40-85",9,1.4341,0.1111,0.0,0.0
liquidity + volume_usd + holders,"liquidity,volume_usd,holders",6 + 4 + 5,"13,271.91-14,053.28 + 26,969.13-30,982.7 + 129-143",4,3.8432,0.25,0.25,0.25
liquidity + volume_usd + holders,"liquidity,volume_usd,holders",5 + 3 + 5,"12,788.21-13,271.46 + 23,015.77-26,957.65 + 129-143",4,1.7132,0.25,0.0,0.0
liquidity + volume_usd + holders,"liquidity,volume_usd,holders",1 + 6 + 6,"0-11,598.3 + 35,329.38-40,010.01 + 144-160",3,1.8556,0.3333,0.0,0.0
liquidity + volume_usd + holders,"liquidity,volume_usd,holders",6 + 10 + 7,"13,271.91-14,053.28 + 96,643.19+ + 160-178",1,1.0895,0.0,0.0,0.0
liquidity + volume_usd + holders,"liquidity,volume_usd,holders",7 + 5 + 6,"14,071.35-14,742.63 + 31,005.61-35,301.14 + 144-160",4,1.8391,0.25,0.0,0.0
liquidity + volume_usd + holders,"liquidity,volume_usd,holders",2 + 4 + 6,"11,600.81-12,042.9 + 26,969.13-30,982.7 + 144-160",3,1.5749,0.3333,0.0,0.0
liquidity + volume_usd + holders,"liquidity,volume_usd,holders",5 + 5 + 6,"12,788.21-13,271.46 + 31,005.61-35,301.14 + 144-160",3,1.309,0.0,0.0,0.0
liquidity + volume_usd + holders,"liquidity,volume_usd,holders",1 + 2 + 6,"0-11,598.3 + 17,791.49-23,002.15 + 144-160",2,1.636,0.5,0.0,0.0
liquidity + volume_usd + holders,"liquidity,volume_usd,holders",4 + 5 + 8,"12,361.67-12,786.19 + 31,005.61-35,301.14 + 178-215",1,2.2719,1.0,0.0,0.0
liquidity + volume_usd + holders,"liquidity,volume_usd,holders",6 + 6 + 9,"13,271.91-14,053.28 + 35,329.38-40,010.01 + 215-292",1,2.2719,1.0,0.0,0.0
liquidity + volume_usd + holders,"liquidity,volume_usd,holders",2 + 1 + 4,"11,600.81-12,042.9 + 5,784.89-17,669 + 116-129",2,1.2041,0.0,0.0,0.0
liquidity + volume_usd + holders,"liquidity,volume_usd,holders",5 + 5 + 5,"12,788.21-13,271.46 + 31,005.61-35,301.14 + 129-143",3,2.0944,0.3333,0.0,0.0
liquidity + volume_usd + holders,"liquidity,volume_usd,holders",8 + 6 + 7,"14,748.13-15,806.44 + 35,329.38-40,010.01 + 160-178",5,2.2753,0.2,0.2,0.0
liquidity + volume_usd + holders,"liquidity,volume_usd,holders",3 + 2 + 1,"12,046.39-12,355.84 + 17,791.49-23,002.15 + 40-85",3,1.5124,0.3333,0.0,0.0
liquidity + volume_usd + holders,"liquidity,volume_usd,holders",6 + 4 + 4,"13,271.91-14,053.28 + 26,969.13-30,982.7 + 116-129",3,3.1957,1.0,0.0,0.0
liquidity + volume_usd + holders,"liquidity,volume_usd,holders",6 + 7 + 9,"13,271.91-14,053.28 + 40,013.6-46,956.43 + 215-292",3,2.251,0.6667,0.0,0.0
liquidity + volume_usd + holders,"liquidity,volume_usd,holders",5 + 3 + 6,"12,788.21-13,271.46 + 23,015.77-26,957.65 + 144-160",2,2.15,0.5,0.0,0.0
liquidity + volume_usd + holders,"liquidity,volume_usd,holders",9 + 7 + 9,"15,815.4-19,926.93 + 40,013.6-46,956.43 + 215-292",5,3.2601,0.2,0.2,0.2
liquidity + volume_usd + holders,"liquidity,volume_usd,holders",4 + 3 + 2,"12,361.67-12,786.19 + 23,015.77-26,957.65 + 85-101",1,39.1238,1.0,1.0,1.0
liquidity + volume_usd + holders,"liquidity,volume_usd,holders",8 + 4 + 2,"14,748.13-15,806.44 + 26,969.13-30,982.7 + 85-101",1,39.1238,1.0,1.0,1.0
liquidity + volume_usd + holders,"liquidity,volume_usd,holders",10 + 9 + 9,"19,982.42+ + 58,815.09-96,139.16 + 215-292",6,8.3712,0.5,0.1667,0.1667
liquidity + volume_usd + holders,"liquidity,volume_usd,holders",2 + 4 + 7,"11,600.81-12,042.9 + 26,969.13-30,982.7 + 160-178",4,2.9636,0.5,0.25,0.0
liquidity + volume_usd + holders,"liquidity,volume_usd,holders",8 + 7 + 9,"14,748.13-15,806.44 + 40,013.6-46,956.43 + 215-292",3,5.0808,1.0,0.6667,0.0
liquidity + volume_usd + holders,"liquidity,volume_usd,holders",7 + 2 + 5,"14,071.35-14,742.63 + 17,791.49-23,002.15 + 129-143",2,3.0978,0.5,0.0,0.0
liquidity + volume_usd + holders,"liquidity,volume_usd,holders",8 + 3 + 6,"14,748.13-15,806.44 + 23,015.77-26,957.65 + 144-160",5,1.9685,0.2,0.0,0.0
liquidity + volume_usd + holders,"liquidity,volume_usd,holders",2 + 4 + 8,"11,600.81-12,042.9 + 26,969.13-30,982.7 + 178-215",1,4.5862,1.0,0.0,0.0
liquidity + volume_usd + holders,"liquidity,volume_usd,holders",7 + 3 + 6,"14,071.35-14,742.63 + 23,015.77-26,957.65 + 144-160",3,2.3533,0.6667,0.0,0.0
liquidity + volume_usd + holders,"liquidity,volume_usd,holders",4 + 7 + 4,"12,361.67-12,786.19 + 40,013.6-46,956.43 + 116-129",3,1.7638,0.0,0.0,0.0
liquidity + volume_usd + holders,"liquidity,volume_usd,holders",4 + 6 + 4,"12,361.67-12,786.19 + 35,329.38-40,010.01 + 116-129",1,1.5072,0.0,0.0,0.0
liquidity + volume_usd + holders,"liquidity,volume_usd,holders",9 + 1 + 1,"15,815.4-19,926.93 + 5,784.89-17,669 + 40-85",11,1.7459,0.2727,0.0,0.0
liquidity + volume_usd + holders,"liquidity,volume_usd,holders",9 + 1 + 2,"15,815.4-19,926.93 + 5,784.89-17,669 + 85-101",3,2.1064,0.6667,0.0,0.0
liquidity + volume_usd + holders,"liquidity,volume_usd,holders",9 + 2 + 2,"15,815.4-19,926.93 + 17,791.49-23,002.15 + 85-101",1,2.5179,1.0,0.0,0.0
liquidity + volume_usd + holders,"liquidity,volume_usd,holders",10 + 4 + 2,"19,982.42+ + 26,969.13-30,982.7 + 85-101",3,14.4546,0.6667,0.3333,0.3333
liquidity + volume_usd + holders,"liquidity,volume_usd,holders",10 + 6 + 5,"19,982.42+ + 35,329.38-40,010.01 + 129-143",1,2.5179,1.0,0.0,0.0
liquidity + volume_usd + holders,"liquidity,volume_usd,holders",10 + 8 + 6,"19,982.42+ + 47,012.32-58,764.49 + 144-160",3,1.5638,0.3333,0.0,0.0
liquidity + volume_usd + holders,"liquidity,volume_usd,holders",10 + 8 + 5,"19,982.42+ + 47,012.32-58,764.49 + 129-143",3,4.227,0.6667,0.3333,0.0
liquidity + volume_usd + holders,"liquidity,volume_usd,holders",7 + 4 + 7,"14,071.35-14,742.63 + 26,969.13-30,982.7 + 160-178",1,2.4574,1.0,0.0,0.0
liquidity + volume_usd + holders,"liquidity,volume_usd,holders",1 + 6 + 9,"0-11,598.3 + 35,329.38-40,010.01 + 215-292",2,1.7287,0.5,0.0,0.0
liquidity + volume_usd + holders,"liquidity,volume_usd,holders",8 + 5 + 6,"14,748.13-15,806.44 + 31,005.61-35,301.14 + 144-160",2,1.036,0.0,0.0,0.0
liquidity + volume_usd + holders,"liquidity,volume_usd,holders",3 + 4 + 8,"12,046.39-12,355.84 + 26,969.13-30,982.7 + 178-215",3,1.1965,0.0,0.0,0.0
liquidity + volume_usd + holders,"liquidity,volume_usd,holders",4 + 3 + 6,"12,361.67-12,786.19 + 23,015.77-26,957.65 + 144-160",2,1.2948,0.0,0.0,0.0
liquidity + volume_usd + holders,"liquidity,volume_usd,holders",5 + 7 + 6,"12,788.21-13,271.46 + 40,013.6-46,956.43 + 144-160",2,2.1335,0.5,0.0,0.0
liquidity + volume_usd + holders,"liquidity,volume_usd,holders",3 + 1 + 1,"12,046.39-12,355.84 + 5,784.89-17,669 + 40-85",7,2.0137,0.1429,0.1429,0.0
liquidity + volume_usd + holders,"liquidity,volume_usd,holders",5 + 1 + 1,"12,788.21-13,271.46 + 5,784.89-17,669 + 40-85",8,1.6195,0.125,0.0,0.0
liquidity + volume_usd + holders,"liquidity,volume_usd,holders",6 + 6 + 5,"13,271.91-14,053.28 + 35,329.38-40,010.01 + 129-143",1,2.413,1.0,0.0,0.0
liquidity + volume_usd + holders,"liquidity,volume_usd,holders",3 + 5 + 4,"12,046.39-12,355.84 + 31,005.61-35,301.14 + 116-129",5,2.4002,0.6,0.2,0.0
liquidity + volume_usd + holders,"liquidity,volume_usd,holders",7 + 7 + 7,"14,071.35-14,742.63 + 40,013.6-46,956.43 + 160-178",4,2.4542,0.5,0.0,0.0
liquidity + volume_usd + holders,"liquidity,volume_usd,holders",9 + 3 + 2,"15,815.4-19,926.93 + 23,015.77-26,957.65 + 85-101",3,14.2128,0.3333,0.3333,0.3333
liquidity + volume_usd + holders,"liquidity,volume_usd,holders",4 + 3 + 3,"12,361.67-12,786.19 + 23,015.77-26,957.65 + 101-116",6,3.08,0.3333,0.1667,0.1667
liquidity + volume_usd + holders,"liquidity,volume_usd,holders",5 + 4 + 7,"12,788.21-13,271.46 + 26,969.13-30,982.7 + 160-178",2,1.709,0.0,0.0,0.0
liquidity + volume_usd + holders,"liquidity,volume_usd,holders",8 + 5 + 8,"14,748.13-15,806.44 + 31,005.61-35,301.14 + 178-215",2,8.157,0.5,0.5,0.5
liquidity + volume_usd + holders,"liquidity,volume_usd,holders",1 + 7 + 4,"0-11,598.3 + 40,013.6-46,956.43 + 116-129",3,1.1117,0.0,0.0,0.0
liquidity + volume_usd + holders,"liquidity,volume_usd,holders",6 + 8 + 5,"13,271.91-14,053.28 + 47,012.32-58,764.49 + 129-143",1,1.3352,0.0,0.0,0.0
liquidity + volume_usd + holders,"liquidity,volume_usd,holders",6 + 8 + 7,"13,271.91-14,053.28 + 47,012.32-58,764.49 + 160-178",3,1.7097,0.3333,0.0,0.0
liquidity + volume_usd + holders,"liquidity,volume_usd,holders",4 + 7 + 7,"12,361.67-12,786.19 + 40,013.6-46,956.43 + 160-178",7,3.3523,0.5714,0.4286,0.0
liquidity + volume_usd + holders,"liquidity,volume_usd,holders",6 + 1 + 2,"13,271.91-14,053.28 + 5,784.89-17,669 + 85-101",5,4.1214,0.4,0.2,0.2
liquidity + volume_usd + holders,"liquidity,volume_usd,holders",9 + 2 + 3,"15,815.4-19,926.93 + 17,791.49-23,002.15 + 101-116",2,1.0385,0.0,0.0,0.0
liquidity + volume_usd + holders,"liquidity,volume_usd,holders",6 + 1 + 4,"13,271.91-14,053.28 + 5,784.89-17,669 + 116-129",2,8.2168,1.0,0.5,0.5
liquidity + volume_usd + holders,"liquidity,volume_usd,holders",7 + 4 + 8,"14,071.35-14,742.63 + 26,969.13-30,982.7 + 178-215",3,1.1142,0.0,0.0,0.0
liquidity + volume_usd + holders,"liquidity,volume_usd,holders",9 + 8 + 10,"15,815.4-19,926.93 + 47,012.32-58,764.49 + 296+",1,1.0,0.0,0.0,0.0
liquidity + volume_usd + holders,"liquidity,volume_usd,holders",5 + 8 + 8,"12,788.21-13,271.46 + 47,012.32-58,764.49 + 178-215",6,3.3879,0.6667,0.1667,0.0
liquidity + volume_usd + holders,"liquidity,volume_usd,holders",7 + 8 + 9,"14,071.35-14,742.63 + 47,012.32-58,764.49 + 215-292",9,2.2233,0.4444,0.1111,0.0
liquidity + volume_usd + holders,"liquidity,volume_usd,holders",2 + 6 + 2,"11,600.81-12,042.9 + 35,329.38-40,010.01 + 85-101",2,1.1187,0.0,0.0,0.0
liquidity + volume_usd + holders,"liquidity,volume_usd,holders",1 + 2 + 4,"0-11,598.3 + 17,791.49-23,002.15 + 116-129",1,1.1488,0.0,0.0,0.0
liquidity + volume_usd + holders,"liquidity,volume_usd,holders",3 + 5 + 5,"12,046.39-12,355.84 + 31,005.61-35,301.14 + 129-143",4,2.1576,0.5,0.0,0.0
liquidity + volume_usd + holders,"liquidity,volume_usd,holders",7 + 6 + 6,"14,071.35-14,742.63 + 35,329.38-40,010.01 + 144-160",3,2.2751,0.6667,0.0,0.0
liquidity + volume_usd + holders,"liquidity,volume_usd,holders",7 + 8 + 8,"14,071.35-14,742.63 + 47,012.32-58,764.49 + 178-215",8,2.1864,0.625,0.0,0.0
liquidity + volume_usd + holders,"liquidity,volume_usd,holders",7 + 9 + 9,"14,071.35-14,742.63 + 58,815.09-96,139.16 + 215-292",8,2.7024,0.5,0.125,0.0
liquidity + volume_usd + holders,"liquidity,volume_usd,holders",9 + 6 + 4,"15,815.4-19,926.93 + 35,329.38-40,010.01 + 116-129",2,1.0,0.0,0.0,0.0
liquidity + volume_usd + holders,"liquidity,volume_usd,holders",8 + 8 + 8,"14,748.13-15,806.44 + 47,012.32-58,764.49 + 178-215",7,3.2692,0.7143,0.1429,0.0
liquidity + volume_usd + holders,"liquidity,volume_usd,holders",6 + 2 + 4,"13,271.91-14,053.28 + 17,791.49-23,002.15 + 116-129",2,1.574,0.0,0.0,0.0
liquidity + volume_usd + holders,"liquidity,volume_usd,holders",6 + 3 + 4,"13,271.91-14,053.28 + 23,015.77-26,957.65 + 116-129",3,1.4252,0.0,0.0,0.0
liquidity + volume_usd + holders,"liquidity,volume_usd,holders",4 + 8 + 6,"12,361.67-12,786.19 + 47,012.32-58,764.49 + 144-160",1,1.914,0.0,0.0,0.0
liquidity + volume_usd + holders,"liquidity,volume_usd,holders",2 + 6 + 8,"11,600.81-12,042.9 + 35,329.38-40,010.01 + 178-215",2,4.767,1.0,0.5,0.0
liquidity + volume_usd + holders,"liquidity,volume_usd,holders",7 + 7 + 9,"14,071.35-14,742.63 + 40,013.6-46,956.43 + 215-292",4,7.3994,1.0,0.75,0.25
liquidity + volume_usd + holders,"liquidity,volume_usd,holders",6 + 4 + 6,"13,271.91-14,053.28 + 26,969.13-30,982.7 + 144-160",2,1.5112,0.5,0.0,0.0
liquidity + volume_usd + holders,"liquidity,volume_usd,holders",7 + 5 + 7,"14,071.35-14,742.63 + 31,005.61-35,301.14 + 160-178",3,2.6601,1.0,0.0,0.0
liquidity + volume_usd + holders,"liquidity,volume_usd,holders",2 + 5 + 2,"11,600.81-12,042.9 + 31,005.61-35,301.14 + 85-101",3,3.0387,0.6667,0.0,0.0
liquidity + volume_usd + holders,"liquidity,volume_usd,holders",3 + 6 + 2,"12,046.39-12,355.84 + 35,329.38-40,010.01 + 85-101",1,4.1053,1.0,0.0,0.0
liquidity + volume_usd + holders,"liquidity,volume_usd,holders",6 + 7 + 2,"13,271.91-14,053.28 + 40,013.6-46,956.43 + 85-101",1,4.1053,1.0,0.0,0.0
liquidity + volume_usd + holders,"liquidity,volume_usd,holders",10 + 10 + 7,"19,982.42+ + 96,643.19+ + 160-178",3,3.7233,0.6667,0.3333,0.0
liquidity + volume_usd + holders,"liquidity,volume_usd,holders",9 + 10 + 9,"15,815.4-19,926.93 + 96,643.19+ + 215-292",3,2.4558,0.6667,0.0,0.0
liquidity + volume_usd + holders,"liquidity,volume_usd,holders",2 + 1 + 1,"11,600.81-12,042.9 + 5,784.89-17,669 + 40-85",10,1.6707,0.2,0.1,0.0
liquidity + volume_usd + holders,"liquidity,volume_usd,holders",10 + 5 + 1,"19,982.42+ + 31,005.61-35,301.14 + 40-85",1,9.1632,1.0,1.0,0.0
liquidity + volume_usd + holders,"liquidity,volume_usd,holders",10 + 6 + 1,"19,982.42+ + 35,329.38-40,010.01 + 40-85",2,5.0866,0.5,0.5,0.0
liquidity + volume_usd + holders,"liquidity,volume_usd,holders",10 + 8 + 2,"19,982.42+ + 47,012.32-58,764.49 + 85-101",1,9.1632,1.0,1.0,0.0
liquidity + volume_usd + holders,"liquidity,volume_usd,holders",10 + 10 + 9,"19,982.42+ + 96,643.19+ + 215-292",12,8.8733,1.0,0.5833,0.1667
liquidity + volume_usd + holders,"liquidity,volume_usd,holders",3 + 6 + 7,"12,046.39-12,355.84 + 35,329.38-40,010.01 + 160-178",4,3.7365,0.5,0.5,0.0
liquidity + volume_usd + holders,"liquidity,volume_usd,holders",2 + 2 + 3,"11,600.81-12,042.9 + 17,791.49-23,002.15 + 101-116",5,1.5839,0.4,0.0,0.0
liquidity + volume_usd + holders,"liquidity,volume_usd,holders",6 + 5 + 5,"13,271.91-14,053.28 + 31,005.61-35,301.14 + 129-143",2,1.7373,0.5,0.0,0.0
liquidity + volume_usd + holders,"liquidity,volume_usd,holders",8 + 9 + 7,"14,748.13-15,806.44 + 58,815.09-96,139.16 + 160-178",5,3.0368,0.6,0.2,0.0
liquidity + volume_usd + holders,"liquidity,volume_usd,holders",1 + 3 + 5,"0-11,598.3 + 23,015.77-26,957.65 + 129-143",2,1.0,0.0,0.0,0.0
liquidity + volume_usd + holders,"liquidity,volume_usd,holders",10 + 5 + 3,"19,982.42+ + 31,005.61-35,301.14 + 101-116",2,2.4797,0.5,0.0,0.0
liquidity + volume_usd + holders,"liquidity,volume_usd,holders",8 + 2 + 1,"14,748.13-15,806.44 + 17,791.49-23,002.15 + 40-85",2,1.1143,0.0,0.0,0.0
liquidity + volume_usd + holders,"liquidity,volume_usd,holders",2 + 6 + 1,"11,600.81-12,042.9 + 35,329.38-40,010.01 + 40-85",1,1.0,0.0,0.0,0.0
liquidity + volume_usd + holders,"liquidity,volume_usd,holders",2 + 2 + 4,"11,600.81-12,042.9 + 17,791.49-23,002.15 + 116-129",2,4.5054,0.5,0.5,0.0
liquidity + volume_usd + holders,"liquidity,volume_usd,holders",7 + 6 + 7,"14,071.35-14,742.63 + 35,329.38-40,010.01 + 160-178",1,7.7785,1.0,1.0,0.0
liquidity + volume_usd + holders,"liquidity,volume_usd,holders",8 + 7 + 8,"14,748.13-15,806.44 + 40,013.6-46,956.43 + 178-215",6,4.8275,0.8333,0.5,0.0
liquidity + volume_usd + holders,"liquidity,volume_usd,holders",3 + 8 + 9,"12,046.39-12,355.84 + 47,012.32-58,764.49 + 215-292",2,6.1644,1.0,0.5,0.0
liquidity + volume_usd + holders,"liquidity,volume_usd,holders",3 + 6 + 5,"12,046.39-12,355.84 + 35,329.38-40,010.01 + 129-143",1,1.0,0.0,0.0,0.0
liquidity + volume_usd + holders,"liquidity,volume_usd,holders",7 + 5 + 2,"14,071.35-14,742.63 + 31,005.61-35,301.14 + 85-101",1,1.0,0.0,0.0,0.0
liquidity + volume_usd + holders,"liquidity,volume_usd,holders",4 + 1 + 1,"12,361.67-12,786.19 + 5,784.89-17,669 + 40-85",5,1.4853,0.4,0.0,0.0
liquidity + volume_usd + holders,"liquidity,volume_usd,holders",9 + 3 + 4,"15,815.4-19,926.93 + 23,015.77-26,957.65 + 116-129",1,2.3325,1.0,0.0,0.0
liquidity + volume_usd + holders,"liquidity,volume_usd,holders",5 + 6 + 7,"12,788.21-13,271.46 + 35,329.38-40,010.01 + 160-178",5,2.2031,0.4,0.0,0.0
liquidity + volume_usd + holders,"liquidity,volume_usd,holders",1 + 5 + 1,"0-11,598.3 + 31,005.61-35,301.14 + 40-85",5,2.0372,0.6,0.0,0.0
liquidity + volume_usd + holders,"liquidity,volume_usd,holders",7 + 8 + 2,"14,071.35-14,742.63 + 47,012.32-58,764.49 + 85-101",1,1.3508,0.0,0.0,0.0
liquidity + volume_usd + holders,"liquidity,volume_usd,holders",7 + 2 + 1,"14,071.35-14,742.63 + 17,791.49-23,002.15 + 40-85",3,1.4628,0.3333,0.0,0.0
liquidity + volume_usd + holders,"liquidity,volume_usd,holders",7 + 7 + 8,"14,071.35-14,742.63 + 40,013.6-46,956.43 + 178-215",6,12.9405,0.6667,0.1667,0.1667
liquidity + volume_usd + holders,"liquidity,volume_usd,holders",9 + 10 + 7,"15,815.4-19,926.93 + 96,643.19+ + 160-178",1,1.0,0.0,0.0,0.0
liquidity + volume_usd + holders,"liquidity,volume_usd,holders",7 + 4 + 3,"14,071.35-14,742.63 + 26,969.13-30,982.7 + 101-116",2,5.7765,0.5,0.5,0.5
liquidity + volume_usd + holders,"liquidity,volume_usd,holders",8 + 7 + 5,"14,748.13-15,806.44 + 40,013.6-46,956.43 + 129-143",2,8.1264,1.0,1.0,0.5
liquidity + volume_usd + holders,"liquidity,volume_usd,holders",9 + 8 + 8,"15,815.4-19,926.93 + 47,012.32-58,764.49 + 178-215",3,4.4736,0.3333,0.3333,0.3333
liquidity + volume_usd + holders,"liquidity,volume_usd,holders",7 + 2 + 4,"14,071.35-14,742.63 + 17,791.49-23,002.15 + 116-129",1,1.0,0.0,0.0,0.0
liquidity + volume_usd + holders,"liquidity,volume_usd,holders",2 + 8 + 8,"11,600.81-12,042.9 + 47,012.32-58,764.49 + 178-215",2,8.189,0.5,0.5,0.5
liquidity + volume_usd + holders,"liquidity,volume_usd,holders",5 + 7 + 7,"12,788.21-13,271.46 + 40,013.6-46,956.43 + 160-178",4,2.1836,0.25,0.0,0.0
liquidity + volume_usd + holders,"liquidity,volume_usd,holders",9 + 5 + 2,"15,815.4-19,926.93 + 31,005.61-35,301.14 + 85-101",2,6.6351,0.5,0.5,0.5
liquidity + volume_usd + holders,"liquidity,volume_usd,holders",9 + 9 + 8,"15,815.4-19,926.93 + 58,815.09-96,139.16 + 178-215",2,7.0178,1.0,0.5,0.5
liquidity + volume_usd + holders,"liquidity,volume_usd,holders",3 + 3 + 2,"12,046.39-12,355.84 + 23,015.77-26,957.65 + 85-101",2,1.1364,0.0,0.0,0.0
liquidity + volume_usd + holders,"liquidity,volume_usd,holders",1 + 7 + 5,"0-11,598.3 + 40,013.6-46,956.43 + 129-143",3,1.2274,0.0,0.0,0.0
liquidity + volume_usd + holders,"liquidity,volume_usd,holders",2 + 9 + 4,"11,600.81-12,042.9 + 58,815.09-96,139.16 + 116-129",1,1.0885,0.0,0.0,0.0
liquidity + volume_usd + holders,"liquidity,volume_usd,holders",2 + 5 + 7,"11,600.81-12,042.9 + 31,005.61-35,301.14 + 160-178",4,1.3955,0.25,0.0,0.0
liquidity + volume_usd + holders,"liquidity,volume_usd,holders",4 + 6 + 8,"12,361.67-12,786.19 + 35,329.38-40,010.01 + 178-215",1,2.3144,1.0,0.0,0.0
liquidity + volume_usd + holders,"liquidity,volume_usd,holders",1 + 9 + 9,"0-11,598.3 + 58,815.09-96,139.16 + 215-292",6,3.6646,0.6667,0.3333,0.0
liquidity + volume_usd + holders,"liquidity,volume_usd,holders",9 + 1 + 3,"15,815.4-19,926.93 + 5,784.89-17,669 + 101-116",1,1.4773,0.0,0.0,0.0
liquidity + volume_usd + holders,"liquidity,volume_usd,holders",10 + 1 + 3,"19,982.42+ + 5,784.89-17,669 + 101-116",1,1.4773,0.0,0.0,0.0
liquidity + volume_usd + holders,"liquidity,volume_usd,holders",10 + 3 + 5,"19,982.42+ + 23,015.77-26,957.65 + 129-143",1,1.4773,0.0,0.0,0.0
liquidity + volume_usd + holders,"liquidity,volume_usd,holders",5 + 8 + 5,"12,788.21-13,271.46 + 47,012.32-58,764.49 + 129-143",2,1.466,0.0,0.0,0.0
liquidity + volume_usd + holders,"liquidity,volume_usd,holders",7 + 8 + 7,"14,071.35-14,742.63 + 47,012.32-58,764.49 + 160-178",3,1.6127,0.0,0.0,0.0
liquidity + volume_usd + holders,"liquidity,volume_usd,holders",4 + 9 + 7,"12,361.67-12,786.19 + 58,815.09-96,139.16 + 160-178",4,1.9374,0.5,0.0,0.0
liquidity + volume_usd + holders,"liquidity,volume_usd,holders",6 + 9 + 7,"13,271.91-14,053.28 + 58,815.09-96,139.16 + 160-178",4,4.0977,0.5,0.5,0.0
liquidity + volume_usd + holders,"liquidity,volume_usd,holders",6 + 7 + 8,"13,271.91-14,053.28 + 40,013.6-46,956.43 + 178-215",4,2.0781,0.5,0.0,0.0
liquidity + volume_usd + holders,"liquidity,volume_usd,holders",6 + 5 + 9,"13,271.91-14,053.28 + 31,005.61-35,301.14 + 215-292",1,1.0,0.0,0.0,0.0
liquidity + volume_usd + holders,"liquidity,volume_usd,holders",7 + 9 + 10,"14,071.35-14,742.63 + 58,815.09-96,139.16 + 296+",1,1.0,0.0,0.0,0.0
liquidity + volume_usd + holders,"liquidity,volume_usd,holders",6 + 1 + 1,"13,271.91-14,053.28 + 5,784.89-17,669 + 40-85",3,6.3888,0.6667,0.3333,0.3333
liquidity + volume_usd + holders,"liquidity,volume_usd,holders",3 + 7 + 5,"12,046.39-12,355.84 + 40,013.6-46,956.43 + 129-143",1,1.4893,0.0,0.0,0.0
liquidity + volume_usd + holders,"liquidity,volume_usd,holders",1 + 3 + 2,"0-11,598.3 + 23,015.77-26,957.65 + 85-101",4,1.0322,0.0,0.0,0.0
liquidity + volume_usd + holders,"liquidity,volume_usd,holders",4 + 2 + 1,"12,361.67-12,786.19 + 17,791.49-23,002.15 + 40-85",7,1.2656,0.1429,0.0,0.0
liquidity + volume_usd + holders,"liquidity,volume_usd,holders",1 + 3 + 4,"0-11,598.3 + 23,015.77-26,957.65 + 116-129",1,1.0,0.0,0.0,0.0
liquidity + volume_usd + holders,"liquidity,volume_usd,holders",8 + 10 + 10,"14,748.13-15,806.44 + 96,643.19+ + 296+",2,4.2459,0.5,0.5,0.0
liquidity + volume_usd + holders,"liquidity,volume_usd,holders",4 + 1 + 2,"12,361.67-12,786.19 + 5,784.89-17,669 + 85-101",4,5.8277,0.75,0.25,0.25
liquidity + volume_usd + holders,"liquidity,volume_usd,holders",7 + 2 + 6,"14,071.35-14,742.63 + 17,791.49-23,002.15 + 144-160",1,1.0,0.0,0.0,0.0
liquidity + volume_usd + holders,"liquidity,volume_usd,holders",3 + 8 + 2,"12,046.39-12,355.84 + 47,012.32-58,764.49 + 85-101",2,1.3831,0.0,0.0,0.0
liquidity + volume_usd + holders,"liquidity,volume_usd,holders",7 + 9 + 5,"14,071.35-14,742.63 + 58,815.09-96,139.16 + 129-143",4,18.0539,0.5,0.25,0.25
liquidity + volume_usd + holders,"liquidity,volume_usd,holders",4 + 2 + 3,"12,361.67-12,786.19 + 17,791.49-23,002.15 + 101-116",5,1.0669,0.0,0.0,0.0
liquidity + volume_usd + holders,"liquidity,volume_usd,holders",5 + 2 + 6,"12,788.21-13,271.46 + 17,791.49-23,002.15 + 144-160",1,1.0,0.0,0.0,0.0
liquidity + volume_usd + holders,"liquidity,volume_usd,holders",3 + 7 + 4,"12,046.39-12,355.84 + 40,013.6-46,956.43 + 116-129",3,1.9689,0.6667,0.0,0.0
liquidity + volume_usd + holders,"liquidity,volume_usd,holders",6 + 10 + 10,"13,271.91-14,053.28 + 96,643.19+ + 296+",1,7.4817,1.0,1.0,0.0
liquidity + volume_usd + holders,"liquidity,volume_usd,holders",3 + 7 + 7,"12,046.39-12,355.84 + 40,013.6-46,956.43 + 160-178",3,1.3655,0.3333,0.0,0.0
liquidity + volume_usd + holders,"liquidity,volume_usd,holders",5 + 2 + 4,"12,788.21-13,271.46 + 17,791.49-23,002.15 + 116-129",3,1.1887,0.0,0.0,0.0
liquidity + volume_usd + holders,"liquidity,volume_usd,holders",1 + 4 + 7,"0-11,598.3 + 26,969.13-30,982.7 + 160-178",1,1.9725,0.0,0.0,0.0
liquidity + volume_usd + holders,"liquidity,volume_usd,holders",1 + 7 + 7,"0-11,598.3 + 40,013.6-46,956.43 + 160-178",4,2.1351,0.25,0.0,0.0
liquidity + volume_usd + holders,"liquidity,volume_usd,holders",1 + 3 + 3,"0-11,598.3 + 23,015.77-26,957.65 + 101-116",2,1.4351,0.0,0.0,0.0
liquidity + volume_usd + holders,"liquidity,volume_usd,holders",1 + 4 + 3,"0-11,598.3 + 26,969.13-30,982.7 + 101-116",3,1.4159,0.0,0.0,0.0
liquidity + volume_usd + holders,"liquidity,volume_usd,holders",2 + 5 + 3,"11,600.81-12,042.9 + 31,005.61-35,301.14 + 101-116",3,1.9265,0.3333,0.0,0.0
liquidity + volume_usd + holders,"liquidity,volume_usd,holders",4 + 7 + 5,"12,361.67-12,786.19 + 40,013.6-46,956.43 + 129-143",2,1.1769,0.0,0.0,0.0
liquidity + volume_usd + holders,"liquidity,volume_usd,holders",5 + 8 + 6,"12,788.21-13,271.46 + 47,012.32-58,764.49 + 144-160",3,1.5072,0.3333,0.0,0.0
liquidity + volume_usd + holders,"liquidity,volume_usd,holders",10 + 8 + 4,"19,982.42+ + 47,012.32-58,764.49 + 116-129",1,1.0143,0.0,0.0,0.0
liquidity + volume_usd + holders,"liquidity,volume_usd,holders",3 + 2 + 5,"12,046.39-12,355.84 + 17,791.49-23,002.15 + 129-143",4,4.6451,0.5,0.5,0.0
liquidity + volume_usd + holders,"liquidity,volume_usd,holders",4 + 3 + 7,"12,361.67-12,786.19 + 23,015.77-26,957.65 + 160-178",1,5.2757,1.0,1.0,0.0
liquidity + volume_usd + holders,"liquidity,volume_usd,holders",3 + 4 + 4,"12,046.39-12,355.84 + 26,969.13-30,982.7 + 116-129",6,1.2531,0.0,0.0,0.0
liquidity + volume_usd + holders,"liquidity,volume_usd,holders",2 + 9 + 7,"11,600.81-12,042.9 + 58,815.09-96,139.16 + 160-178",2,1.9176,0.5,0.0,0.0
liquidity + volume_usd + holders,"liquidity,volume_usd,holders",4 + 9 + 6,"12,361.67-12,786.19 + 58,815.09-96,139.16 + 144-160",1,1.0,0.0,0.0,0.0
liquidity + volume_usd + holders,"liquidity,volume_usd,holders",1 + 8 + 9,"0-11,598.3 + 47,012.32-58,764.49 + 215-292",2,2.4778,1.0,0.0,0.0
liquidity + volume_usd + holders,"liquidity,volume_usd,holders",8 + 6 + 8,"14,748.13-15,806.44 + 35,329.38-40,010.01 + 178-215",6,7.5011,0.8333,0.3333,0.1667
liquidity + volume_usd + holders,"liquidity,volume_usd,holders",8 + 3 + 2,"14,748.13-15,806.44 + 23,015.77-26,957.65 + 85-101",2,1.0,0.0,0.0,0.0
liquidity + volume_usd + holders,"liquidity,volume_usd,holders",8 + 3 + 3,"14,748.13-15,806.44 + 23,015.77-26,957.65 + 101-116",3,1.3354,0.3333,0.0,0.0
liquidity + volume_usd + holders,"liquidity,volume_usd,holders",8 + 4 + 6,"14,748.13-15,806.44 + 26,969.13-30,982.7 + 144-160",2,3.3575,1.0,0.0,0.0
liquidity + volume_usd + holders,"liquidity,volume_usd,holders",2 + 7 + 8,"11,600.81-12,042.9 + 40,013.6-46,956.43 + 178-215",3,1.8356,0.3333,0.0,0.0
liquidity + volume_usd + holders,"liquidity,volume_usd,holders",3 + 3 + 5,"12,046.39-12,355.84 + 23,015.77-26,957.65 + 129-143",2,4.951,1.0,0.5,0.0
liquidity + volume_usd + holders,"liquidity,volume_usd,holders",7 + 6 + 8,"14,071.35-14,742.63 + 35,329.38-40,010.01 + 178-215",6,3.8508,0.6667,0.3333,0.0
liquidity + volume_usd + holders,"liquidity,volume_usd,holders",2 + 3 + 3,"11,600.81-12,042.9 + 23,015.77-26,957.65 + 101-116",5,1.7716,0.4,0.0,0.0
liquidity + volume_usd + holders,"liquidity,volume_usd,holders",6 + 5 + 6,"13,271.91-14,053.28 + 31,005.61-35,301.14 + 144-160",2,2.7817,0.5,0.0,0.0
liquidity + volume_usd + holders,"liquidity,volume_usd,holders",3 + 3 + 3,"12,046.39-12,355.84 + 23,015.77-26,957.65 + 101-116",2,1.3884,0.0,0.0,0.0
liquidity + volume_usd + holders,"liquidity,volume_usd,holders",4 + 5 + 4,"12,361.67-12,786.19 + 31,005.61-35,301.14 + 116-129",3,1.3237,0.0,0.0,0.0
liquidity + volume_usd + holders,"liquidity,volume_usd,holders",4 + 6 + 6,"12,361.67-12,786.19 + 35,329.38-40,010.01 + 144-160",3,2.0726,0.3333,0.0,0.0
liquidity + volume_usd + holders,"liquidity,volume_usd,holders",7 + 9 + 8,"14,071.35-14,742.63 + 58,815.09-96,139.16 + 178-215",2,1.0,0.0,0.0,0.0
liquidity + volume_usd + holders,"liquidity,volume_usd,holders",9 + 7 + 6,"15,815.4-19,926.93 + 40,013.6-46,956.43 + 144-160",1,1.0,0.0,0.0,0.0
liquidity + volume_usd + holders,"liquidity,volume_usd,holders",1 + 5 + 4,"0-11,598.3 + 31,005.61-35,301.14 + 116-129",4,1.6512,0.25,0.0,0.0
liquidity + volume_usd + holders,"liquidity,volume_usd,holders",2 + 4 + 4,"11,600.81-12,042.9 + 26,969.13-30,982.7 + 116-129",4,1.5621,0.25,0.0,0.0
liquidity + volume_usd + holders,"liquidity,volume_usd,holders",3 + 9 + 9,"12,046.39-12,355.84 + 58,815.09-96,139.16 + 215-292",1,2.6883,1.0,0.0,0.0
liquidity + volume_usd + holders,"liquidity,volume_usd,holders",5 + 7 + 8,"12,788.21-13,271.46 + 40,013.6-46,956.43 + 178-215",5,2.3305,0.4,0.2,0.0
liquidity + volume_usd + holders,"liquidity,volume_usd,holders",1 + 8 + 6,"0-11,598.3 + 47,012.32-58,764.49 + 144-160",3,1.0,0.0,0.0,0.0
liquidity + volume_usd + holders,"liquidity,volume_usd,holders",5 + 6 + 5,"12,788.21-13,271.46 + 35,329.38-40,010.01 + 129-143",4,1.4546,0.0,0.0,0.0
liquidity + volume_usd + holders,"liquidity,volume_usd,holders",8 + 8 + 6,"14,748.13-15,806.44 + 47,012.32-58,764.49 + 144-160",2,1.8059,0.5,0.0,0.0
liquidity + volume_usd + holders,"liquidity,volume_usd,holders",2 + 5 + 6,"11,600.81-12,042.9 + 31,005.61-35,301.14 + 144-160",2,1.0731,0.0,0.0,0.0
liquidity + volume_usd + holders,"liquidity,volume_usd,holders",2 + 6 + 3,"11,600.81-12,042.9 + 35,329.38-40,010.01 + 101-116",1,1.2548,0.0,0.0,0.0
liquidity + volume_usd + holders,"liquidity,volume_usd,holders",5 + 6 + 4,"12,788.21-13,271.46 + 35,329.38-40,010.01 + 116-129",3,1.4546,0.3333,0.0,0.0
liquidity + volume_usd + holders,"liquidity,volume_usd,holders",2 + 2 + 2,"11,600.81-12,042.9 + 17,791.49-23,002.15 + 85-101",6,1.8893,0.1667,0.1667,0.0
liquidity + volume_usd + holders,"liquidity,volume_usd,holders",6 + 6 + 6,"13,271.91-14,053.28 + 35,329.38-40,010.01 + 144-160",5,1.3263,0.0,0.0,0.0
liquidity + volume_usd + holders,"liquidity,volume_usd,holders",6 + 7 + 6,"13,271.91-14,053.28 + 40,013.6-46,956.43 + 144-160",3,1.7647,0.3333,0.0,0.0
liquidity + volume_usd + holders,"liquidity,volume_usd,holders",7 + 7 + 3,"14,071.35-14,742.63 + 40,013.6-46,956.43 + 101-116",1,3.2941,1.0,0.0,0.0
liquidity + volume_usd + holders,"liquidity,volume_usd,holders",6 + 6 + 3,"13,271.91-14,053.28 + 35,329.38-40,010.01 + 101-116",2,2.7645,1.0,0.0,0.0
liquidity + volume_usd + holders,"liquidity,volume_usd,holders",6 + 4 + 2,"13,271.91-14,053.28 + 26,969.13-30,982.7 + 85-101",2,2.0858,0.5,0.0,0.0
liquidity + volume_usd + holders,"liquidity,volume_usd,holders",2 + 7 + 6,"11,600.81-12,042.9 + 40,013.6-46,956.43 + 144-160",4,1.7342,0.25,0.0,0.0
liquidity + volume_usd + holders,"liquidity,volume_usd,holders",4 + 2 + 6,"12,361.67-12,786.19 + 17,791.49-23,002.15 + 144-160",1,1.0,0.0,0.0,0.0
liquidity + volume_usd + holders,"liquidity,volume_usd,holders",6 + 4 + 8,"13,271.91-14,053.28 + 26,969.13-30,982.7 + 178-215",3,1.0915,0.0,0.0,0.0
liquidity + volume_usd + holders,"liquidity,volume_usd,holders",1 + 6 + 7,"0-11,598.3 + 35,329.38-40,010.01 + 160-178",2,1.0,0.0,0.0,0.0
liquidity + volume_usd + holders,"liquidity,volume_usd,holders",4 + 5 + 6,"12,361.67-12,786.19 + 31,005.61-35,301.14 + 144-160",5,5.4034,0.8,0.6,0.2
liquidity + volume_usd + holders,"liquidity,volume_usd,holders",4 + 5 + 7,"12,361.67-12,786.19 + 31,005.61-35,301.14 + 160-178",2,4.0489,0.5,0.5,0.0
liquidity + volume_usd + holders,"liquidity,volume_usd,holders",7 + 8 + 4,"14,071.35-14,742.63 + 47,012.32-58,764.49 + 116-129",1,1.0,0.0,0.0,0.0
liquidity + volume_usd + holders,"liquidity,volume_usd,holders",3 + 1 + 4,"12,046.39-12,355.84 + 5,784.89-17,669 + 116-129",3,11.0035,0.3333,0.3333,0.3333
liquidity + volume_usd + holders,"liquidity,volume_usd,holders",3 + 5 + 7,"12,046.39-12,355.84 + 31,005.61-35,301.14 + 160-178",2,2.0332,0.5,0.0,0.0
liquidity + volume_usd + holders,"liquidity,volume_usd,holders",2 + 3 + 2,"11,600.81-12,042.9 + 23,015.77-26,957.65 + 85-101",2,3.9749,0.5,0.5,0.0
liquidity + volume_usd + holders,"liquidity,volume_usd,holders",7 + 6 + 5,"14,071.35-14,742.63 + 35,329.38-40,010.01 + 129-143",3,2.5903,0.6667,0.0,0.0
liquidity + volume_usd + holders,"liquidity,volume_usd,holders",1 + 1 + 4,"0-11,598.3 + 5,784.89-17,669 + 116-129",1,5.6997,1.0,1.0,0.0
liquidity + volume_usd + holders,"liquidity,volume_usd,holders",5 + 8 + 7,"12,788.21-13,271.46 + 47,012.32-58,764.49 + 160-178",3,2.6447,0.3333,0.3333,0.0
liquidity + volume_usd + holders,"liquidity,volume_usd,holders",3 + 8 + 5,"12,046.39-12,355.84 + 47,012.32-58,764.49 + 129-143",1,1.55,0.0,0.0,0.0
liquidity + volume_usd + holders,"liquidity,volume_usd,holders",3 + 3 + 1,"12,046.39-12,355.84 + 23,015.77-26,957.65 + 40-85",1,1.0,0.0,0.0,0.0
liquidity + volume_usd + holders,"liquidity,volume_usd,holders",9 + 6 + 6,"15,815.4-19,926.93 + 35,329.38-40,010.01 + 144-160",1,2.7261,1.0,0.0,0.0
liquidity + volume_usd + holders,"liquidity,volume_usd,holders",4 + 3 + 1,"12,361.67-12,786.19 + 23,015.77-26,957.65 + 40-85",5,1.1518,0.0,0.0,0.0
liquidity + volume_usd + holders,"liquidity,volume_usd,holders",10 + 1 + 1,"19,982.42+ + 5,784.89-17,669 + 40-85",3,1.0,0.0,0.0,0.0
liquidity + volume_usd + holders,"liquidity,volume_usd,holders",6 + 7 + 3,"13,271.91-14,053.28 + 40,013.6-46,956.43 + 101-116",1,3.9103,1.0,0.0,0.0
liquidity + volume_usd + holders,"liquidity,volume_usd,holders",7 + 6 + 2,"14,071.35-14,742.63 + 35,329.38-40,010.01 + 85-101",1,3.9103,1.0,0.0,0.0
liquidity + volume_usd + holders,"liquidity,volume_usd,holders",5 + 6 + 9,"12,788.21-13,271.46 + 35,329.38-40,010.01 + 215-292",2,1.9699,0.5,0.0,0.0
liquidity + volume_usd + holders,"liquidity,volume_usd,holders",7 + 2 + 3,"14,071.35-14,742.63 + 17,791.49-23,002.15 + 101-116",2,17.0091,1.0,0.5,0.5
liquidity + volume_usd + holders,"liquidity,volume_usd,holders",5 + 3 + 7,"12,788.21-13,271.46 + 23,015.77-26,957.65 + 160-178",2,17.3774,1.0,1.0,1.0
liquidity + volume_usd + holders,"liquidity,volume_usd,holders",3 + 5 + 6,"12,046.39-12,355.84 + 31,005.61-35,301.14 + 144-160",2,1.0016,0.0,0.0,0.0
liquidity + volume_usd + holders,"liquidity,volume_usd,holders",3 + 9 + 4,"12,046.39-12,355.84 + 58,815.09-96,139.16 + 116-129",1,1.0526,0.0,0.0,0.0
liquidity + volume_usd + holders,"liquidity,volume_usd,holders",1 + 8 + 8,"0-11,598.3 + 47,012.32-58,764.49 + 178-215",2,3.6087,0.5,0.5,0.0
liquidity + volume_usd + holders,"liquidity,volume_usd,holders",2 + 2 + 7,"11,600.81-12,042.9 + 17,791.49-23,002.15 + 160-178",2,16.0053,0.5,0.5,0.5
liquidity + volume_usd + holders,"liquidity,volume_usd,holders",5 + 2 + 3,"12,788.21-13,271.46 + 17,791.49-23,002.15 + 101-116",2,1.8233,0.5,0.0,0.0
liquidity + volume_usd + holders,"liquidity,volume_usd,holders",1 + 9 + 10,"0-11,598.3 + 58,815.09-96,139.16 + 296+",1,2.5041,1.0,0.0,0.0
liquidity + volume_usd + holders,"liquidity,volume_usd,holders",7 + 3 + 3,"14,071.35-14,742.63 + 23,015.77-26,957.65 + 101-116",1,2.0819,1.0,0.0,0.0
liquidity + volume_usd + holders,"liquidity,volume_usd,holders",6 + 4 + 7,"13,271.91-14,053.28 + 26,969.13-30,982.7 + 160-178",4,4.5476,0.25,0.25,0.25
liquidity + volume_usd + holders,"liquidity,volume_usd,holders",7 + 1 + 2,"14,071.35-14,742.63 + 5,784.89-17,669 + 85-101",2,4.2386,0.5,0.5,0.0
liquidity + volume_usd + holders,"liquidity,volume_usd,holders",8 + 4 + 7,"14,748.13-15,806.44 + 26,969.13-30,982.7 + 160-178",1,1.0,0.0,0.0,0.0
liquidity + volume_usd + holders,"liquidity,volume_usd,holders",9 + 6 + 9,"15,815.4-19,926.93 + 35,329.38-40,010.01 + 215-292",1,1.0,0.0,0.0,0.0
liquidity + volume_usd + holders,"liquidity,volume_usd,holders",7 + 9 + 7,"14,071.35-14,742.63 + 58,815.09-96,139.16 + 160-178",2,1.5561,0.5,0.0,0.0
liquidity + volume_usd + holders,"liquidity,volume_usd,holders",5 + 9 + 7,"12,788.21-13,271.46 + 58,815.09-96,139.16 + 160-178",1,1.9365,0.0,0.0,0.0
liquidity + volume_usd + holders,"liquidity,volume_usd,holders",6 + 5 + 4,"13,271.91-14,053.28 + 31,005.61-35,301.14 + 116-129",4,1.7567,0.5,0.0,0.0
liquidity + volume_usd + holders,"liquidity,volume_usd,holders",8 + 6 + 6,"14,748.13-15,806.44 + 35,329.38-40,010.01 + 144-160",1,2.4413,1.0,0.0,0.0
liquidity + volume_usd + holders,"liquidity,volume_usd,holders",2 + 8 + 9,"11,600.81-12,042.9 + 47,012.32-58,764.49 + 215-292",4,7.5312,0.75,0.5,0.25
liquidity + volume_usd + holders,"liquidity,volume_usd,holders",10 + 2 + 1,"19,982.42+ + 17,791.49-23,002.15 + 40-85",3,1.3787,0.0,0.0,0.0
liquidity + volume_usd + holders,"liquidity,volume_usd,holders",8 + 5 + 4,"14,748.13-15,806.44 + 31,005.61-35,301.14 + 116-129",1,1.0,0.0,0.0,0.0
liquidity + volume_usd + holders,"liquidity,volume_usd,holders",5 + 3 + 3,"12,788.21-13,271.46 + 23,015.77-26,957.65 + 101-116",1,1.0,0.0,0.0,0.0
liquidity + volume_usd + holders,"liquidity,volume_usd,holders",7 + 1 + 1,"14,071.35-14,742.63 + 5,784.89-17,669 + 40-85",3,1.0701,0.0,0.0,0.0
liquidity + volume_usd + holders,"liquidity,volume_usd,holders",2 + 8 + 5,"11,600.81-12,042.9 + 47,012.32-58,764.49 + 129-143",1,2.2965,1.0,0.0,0.0
liquidity + volume_usd + holders,"liquidity,volume_usd,holders",8 + 10 + 8,"14,748.13-15,806.44 + 96,643.19+ + 178-215",2,2.0517,0.5,0.0,0.0
liquidity + volume_usd + holders,"liquidity,volume_usd,holders",1 + 2 + 5,"0-11,598.3 + 17,791.49-23,002.15 + 129-143",1,1.0,0.0,0.0,0.0
liquidity + volume_usd + holders,"liquidity,volume_usd,holders",1 + 6 + 8,"0-11,598.3 + 35,329.38-40,010.01 + 178-215",1,6.1727,1.0,1.0,0.0
liquidity + volume_usd + holders,"liquidity,volume_usd,holders",5 + 6 + 3,"12,788.21-13,271.46 + 35,329.38-40,010.01 + 101-116",2,1.3943,0.0,0.0,0.0
liquidity + volume_usd + holders,"liquidity,volume_usd,holders",1 + 9 + 7,"0-11,598.3 + 58,815.09-96,139.16 + 160-178",1,1.3774,0.0,0.0,0.0
liquidity + volume_usd + holders,"liquidity,volume_usd,holders",1 + 1 + 10,"0-11,598.3 + 5,784.89-17,669 + 296+",1,5.7909,1.0,1.0,0.0
liquidity + volume_usd + holders,"liquidity,volume_usd,holders",3 + 5 + 1,"12,046.39-12,355.84 + 31,005.61-35,301.14 + 40-85",1,3.0453,1.0,0.0,0.0
liquidity + volume_usd + holders,"liquidity,volume_usd,holders",10 + 9 + 5,"19,982.42+ + 58,815.09-96,139.16 + 129-143",1,3.0453,1.0,0.0,0.0
liquidity + volume_usd + holders,"liquidity,volume_usd,holders",5 + 9 + 10,"12,788.21-13,271.46 + 58,815.09-96,139.16 + 296+",2,2.3124,0.5,0.0,0.0
liquidity + volume_usd + holders,"liquidity,volume_usd,holders",8 + 6 + 3,"14,748.13-15,806.44 + 35,329.38-40,010.01 + 101-116",1,1.0091,0.0,0.0,0.0
liquidity + volume_usd + holders,"liquidity,volume_usd,holders",2 + 7 + 3,"11,600.81-12,042.9 + 40,013.6-46,956.43 + 101-116",1,1.0,0.0,0.0,0.0
liquidity + volume_usd + holders,"liquidity,volume_usd,holders",10 + 9 + 10,"19,982.42+ + 58,815.09-96,139.16 + 296+",1,5.0632,1.0,1.0,0.0
liquidity + volume_usd + holders,"liquidity,volume_usd,holders",1 + 1 + 3,"0-11,598.3 + 5,784.89-17,669 + 101-116",2,1.0,0.0,0.0,0.0
liquidity + volume_usd + holders,"liquidity,volume_usd,holders",6 + 4 + 1,"13,271.91-14,053.28 + 26,969.13-30,982.7 + 40-85",2,1.0,0.0,0.0,0.0
liquidity + volume_usd + holders,"liquidity,volume_usd,holders",2 + 7 + 4,"11,600.81-12,042.9 + 40,013.6-46,956.43 + 116-129",1,1.0,0.0,0.0,0.0
liquidity + volume_usd + holders,"liquidity,volume_usd,holders",4 + 6 + 7,"12,361.67-12,786.19 + 35,329.38-40,010.01 + 160-178",2,10.786,1.0,1.0,0.5
liquidity + volume_usd + holders,"liquidity,volume_usd,holders",4 + 4 + 6,"12,361.67-12,786.19 + 26,969.13-30,982.7 + 144-160",4,3.5182,0.75,0.25,0.0
liquidity + volume_usd + holders,"liquidity,volume_usd,holders",6 + 3 + 3,"13,271.91-14,053.28 + 23,015.77-26,957.65 + 101-116",5,1.4255,0.4,0.0,0.0
liquidity + volume_usd + holders,"liquidity,volume_usd,holders",9 + 2 + 1,"15,815.4-19,926.93 + 17,791.49-23,002.15 + 40-85",3,2.093,0.3333,0.0,0.0
liquidity + volume_usd + holders,"liquidity,volume_usd,holders",2 + 3 + 1,"11,600.81-12,042.9 + 23,015.77-26,957.65 + 40-85",2,1.0,0.0,0.0,0.0
liquidity + volume_usd + holders,"liquidity,volume_usd,holders",7 + 6 + 1,"14,071.35-14,742.63 + 35,329.38-40,010.01 + 40-85",1,1.0,0.0,0.0,0.0
liquidity + volume_usd + holders,"liquidity,volume_usd,holders",7 + 5 + 4,"14,071.35-14,742.63 + 31,005.61-35,301.14 + 116-129",2,3.9221,0.5,0.5,0.0
liquidity + volume_usd + holders,"liquidity,volume_usd,holders",10 + 10 + 8,"19,982.42+ + 96,643.19+ + 178-215",2,6.0997,0.5,0.5,0.5
liquidity + volume_usd + holders,"liquidity,volume_usd,holders",7 + 4 + 5,"14,071.35-14,742.63 + 26,969.13-30,982.7 + 129-143",2,1.9476,0.5,0.0,0.0
liquidity + volume_usd + holders,"liquidity,volume_usd,holders",2 + 6 + 7,"11,600.81-12,042.9 + 35,329.38-40,010.01 + 160-178",1,1.0,0.0,0.0,0.0
liquidity + volume_usd + holders,"liquidity,volume_usd,holders",7 + 6 + 3,"14,071.35-14,742.63 + 35,329.38-40,010.01 + 101-116",2,2.335,1.0,0.0,0.0
liquidity + volume_usd + holders,"liquidity,volume_usd,holders",8 + 7 + 4,"14,748.13-15,806.44 + 40,013.6-46,956.43 + 116-129",2,2.335,1.0,0.0,0.0
liquidity + volume_usd + holders,"liquidity,volume_usd,holders",9 + 6 + 7,"15,815.4-19,926.93 + 35,329.38-40,010.01 + 160-178",1,4.5609,1.0,0.0,0.0
liquidity + volume_usd + holders,"liquidity,volume_usd,holders",5 + 4 + 8,"12,788.21-13,271.46 + 26,969.13-30,982.7 + 178-215",1,19.865,1.0,1.0,1.0
liquidity + volume_usd + holders,"liquidity,volume_usd,holders",5 + 7 + 5,"12,788.21-13,271.46 + 40,013.6-46,956.43 + 129-143",1,1.0,0.0,0.0,0.0
liquidity + volume_usd + holders,"liquidity,volume_usd,holders",6 + 5 + 3,"13,271.91-14,053.28 + 31,005.61-35,301.14 + 101-116",2,3.5742,0.5,0.5,0.0
liquidity + volume_usd + holders,"liquidity,volume_usd,holders",8 + 5 + 5,"14,748.13-15,806.44 + 31,005.61-35,301.14 + 129-143",4,1.5301,0.25,0.0,0.0
liquidity + volume_usd + holders,"liquidity,volume_usd,holders",9 + 4 + 1,"15,815.4-19,926.93 + 26,969.13-30,982.7 + 40-85",1,1.1978,0.0,0.0,0.0
liquidity + volume_usd + holders,"liquidity,volume_usd,holders",1 + 10 + 8,"0-11,598.3 + 96,643.19+ + 178-215",1,1.0,0.0,0.0,0.0
liquidity + volume_usd + holders,"liquidity,volume_usd,holders",6 + 8 + 8,"13,271.91-14,053.28 + 47,012.32-58,764.49 + 178-215",1,1.0,0.0,0.0,0.0
liquidity + volume_usd + holders,"liquidity,volume_usd,holders",3 + 4 + 1,"12,046.39-12,355.84 + 26,969.13-30,982.7 + 40-85",2,1.3934,0.0,0.0,0.0
liquidity + volume_usd + holders,"liquidity,volume_usd,holders",6 + 3 + 2,"13,271.91-14,053.28 + 23,015.77-26,957.65 + 85-101",2,1.0637,0.0,0.0,0.0
liquidity + volume_usd + holders,"liquidity,volume_usd,holders",10 + 9 + 7,"19,982.42+ + 58,815.09-96,139.16 + 160-178",2,22.0122,1.0,0.5,0.5
liquidity + volume_usd + holders,"liquidity,volume_usd,holders",5 + 1 + 5,"12,788.21-13,271.46 + 5,784.89-17,669 + 129-143",2,2.2771,0.5,0.0,0.0
liquidity + volume_usd + holders,"liquidity,volume_usd,holders",5 + 1 + 6,"12,788.21-13,271.46 + 5,784.89-17,669 + 144-160",1,2.8893,1.0,0.0,0.0
liquidity + volume_usd + holders,"liquidity,volume_usd,holders",4 + 5 + 2,"12,361.67-12,786.19 + 31,005.61-35,301.14 + 85-101",1,1.0,0.0,0.0,0.0
liquidity + volume_usd + holders,"liquidity,volume_usd,holders",4 + 9 + 3,"12,361.67-12,786.19 + 58,815.09-96,139.16 + 101-116",1,2.5881,1.0,0.0,0.0
liquidity + volume_usd + holders,"liquidity,volume_usd,holders",8 + 10 + 5,"14,748.13-15,806.44 + 96,643.19+ + 129-143",1,2.5881,1.0,0.0,0.0
liquidity + volume_usd + holders,"liquidity,volume_usd,holders",8 + 3 + 7,"14,748.13-15,806.44 + 23,015.77-26,957.65 + 160-178",1,1.2103,0.0,0.0,0.0
liquidity + volume_usd + holders,"liquidity,volume_usd,holders",8 + 1 + 3,"14,748.13-15,806.44 + 5,784.89-17,669 + 101-116",1,1.2103,0.0,0.0,0.0
liquidity + volume_usd + holders,"liquidity,volume_usd,holders",4 + 4 + 7,"12,361.67-12,786.19 + 26,969.13-30,982.7 + 160-178",4,2.0222,0.25,0.0,0.0
liquidity + volume_usd + holders,"liquidity,volume_usd,holders",3 + 1 + 6,"12,046.39-12,355.84 + 5,784.89-17,669 + 144-160",1,1.6649,0.0,0.0,0.0
liquidity + volume_usd + holders,"liquidity,volume_usd,holders",7 + 2 + 8,"14,071.35-14,742.63 + 17,791.49-23,002.15 + 178-215",1,1.6649,0.0,0.0,0.0
liquidity + volume_usd + holders,"liquidity,volume_usd,holders",4 + 5 + 1,"12,361.67-12,786.19 + 31,005.61-35,301.14 + 40-85",1,2.0822,1.0,0.0,0.0
liquidity + volume_usd + holders,"liquidity,volume_usd,holders",7 + 8 + 6,"14,071.35-14,742.63 + 47,012.32-58,764.49 + 144-160",2,1.5411,0.5,0.0,0.0
liquidity + volume_usd + holders,"liquidity,volume_usd,holders",5 + 3 + 4,"12,788.21-13,271.46 + 23,015.77-26,957.65 + 116-129",1,1.0,0.0,0.0,0.0
liquidity + volume_usd + holders,"liquidity,volume_usd,holders",9 + 9 + 7,"15,815.4-19,926.93 + 58,815.09-96,139.16 + 160-178",1,2.5373,1.0,0.0,0.0
liquidity + volume_usd + holders,"liquidity,volume_usd,holders",2 + 5 + 8,"11,600.81-12,042.9 + 31,005.61-35,301.14 + 178-215",4,1.3944,0.25,0.0,0.0
liquidity + volume_usd + holders,"liquidity,volume_usd,holders",10 + 8 + 7,"19,982.42+ + 47,012.32-58,764.49 + 160-178",1,1.2026,0.0,0.0,0.0
liquidity + volume_usd + holders,"liquidity,volume_usd,holders",5 + 9 + 5,"12,788.21-13,271.46 + 58,815.09-96,139.16 + 129-143",1,1.5678,0.0,0.0,0.0
liquidity + volume_usd + holders,"liquidity,volume_usd,holders",7 + 10 + 7,"14,071.35-14,742.63 + 96,643.19+ + 160-178",1,1.5678,0.0,0.0,0.0
liquidity + volume_usd + holders,"liquidity,volume_usd,holders",2 + 8 + 6,"11,600.81-12,042.9 + 47,012.32-58,764.49 + 144-160",2,1.9498,0.5,0.0,0.0
liquidity + volume_usd + holders,"liquidity,volume_usd,holders",4 + 7 + 8,"12,361.67-12,786.19 + 40,013.6-46,956.43 + 178-215",2,1.0061,0.0,0.0,0.0
liquidity + volume_usd + holders,"liquidity,volume_usd,holders",1 + 6 + 2,"0-11,598.3 + 35,329.38-40,010.01 + 85-101",1,1.0,0.0,0.0,0.0
liquidity + volume_usd + holders,"liquidity,volume_usd,holders",1 + 9 + 1,"0-11,598.3 + 58,815.09-96,139.16 + 40-85",1,8.9398,1.0,1.0,0.0
liquidity + volume_usd + holders,"liquidity,volume_usd,holders",10 + 4 + 3,"19,982.42+ + 26,969.13-30,982.7 + 101-116",1,3.3495,1.0,0.0,0.0
liquidity + volume_usd + holders,"liquidity,volume_usd,holders",10 + 5 + 5,"19,982.42+ + 31,005.61-35,301.14 + 129-143",1,3.3495,1.0,0.0,0.0
liquidity + volume_usd + holders,"liquidity,volume_usd,holders",10 + 7 + 6,"19,982.42+ + 40,013.6-46,956.43 + 144-160",1,3.3495,1.0,0.0,0.0
liquidity + volume_usd + holders,"liquidity,volume_usd,holders",7 + 5 + 5,"14,071.35-14,742.63 + 31,005.61-35,301.14 + 129-143",2,1.3564,0.0,0.0,0.0
liquidity + volume_usd + holders,"liquidity,volume_usd,holders",7 + 2 + 7,"14,071.35-14,742.63 + 17,791.49-23,002.15 + 160-178",1,1.0,0.0,0.0,0.0
liquidity + volume_usd + holders,"liquidity,volume_usd,holders",3 + 4 + 5,"12,046.39-12,355.84 + 26,969.13-30,982.7 + 129-143",2,4.143,0.5,0.5,0.0
liquidity + volume_usd + holders,"liquidity,volume_usd,holders",2 + 3 + 5,"11,600.81-12,042.9 + 23,015.77-26,957.65 + 129-143",3,1.4003,0.3333,0.0,0.0
liquidity + volume_usd + holders,"liquidity,volume_usd,holders",3 + 3 + 6,"12,046.39-12,355.84 + 23,015.77-26,957.65 + 144-160",1,1.3719,0.0,0.0,0.0
liquidity + volume_usd + holders,"liquidity,volume_usd,holders",9 + 8 + 4,"15,815.4-19,926.93 + 47,012.32-58,764.49 + 116-129",1,3.1375,1.0,0.0,0.0
liquidity + volume_usd + holders,"liquidity,volume_usd,holders",4 + 9 + 10,"12,361.67-12,786.19 + 58,815.09-96,139.16 + 296+",1,12.5679,1.0,1.0,1.0
liquidity + volume_usd + holders,"liquidity,volume_usd,holders",2 + 3 + 8,"11,600.81-12,042.9 + 23,015.77-26,957.65 + 178-215",1,1.0,0.0,0.0,0.0
liquidity + volume_usd + holders,"liquidity,volume_usd,holders",5 + 4 + 5,"12,788.21-13,271.46 + 26,969.13-30,982.7 + 129-143",2,1.0,0.0,0.0,0.0
liquidity + volume_usd + holders,"liquidity,volume_usd,holders",5 + 4 + 6,"12,788.21-13,271.46 + 26,969.13-30,982.7 + 144-160",1,1.6467,0.0,0.0,0.0
liquidity + volume_usd + holders,"liquidity,volume_usd,holders",2 + 7 + 9,"11,600.81-12,042.9 + 40,013.6-46,956.43 + 215-292",2,2.1595,0.5,0.0,0.0
liquidity + volume_usd + holders,"liquidity,volume_usd,holders",10 + 8 + 8,"19,982.42+ + 47,012.32-58,764.49 + 178-215",2,2.5618,0.5,0.0,0.0
liquidity + volume_usd + holders,"liquidity,volume_usd,holders",7 + 3 + 1,"14,071.35-14,742.63 + 23,015.77-26,957.65 + 40-85",1,59.5458,1.0,1.0,1.0
liquidity + volume_usd + holders,"liquidity,volume_usd,holders",9 + 5 + 5,"15,815.4-19,926.93 + 31,005.61-35,301.14 + 129-143",2,31.9323,1.0,0.5,0.5
liquidity + volume_usd + holders,"liquidity,volume_usd,holders",3 + 6 + 8,"12,046.39-12,355.84 + 35,329.38-40,010.01 + 178-215",1,1.0,0.0,0.0,0.0
liquidity + volume_usd + holders,"liquidity,volume_usd,holders",6 + 9 + 10,"13,271.91-14,053.28 + 58,815.09-96,139.16 + 296+",2,1.0,0.0,0.0,0.0
liquidity + volume_usd + holders,"liquidity,volume_usd,holders",5 + 4 + 3,"12,788.21-13,271.46 + 26,969.13-30,982.7 + 101-116",1,1.0,0.0,0.0,0.0
liquidity + volume_usd + holders,"liquidity,volume_usd,holders",3 + 9 + 6,"12,046.39-12,355.84 + 58,815.09-96,139.16 + 144-160",1,1.0,0.0,0.0,0.0
liquidity + volume_usd + holders,"liquidity,volume_usd,holders",6 + 2 + 3,"13,271.91-14,053.28 + 17,791.49-23,002.15 + 101-116",2,1.3751,0.0,0.0,0.0
liquidity + volume_usd + holders,"liquidity,volume_usd,holders",4 + 9 + 8,"12,361.67-12,786.19 + 58,815.09-96,139.16 + 178-215",2,5.0271,0.5,0.5,0.0
liquidity + volume_usd + holders,"liquidity,volume_usd,holders",6 + 2 + 5,"13,271.91-14,053.28 + 17,791.49-23,002.15 + 129-143",2,3.1281,1.0,0.0,0.0
liquidity + volume_usd + holders,"liquidity,volume_usd,holders",1 + 7 + 6,"0-11,598.3 + 40,013.6-46,956.43 + 144-160",1,1.0,0.0,0.0,0.0
liquidity + volume_usd + holders,"liquidity,volume_usd,holders",4 + 4 + 5,"12,361.67-12,786.19 + 26,969.13-30,982.7 + 129-143",1,66.3204,1.0,1.0,1.0
liquidity + volume_usd + holders,"liquidity,volume_usd,holders",9 + 4 + 8,"15,815.4-19,926.93 + 26,969.13-30,982.7 + 178-215",1,66.3204,1.0,1.0,1.0
liquidity + volume_usd + holders,"liquidity,volume_usd,holders",9 + 7 + 8,"15,815.4-19,926.93 + 40,013.6-46,956.43 + 178-215",3,4.2788,0.6667,0.3333,0.0
liquidity + volume_usd + holders,"liquidity,volume_usd,holders",10 + 4 + 1,"19,982.42+ + 26,969.13-30,982.7 + 40-85",1,2.4866,1.0,0.0,0.0
liquidity + volume_usd + holders,"liquidity,volume_usd,holders",4 + 5 + 5,"12,361.67-12,786.19 + 31,005.61-35,301.14 + 129-143",1,1.3602,0.0,0.0,0.0
liquidity + volume_usd + holders,"liquidity,volume_usd,holders",2 + 1 + 6,"11,600.81-12,042.9 + 5,784.89-17,669 + 144-160",1,3.0614,1.0,0.0,0.0
liquidity + volume_usd + holders,"liquidity,volume_usd,holders",5 + 2 + 7,"12,788.21-13,271.46 + 17,791.49-23,002.15 + 160-178",1,3.0614,1.0,0.0,0.0
liquidity + volume_usd + holders,"liquidity,volume_usd,holders",7 + 4 + 9,"14,071.35-14,742.63 + 26,969.13-30,982.7 + 215-292",1,3.0614,1.0,0.0,0.0
liquidity + volume_usd + holders,"liquidity,volume_usd,holders",1 + 7 + 10,"0-11,598.3 + 40,013.6-46,956.43 + 296+",1,3.0614,1.0,0.0,0.0
liquidity + volume_usd + holders,"liquidity,volume_usd,holders",9 + 9 + 5,"15,815.4-19,926.93 + 58,815.09-96,139.16 + 129-143",1,2.0939,1.0,0.0,0.0
liquidity + volume_usd + holders,"liquidity,volume_usd,holders",6 + 2 + 8,"13,271.91-14,053.28 + 17,791.49-23,002.15 + 178-215",1,1.0,0.0,0.0,0.0
liquidity + volume_usd + holders,"liquidity,volume_usd,holders",9 + 6 + 5,"15,815.4-19,926.93 + 35,329.38-40,010.01 + 129-143",1,2.1497,1.0,0.0,0.0
liquidity + volume_usd + holders,"liquidity,volume_usd,holders",4 + 8 + 8,"12,361.67-12,786.19 + 47,012.32-58,764.49 + 178-215",2,1.3215,0.0,0.0,0.0
liquidity + volume_usd + holders,"liquidity,volume_usd,holders",8 + 2 + 2,"14,748.13-15,806.44 + 17,791.49-23,002.15 + 85-101",2,1.3842,0.0,0.0,0.0
liquidity + volume_usd + holders,"liquidity,volume_usd,holders",8 + 10 + 9,"14,748.13-15,806.44 + 96,643.19+ + 215-292",1,2.8342,1.0,0.0,0.0
liquidity + volume_usd + holders,"liquidity,volume_usd,holders",2 + 6 + 5,"11,600.81-12,042.9 + 35,329.38-40,010.01 + 129-143",1,1.5211,0.0,0.0,0.0
liquidity + volume_usd + holders,"liquidity,volume_usd,holders",7 + 7 + 6,"14,071.35-14,742.63 + 40,013.6-46,956.43 + 144-160",2,1.5211,0.0,0.0,0.0
liquidity + volume_usd + holders,"liquidity,volume_usd,holders",8 + 3 + 4,"14,748.13-15,806.44 + 23,015.77-26,957.65 + 116-129",1,2.1817,1.0,0.0,0.0
liquidity + volume_usd + holders,"liquidity,volume_usd,holders",4 + 6 + 2,"12,361.67-12,786.19 + 35,329.38-40,010.01 + 85-101",1,1.0,0.0,0.0,0.0
liquidity + volume_usd + holders,"liquidity,volume_usd,holders",9 + 7 + 5,"15,815.4-19,926.93 + 40,013.6-46,956.43 + 129-143",1,2.0441,1.0,0.0,0.0
liquidity + volume_usd + holders,"liquidity,volume_usd,holders",1 + 6 + 1,"0-11,598.3 + 35,329.38-40,010.01 + 40-85",1,1.0,0.0,0.0,0.0
liquidity + volume_usd + holders,"liquidity,volume_usd,holders",10 + 7 + 3,"19,982.42+ + 40,013.6-46,956.43 + 101-116",1,39.846,1.0,1.0,1.0
liquidity + volume_usd + holders,"liquidity,volume_usd,holders",5 + 1 + 4,"12,788.21-13,271.46 + 5,784.89-17,669 + 116-129",1,2.0016,1.0,0.0,0.0
liquidity + volume_usd + holders,"liquidity,volume_usd,holders",9 + 8 + 7,"15,815.4-19,926.93 + 47,012.32-58,764.49 + 160-178",1,5.4597,1.0,1.0,0.0
liquidity + volume_usd + holders,"liquidity,volume_usd,holders",2 + 1 + 3,"11,600.81-12,042.9 + 5,784.89-17,669 + 101-116",1,1.3441,0.0,0.0,0.0
liquidity + volume_usd + holders,"liquidity,volume_usd,holders",10 + 2 + 5,"19,982.42+ + 17,791.49-23,002.15 + 129-143",1,2.8012,1.0,0.0,0.0
liquidity + volume_usd + holders,"liquidity,volume_usd,holders",10 + 4 + 7,"19,982.42+ + 26,969.13-30,982.7 + 160-178",1,2.8012,1.0,0.0,0.0
liquidity + volume_usd + holders,"liquidity,volume_usd,holders",10 + 6 + 8,"19,982.42+ + 35,329.38-40,010.01 + 178-215",1,2.8012,1.0,0.0,0.0
liquidity + volume_usd + holders,"liquidity,volume_usd,holders",6 + 10 + 8,"13,271.91-14,053.28 + 96,643.19+ + 178-215",1,1.9508,0.0,0.0,0.0
liquidity + volume_usd + holders,"liquidity,volume_usd,holders",8 + 10 + 4,"14,748.13-15,806.44 + 96,643.19+ + 116-129",1,3.1613,1.0,0.0,0.0
liquidity + volume_usd + holders,"liquidity,volume_usd,holders",1 + 4 + 6,"0-11,598.3 + 26,969.13-30,982.7 + 144-160",3,1.2997,0.0,0.0,0.0
liquidity + volume_usd + holders,"liquidity,volume_usd,holders",3 + 4 + 6,"12,046.39-12,355.84 + 26,969.13-30,982.7 + 144-160",1,4.5503,1.0,0.0,0.0
liquidity + volume_usd + holders,"liquidity,volume_usd,holders",9 + 4 + 4,"15,815.4-19,926.93 + 26,969.13-30,982.7 + 116-129",1,2.9767,1.0,0.0,0.0
liquidity + volume_usd + holders,"liquidity,volume_usd,holders",9 + 6 + 8,"15,815.4-19,926.93 + 35,329.38-40,010.01 + 178-215",1,2.9767,1.0,0.0,0.0
liquidity + volume_usd + holders,"liquidity,volume_usd,holders",6 + 3 + 7,"13,271.91-14,053.28 + 23,015.77-26,957.65 + 160-178",1,1.0,0.0,0.0,0.0
liquidity + volume_usd + holders,"liquidity,volume_usd,holders",4 + 3 + 4,"12,361.67-12,786.19 + 23,015.77-26,957.65 + 116-129",2,4.0287,0.5,0.5,0.0
liquidity + volume_usd + holders,"liquidity,volume_usd,holders",4 + 2 + 5,"12,361.67-12,786.19 + 17,791.49-23,002.15 + 129-143",1,2.4847,1.0,0.0,0.0
liquidity + volume_usd + holders,"liquidity,volume_usd,holders",1 + 3 + 6,"0-11,598.3 + 23,015.77-26,957.65 + 144-160",1,1.0,0.0,0.0,0.0
liquidity + volume_usd + holders,"liquidity,volume_usd,holders",8 + 2 + 4,"14,748.13-15,806.44 + 17,791.49-23,002.15 + 116-129",1,1.026,0.0,0.0,0.0
liquidity + volume_usd + holders,"liquidity,volume_usd,holders",4 + 8 + 5,"12,361.67-12,786.19 + 47,012.32-58,764.49 + 129-143",1,4.0646,1.0,0.0,0.0
liquidity + volume_usd + holders,"liquidity,volume_usd,holders",9 + 3 + 5,"15,815.4-19,926.93 + 23,015.77-26,957.65 + 129-143",1,1.0,0.0,0.0,0.0
liquidity + volume_usd + holders,"liquidity,volume_usd,holders",5 + 9 + 1,"12,788.21-13,271.46 + 58,815.09-96,139.16 + 40-85",1,1.0,0.0,0.0,0.0
liquidity + volume_usd + holders,"liquidity,volume_usd,holders",1 + 9 + 4,"0-11,598.3 + 58,815.09-96,139.16 + 116-129",1,1.0,0.0,0.0,0.0
liquidity + volume_usd + holders,"liquidity,volume_usd,holders",6 + 9 + 3,"13,271.91-14,053.28 + 58,815.09-96,139.16 + 101-116",1,1.0,0.0,0.0,0.0
liquidity + volume_usd + holders,"liquidity,volume_usd,holders",6 + 7 + 7,"13,271.91-14,053.28 + 40,013.6-46,956.43 + 160-178",1,1.3963,0.0,0.0,0.0
liquidity + volume_usd + holders,"liquidity,volume_usd,holders",2 + 8 + 1,"11,600.81-12,042.9 + 47,012.32-58,764.49 + 40-85",1,5.8974,1.0,1.0,0.0
liquidity + volume_usd + holders,"liquidity,volume_usd,holders",5 + 9 + 2,"12,788.21-13,271.46 + 58,815.09-96,139.16 + 85-101",1,5.8974,1.0,1.0,0.0
liquidity + volume_usd + holders,"liquidity,volume_usd,holders",7 + 8 + 1,"14,071.35-14,742.63 + 47,012.32-58,764.49 + 40-85",1,5.8974,1.0,1.0,0.0
liquidity + volume_usd + holders,"liquidity,volume_usd,holders",10 + 7 + 10,"19,982.42+ + 40,013.6-46,956.43 + 296+",1,5.8974,1.0,1.0,0.0
liquidity + volume_usd + holders,"liquidity,volume_usd,holders",8 + 8 + 4,"14,748.13-15,806.44 + 47,012.32-58,764.49 + 116-129",1,1.0,0.0,0.0,0.0
liquidity + volume_usd + holders,"liquidity,volume_usd,holders",10 + 3 + 6,"19,982.42+ + 23,015.77-26,957.65 + 144-160",1,3.4149,1.0,0.0,0.0
liquidity + volume_usd + holders,"liquidity,volume_usd,holders",5 + 5 + 7,"12,788.21-13,271.46 + 31,005.61-35,301.14 + 160-178",1,1.4244,0.0,0.0,0.0
liquidity + volume_usd + holders,"liquidity,volume_usd,holders",7 + 4 + 4,"14,071.35-14,742.63 + 26,969.13-30,982.7 + 116-129",1,4.3188,1.0,0.0,0.0
liquidity + volume_usd + holders,"liquidity,volume_usd,holders",5 + 5 + 2,"12,788.21-13,271.46 + 31,005.61-35,301.14 + 85-101",1,1.0204,0.0,0.0,0.0
liquidity + volume_usd + holders,"liquidity,volume_usd,holders",6 + 8 + 4,"13,271.91-14,053.28 + 47,012.32-58,764.49 + 116-129",1,1.0204,0.0,0.0,0.0
liquidity + volume_usd + holders,"liquidity,volume_usd,holders",5 + 8 + 2,"12,788.21-13,271.46 + 47,012.32-58,764.49 + 85-101",1,4.3049,1.0,0.0,0.0
liquidity + volume_usd + holders,"liquidity,volume_usd,holders",7 + 5 + 9,"14,071.35-14,742.63 + 31,005.61-35,301.14 + 215-292",1,1.0,0.0,0.0,0.0
liquidity + volume_usd + holders,"liquidity,volume_usd,holders",1 + 4 + 5,"0-11,598.3 + 26,969.13-30,982.7 + 129-143",1,5.595,1.0,1.0,0.0
liquidity + volume_usd + holders,"liquidity,volume_usd,holders",4 + 8 + 9,"12,361.67-12,786.19 + 47,012.32-58,764.49 + 215-292",1,1.1492,0.0,0.0,0.0
liquidity + volume_usd + holders,"liquidity,volume_usd,holders",6 + 5 + 2,"13,271.91-14,053.28 + 31,005.61-35,301.14 + 85-101",2,1.9498,0.5,0.0,0.0
liquidity + volume_usd + holders,"liquidity,volume_usd,holders",6 + 3 + 1,"13,271.91-14,053.28 + 23,015.77-26,957.65 + 40-85",1,1.0,0.0,0.0,0.0
liquidity + volume_usd + holders,"liquidity,volume_usd,holders",2 + 9 + 3,"11,600.81-12,042.9 + 58,815.09-96,139.16 + 101-116",1,1.0,0.0,0.0,0.0
market_cap + liquidity + volume_usd,"market_cap,liquidity,volume_usd",10 + 10 + 10,"109,316.51+ + 19,982.42+ + 96,643.19+",63,17.5614,0.8889,0.6667,0.4603
market_cap + liquidity + volume_usd,"market_cap,liquidity,volume_usd",2 + 4 + 9,"15,281.14-16,137.22 + 12,361.67-12,786.19 + 58,815.09-96,139.16",1,1.0,0.0,0.0,0.0
market_cap + liquidity + volume_usd,"market_cap,liquidity,volume_usd",8 + 9 + 4,"25,335.37-30,114.91 + 15,815.4-19,926.93 + 26,969.13-30,982.7",3,1.9857,0.3333,0.0,0.0
market_cap + liquidity + volume_usd,"market_cap,liquidity,volume_usd",5 + 5 + 3,"18,609.88-20,577.61 + 12,788.21-13,271.46 + 23,015.77-26,957.65",3,2.5127,0.6667,0.0,0.0
market_cap + liquidity + volume_usd,"market_cap,liquidity,volume_usd",6 + 7 + 3,"20,581.29-22,843.57 + 14,071.35-14,742.63 + 23,015.77-26,957.65",8,9.7809,0.75,0.25,0.125
market_cap + liquidity + volume_usd,"market_cap,liquidity,volume_usd",7 + 8 + 1,"22,844.27-25,315.17 + 14,748.13-15,806.44 + 5,784.89-17,669",2,4.2386,0.5,0.5,0.0
market_cap + liquidity + volume_usd,"market_cap,liquidity,volume_usd",3 + 4 + 4,"16,137.97-17,162.81 + 12,361.67-12,786.19 + 26,969.13-30,982.7",18,5.5974,0.2778,0.1111,0.0556
market_cap + liquidity + volume_usd,"market_cap,liquidity,volume_usd",6 + 7 + 8,"20,581.29-22,843.57 + 14,071.35-14,742.63 + 47,012.32-58,764.49",17,2.155,0.4118,0.1176,0.0
market_cap + liquidity + volume_usd,"market_cap,liquidity,volume_usd",7 + 8 + 7,"22,844.27-25,315.17 + 14,748.13-15,806.44 + 40,013.6-46,956.43",12,4.232,0.75,0.4167,0.0833
market_cap + liquidity + volume_usd,"market_cap,liquidity,volume_usd",1 + 3 + 3,"0-15,280.97 + 12,046.39-12,355.84 + 23,015.77-26,957.65",1,1.0,0.0,0.0,0.0
market_cap + liquidity + volume_usd,"market_cap,liquidity,volume_usd",5 + 6 + 8,"18,609.88-20,577.61 + 13,271.91-14,053.28 + 47,012.32-58,764.49",9,1.3848,0.1111,0.0,0.0
market_cap + liquidity + volume_usd,"market_cap,liquidity,volume_usd",3 + 3 + 2,"16,137.97-17,162.81 + 12,046.39-12,355.84 + 17,791.49-23,002.15",7,4.3131,0.4286,0.2857,0.1429
market_cap + liquidity + volume_usd,"market_cap,liquidity,volume_usd",1 + 2 + 5,"0-15,280.97 + 11,600.81-12,042.9 + 31,005.61-35,301.14",14,1.5843,0.2143,0.0,0.0
market_cap + liquidity + volume_usd,"market_cap,liquidity,volume_usd",4 + 5 + 5,"17,167.89-18,590.82 + 12,788.21-13,271.46 + 31,005.61-35,301.14",9,1.7393,0.2222,0.0,0.0
market_cap + liquidity + volume_usd,"market_cap,liquidity,volume_usd",7 + 8 + 6,"22,844.27-25,315.17 + 14,748.13-15,806.44 + 35,329.38-40,010.01",15,2.0451,0.2,0.1333,0.0
market_cap + liquidity + volume_usd,"market_cap,liquidity,volume_usd",1 + 2 + 9,"0-15,280.97 + 11,600.81-12,042.9 + 58,815.09-96,139.16",3,1.1739,0.0,0.0,0.0
market_cap + liquidity + volume_usd,"market_cap,liquidity,volume_usd",2 + 2 + 3,"15,281.14-16,137.22 + 11,600.81-12,042.9 + 23,015.77-26,957.65",9,1.9162,0.4444,0.0,0.0
market_cap + liquidity + volume_usd,"market_cap,liquidity,volume_usd",7 + 8 + 9,"22,844.27-25,315.17 + 14,748.13-15,806.44 + 58,815.09-96,139.16",15,2.5161,0.5333,0.0,0.0
market_cap + liquidity + volume_usd,"market_cap,liquidity,volume_usd",3 + 3 + 1,"16,137.97-17,162.81 + 12,046.39-12,355.84 + 5,784.89-17,669",11,4.6375,0.3636,0.1818,0.0909
market_cap + liquidity + volume_usd,"market_cap,liquidity,volume_usd",5 + 6 + 5,"18,609.88-20,577.61 + 13,271.91-14,053.28 + 31,005.61-35,301.14",17,2.0864,0.3529,0.0588,0.0
market_cap + liquidity + volume_usd,"market_cap,liquidity,volume_usd",9 + 1 + 4,"30,327.76-107,930.06 + 0-11,598.3 + 26,969.13-30,982.7",1,1.0,0.0,0.0,0.0
market_cap + liquidity + volume_usd,"market_cap,liquidity,volume_usd",10 + 1 + 5,"109,316.51+ + 0-11,598.3 + 31,005.61-35,301.14",12,1.9539,0.1667,0.0833,0.0
market_cap + liquidity + volume_usd,"market_cap,liquidity,volume_usd",3 + 4 + 2,"16,137.97-17,162.81 + 12,361.67-12,786.19 + 17,791.49-23,002.15",18,2.0495,0.3333,0.1111,0.0
market_cap + liquidity + volume_usd,"market_cap,liquidity,volume_usd",6 + 7 + 4,"20,581.29-22,843.57 + 14,071.35-14,742.63 + 26,969.13-30,982.7",9,3.1232,0.4444,0.2222,0.1111
market_cap + liquidity + volume_usd,"market_cap,liquidity,volume_usd",2 + 3 + 4,"15,281.14-16,137.22 + 12,046.39-12,355.84 + 26,969.13-30,982.7",15,1.9217,0.2,0.0667,0.0
market_cap + liquidity + volume_usd,"market_cap,liquidity,volume_usd",4 + 5 + 2,"17,167.89-18,590.82 + 12,788.21-13,271.46 + 17,791.49-23,002.15",10,3.3262,0.3,0.1,0.1
market_cap + liquidity + volume_usd,"market_cap,liquidity,volume_usd",8 + 8 + 9,"25,335.37-30,114.91 + 14,748.13-15,806.44 + 58,815.09-96,139.16",10,3.5149,0.6,0.2,0.1
market_cap + liquidity + volume_usd,"market_cap,liquidity,volume_usd",9 + 9 + 10,"30,327.76-107,930.06 + 15,815.4-19,926.93 + 96,643.19+",38,6.7801,0.9474,0.3947,0.1579
market_cap + liquidity + volume_usd,"market_cap,liquidity,volume_usd",4 + 5 + 6,"17,167.89-18,590.82 + 12,788.21-13,271.46 + 35,329.38-40,010.01",20,2.2345,0.35,0.05,0.05
market_cap + liquidity + volume_usd,"market_cap,liquidity,volume_usd",7 + 8 + 8,"22,844.27-25,315.17 + 14,748.13-15,806.44 + 47,012.32-58,764.49",15,2.7761,0.6667,0.0667,0.0
market_cap + liquidity + volume_usd,"market_cap,liquidity,volume_usd",8 + 9 + 8,"25,335.37-30,114.91 + 15,815.4-19,926.93 + 47,012.32-58,764.49",9,4.1636,0.5556,0.4444,0.1111
market_cap + liquidity + volume_usd,"market_cap,liquidity,volume_usd",2 + 3 + 6,"15,281.14-16,137.22 + 12,046.39-12,355.84 + 35,329.38-40,010.01",8,2.3574,0.375,0.125,0.0
market_cap + liquidity + volume_usd,"market_cap,liquidity,volume_usd",4 + 5 + 7,"17,167.89-18,590.82 + 12,788.21-13,271.46 + 40,013.6-46,956.43",6,2.9345,0.6667,0.1667,0.0
market_cap + liquidity + volume_usd,"market_cap,liquidity,volume_usd",10 + 1 + 4,"109,316.51+ + 0-11,598.3 + 26,969.13-30,982.7",6,1.6296,0.3333,0.0,0.0
market_cap + liquidity + volume_usd,"market_cap,liquidity,volume_usd",1 + 1 + 5,"0-15,280.97 + 0-11,598.3 + 31,005.61-35,301.14",7,1.7142,0.4286,0.0,0.0
market_cap + liquidity + volume_usd,"market_cap,liquidity,volume_usd",6 + 6 + 1,"20,581.29-22,843.57 + 13,271.91-14,053.28 + 5,784.89-17,669",5,4.3742,0.6,0.2,0.2
market_cap + liquidity + volume_usd,"market_cap,liquidity,volume_usd",8 + 8 + 2,"25,335.37-30,114.91 + 14,748.13-15,806.44 + 17,791.49-23,002.15",2,1.013,0.0,0.0,0.0
market_cap + liquidity + volume_usd,"market_cap,liquidity,volume_usd",1 + 1 + 3,"0-15,280.97 + 0-11,598.3 + 23,015.77-26,957.65",13,1.3351,0.0769,0.0,0.0
market_cap + liquidity + volume_usd,"market_cap,liquidity,volume_usd",6 + 7 + 5,"20,581.29-22,843.57 + 14,071.35-14,742.63 + 31,005.61-35,301.14",11,1.5795,0.2727,0.0,0.0
market_cap + liquidity + volume_usd,"market_cap,liquidity,volume_usd",4 + 4 + 4,"17,167.89-18,590.82 + 12,361.67-12,786.19 + 26,969.13-30,982.7",7,1.6265,0.4286,0.0,0.0
market_cap + liquidity + volume_usd,"market_cap,liquidity,volume_usd",5 + 5 + 4,"18,609.88-20,577.61 + 12,788.21-13,271.46 + 26,969.13-30,982.7",4,3.4474,0.5,0.25,0.0
market_cap + liquidity + volume_usd,"market_cap,liquidity,volume_usd",7 + 7 + 7,"22,844.27-25,315.17 + 14,071.35-14,742.63 + 40,013.6-46,956.43",4,2.278,0.5,0.0,0.0
market_cap + liquidity + volume_usd,"market_cap,liquidity,volume_usd",5 + 6 + 9,"18,609.88-20,577.61 + 13,271.91-14,053.28 + 58,815.09-96,139.16",8,1.6681,0.125,0.0,0.0
market_cap + liquidity + volume_usd,"market_cap,liquidity,volume_usd",8 + 9 + 9,"25,335.37-30,114.91 + 15,815.4-19,926.93 + 58,815.09-96,139.16",9,3.2901,0.8889,0.1111,0.0
market_cap + liquidity + volume_usd,"market_cap,liquidity,volume_usd",3 + 4 + 3,"16,137.97-17,162.81 + 12,361.67-12,786.19 + 23,015.77-26,957.65",15,4.4069,0.1333,0.1333,0.1333
market_cap + liquidity + volume_usd,"market_cap,liquidity,volume_usd",2 + 3 + 7,"15,281.14-16,137.22 + 12,046.39-12,355.84 + 40,013.6-46,956.43",11,1.4605,0.2727,0.0,0.0
market_cap + liquidity + volume_usd,"market_cap,liquidity,volume_usd",9 + 9 + 6,"30,327.76-107,930.06 + 15,815.4-19,926.93 + 35,329.38-40,010.01",1,1.0,0.0,0.0,0.0
market_cap + liquidity + volume_usd,"market_cap,liquidity,volume_usd",5 + 6 + 4,"18,609.88-20,577.61 + 13,271.91-14,053.28 + 26,969.13-30,982.7",15,1.9927,0.2,0.0667,0.0667
market_cap + liquidity + volume_usd,"market_cap,liquidity,volume_usd",2 + 3 + 2,"15,281.14-16,137.22 + 12,046.39-12,355.84 + 17,791.49-23,002.15",16,1.7732,0.125,0.0625,0.0
market_cap + liquidity + volume_usd,"market_cap,liquidity,volume_usd",2 + 2 + 6,"15,281.14-16,137.22 + 11,600.81-12,042.9 + 35,329.38-40,010.01",2,1.5506,0.0,0.0,0.0
market_cap + liquidity + volume_usd,"market_cap,liquidity,volume_usd",6 + 6 + 9,"20,581.29-22,843.57 + 13,271.91-14,053.28 + 58,815.09-96,139.16",3,2.843,0.3333,0.3333,0.0
market_cap + liquidity + volume_usd,"market_cap,liquidity,volume_usd",9 + 10 + 7,"30,327.76-107,930.06 + 19,982.42+ + 40,013.6-46,956.43",3,4.0162,1.0,0.3333,0.0
market_cap + liquidity + volume_usd,"market_cap,liquidity,volume_usd",3 + 3 + 5,"16,137.97-17,162.81 + 12,046.39-12,355.84 + 31,005.61-35,301.14",5,2.1868,0.4,0.2,0.0
market_cap + liquidity + volume_usd,"market_cap,liquidity,volume_usd",3 + 4 + 6,"16,137.97-17,162.81 + 12,361.67-12,786.19 + 35,329.38-40,010.01",9,3.7927,0.4444,0.2222,0.1111
market_cap + liquidity + volume_usd,"market_cap,liquidity,volume_usd",4 + 5 + 4,"17,167.89-18,590.82 + 12,788.21-13,271.46 + 26,969.13-30,982.7",11,3.1482,0.1818,0.0909,0.0909
market_cap + liquidity + volume_usd,"market_cap,liquidity,volume_usd",8 + 9 + 7,"25,335.37-30,114.91 + 15,815.4-19,926.93 + 40,013.6-46,956.43",10,2.3075,0.3,0.1,0.0
market_cap + liquidity + volume_usd,"market_cap,liquidity,volume_usd",2 + 2 + 8,"15,281.14-16,137.22 + 11,600.81-12,042.9 + 47,012.32-58,764.49",5,1.5517,0.2,0.0,0.0
market_cap + liquidity + volume_usd,"market_cap,liquidity,volume_usd",3 + 3 + 8,"16,137.97-17,162.81 + 12,046.39-12,355.84 + 47,012.32-58,764.49",2,1.0814,0.0,0.0,0.0
market_cap + liquidity + volume_usd,"market_cap,liquidity,volume_usd",4 + 5 + 1,"17,167.89-18,590.82 + 12,788.21-13,271.46 + 5,784.89-17,669",14,4.0431,0.4286,0.0714,0.0714
market_cap + liquidity + volume_usd,"market_cap,liquidity,volume_usd",2 + 3 + 8,"15,281.14-16,137.22 + 12,046.39-12,355.84 + 47,012.32-58,764.49",4,1.329,0.0,0.0,0.0
market_cap + liquidity + volume_usd,"market_cap,liquidity,volume_usd",10 + 1 + 9,"109,316.51+ + 0-11,598.3 + 58,815.09-96,139.16",5,3.6794,0.4,0.2,0.0
market_cap + liquidity + volume_usd,"market_cap,liquidity,volume_usd",10 + 10 + 3,"109,316.51+ + 19,982.42+ + 23,015.77-26,957.65",1,1.0,0.0,0.0,0.0
market_cap + liquidity + volume_usd,"market_cap,liquidity,volume_usd",9 + 9 + 9,"30,327.76-107,930.06 + 15,815.4-19,926.93 + 58,815.09-96,139.16",18,7.474,0.8333,0.5556,0.2222
market_cap + liquidity + volume_usd,"market_cap,liquidity,volume_usd",10 + 1 + 7,"109,316.51+ + 0-11,598.3 + 40,013.6-46,956.43",5,1.9112,0.2,0.0,0.0
market_cap + liquidity + volume_usd,"market_cap,liquidity,volume_usd",2 + 3 + 3,"15,281.14-16,137.22 + 12,046.39-12,355.84 + 23,015.77-26,957.65",10,1.9701,0.2,0.1,0.0
market_cap + liquidity + volume_usd,"market_cap,liquidity,volume_usd",6 + 7 + 9,"20,581.29-22,843.57 + 14,071.35-14,742.63 + 58,815.09-96,139.16",13,6.567,0.4615,0.0769,0.0769
market_cap + liquidity + volume_usd,"market_cap,liquidity,volume_usd",3 + 9 + 8,"16,137.97-17,162.81 + 15,815.4-19,926.93 + 47,012.32-58,764.49",1,1.74,0.0,0.0,0.0
market_cap + liquidity + volume_usd,"market_cap,liquidity,volume_usd",4 + 9 + 3,"17,167.89-18,590.82 + 15,815.4-19,926.93 + 23,015.77-26,957.65",2,1.4908,0.0,0.0,0.0
market_cap + liquidity + volume_usd,"market_cap,liquidity,volume_usd",5 + 9 + 7,"18,609.88-20,577.61 + 15,815.4-19,926.93 + 40,013.6-46,956.43",1,1.74,0.0,0.0,0.0
market_cap + liquidity + volume_usd,"market_cap,liquidity,volume_usd",2 + 3 + 1,"15,281.14-16,137.22 + 12,046.39-12,355.84 + 5,784.89-17,669",9,1.3457,0.1111,0.0,0.0
market_cap + liquidity + volume_usd,"market_cap,liquidity,volume_usd",5 + 6 + 1,"18,609.88-20,577.61 + 13,271.91-14,053.28 + 5,784.89-17,669",9,2.7309,0.2222,0.1111,0.1111
market_cap + liquidity + volume_usd,"market_cap,liquidity,volume_usd",8 + 2 + 2,"25,335.37-30,114.91 + 11,600.81-12,042.9 + 17,791.49-23,002.15",3,11.5928,0.6667,0.3333,0.3333
market_cap + liquidity + volume_usd,"market_cap,liquidity,volume_usd",8 + 5 + 4,"25,335.37-30,114.91 + 12,788.21-13,271.46 + 26,969.13-30,982.7",1,1.3133,0.0,0.0,0.0
market_cap + liquidity + volume_usd,"market_cap,liquidity,volume_usd",4 + 4 + 9,"17,167.89-18,590.82 + 12,361.67-12,786.19 + 58,815.09-96,139.16",3,4.1642,0.6667,0.3333,0.0
market_cap + liquidity + volume_usd,"market_cap,liquidity,volume_usd",2 + 2 + 7,"15,281.14-16,137.22 + 11,600.81-12,042.9 + 40,013.6-46,956.43",5,2.314,0.4,0.0,0.0
market_cap + liquidity + volume_usd,"market_cap,liquidity,volume_usd",6 + 1 + 6,"20,581.29-22,843.57 + 0-11,598.3 + 35,329.38-40,010.01",1,1.0,0.0,0.0,0.0
market_cap + liquidity + volume_usd,"market_cap,liquidity,volume_usd",1 + 2 + 1,"0-15,280.97 + 11,600.81-12,042.9 + 5,784.89-17,669",14,2.1788,0.4286,0.0714,0.0
market_cap + liquidity + volume_usd,"market_cap,liquidity,volume_usd",3 + 4 + 1,"16,137.97-17,162.81 + 12,361.67-12,786.19 + 5,784.89-17,669",9,3.3975,0.6667,0.1111,0.1111
market_cap + liquidity + volume_usd,"market_cap,liquidity,volume_usd",8 + 3 + 2,"25,335.37-30,114.91 + 12,046.39-12,355.84 + 17,791.49-23,002.15",2,2.7643,1.0,0.0,0.0
market_cap + liquidity + volume_usd,"market_cap,liquidity,volume_usd",2 + 2 + 5,"15,281.14-16,137.22 + 11,600.81-12,042.9 + 31,005.61-35,301.14",6,2.0051,0.5,0.0,0.0
market_cap + liquidity + volume_usd,"market_cap,liquidity,volume_usd",10 + 1 + 2,"109,316.51+ + 0-11,598.3 + 17,791.49-23,002.15",6,1.6512,0.1667,0.0,0.0
market_cap + liquidity + volume_usd,"market_cap,liquidity,volume_usd",1 + 1 + 1,"0-15,280.97 + 0-11,598.3 + 5,784.89-17,669",15,2.2967,0.3333,0.1333,0.0
market_cap + liquidity + volume_usd,"market_cap,liquidity,volume_usd",7 + 8 + 2,"22,844.27-25,315.17 + 14,748.13-15,806.44 + 17,791.49-23,002.15",6,2.3788,0.1667,0.1667,0.0
market_cap + liquidity + volume_usd,"market_cap,liquidity,volume_usd",8 + 2 + 4,"25,335.37-30,114.91 + 11,600.81-12,042.9 + 26,969.13-30,982.7",2,6.3924,1.0,0.5,0.0
market_cap + liquidity + volume_usd,"market_cap,liquidity,volume_usd",2 + 3 + 5,"15,281.14-16,137.22 + 12,046.39-12,355.84 + 31,005.61-35,301.14",10,1.8244,0.4,0.0,0.0
market_cap + liquidity + volume_usd,"market_cap,liquidity,volume_usd",6 + 7 + 6,"20,581.29-22,843.57 + 14,071.35-14,742.63 + 35,329.38-40,010.01",16,2.6756,0.5625,0.125,0.0
market_cap + liquidity + volume_usd,"market_cap,liquidity,volume_usd",9 + 5 + 5,"30,327.76-107,930.06 + 12,788.21-13,271.46 + 31,005.61-35,301.14",1,1.0,0.0,0.0,0.0
market_cap + liquidity + volume_usd,"market_cap,liquidity,volume_usd",7 + 1 + 1,"22,844.27-25,315.17 + 0-11,598.3 + 5,784.89-17,669",1,2.1797,1.0,0.0,0.0
market_cap + liquidity + volume_usd,"market_cap,liquidity,volume_usd",7 + 7 + 3,"22,844.27-25,315.17 + 14,071.35-14,742.63 + 23,015.77-26,957.65",2,12.5586,1.0,1.0,0.5
market_cap + liquidity + volume_usd,"market_cap,liquidity,volume_usd",8 + 1 + 7,"25,335.37-30,114.91 + 0-11,598.3 + 40,013.6-46,956.43",3,2.3902,0.3333,0.0,0.0
market_cap + liquidity + volume_usd,"market_cap,liquidity,volume_usd",8 + 9 + 5,"25,335.37-30,114.91 + 15,815.4-19,926.93 + 31,005.61-35,301.14",5,15.6407,0.6,0.4,0.4
market_cap + liquidity + volume_usd,"market_cap,liquidity,volume_usd",5 + 6 + 6,"18,609.88-20,577.61 + 13,271.91-14,053.28 + 35,329.38-40,010.01",10,1.9227,0.4,0.0,0.0
market_cap + liquidity + volume_usd,"market_cap,liquidity,volume_usd",8 + 9 + 2,"25,335.37-30,114.91 + 15,815.4-19,926.93 + 17,791.49-23,002.15",2,1.8623,0.5,0.0,0.0
market_cap + liquidity + volume_usd,"market_cap,liquidity,volume_usd",9 + 8 + 9,"30,327.76-107,930.06 + 14,748.13-15,806.44 + 58,815.09-96,139.16",1,2.6477,1.0,0.0,0.0
market_cap + liquidity + volume_usd,"market_cap,liquidity,volume_usd",5 + 6 + 2,"18,609.88-20,577.61 + 13,271.91-14,053.28 + 17,791.49-23,002.15",7,1.8205,0.2857,0.0,0.0
market_cap + liquidity + volume_usd,"market_cap,liquidity,volume_usd",5 + 6 + 3,"18,609.88-20,577.61 + 13,271.91-14,053.28 + 23,015.77-26,957.65",12,1.2534,0.0833,0.0,0.0
market_cap + liquidity + volume_usd,"market_cap,liquidity,volume_usd",8 + 8 + 4,"25,335.37-30,114.91 + 14,748.13-15,806.44 + 26,969.13-30,982.7",2,3.3183,0.5,0.5,0.0
market_cap + liquidity + volume_usd,"market_cap,liquidity,volume_usd",8 + 3 + 9,"25,335.37-30,114.91 + 12,046.39-12,355.84 + 58,815.09-96,139.16",1,1.6897,0.0,0.0,0.0
market_cap + liquidity + volume_usd,"market_cap,liquidity,volume_usd",2 + 9 + 3,"15,281.14-16,137.22 + 15,815.4-19,926.93 + 23,015.77-26,957.65",1,1.0,0.0,0.0,0.0
market_cap + liquidity + volume_usd,"market_cap,liquidity,volume_usd",6 + 6 + 7,"20,581.29-22,843.57 + 13,271.91-14,053.28 + 40,013.6-46,956.43",5,2.3471,0.6,0.0,0.0
market_cap + liquidity + volume_usd,"market_cap,liquidity,volume_usd",1 + 1 + 2,"0-15,280.97 + 0-11,598.3 + 17,791.49-23,002.15",11,1.7761,0.2727,0.0909,0.0
market_cap + liquidity + volume_usd,"market_cap,liquidity,volume_usd",6 + 6 + 4,"20,581.29-22,843.57 + 13,271.91-14,053.28 + 26,969.13-30,982.7",7,4.0569,0.5714,0.1429,0.1429
market_cap + liquidity + volume_usd,"market_cap,liquidity,volume_usd",1 + 1 + 6,"0-15,280.97 + 0-11,598.3 + 35,329.38-40,010.01",3,1.1362,0.0,0.0,0.0
market_cap + liquidity + volume_usd,"market_cap,liquidity,volume_usd",5 + 6 + 10,"18,609.88-20,577.61 + 13,271.91-14,053.28 + 96,643.19+",1,1.0895,0.0,0.0,0.0
market_cap + liquidity + volume_usd,"market_cap,liquidity,volume_usd",2 + 2 + 4,"15,281.14-16,137.22 + 11,600.81-12,042.9 + 26,969.13-30,982.7",5,2.6762,0.4,0.2,0.0
market_cap + liquidity + volume_usd,"market_cap,liquidity,volume_usd",3 + 4 + 5,"16,137.97-17,162.81 + 12,361.67-12,786.19 + 31,005.61-35,301.14",8,4.5938,0.625,0.5,0.125
market_cap + liquidity + volume_usd,"market_cap,liquidity,volume_usd",4 + 4 + 3,"17,167.89-18,590.82 + 12,361.67-12,786.19 + 23,015.77-26,957.65",6,2.3473,0.3333,0.1667,0.0
market_cap + liquidity + volume_usd,"market_cap,liquidity,volume_usd",8 + 8 + 6,"25,335.37-30,114.91 + 14,748.13-15,806.44 + 35,329.38-40,010.01",7,6.5998,0.5714,0.2857,0.1429
market_cap + liquidity + volume_usd,"market_cap,liquidity,volume_usd",8 + 8 + 8,"25,335.37-30,114.91 + 14,748.13-15,806.44 + 47,012.32-58,764.49",12,3.2519,0.6667,0.0833,0.0833
market_cap + liquidity + volume_usd,"market_cap,liquidity,volume_usd",2 + 2 + 1,"15,281.14-16,137.22 + 11,600.81-12,042.9 + 5,784.89-17,669",7,5.856,0.4286,0.1429,0.1429
market_cap + liquidity + volume_usd,"market_cap,liquidity,volume_usd",4 + 5 + 3,"17,167.89-18,590.82 + 12,788.21-13,271.46 + 23,015.77-26,957.65",10,5.8154,0.5,0.3,0.3
market_cap + liquidity + volume_usd,"market_cap,liquidity,volume_usd",5 + 5 + 5,"18,609.88-20,577.61 + 12,788.21-13,271.46 + 31,005.61-35,301.14",5,1.6507,0.2,0.0,0.0
market_cap + liquidity + volume_usd,"market_cap,liquidity,volume_usd",7 + 8 + 4,"22,844.27-25,315.17 + 14,748.13-15,806.44 + 26,969.13-30,982.7",5,9.5678,0.6,0.2,0.2
market_cap + liquidity + volume_usd,"market_cap,liquidity,volume_usd",9 + 10 + 9,"30,327.76-107,930.06 + 19,982.42+ + 58,815.09-96,139.16",6,9.5736,0.8333,0.3333,0.1667
market_cap + liquidity + volume_usd,"market_cap,liquidity,volume_usd",9 + 10 + 10,"30,327.76-107,930.06 + 19,982.42+ + 96,643.19+",27,12.4326,1.0,0.8519,0.4444
market_cap + liquidity + volume_usd,"market_cap,liquidity,volume_usd",1 + 2 + 4,"0-15,280.97 + 11,600.81-12,042.9 + 26,969.13-30,982.7",6,2.2357,0.5,0.0,0.0
market_cap + liquidity + volume_usd,"market_cap,liquidity,volume_usd",8 + 8 + 7,"25,335.37-30,114.91 + 14,748.13-15,806.44 + 40,013.6-46,956.43",5,5.2237,1.0,0.6,0.0
market_cap + liquidity + volume_usd,"market_cap,liquidity,volume_usd",7 + 7 + 2,"22,844.27-25,315.17 + 14,071.35-14,742.63 + 17,791.49-23,002.15",3,2.417,0.3333,0.0,0.0
market_cap + liquidity + volume_usd,"market_cap,liquidity,volume_usd",8 + 8 + 3,"25,335.37-30,114.91 + 14,748.13-15,806.44 + 23,015.77-26,957.65",5,2.2767,0.6,0.0,0.0
market_cap + liquidity + volume_usd,"market_cap,liquidity,volume_usd",9 + 7 + 3,"30,327.76-107,930.06 + 14,071.35-14,742.63 + 23,015.77-26,957.65",1,2.2718,1.0,0.0,0.0
market_cap + liquidity + volume_usd,"market_cap,liquidity,volume_usd",3 + 4 + 7,"16,137.97-17,162.81 + 12,361.67-12,786.19 + 40,013.6-46,956.43",4,1.1861,0.0,0.0,0.0
market_cap + liquidity + volume_usd,"market_cap,liquidity,volume_usd",5 + 9 + 1,"18,609.88-20,577.61 + 15,815.4-19,926.93 + 5,784.89-17,669",3,2.7951,1.0,0.0,0.0
market_cap + liquidity + volume_usd,"market_cap,liquidity,volume_usd",5 + 9 + 2,"18,609.88-20,577.61 + 15,815.4-19,926.93 + 17,791.49-23,002.15",2,2.9337,1.0,0.0,0.0
market_cap + liquidity + volume_usd,"market_cap,liquidity,volume_usd",7 + 10 + 4,"22,844.27-25,315.17 + 19,982.42+ + 26,969.13-30,982.7",1,2.5179,1.0,0.0,0.0
market_cap + liquidity + volume_usd,"market_cap,liquidity,volume_usd",9 + 10 + 6,"30,327.76-107,930.06 + 19,982.42+ + 35,329.38-40,010.01",2,2.6596,1.0,0.0,0.0
market_cap + liquidity + volume_usd,"market_cap,liquidity,volume_usd",9 + 10 + 8,"30,327.76-107,930.06 + 19,982.42+ + 47,012.32-58,764.49",8,3.5305,0.5,0.25,0.0
market_cap + liquidity + volume_usd,"market_cap,liquidity,volume_usd",7 + 7 + 4,"22,844.27-25,315.17 + 14,071.35-14,742.63 + 26,969.13-30,982.7",3,2.2872,0.6667,0.0,0.0
market_cap + liquidity + volume_usd,"market_cap,liquidity,volume_usd",8 + 1 + 6,"25,335.37-30,114.91 + 0-11,598.3 + 35,329.38-40,010.01",3,3.21,0.6667,0.3333,0.0
market_cap + liquidity + volume_usd,"market_cap,liquidity,volume_usd",7 + 8 + 5,"22,844.27-25,315.17 + 14,748.13-15,806.44 + 31,005.61-35,301.14",7,3.358,0.2857,0.1429,0.1429
market_cap + liquidity + volume_usd,"market_cap,liquidity,volume_usd",3 + 3 + 4,"16,137.97-17,162.81 + 12,046.39-12,355.84 + 26,969.13-30,982.7",4,3.7164,0.5,0.25,0.0
market_cap + liquidity + volume_usd,"market_cap,liquidity,volume_usd",3 + 5 + 7,"16,137.97-17,162.81 + 12,788.21-13,271.46 + 40,013.6-46,956.43",1,1.5787,0.0,0.0,0.0
market_cap + liquidity + volume_usd,"market_cap,liquidity,volume_usd",5 + 5 + 1,"18,609.88-20,577.61 + 12,788.21-13,271.46 + 5,784.89-17,669",5,3.4422,0.8,0.2,0.0
market_cap + liquidity + volume_usd,"market_cap,liquidity,volume_usd",6 + 6 + 6,"20,581.29-22,843.57 + 13,271.91-14,053.28 + 35,329.38-40,010.01",3,2.0048,0.3333,0.0,0.0
market_cap + liquidity + volume_usd,"market_cap,liquidity,volume_usd",6 + 7 + 7,"20,581.29-22,843.57 + 14,071.35-14,742.63 + 40,013.6-46,956.43",14,8.2344,0.6429,0.2857,0.1429
market_cap + liquidity + volume_usd,"market_cap,liquidity,volume_usd",4 + 4 + 1,"17,167.89-18,590.82 + 12,361.67-12,786.19 + 5,784.89-17,669",3,2.1894,0.3333,0.0,0.0
market_cap + liquidity + volume_usd,"market_cap,liquidity,volume_usd",1 + 9 + 1,"0-15,280.97 + 15,815.4-19,926.93 + 5,784.89-17,669",3,1.2875,0.0,0.0,0.0
market_cap + liquidity + volume_usd,"market_cap,liquidity,volume_usd",4 + 9 + 1,"17,167.89-18,590.82 + 15,815.4-19,926.93 + 5,784.89-17,669",2,1.2754,0.0,0.0,0.0
market_cap + liquidity + volume_usd,"market_cap,liquidity,volume_usd",6 + 9 + 3,"20,581.29-22,843.57 + 15,815.4-19,926.93 + 23,015.77-26,957.65",1,1.5508,0.0,0.0,0.0
market_cap + liquidity + volume_usd,"market_cap,liquidity,volume_usd",1 + 1 + 7,"0-15,280.97 + 0-11,598.3 + 40,013.6-46,956.43",5,1.2035,0.0,0.0,0.0
market_cap + liquidity + volume_usd,"market_cap,liquidity,volume_usd",3 + 5 + 2,"16,137.97-17,162.81 + 12,788.21-13,271.46 + 17,791.49-23,002.15",1,1.0,0.0,0.0,0.0
market_cap + liquidity + volume_usd,"market_cap,liquidity,volume_usd",1 + 2 + 6,"0-15,280.97 + 11,600.81-12,042.9 + 35,329.38-40,010.01",7,2.2163,0.2857,0.1429,0.0
market_cap + liquidity + volume_usd,"market_cap,liquidity,volume_usd",5 + 5 + 8,"18,609.88-20,577.61 + 12,788.21-13,271.46 + 47,012.32-58,764.49",4,1.778,0.25,0.0,0.0
market_cap + liquidity + volume_usd,"market_cap,liquidity,volume_usd",7 + 7 + 8,"22,844.27-25,315.17 + 14,071.35-14,742.63 + 47,012.32-58,764.49",8,2.3298,0.625,0.0,0.0
market_cap + liquidity + volume_usd,"market_cap,liquidity,volume_usd",7 + 7 + 9,"22,844.27-25,315.17 + 14,071.35-14,742.63 + 58,815.09-96,139.16",6,3.1464,0.5,0.1667,0.0
market_cap + liquidity + volume_usd,"market_cap,liquidity,volume_usd",3 + 9 + 2,"16,137.97-17,162.81 + 15,815.4-19,926.93 + 17,791.49-23,002.15",1,1.0,0.0,0.0,0.0
market_cap + liquidity + volume_usd,"market_cap,liquidity,volume_usd",6 + 9 + 6,"20,581.29-22,843.57 + 15,815.4-19,926.93 + 35,329.38-40,010.01",1,1.0,0.0,0.0,0.0
market_cap + liquidity + volume_usd,"market_cap,liquidity,volume_usd",2 + 4 + 3,"15,281.14-16,137.22 + 12,361.67-12,786.19 + 23,015.77-26,957.65",1,1.2925,0.0,0.0,0.0
market_cap + liquidity + volume_usd,"market_cap,liquidity,volume_usd",8 + 4 + 7,"25,335.37-30,114.91 + 12,361.67-12,786.19 + 40,013.6-46,956.43",1,1.9038,0.0,0.0,0.0
market_cap + liquidity + volume_usd,"market_cap,liquidity,volume_usd",3 + 4 + 8,"16,137.97-17,162.81 + 12,361.67-12,786.19 + 47,012.32-58,764.49",3,1.519,0.0,0.0,0.0
market_cap + liquidity + volume_usd,"market_cap,liquidity,volume_usd",4 + 4 + 7,"17,167.89-18,590.82 + 12,361.67-12,786.19 + 40,013.6-46,956.43",7,2.811,0.4286,0.2857,0.0
market_cap + liquidity + volume_usd,"market_cap,liquidity,volume_usd",3 + 3 + 6,"16,137.97-17,162.81 + 12,046.39-12,355.84 + 35,329.38-40,010.01",3,2.1413,0.3333,0.0,0.0
market_cap + liquidity + volume_usd,"market_cap,liquidity,volume_usd",5 + 6 + 7,"18,609.88-20,577.61 + 13,271.91-14,053.28 + 40,013.6-46,956.43",10,2.0825,0.4,0.0,0.0
market_cap + liquidity + volume_usd,"market_cap,liquidity,volume_usd",1 + 1 + 4,"0-15,280.97 + 0-11,598.3 + 26,969.13-30,982.7",6,2.1236,0.1667,0.1667,0.0
market_cap + liquidity + volume_usd,"market_cap,liquidity,volume_usd",4 + 1 + 2,"17,167.89-18,590.82 + 0-11,598.3 + 17,791.49-23,002.15",1,2.4841,1.0,0.0,0.0
market_cap + liquidity + volume_usd,"market_cap,liquidity,volume_usd",1 + 2 + 7,"0-15,280.97 + 11,600.81-12,042.9 + 40,013.6-46,956.43",5,1.9898,0.2,0.2,0.0
market_cap + liquidity + volume_usd,"market_cap,liquidity,volume_usd",2 + 4 + 7,"15,281.14-16,137.22 + 12,361.67-12,786.19 + 40,013.6-46,956.43",2,3.3989,0.5,0.5,0.0
market_cap + liquidity + volume_usd,"market_cap,liquidity,volume_usd",7 + 10 + 5,"22,844.27-25,315.17 + 19,982.42+ + 31,005.61-35,301.14",1,9.1632,1.0,1.0,0.0
market_cap + liquidity + volume_usd,"market_cap,liquidity,volume_usd",8 + 10 + 6,"25,335.37-30,114.91 + 19,982.42+ + 35,329.38-40,010.01",1,9.1632,1.0,1.0,0.0
market_cap + liquidity + volume_usd,"market_cap,liquidity,volume_usd",8 + 3 + 6,"25,335.37-30,114.91 + 12,046.39-12,355.84 + 35,329.38-40,010.01",1,5.3413,1.0,1.0,0.0
market_cap + liquidity + volume_usd,"market_cap,liquidity,volume_usd",2 + 2 + 2,"15,281.14-16,137.22 + 11,600.81-12,042.9 + 17,791.49-23,002.15",7,2.1851,0.4286,0.1429,0.0
market_cap + liquidity + volume_usd,"market_cap,liquidity,volume_usd",4 + 1 + 3,"17,167.89-18,590.82 + 0-11,598.3 + 23,015.77-26,957.65",1,1.0,0.0,0.0,0.0
market_cap + liquidity + volume_usd,"market_cap,liquidity,volume_usd",9 + 10 + 5,"30,327.76-107,930.06 + 19,982.42+ + 31,005.61-35,301.14",2,2.1748,0.5,0.0,0.0
market_cap + liquidity + volume_usd,"market_cap,liquidity,volume_usd",9 + 10 + 3,"30,327.76-107,930.06 + 19,982.42+ + 23,015.77-26,957.65",3,1.805,0.3333,0.0,0.0
market_cap + liquidity + volume_usd,"market_cap,liquidity,volume_usd",6 + 8 + 2,"20,581.29-22,843.57 + 14,748.13-15,806.44 + 17,791.49-23,002.15",1,1.0,0.0,0.0,0.0
market_cap + liquidity + volume_usd,"market_cap,liquidity,volume_usd",1 + 2 + 2,"0-15,280.97 + 11,600.81-12,042.9 + 17,791.49-23,002.15",9,2.0168,0.2222,0.1111,0.0
market_cap + liquidity + volume_usd,"market_cap,liquidity,volume_usd",8 + 3 + 8,"25,335.37-30,114.91 + 12,046.39-12,355.84 + 47,012.32-58,764.49",2,6.1644,1.0,0.5,0.0
market_cap + liquidity + volume_usd,"market_cap,liquidity,volume_usd",8 + 9 + 3,"25,335.37-30,114.91 + 15,815.4-19,926.93 + 23,015.77-26,957.65",3,1.4442,0.3333,0.0,0.0
market_cap + liquidity + volume_usd,"market_cap,liquidity,volume_usd",9 + 1 + 5,"30,327.76-107,930.06 + 0-11,598.3 + 31,005.61-35,301.14",1,2.2495,1.0,0.0,0.0
market_cap + liquidity + volume_usd,"market_cap,liquidity,volume_usd",10 + 7 + 8,"109,316.51+ + 14,071.35-14,742.63 + 47,012.32-58,764.49",2,1.6284,0.0,0.0,0.0
market_cap + liquidity + volume_usd,"market_cap,liquidity,volume_usd",10 + 7 + 2,"109,316.51+ + 14,071.35-14,742.63 + 17,791.49-23,002.15",1,1.3508,0.0,0.0,0.0
market_cap + liquidity + volume_usd,"market_cap,liquidity,volume_usd",6 + 7 + 2,"20,581.29-22,843.57 + 14,071.35-14,742.63 + 17,791.49-23,002.15",6,6.4379,0.3333,0.1667,0.1667
market_cap + liquidity + volume_usd,"market_cap,liquidity,volume_usd",1 + 2 + 8,"0-15,280.97 + 11,600.81-12,042.9 + 47,012.32-58,764.49",3,3.0646,0.6667,0.3333,0.0
market_cap + liquidity + volume_usd,"market_cap,liquidity,volume_usd",4 + 5 + 8,"17,167.89-18,590.82 + 12,788.21-13,271.46 + 47,012.32-58,764.49",10,2.8863,0.5,0.2,0.0
market_cap + liquidity + volume_usd,"market_cap,liquidity,volume_usd",3 + 3 + 3,"16,137.97-17,162.81 + 12,046.39-12,355.84 + 23,015.77-26,957.65",5,1.3112,0.0,0.0,0.0
market_cap + liquidity + volume_usd,"market_cap,liquidity,volume_usd",3 + 2 + 9,"16,137.97-17,162.81 + 11,600.81-12,042.9 + 58,815.09-96,139.16",1,1.0885,0.0,0.0,0.0
market_cap + liquidity + volume_usd,"market_cap,liquidity,volume_usd",4 + 4 + 6,"17,167.89-18,590.82 + 12,361.67-12,786.19 + 35,329.38-40,010.01",1,2.3144,1.0,0.0,0.0
market_cap + liquidity + volume_usd,"market_cap,liquidity,volume_usd",7 + 1 + 9,"22,844.27-25,315.17 + 0-11,598.3 + 58,815.09-96,139.16",6,2.9187,0.6667,0.1667,0.0
market_cap + liquidity + volume_usd,"market_cap,liquidity,volume_usd",6 + 9 + 1,"20,581.29-22,843.57 + 15,815.4-19,926.93 + 5,784.89-17,669",1,1.4773,0.0,0.0,0.0
market_cap + liquidity + volume_usd,"market_cap,liquidity,volume_usd",7 + 10 + 1,"22,844.27-25,315.17 + 19,982.42+ + 5,784.89-17,669",1,1.4773,0.0,0.0,0.0
market_cap + liquidity + volume_usd,"market_cap,liquidity,volume_usd",8 + 10 + 3,"25,335.37-30,114.91 + 19,982.42+ + 23,015.77-26,957.65",1,1.4773,0.0,0.0,0.0
market_cap + liquidity + volume_usd,"market_cap,liquidity,volume_usd",3 + 4 + 9,"16,137.97-17,162.81 + 12,361.67-12,786.19 + 58,815.09-96,139.16",5,2.0101,0.4,0.0,0.0
market_cap + liquidity + volume_usd,"market_cap,liquidity,volume_usd",4 + 6 + 5,"17,167.89-18,590.82 + 13,271.91-14,053.28 + 31,005.61-35,301.14",1,1.0,0.0,0.0,0.0
market_cap + liquidity + volume_usd,"market_cap,liquidity,volume_usd",8 + 8 + 1,"25,335.37-30,114.91 + 14,748.13-15,806.44 + 5,784.89-17,669",2,1.6637,0.5,0.0,0.0
market_cap + liquidity + volume_usd,"market_cap,liquidity,volume_usd",3 + 3 + 7,"16,137.97-17,162.81 + 12,046.39-12,355.84 + 40,013.6-46,956.43",1,1.4893,0.0,0.0,0.0
market_cap + liquidity + volume_usd,"market_cap,liquidity,volume_usd",10 + 1 + 3,"109,316.51+ + 0-11,598.3 + 23,015.77-26,957.65",3,1.0,0.0,0.0,0.0
market_cap + liquidity + volume_usd,"market_cap,liquidity,volume_usd",9 + 8 + 10,"30,327.76-107,930.06 + 14,748.13-15,806.44 + 96,643.19+",2,4.3691,1.0,0.5,0.0
market_cap + liquidity + volume_usd,"market_cap,liquidity,volume_usd",6 + 6 + 8,"20,581.29-22,843.57 + 13,271.91-14,053.28 + 47,012.32-58,764.49",6,2.6897,0.5,0.1667,0.0
market_cap + liquidity + volume_usd,"market_cap,liquidity,volume_usd",4 + 4 + 2,"17,167.89-18,590.82 + 12,361.67-12,786.19 + 17,791.49-23,002.15",4,2.0158,0.25,0.25,0.0
market_cap + liquidity + volume_usd,"market_cap,liquidity,volume_usd",9 + 6 + 10,"30,327.76-107,930.06 + 13,271.91-14,053.28 + 96,643.19+",1,7.4817,1.0,1.0,0.0
market_cap + liquidity + volume_usd,"market_cap,liquidity,volume_usd",8 + 1 + 9,"25,335.37-30,114.91 + 0-11,598.3 + 58,815.09-96,139.16",2,3.5806,0.5,0.5,0.0
market_cap + liquidity + volume_usd,"market_cap,liquidity,volume_usd",2 + 9 + 6,"15,281.14-16,137.22 + 15,815.4-19,926.93 + 35,329.38-40,010.01",1,1.6213,0.0,0.0,0.0
market_cap + liquidity + volume_usd,"market_cap,liquidity,volume_usd",10 + 10 + 8,"109,316.51+ + 19,982.42+ + 47,012.32-58,764.49",3,1.8773,0.3333,0.0,0.0
market_cap + liquidity + volume_usd,"market_cap,liquidity,volume_usd",8 + 4 + 3,"25,335.37-30,114.91 + 12,361.67-12,786.19 + 23,015.77-26,957.65",1,5.2757,1.0,1.0,0.0
market_cap + liquidity + volume_usd,"market_cap,liquidity,volume_usd",1 + 1 + 8,"0-15,280.97 + 0-11,598.3 + 47,012.32-58,764.49",2,1.5059,0.5,0.0,0.0
market_cap + liquidity + volume_usd,"market_cap,liquidity,volume_usd",3 + 5 + 1,"16,137.97-17,162.81 + 12,788.21-13,271.46 + 5,784.89-17,669",1,1.0,0.0,0.0,0.0
market_cap + liquidity + volume_usd,"market_cap,liquidity,volume_usd",7 + 8 + 3,"22,844.27-25,315.17 + 14,748.13-15,806.44 + 23,015.77-26,957.65",7,1.1224,0.0,0.0,0.0
market_cap + liquidity + volume_usd,"market_cap,liquidity,volume_usd",8 + 2 + 7,"25,335.37-30,114.91 + 11,600.81-12,042.9 + 40,013.6-46,956.43",5,2.2612,0.6,0.0,0.0
market_cap + liquidity + volume_usd,"market_cap,liquidity,volume_usd",4 + 4 + 5,"17,167.89-18,590.82 + 12,361.67-12,786.19 + 31,005.61-35,301.14",6,1.5082,0.3333,0.0,0.0
market_cap + liquidity + volume_usd,"market_cap,liquidity,volume_usd",2 + 9 + 1,"15,281.14-16,137.22 + 15,815.4-19,926.93 + 5,784.89-17,669",2,1.4887,0.0,0.0,0.0
market_cap + liquidity + volume_usd,"market_cap,liquidity,volume_usd",6 + 8 + 7,"20,581.29-22,843.57 + 14,748.13-15,806.44 + 40,013.6-46,956.43",1,2.9772,1.0,0.0,0.0
market_cap + liquidity + volume_usd,"market_cap,liquidity,volume_usd",8 + 9 + 10,"25,335.37-30,114.91 + 15,815.4-19,926.93 + 96,643.19+",1,2.9772,1.0,0.0,0.0
market_cap + liquidity + volume_usd,"market_cap,liquidity,volume_usd",1 + 1 + 9,"0-15,280.97 + 0-11,598.3 + 58,815.09-96,139.16",4,1.8117,0.25,0.0,0.0
market_cap + liquidity + volume_usd,"market_cap,liquidity,volume_usd",5 + 5 + 7,"18,609.88-20,577.61 + 12,788.21-13,271.46 + 40,013.6-46,956.43",6,1.4959,0.1667,0.0,0.0
market_cap + liquidity + volume_usd,"market_cap,liquidity,volume_usd",9 + 3 + 9,"30,327.76-107,930.06 + 12,046.39-12,355.84 + 58,815.09-96,139.16",1,2.6883,1.0,0.0,0.0
market_cap + liquidity + volume_usd,"market_cap,liquidity,volume_usd",9 + 5 + 7,"30,327.76-107,930.06 + 12,788.21-13,271.46 + 40,013.6-46,956.43",1,1.0,0.0,0.0,0.0
market_cap + liquidity + volume_usd,"market_cap,liquidity,volume_usd",9 + 6 + 8,"30,327.76-107,930.06 + 13,271.91-14,053.28 + 47,012.32-58,764.49",1,2.1216,1.0,0.0,0.0
market_cap + liquidity + volume_usd,"market_cap,liquidity,volume_usd",3 + 2 + 6,"16,137.97-17,162.81 + 11,600.81-12,042.9 + 35,329.38-40,010.01",2,1.1274,0.0,0.0,0.0
market_cap + liquidity + volume_usd,"market_cap,liquidity,volume_usd",5 + 5 + 6,"18,609.88-20,577.61 + 12,788.21-13,271.46 + 35,329.38-40,010.01",4,1.5486,0.25,0.0,0.0
market_cap + liquidity + volume_usd,"market_cap,liquidity,volume_usd",9 + 8 + 6,"30,327.76-107,930.06 + 14,748.13-15,806.44 + 35,329.38-40,010.01",1,2.0063,1.0,0.0,0.0
market_cap + liquidity + volume_usd,"market_cap,liquidity,volume_usd",8 + 3 + 5,"25,335.37-30,114.91 + 12,046.39-12,355.84 + 31,005.61-35,301.14",1,1.6705,0.0,0.0,0.0
market_cap + liquidity + volume_usd,"market_cap,liquidity,volume_usd",7 + 7 + 6,"22,844.27-25,315.17 + 14,071.35-14,742.63 + 35,329.38-40,010.01",7,3.4155,0.8571,0.1429,0.0
market_cap + liquidity + volume_usd,"market_cap,liquidity,volume_usd",9 + 5 + 8,"30,327.76-107,930.06 + 12,788.21-13,271.46 + 47,012.32-58,764.49",1,4.0448,1.0,0.0,0.0
market_cap + liquidity + volume_usd,"market_cap,liquidity,volume_usd",1 + 2 + 3,"0-15,280.97 + 11,600.81-12,042.9 + 23,015.77-26,957.65",8,2.0947,0.375,0.125,0.0
market_cap + liquidity + volume_usd,"market_cap,liquidity,volume_usd",10 + 1 + 1,"109,316.51+ + 0-11,598.3 + 5,784.89-17,669",3,2.6454,0.6667,0.0,0.0
market_cap + liquidity + volume_usd,"market_cap,liquidity,volume_usd",8 + 9 + 6,"25,335.37-30,114.91 + 15,815.4-19,926.93 + 35,329.38-40,010.01",5,2.2874,0.6,0.0,0.0
market_cap + liquidity + volume_usd,"market_cap,liquidity,volume_usd",7 + 7 + 5,"22,844.27-25,315.17 + 14,071.35-14,742.63 + 31,005.61-35,301.14",4,3.1298,0.5,0.25,0.0
market_cap + liquidity + volume_usd,"market_cap,liquidity,volume_usd",1 + 3 + 4,"0-15,280.97 + 12,046.39-12,355.84 + 26,969.13-30,982.7",2,1.0,0.0,0.0,0.0
market_cap + liquidity + volume_usd,"market_cap,liquidity,volume_usd",10 + 10 + 1,"109,316.51+ + 19,982.42+ + 5,784.89-17,669",1,1.0,0.0,0.0,0.0
market_cap + liquidity + volume_usd,"market_cap,liquidity,volume_usd",3 + 3 + 9,"16,137.97-17,162.81 + 12,046.39-12,355.84 + 58,815.09-96,139.16",1,1.0526,0.0,0.0,0.0
market_cap + liquidity + volume_usd,"market_cap,liquidity,volume_usd",8 + 1 + 8,"25,335.37-30,114.91 + 0-11,598.3 + 47,012.32-58,764.49",1,6.1344,1.0,1.0,0.0
market_cap + liquidity + volume_usd,"market_cap,liquidity,volume_usd",5 + 5 + 2,"18,609.88-20,577.61 + 12,788.21-13,271.46 + 17,791.49-23,002.15",4,1.927,0.5,0.0,0.0
market_cap + liquidity + volume_usd,"market_cap,liquidity,volume_usd",9 + 6 + 1,"30,327.76-107,930.06 + 13,271.91-14,053.28 + 5,784.89-17,669",1,15.9219,1.0,1.0,1.0
market_cap + liquidity + volume_usd,"market_cap,liquidity,volume_usd",8 + 3 + 7,"25,335.37-30,114.91 + 12,046.39-12,355.84 + 40,013.6-46,956.43",2,1.541,0.5,0.0,0.0
market_cap + liquidity + volume_usd,"market_cap,liquidity,volume_usd",6 + 7 + 1,"20,581.29-22,843.57 + 14,071.35-14,742.63 + 5,784.89-17,669",1,1.0,0.0,0.0,0.0
market_cap + liquidity + volume_usd,"market_cap,liquidity,volume_usd",5 + 5 + 9,"18,609.88-20,577.61 + 12,788.21-13,271.46 + 58,815.09-96,139.16",2,1.7521,0.0,0.0,0.0
market_cap + liquidity + volume_usd,"market_cap,liquidity,volume_usd",6 + 6 + 5,"20,581.29-22,843.57 + 13,271.91-14,053.28 + 31,005.61-35,301.14",1,2.4413,1.0,0.0,0.0
market_cap + liquidity + volume_usd,"market_cap,liquidity,volume_usd",9 + 10 + 1,"30,327.76-107,930.06 + 19,982.42+ + 5,784.89-17,669",2,1.0,0.0,0.0,0.0
market_cap + liquidity + volume_usd,"market_cap,liquidity,volume_usd",9 + 10 + 4,"30,327.76-107,930.06 + 19,982.42+ + 26,969.13-30,982.7",2,2.1748,0.5,0.0,0.0
market_cap + liquidity + volume_usd,"market_cap,liquidity,volume_usd",8 + 2 + 8,"25,335.37-30,114.91 + 11,600.81-12,042.9 + 47,012.32-58,764.49",6,8.0671,0.8333,0.5,0.3333
market_cap + liquidity + volume_usd,"market_cap,liquidity,volume_usd",10 + 10 + 2,"109,316.51+ + 19,982.42+ + 17,791.49-23,002.15",2,1.4122,0.0,0.0,0.0
market_cap + liquidity + volume_usd,"market_cap,liquidity,volume_usd",8 + 8 + 5,"25,335.37-30,114.91 + 14,748.13-15,806.44 + 31,005.61-35,301.14",1,1.0,0.0,0.0,0.0
market_cap + liquidity + volume_usd,"market_cap,liquidity,volume_usd",7 + 7 + 1,"22,844.27-25,315.17 + 14,071.35-14,742.63 + 5,784.89-17,669",4,2.6719,0.25,0.25,0.0
market_cap + liquidity + volume_usd,"market_cap,liquidity,volume_usd",4 + 3 + 1,"17,167.89-18,590.82 + 12,046.39-12,355.84 + 5,784.89-17,669",1,1.0,0.0,0.0,0.0
market_cap + liquidity + volume_usd,"market_cap,liquidity,volume_usd",8 + 2 + 9,"25,335.37-30,114.91 + 11,600.81-12,042.9 + 58,815.09-96,139.16",1,2.8351,1.0,0.0,0.0
market_cap + liquidity + volume_usd,"market_cap,liquidity,volume_usd",4 + 1 + 1,"17,167.89-18,590.82 + 0-11,598.3 + 5,784.89-17,669",1,5.7909,1.0,1.0,0.0
market_cap + liquidity + volume_usd,"market_cap,liquidity,volume_usd",10 + 3 + 5,"109,316.51+ + 12,046.39-12,355.84 + 31,005.61-35,301.14",1,3.0453,1.0,0.0,0.0
market_cap + liquidity + volume_usd,"market_cap,liquidity,volume_usd",10 + 10 + 9,"109,316.51+ + 19,982.42+ + 58,815.09-96,139.16",4,11.2296,0.5,0.25,0.25
market_cap + liquidity + volume_usd,"market_cap,liquidity,volume_usd",9 + 5 + 2,"30,327.76-107,930.06 + 12,788.21-13,271.46 + 17,791.49-23,002.15",2,2.8893,0.5,0.0,0.0
market_cap + liquidity + volume_usd,"market_cap,liquidity,volume_usd",10 + 3 + 3,"109,316.51+ + 12,046.39-12,355.84 + 23,015.77-26,957.65",1,1.0,0.0,0.0,0.0
market_cap + liquidity + volume_usd,"market_cap,liquidity,volume_usd",9 + 5 + 9,"30,327.76-107,930.06 + 12,788.21-13,271.46 + 58,815.09-96,139.16",2,2.3124,0.5,0.0,0.0
market_cap + liquidity + volume_usd,"market_cap,liquidity,volume_usd",9 + 3 + 5,"30,327.76-107,930.06 + 12,046.39-12,355.84 + 31,005.61-35,301.14",1,5.0632,1.0,1.0,0.0
market_cap + liquidity + volume_usd,"market_cap,liquidity,volume_usd",3 + 2 + 4,"16,137.97-17,162.81 + 11,600.81-12,042.9 + 26,969.13-30,982.7",1,1.0,0.0,0.0,0.0
market_cap + liquidity + volume_usd,"market_cap,liquidity,volume_usd",8 + 9 + 1,"25,335.37-30,114.91 + 15,815.4-19,926.93 + 5,784.89-17,669",1,1.2864,0.0,0.0,0.0
market_cap + liquidity + volume_usd,"market_cap,liquidity,volume_usd",8 + 4 + 6,"25,335.37-30,114.91 + 12,361.67-12,786.19 + 35,329.38-40,010.01",1,1.0,0.0,0.0,0.0
market_cap + liquidity + volume_usd,"market_cap,liquidity,volume_usd",2 + 9 + 2,"15,281.14-16,137.22 + 15,815.4-19,926.93 + 17,791.49-23,002.15",1,1.6879,0.0,0.0,0.0
market_cap + liquidity + volume_usd,"market_cap,liquidity,volume_usd",4 + 9 + 5,"17,167.89-18,590.82 + 15,815.4-19,926.93 + 31,005.61-35,301.14",1,1.6879,0.0,0.0,0.0
market_cap + liquidity + volume_usd,"market_cap,liquidity,volume_usd",6 + 9 + 7,"20,581.29-22,843.57 + 15,815.4-19,926.93 + 40,013.6-46,956.43",1,1.6879,0.0,0.0,0.0
market_cap + liquidity + volume_usd,"market_cap,liquidity,volume_usd",9 + 9 + 1,"30,327.76-107,930.06 + 15,815.4-19,926.93 + 5,784.89-17,669",1,1.1736,0.0,0.0,0.0
market_cap + liquidity + volume_usd,"market_cap,liquidity,volume_usd",10 + 6 + 9,"109,316.51+ + 13,271.91-14,053.28 + 58,815.09-96,139.16",1,7.9024,1.0,1.0,0.0
market_cap + liquidity + volume_usd,"market_cap,liquidity,volume_usd",10 + 1 + 10,"109,316.51+ + 0-11,598.3 + 96,643.19+",1,1.0,0.0,0.0,0.0
market_cap + liquidity + volume_usd,"market_cap,liquidity,volume_usd",10 + 4 + 9,"109,316.51+ + 12,361.67-12,786.19 + 58,815.09-96,139.16",2,1.453,0.0,0.0,0.0
market_cap + liquidity + volume_usd,"market_cap,liquidity,volume_usd",8 + 8 + 10,"25,335.37-30,114.91 + 14,748.13-15,806.44 + 96,643.19+",2,2.8747,1.0,0.0,0.0
market_cap + liquidity + volume_usd,"market_cap,liquidity,volume_usd",3 + 2 + 3,"16,137.97-17,162.81 + 11,600.81-12,042.9 + 23,015.77-26,957.65",2,1.1914,0.0,0.0,0.0
market_cap + liquidity + volume_usd,"market_cap,liquidity,volume_usd",3 + 5 + 3,"16,137.97-17,162.81 + 12,788.21-13,271.46 + 23,015.77-26,957.65",1,1.5423,0.0,0.0,0.0
market_cap + liquidity + volume_usd,"market_cap,liquidity,volume_usd",1 + 9 + 2,"0-15,280.97 + 15,815.4-19,926.93 + 17,791.49-23,002.15",1,1.2415,0.0,0.0,0.0
market_cap + liquidity + volume_usd,"market_cap,liquidity,volume_usd",7 + 1 + 7,"22,844.27-25,315.17 + 0-11,598.3 + 40,013.6-46,956.43",2,2.0307,0.5,0.0,0.0
market_cap + liquidity + volume_usd,"market_cap,liquidity,volume_usd",6 + 7 + 10,"20,581.29-22,843.57 + 14,071.35-14,742.63 + 96,643.19+",1,1.5678,0.0,0.0,0.0
market_cap + liquidity + volume_usd,"market_cap,liquidity,volume_usd",10 + 1 + 6,"109,316.51+ + 0-11,598.3 + 35,329.38-40,010.01",3,1.0,0.0,0.0,0.0
market_cap + liquidity + volume_usd,"market_cap,liquidity,volume_usd",2 + 8 + 5,"15,281.14-16,137.22 + 14,748.13-15,806.44 + 31,005.61-35,301.14",1,1.0,0.0,0.0,0.0
market_cap + liquidity + volume_usd,"market_cap,liquidity,volume_usd",9 + 5 + 1,"30,327.76-107,930.06 + 12,788.21-13,271.46 + 5,784.89-17,669",1,10.1059,1.0,1.0,1.0
market_cap + liquidity + volume_usd,"market_cap,liquidity,volume_usd",9 + 9 + 7,"30,327.76-107,930.06 + 15,815.4-19,926.93 + 40,013.6-46,956.43",1,10.1059,1.0,1.0,1.0
market_cap + liquidity + volume_usd,"market_cap,liquidity,volume_usd",10 + 9 + 8,"109,316.51+ + 15,815.4-19,926.93 + 47,012.32-58,764.49",2,2.0688,0.5,0.0,0.0
market_cap + liquidity + volume_usd,"market_cap,liquidity,volume_usd",9 + 4 + 9,"30,327.76-107,930.06 + 12,361.67-12,786.19 + 58,815.09-96,139.16",2,7.3385,1.0,0.5,0.5
market_cap + liquidity + volume_usd,"market_cap,liquidity,volume_usd",3 + 2 + 1,"16,137.97-17,162.81 + 11,600.81-12,042.9 + 5,784.89-17,669",1,1.1134,0.0,0.0,0.0
market_cap + liquidity + volume_usd,"market_cap,liquidity,volume_usd",10 + 2 + 1,"109,316.51+ + 11,600.81-12,042.9 + 5,784.89-17,669",1,1.0,0.0,0.0,0.0
market_cap + liquidity + volume_usd,"market_cap,liquidity,volume_usd",10 + 4 + 2,"109,316.51+ + 12,361.67-12,786.19 + 17,791.49-23,002.15",1,1.0,0.0,0.0,0.0
market_cap + liquidity + volume_usd,"market_cap,liquidity,volume_usd",8 + 4 + 1,"25,335.37-30,114.91 + 12,361.67-12,786.19 + 5,784.89-17,669",1,1.0,0.0,0.0,0.0
market_cap + liquidity + volume_usd,"market_cap,liquidity,volume_usd",2 + 3 + 9,"15,281.14-16,137.22 + 12,046.39-12,355.84 + 58,815.09-96,139.16",1,1.0,0.0,0.0,0.0
market_cap + liquidity + volume_usd,"market_cap,liquidity,volume_usd",10 + 8 + 10,"109,316.51+ + 14,748.13-15,806.44 + 96,643.19+",1,1.9061,0.0,0.0,0.0
market_cap + liquidity + volume_usd,"market_cap,liquidity,volume_usd",10 + 9 + 10,"109,316.51+ + 15,815.4-19,926.93 + 96,643.19+",1,1.9061,0.0,0.0,0.0
market_cap + liquidity + volume_usd,"market_cap,liquidity,volume_usd",10 + 1 + 8,"109,316.51+ + 0-11,598.3 + 47,012.32-58,764.49",1,1.0,0.0,0.0,0.0
market_cap + liquidity + volume_usd,"market_cap,liquidity,volume_usd",9 + 9 + 4,"30,327.76-107,930.06 + 15,815.4-19,926.93 + 26,969.13-30,982.7",1,66.3204,1.0,1.0,1.0
market_cap + liquidity + volume_usd,"market_cap,liquidity,volume_usd",10 + 9 + 1,"109,316.51+ + 15,815.4-19,926.93 + 5,784.89-17,669",1,2.4866,1.0,0.0,0.0
market_cap + liquidity + volume_usd,"market_cap,liquidity,volume_usd",10 + 10 + 4,"109,316.51+ + 19,982.42+ + 26,969.13-30,982.7",2,21.1663,1.0,0.5,0.5
market_cap + liquidity + volume_usd,"market_cap,liquidity,volume_usd",7 + 8 + 10,"22,844.27-25,315.17 + 14,748.13-15,806.44 + 96,643.19+",2,2.3925,0.5,0.0,0.0
market_cap + liquidity + volume_usd,"market_cap,liquidity,volume_usd",4 + 6 + 3,"17,167.89-18,590.82 + 13,271.91-14,053.28 + 23,015.77-26,957.65",1,1.0,0.0,0.0,0.0
market_cap + liquidity + volume_usd,"market_cap,liquidity,volume_usd",4 + 6 + 6,"17,167.89-18,590.82 + 13,271.91-14,053.28 + 35,329.38-40,010.01",1,2.0441,1.0,0.0,0.0
market_cap + liquidity + volume_usd,"market_cap,liquidity,volume_usd",9 + 7 + 2,"30,327.76-107,930.06 + 14,071.35-14,742.63 + 17,791.49-23,002.15",1,2.0377,1.0,0.0,0.0
market_cap + liquidity + volume_usd,"market_cap,liquidity,volume_usd",9 + 9 + 3,"30,327.76-107,930.06 + 15,815.4-19,926.93 + 23,015.77-26,957.65",1,39.846,1.0,1.0,1.0
market_cap + liquidity + volume_usd,"market_cap,liquidity,volume_usd",10 + 10 + 7,"109,316.51+ + 19,982.42+ + 40,013.6-46,956.43",1,39.846,1.0,1.0,1.0
market_cap + liquidity + volume_usd,"market_cap,liquidity,volume_usd",9 + 6 + 5,"30,327.76-107,930.06 + 13,271.91-14,053.28 + 31,005.61-35,301.14",1,2.482,1.0,0.0,0.0
market_cap + liquidity + volume_usd,"market_cap,liquidity,volume_usd",6 + 1 + 8,"20,581.29-22,843.57 + 0-11,598.3 + 47,012.32-58,764.49",2,1.9719,0.5,0.0,0.0
market_cap + liquidity + volume_usd,"market_cap,liquidity,volume_usd",5 + 1 + 7,"18,609.88-20,577.61 + 0-11,598.3 + 40,013.6-46,956.43",1,1.0,0.0,0.0,0.0
market_cap + liquidity + volume_usd,"market_cap,liquidity,volume_usd",3 + 9 + 1,"16,137.97-17,162.81 + 15,815.4-19,926.93 + 5,784.89-17,669",1,2.8012,1.0,0.0,0.0
market_cap + liquidity + volume_usd,"market_cap,liquidity,volume_usd",6 + 10 + 2,"20,581.29-22,843.57 + 19,982.42+ + 17,791.49-23,002.15",1,2.8012,1.0,0.0,0.0
market_cap + liquidity + volume_usd,"market_cap,liquidity,volume_usd",8 + 10 + 4,"25,335.37-30,114.91 + 19,982.42+ + 26,969.13-30,982.7",1,2.8012,1.0,0.0,0.0
market_cap + liquidity + volume_usd,"market_cap,liquidity,volume_usd",6 + 6 + 10,"20,581.29-22,843.57 + 13,271.91-14,053.28 + 96,643.19+",1,1.9508,0.0,0.0,0.0
market_cap + liquidity + volume_usd,"market_cap,liquidity,volume_usd",10 + 10 + 6,"109,316.51+ + 19,982.42+ + 35,329.38-40,010.01",1,1.01,0.0,0.0,0.0
market_cap + liquidity + volume_usd,"market_cap,liquidity,volume_usd",10 + 9 + 4,"109,316.51+ + 15,815.4-19,926.93 + 26,969.13-30,982.7",1,2.9767,1.0,0.0,0.0
market_cap + liquidity + volume_usd,"market_cap,liquidity,volume_usd",10 + 9 + 6,"109,316.51+ + 15,815.4-19,926.93 + 35,329.38-40,010.01",1,2.9767,1.0,0.0,0.0
market_cap + liquidity + volume_usd,"market_cap,liquidity,volume_usd",10 + 10 + 5,"109,316.51+ + 19,982.42+ + 31,005.61-35,301.14",1,3.9594,1.0,0.0,0.0
market_cap + liquidity + volume_usd,"market_cap,liquidity,volume_usd",8 + 1 + 4,"25,335.37-30,114.91 + 0-11,598.3 + 26,969.13-30,982.7",1,1.0,0.0,0.0,0.0
market_cap + liquidity + volume_usd,"market_cap,liquidity,volume_usd",2 + 4 + 8,"15,281.14-16,137.22 + 12,361.67-12,786.19 + 47,012.32-58,764.49",1,4.0646,1.0,0.0,0.0
market_cap + liquidity + volume_usd,"market_cap,liquidity,volume_usd",4 + 5 + 9,"17,167.89-18,590.82 + 12,788.21-13,271.46 + 58,815.09-96,139.16",2,3.4487,0.5,0.5,0.0
market_cap + liquidity + volume_usd,"market_cap,liquidity,volume_usd",6 + 1 + 3,"20,581.29-22,843.57 + 0-11,598.3 + 23,015.77-26,957.65",1,1.2287,0.0,0.0,0.0
market_cap + liquidity + volume_usd,"market_cap,liquidity,volume_usd",7 + 10 + 2,"22,844.27-25,315.17 + 19,982.42+ + 17,791.49-23,002.15",1,1.3118,0.0,0.0,0.0
market_cap + liquidity + volume_usd,"market_cap,liquidity,volume_usd",9 + 6 + 9,"30,327.76-107,930.06 + 13,271.91-14,053.28 + 58,815.09-96,139.16",1,1.0,0.0,0.0,0.0
market_cap + liquidity + volume_usd,"market_cap,liquidity,volume_usd",6 + 6 + 3,"20,581.29-22,843.57 + 13,271.91-14,053.28 + 23,015.77-26,957.65",2,2.7397,1.0,0.0,0.0
market_cap + liquidity + volume_usd,"market_cap,liquidity,volume_usd",7 + 1 + 8,"22,844.27-25,315.17 + 0-11,598.3 + 47,012.32-58,764.49",1,1.0829,0.0,0.0,0.0
market_cap + liquidity + volume_usd,"market_cap,liquidity,volume_usd",7 + 1 + 6,"22,844.27-25,315.17 + 0-11,598.3 + 35,329.38-40,010.01",1,3.1584,1.0,0.0,0.0
market_cap + liquidity + volume_usd,"market_cap,liquidity,volume_usd",8 + 3 + 1,"25,335.37-30,114.91 + 12,046.39-12,355.84 + 5,784.89-17,669",1,2.0247,1.0,0.0,0.0
market_cap + liquidity + volume_usd,"market_cap,liquidity,volume_usd",6 + 6 + 2,"20,581.29-22,843.57 + 13,271.91-14,053.28 + 17,791.49-23,002.15",2,2.4124,0.5,0.0,0.0
market_cap + liquidity + volume_usd,"market_cap,liquidity,volume_usd",8 + 4 + 9,"25,335.37-30,114.91 + 12,361.67-12,786.19 + 58,815.09-96,139.16",1,3.6472,1.0,0.0,0.0
market_cap + liquidity + volume_usd,"market_cap,liquidity,volume_usd",10 + 2 + 5,"109,316.51+ + 11,600.81-12,042.9 + 31,005.61-35,301.14",1,1.0,0.0,0.0,0.0
market_cap + liquidity + volume_usd,"market_cap,liquidity,volume_usd",4 + 4 + 8,"17,167.89-18,590.82 + 12,361.67-12,786.19 + 47,012.32-58,764.49",1,1.1492,0.0,0.0,0.0
market_cap + liquidity + volume_usd,"market_cap,liquidity,volume_usd",9 + 3 + 7,"30,327.76-107,930.06 + 12,046.39-12,355.84 + 40,013.6-46,956.43",1,15.0963,1.0,1.0,1.0
market_cap + liquidity + volume_usd,"market_cap,liquidity,volume_usd",2 + 2 + 9,"15,281.14-16,137.22 + 11,600.81-12,042.9 + 58,815.09-96,139.16",1,1.0,0.0,0.0,0.0
