mint,symbol,name,notification_type,sent_at,created_at,first_seen_at,last_seen_at,alert_count,first_alert_market_cap,first_call_market_cap,liquidity,price_usd,vol_1h,vol_24h,chg_1h,chg_24h,total_buy,count_buy,label,call_mc,call_at,current_mc,ath_mc,ath_at,max_multiple,outcome_bucket,rugged,hit_2x,hit_3x,hit_5x,hit_10x,hit_2x_at,hit_3x_at,hit_5x_at,hit_10x_at
1GeyzSHQBzo6K4snM9fTf6VHHDPVNbVsL2NYCEgpump,GAMER,Gamer Street,newSignal,1781545688801,1781535801,,,1,26032.6315851893,16565.936371013766,15874.612702903212,2.603263158563066e-05,27564.74784893115,59126.9766553737,4.0666,10.6979,,0,Gaming,16565.936371013766,2026-06-15T17:48:08.661Z,3185.558198728772,54925.65524636222,,3.3155780643023802,2x-5x,0,1,1,0,0,,,,
3LW7r3jPYr9k8BsHBCEKwSfnRJuJk3hZjA9pyy6rpump,sob,sob,newSignal,1781546235967,1781546018,,,3,17410.182538925033,13245.828412816894,17908.870711639294,1.7410182538925033e-05,25541.904971372096,25541.904971372096,3.5905,3.5905,,0,Meme,13245.828412816894,2026-06-15T17:57:15.601Z,4022.6013605743683,23047.66768196664,,1.7399944317310734,<2x,0,0,0,0,0,,,,
3MyvmhME3kzxgEv7v6FcYANMZ9TY9NRtybMAHspqpump,IDIOT,Elon Musk's Idiot Index,newSignalRay,1781540210544,1781533090,,,1,27920.82585745082,92489.20904487079,12939.507449188544,2.7924886321090908e-05,29895.30698036805,700888.8137773654,-0.4343,11.9905,,0,Elon,92489.20904487079,2026-06-15T16:16:50.329Z,3754.54245761027,121469.87407242492,,1.31334104082882,<2x,0,0,0,0,0,,,,
5AoXC37JQsvLCmZGhqwHxaf1vPfE8myrmsaWrqBMpump,SUPERSTACK,Superstack,newSignal,1781544200864,1781535322,,,1,17023.978059974717,17883.573931260322,12841.558542143863,1.7023978059974718e-05,44620.8551391832,119123.73211862246,0.4704,6.7128,,0,Others,17883.573931260322,2026-06-15T15:18:46.456Z,3808.470895296808,28232.03103151979,,1.5786571040014803,<2x,0,0,0,0,0,,,,
5LuTk9UC6Fv4Ssafmy2JZTBzXyR3DCT3ZHoLnYJcpump,nuts,nuts,newSignal,1781545208870,1781543739,,,2,71701.23786074974,14919.06309384774,19872.906868091868,7.175523957844837e-05,235239.38612547703,235239.38612547703,33.0495,33.0495,,0,Others,14919.06309384774,2026-06-15T17:32:19.362Z,2323.4141745918932,166853.05609535894,,11.183882998937452,10x-20x,0,1,1,1,1,,,,
5WrhAdqrtaBqzjoPEQ4bVkukQGCmR9mrcKeeifCKpump,Chaton,Le gros chaton,newSignalRay,1781527017507,1781517146,,,1,633369.4283043592,61106.53451704764,71148.04774694581,0.000694744658950085,165658.28617271155,3898750.354754072,0.3814,292.7311,,0,Cats,12572.961029200247,2026-06-15T09:52:45.459Z,58647.93617010373,866668.3431534258,,68.93112458875996,20x+,0,1,1,1,1,,,,
7DkQ6a1znhnYGdx6tpDJrYL7eVXRKE4wHkhdWwXVpump,Nobody,Nobody is coming to save you,newSignal,1781546674406,1781537202,,,1,16481.01547415272,13688.716097589073,12635.301146727374,1.6481015474152718e-05,21229.55307132823,40830.03200565766,1.3325,5.728,,0,Meme,13688.716097589073,2026-06-15T18:04:34.091Z,2062.4385959576484,29955.822331997097,,2.188358799936911,2x-5x,0,1,0,0,0,,,,
7Fukjtom4jZibD9FXs74N2CEVWdtXeN4ijCuZ7rGpump,GCM,Gaming Capital Markets,newSignalRay,1781545343195,1781544925,,,1,66856.26774402795,63812.7784568128,18923.239353515608,,140731.0636732452,140731.0636732452,35.4778,35.4778,,0,Gaming,63812.7784568128,2026-06-15T17:42:23.058Z,5169.349995987958,81183.589129215,,1.2722152379583098,<2x,0,0,0,0,0,,,,
7LGUVymedpGu1Xh2eKxRogrMovzLBJqjLxqMark3pump,Bella,The Blissful Dog,newSignalRay,1781543816152,1781540435,,,1,43047.65420418373,72436.604289533,15531.848892471538,4.304765501601162e-05,238311.77263435075,406162.4852135272,-0.0667,17.6428,,0,Dogs,13859.53336818627,2026-06-15T16:24:16.565Z,22129.019780213395,91274.04427656805,,6.585650602500237,5x-10x,0,1,1,1,0,,,,
83eFTE24Mgde1kmwDRYstcJd5JW9rvgfauw4Kaxkpump,Curiosity,Curiosity,newSignal,1781547140230,1781546945,,,1,27174.69072435095,15782.783383256392,16221.153532550727,2.7174690724350947e-05,44545.31929617395,44545.31929617395,8.3789,8.3789,,0,Others,15782.783383256392,2026-06-15T18:10:23.617Z,1989.893014768495,15782.783383256392,,1.0,<2x,0,0,0,0,0,,,,
Ago3xFUD36gvQUYkxx1zjRWtTbfhy23cR79SPFPzpump,Minimi,Minimi The Squirrel,newSignalRay,1781523888743,1781520210,,,1,17291.038578507378,72767.06949799748,10107.267769045993,1.7291229268086542e-05,8687.056638961,583447.380156006,0.2785,6.5523,,0,Animals,13719.360390297803,2026-06-15T10:44:24.160Z,11024.755394357053,79447.65333163655,,5.790915251983697,5x-10x,0,1,1,1,0,,,,
Dc8nWu2cPyiHKv3ZGXZ3GhyCXzE9ierMKEHg5X8ppump,HUC,HunterCoin,newSignal,1781546864675,1781541302,,,2,17130.2433014018,14906.167086482532,12877.29345398923,1.71302433014018e-05,24865.76931896646,56708.46682101706,0.642,6.9218,,0,Others,14906.167086482532,2026-06-15T18:07:44.372Z,2039.2669685787107,22989.30446133321,,1.5422679973969142,<2x,0,0,0,0,0,,,,
E8UXwqhNiiMwVRRV4F81rUBUYXNUd4bA78ZxpQxZpump,JAMESON,Justice For Jameson The Doodle,newSignalRay,1781544505023,1781535655,,,1,223661.3251332512,111453.39895509112,35175.29958345375,,273327.0986525309,544548.7822137347,1.9213,33.3121,,0,Animals,18069.1329601974,2026-06-15T15:01:11.950Z,176982.05846164076,206581.2703644976,,11.432826955203321,10x-20x,0,1,1,1,1,,,,
HN4nm315KuiVb9rLGfkdbvnNZ35dJEDXXyTYvaMApump,KROKO,Kroko,newSignal,1781546859723,1781544994,,,1,4615.227927681877,28048.26786716407,4956.320819639771,4.615227927681877e-06,23304.34199008737,23304.34199008737,20.6197,20.6197,,0,Frogs,28048.26786716407,2026-06-15T18:07:39.600Z,1510.4758303559772,28048.26786716407,,1.0,<2x,0,0,0,0,0,,,,
HWQjsHJxQM9BxZd49mxtSs41m5y8Ub12WxuCYDk3pump,KARTS,Pump Karts,newSignal,1781544766682,1781544481,,,1,15872.123156485071,13364.948295806289,12399.56498947213,1.5872123158072285e-05,54772.84212839322,54772.84212839322,6.1939,6.1939,,0,Others,13364.948295806289,2026-06-15T17:31:16.967Z,25941.950378466085,54323.31897135191,,4.064611232981553,2x-5x,0,1,1,0,0,,,,
ctKpkKoiywGGVUgqQ4exW4MRNd6s2KFzm2TCu7Lpump,THOMAS,Human Thomas,newSignal,1781544265924,1781541334,,,1,15169.300579623803,14350.391883323486,8969.445349285143,1.5169300579623803e-05,95079.89464017304,96494.41573164266,6.127,5.7727,,0,Others,14350.391883323486,2026-06-15T17:11:44.814Z,1457.6609433452065,27527.42769545389,,1.918235259306289,<2x,0,0,0,0,0,,,,
BaYJ9uTr7h7qfWhHSNffW41ZQnSbmidFwny9ETYfpump,DJBOOM,SpaceX Seal,newSignalRay,2026-06-16T04:58:20.533Z,2026-06-16T04:44:31.000Z,2026-06-16 04:58:20,2026-06-16 04:58:20,1,69779.31054701892,59420.684630605065,20296.41495501894,6.97809095582148e-05,318264.2965464761,655410.3648434866,0.8032,32.2963,173.0,59,Space,13767.404358376574,2026-06-16T04:51:21.125Z,2939.1459760370594,76852.83402201321,,5.582231190533257,5x-10x,0,1,1,1,0,,,,
5iTps5Rwsrc6ER7wNh46KRpqUhXZGs2u1T7WkyX7pump,Iris,Iris,newSignal,2026-06-16T05:33:37.351Z,2026-06-16T05:30:56.000Z,2026-06-16 05:33:37,2026-06-16 05:39:29,3,16163.894669061689,13116.850213172336,12380.84521089564,1.616389466906169e-05,16448.70595112923,16448.70595112923,6.144,6.144,68.0,49,Others,13116.850213172336,2026-06-16T05:32:19.701Z,1598.8717865891565,26526.692831989338,,2.022337100819405,2x-5x,0,1,0,0,0,,,,
5yVdBZD1rUeNweniDqDhKVrsM4Te3TpG4f5ssYvrpump,SHHH,shhh,newSignal,2026-06-16T05:42:11.111Z,2026-06-16T05:42:03.000Z,2026-06-16 05:42:11,2026-06-16 05:42:11,1,13580.886614041665,22016.436446068925,11352.445825389195,1.3580886614041665e-05,29564.75141281116,29564.75141281116,3.412,3.412,92.0,67,Others,22016.436446068925,2026-06-16T05:42:10.967Z,2070.4310380214665,22016.436446068925,,1.0,<2x,0,0,0,0,0,,,,
HnMurnqedgVPuHhcMV9T2kbgPU9N1j4wnXGhqpMSYkVC,SHHPE,shhpe,newSignal,2026-06-16T05:42:35.752Z,2026-06-16T05:42:01.000Z,2026-06-16 05:42:35,2026-06-16 05:43:37,2,23912.136553763004,14961.479428652114,15063.761153088239,2.3912136553763005e-05,33472.03104218745,33472.03104218745,8.239,8.239,169.0,113,Meme,14961.479428652114,2026-06-16T05:42:14.826Z,1484.4034119336511,14961.479428652114,,1.0,<2x,0,0,0,0,0,,,,
5VgC4VrCr1nmgbmtnB8fhpG5vLJhrQZHYap5Gzj4pump,gang,gang,newSignal,2026-06-16T05:55:10.170Z,2026-06-16T05:52:07.000Z,2026-06-16 05:55:10,2026-06-16 05:57:22,2,15324.701749084552,13574.69233919741,12063.35722591129,1.5324701749084553e-05,23628.17482579891,23628.17482579891,5.7564,5.7564,70.0,55,Others,13574.69233919741,2026-06-16T05:55:10.006Z,1993.2853198640112,13574.69233919741,,1.0,<2x,0,0,0,0,0,,,,
CsTkBg1w2L76EMoKaiQbXtrfSb95rNzquWueMXx9pump,FIH,Justice For Fih,newSignal,2026-06-16T06:12:56.795Z,2026-06-16T05:32:28.000Z,2026-06-16 06:12:56,2026-06-16 06:12:56,1,14364.164472976936,13445.724033981427,11681.550168798649,1.4364164472976935e-05,33224.0897669238,33224.0897669238,6.4139,6.4139,20.0,15,Meme,13445.724033981427,2026-06-16T06:12:56.647Z,2620.800650539185,13445.724033981427,,1.0,<2x,0,0,0,0,0,,,,
8oUDXJf7LLL5xwuB969Fu5XKkpffCxDrsqQMb2Jrpump,OR,Obelisk Rising,newSignal,2026-06-16T06:13:42.244Z,2026-06-16T06:07:17.000Z,2026-06-16 06:13:42,2026-06-16 06:13:42,1,15306.170793022546,12912.062889491757,12060.945849561733,1.5306170793022546e-05,15653.37996551329,15653.37996551329,6.0804,6.0804,36.0,34,Gaming,12912.062889491757,2026-06-16T06:13:42.090Z,2305.9512077320055,12912.062889491757,,1.0,<2x,0,0,0,0,0,,,,
7iCgk23ZssY7UM7pPwsftFWcqrZz6jSaFxGnj2NBpump,PICKLES,Grillo's Pickles,newSignal,2026-06-16T06:15:57.842Z,2026-06-16T06:12:04.000Z,2026-06-16 06:15:57,2026-06-16 06:19:48,4,12908.54598850755,13100.718295802762,11076.101052198695,1.2908545988507551e-05,13701.0726939546,13701.0726939546,6.0585,6.0585,43.0,35,Mascot,13100.718295802762,2026-06-16T06:15:57.701Z,2034.0765515356632,13100.718295802762,,1.0,<2x,0,0,0,0,0,,,,
Dig6UdRdW3PjzvR1brBXSWSoAoWALS9na9qWTwUUpump,pickles,grillo's pickles,newSignal,2026-06-16T06:19:29.690Z,2026-06-16T06:06:04.000Z,2026-06-16 06:19:29,2026-06-16 06:20:53,2,15738.899746431185,13449.033413985104,12230.301487057093,1.5738899746740658e-05,28825.63819072377,28825.63819072377,5.5836,5.5836,73.0,48,Mascot,13449.033413985104,2026-06-16T06:19:29.543Z,5546.941463657795,13449.033413985104,,1.0,<2x,0,0,0,0,0,,,,
H4oM947yrUoa3NEAXA83vw2bghNc14ymzb8nWTgapump,Accelerate,Accelerate Solana,newSignal,2026-06-16T06:22:12.331Z,2026-06-16T06:19:01.000Z,2026-06-16 06:22:12,2026-06-16 06:25:57,3,16228.541419353356,13761.617423785498,12419.370720840525,1.6228541419353355e-05,29050.3296038358,29050.3296038358,5.2254,5.2254,92.0,64,Meme,13761.617423785498,2026-06-16T06:22:12.178Z,1680.127124027562,36774.649244888205,,2.672262141318296,2x-5x,0,1,0,0,0,,,,
7zUZ3wGsSj2ndCMK9hPScqfrTYvWRVRtbBrsefGmpump,MechaMusk,MechaMusk,newSignal,2026-06-16T06:30:13.596Z,2026-06-16T06:04:29.000Z,2026-06-16 06:30:13,2026-06-16 06:30:52,2,21908.703447012173,20736.499228791785,14431.629864321018,,63576.4908943422,63576.4908943422,8.4774,8.4774,23.0,18,Elon,20736.499228791785,2026-06-16T06:30:13.443Z,2600.3083077433234,20736.499228791785,,1.0,<2x,0,0,0,0,0,,,,
EXk6HJh7dYoMnX7En1apVcdw91PqsbNMaF5KiBuhpump,FATOU,RIP FATOU,newSignal,2026-06-16T06:54:52.615Z,2026-06-16T06:45:38.000Z,2026-06-16 06:54:52,2026-06-16 06:54:52,1,16769.097998779624,13912.811600115772,12654.922094275425,1.6769097998935188e-05,28403.5654839418,28403.5654839418,5.932,5.932,44.0,26,Animals,13912.811600115772,2026-06-16T06:54:40.125Z,2076.2607102852517,13912.811600115772,,1.0,<2x,0,0,0,0,0,,,,
3xqDG39sMvtMYzLuqn6Wp32zbhQhScsYb92aZqaMpump,Miaowtocracy,Miaowtocracy,newSignal,2026-06-16T06:56:59.487Z,2026-06-16T06:55:48.000Z,2026-06-16 06:56:59,2026-06-16 07:02:23,4,16421.174400508175,14480.29614936443,12525.486327436614,1.6421174400508176e-05,17839.90820163049,17839.90820163049,6.1959,6.1959,45.0,26,Cats,14480.29614936443,2026-06-16T06:56:59.283Z,1630.5686982076238,38338.890628053705,,2.6476592904307745,2x-5x,0,1,0,0,0,,,,
FMG8uGf9ewX31bop9EJxDS8L9xVb2jtrHGSgFdF1pump,Fatou,Fatou,newSignal,2026-06-16T06:59:41.675Z,2026-06-16T06:49:13.000Z,2026-06-16 06:59:41,2026-06-16 07:03:12,3,15183.765892258338,14001.39966762347,12042.901434765114,1.5183765892321562e-05,36598.58021320738,36598.58021320738,5.9798,5.9798,25.0,16,Animals,14001.39966762347,2026-06-16T06:59:41.381Z,2070.9031979738984,14001.39966762347,,1.0,<2x,0,0,0,0,0,,,,
4HbyyHvSt7GUcUo5GGMH95ngaPLEht29mQhgE1bspump,Egg,Egg,newSignal,2026-06-16T07:09:15.339Z,2026-06-16T07:06:46.000Z,2026-06-16 07:09:15,2026-06-16 07:13:02,3,13520.353158420708,13582.654446980414,11363.217450623672,,22183.7274398592,22183.7274398592,6.1573,6.1573,58.0,52,Others,13582.654446980414,2026-06-16T07:09:15.186Z,2424.1393089367702,30858.52964332365,,2.271907141846185,2x-5x,0,1,0,0,0,,,,
7oDa7STX3iHL2QViVyNR5FXzCct9TcjrbfaquGSwpump,WANDER,Wanderaround,newSignal,2026-06-16T07:20:00.979Z,2026-06-16T07:01:39.000Z,2026-06-16 07:20:00,2026-06-16 07:26:41,3,17141.59488893036,18545.96366073998,12799.025875924835,1.7141594888930364e-05,9822.35804967193,9822.35804967193,7.2123,7.2123,30.0,18,,18545.96366073998,2026-06-16T07:20:00.676Z,7146.7286454390605,18545.96366073998,,1.0,<2x,0,0,0,0,0,,,,
74qtu3i2fuiJ5cQEeZM4HvwJFAQzZG8r3YAgxcDvpump,Elonjak,Elonjak,newSignal,2026-06-16T07:30:33.327Z,2026-06-16T07:28:10.000Z,2026-06-16 07:30:33,2026-06-16 07:32:49,2,18514.911738691186,15482.368861546496,13301.842053246188,1.8514911738691187e-05,33660.89084010961,33660.89084010961,7.1112,7.1112,86.0,79,Elon,15482.368861546496,2026-06-16T07:30:17.861Z,2390.217295907725,15482.368861546496,,1.0,<2x,0,0,0,0,0,,,,
DogsYb9MWKMYm5BtoZCWCm4oQ3GB34R17JfxQoFBHuuV,Dog,The Dog Project,newSignal,2026-06-16T07:42:52.798Z,2026-06-16T07:38:45.000Z,2026-06-16 07:42:52,2026-06-16 07:52:37,2,16023.215823842444,13552.827185412449,12384.54998495614,1.6023215823842443e-05,40336.29974266647,40336.29974266647,6.5837,6.5837,76.0,50,Dogs,13552.827185412449,2026-06-16T07:40:52.984Z,2105.926511603464,13552.827185412449,,1.0,<2x,0,0,0,0,0,,,,
D8bmt1ZNv1sZyi9Y6rXcX1Wo5WcpqzEVVxGUv3okpump,Loria,Loria,newSignal,2026-06-16T07:53:08.625Z,2026-06-16T07:52:25.000Z,2026-06-16 07:53:08,2026-06-16 08:32:04,4,17651.11112843564,14579.259740099118,13004.455184999133,1.765111112843564e-05,12867.87398121186,12867.87398121186,7.4519,7.4519,48.0,43,Gaming,14579.259740099118,2026-06-16T07:53:08.445Z,1614.292177099608,42124.36506157687,,2.889334973964219,2x-5x,0,1,0,0,0,,,,
6fVn7Eiiw1mTKcSYU1kVErEUqfdJ9f11FsyyjtN1pump,parsec,parsec,newSignal,2026-06-16T08:03:44.958Z,2026-06-16T08:02:20.000Z,2026-06-16 08:03:44,2026-06-16 08:27:57,7,17715.53933881111,15904.411441044964,13023.370165399512,1.7715539338811112e-05,24790.01570580964,24790.01570580964,7.3522,7.3522,23.0,14,Others,15904.411441044964,2026-06-16T08:03:44.721Z,2245.7778984874317,167840.73288853065,,10.553092989997689,10x-20x,0,1,1,1,1,,,,
28GijvEV2F95aKcUtm1H8ZxzmezXe5eEKyGCzRtKpump,Elgatito,The Exploding Cat,newSignal,2026-06-16T08:48:57.797Z,2026-06-16T08:47:00.000Z,2026-06-16 08:48:57,2026-06-16 08:51:27,2,15041.83888429512,13564.303781949042,12048.331033253731,1.5041838884295122e-05,24088.20441020216,24088.20441020216,5.6981,5.6981,80.0,59,Meme,13564.303781949042,2026-06-16T08:48:57.440Z,2563.222262932203,13564.303781949042,,1.0,<2x,0,0,0,0,0,,,,
7zEx1WSB93S4yghYVPwZwy9LoVoLMgYXRFopykNBpump,LOOP,LoopCoin,newSignal,2026-06-16T08:54:13.473Z,2026-06-16T08:53:16.000Z,2026-06-16 08:54:13,2026-06-16 09:31:09,5,14394.972322972135,13612.206748455561,11802.137318368974,1.4394972322972135e-05,22057.98555364496,22057.98555364496,3.6287,3.6287,75.0,72,Others,13612.206748455561,2026-06-16T08:54:13.333Z,1564.0497261349537,40526.393618061535,,2.9772096741521836,2x-5x,0,1,0,0,0,,,,
5XdHFpMFuS2aYKeibRrXYtjJTpJk61z9NKd3edDppump,Isopod,The Nietzschean Isopod,newSignal,2026-06-16T09:02:48.940Z,2026-06-16T09:01:45.000Z,2026-06-16 09:02:48,2026-06-16 09:06:40,4,17162.81445253379,15017.873929370753,12899.831302335559,1.716281445253379e-05,20722.82169812778,20722.82169812778,6.411,6.411,50.0,31,Religion,15017.873929370753,2026-06-16T09:02:48.736Z,2006.9877370407573,15017.873929370753,,1.0,<2x,0,0,0,0,0,,,,
9UgQrXsbXVqEjFDFH8ScAiEDmD1The37VgTFCcuNpump,Kohen,Justice for Kohen Wiley,newSignalRay,2026-06-16T09:15:41.352Z,2026-06-16T03:33:16.000Z,2026-06-16 09:15:41,2026-06-16 09:15:41,1,61388.28927459745,61619.244709186336,18124.963446048983,6.138829069112508e-05,61051.19095005655,133615.62418933716,5.9843,26.4236,148.0,67,Others,13379.322622419239,2026-06-16T03:34:40.582Z,14082.994799336768,53227.833542416185,,3.978365351114582,2x-5x,0,1,1,0,0,,,,
G7pzH1i6A3A9Drj92mgnU3khHkJD4NohME8Vgphwpump,KOHEN,Justice for Kohen Wiley,newSignal,2026-06-16T09:20:57.845Z,2026-06-16T09:20:48.000Z,2026-06-16 09:20:57,2026-06-16 09:21:48,2,18441.58262994572,19758.790456801333,13352.165707628788,1.844158262994572e-05,25997.95071333841,25997.95071333841,6.2356,6.2356,75.0,59,Others,19758.790456801333,2026-06-16T09:20:57.528Z,2040.882342075433,19758.790456801333,,1.0,<2x,0,0,0,0,0,,,,
6TotVaoKJYtAFnJikVofZkg1PxLNTvoq8XvTSKcZpump,petin,vlodimor petin,newSignal,2026-06-16T09:27:32.057Z,2026-06-16T09:24:42.000Z,2026-06-16 09:27:32,2026-06-16 09:41:17,6,14526.852085019453,13469.601202540616,11842.786416648787,1.4526852085019453e-05,22779.865900532,22779.865900532,5.9546,5.9546,96.0,80,Politics,13469.601202540616,2026-06-16T09:27:31.902Z,66300.05405697244,104773.17080480217,,7.778490931493948,5x-10x,0,1,1,1,0,,,,
9KYHoKbNss2Mi1EiHugQ2vsNGdNJP4iyRhe64Bdfpump,YoungBob,Justice for Youngbob,newSignal,2026-06-16T09:36:30.625Z,2026-06-16T09:30:53.000Z,2026-06-16 09:36:30,2026-06-16 09:36:30,1,15104.090134680517,13977.166580970725,12082.250805023268,1.5104090134680516e-05,27255.42242108628,27255.42242108628,5.1923,5.1923,32.0,18,Others,13977.166580970725,2026-06-16T09:36:30.442Z,2369.708926941109,13977.166580970725,,1.0,<2x,0,0,0,0,0,,,,
2ZYT2onVuqaSf121sz3u3YjDAV1seKPPu2WXpMn5pump,Robert,justice for Robert Kuzovkov,newSignal,2026-06-16T09:41:23.055Z,2026-06-16T09:22:54.000Z,2026-06-16 09:41:23,2026-06-16 09:43:31,2,13788.093081725732,13788.093081725732,11530.901463728631,,32443.63625095882,32443.63625095882,5.2677,5.2677,38.0,32,Others,13788.093081725732,2026-06-16T09:41:22.885Z,3311.626775559401,13788.093081725732,,1.0,<2x,0,0,0,0,0,,,,
H2cxSwXWvfHSNubCz3nTe8np2Jx9rRETYn6Cqicrpump,bully,bully,newSignal,2026-06-16T10:02:19.110Z,2026-06-16T09:49:14.000Z,2026-06-16 10:02:19,2026-06-16 10:12:09,4,15605.513359559473,14181.431239417445,12261.352326846882,1.5605513359559473e-05,28660.09468652928,28660.09468652928,6.2453,6.2453,25.0,19,Meme,14181.431239417445,2026-06-16T10:02:18.800Z,8402.158855982436,64530.465683531715,,4.5503492979022155,2x-5x,0,1,1,0,0,,,,
Gpwny7K4hQbgbCf5sA2ty9tq3c2tWJ22reJbqHsgpump,Nong Sompoi,น้องส้มป่อ,newSignal,2026-06-16T10:07:01.567Z,2026-06-16T10:05:49.000Z,2026-06-16 10:07:01,2026-06-16 10:08:58,2,16889.946240626246,13293.585918319166,12758.593706505757,1.688994624062625e-05,10918.05256156235,10918.05256156235,6.3462,6.3462,67.0,53,Meme,13293.585918319166,2026-06-16T10:06:31.768Z,6550.844711566347,13293.585918319166,,1.0,<2x,0,0,0,0,0,,,,
2Uoqp16nkqm1x8GiNyAWZaWyB3h9GNnQbi2SioCypump,SOMPOI,ส้มป่อย,newSignal,2026-06-16T10:09:23.579Z,2026-06-16T10:01:12.000Z,2026-06-16 10:09:23,2026-06-16 10:09:23,1,15764.081755140442,15435.865333013744,12327.654916672202,1.5764081755140442e-05,38943.374796909,38943.374796909,5.8461,5.8461,71.0,42,Others,15435.865333013744,2026-06-16T10:09:23.382Z,2001.5131948362496,15435.865333013744,,1.0,<2x,0,0,0,0,0,,,,
7VjMt2Q3fsdejV28tvXBnqnhzoizSZeqwAAjZmWMpump,BLACKMAN,The Reasonable Blackman,newSignalRay,2026-06-16T16:37:52.419Z,2026-06-16T16:32:11.000Z,2026-06-16 16:37:52,2026-06-16 16:37:52,1,33732.261898502606,57966.179143847716,13507.849570035294,3.373890636318407e-05,275721.36347068177,275721.36347068177,13.161,13.161,163.0,55,Meme,16443.21184481579,2026-06-16T16:32:53.925Z,17368.427943774688,123023.33089024738,,7.4817092944669525,5x-10x,0,1,1,1,0,,,,
AMeNn9JyarXX3qg7Yimijh6WusF8Gq3ffLaRafPhbonk,XYZ,XYZ coin,newSignalRay,2026-06-16T16:55:00.270Z,2026-06-16T15:44:51.000Z,2026-06-16 16:55:00,2026-06-16 17:18:45,2,99092.6654073125,61001.46484176453,15698.898404799442,9.909266898733254e-05,124475.2887812334,127150.48832337213,17.3847,15.2309,94.0,37,Others,61001.46484176453,2026-06-16T16:51:49.376Z,6517.31095670552,131313.07268005944,,2.1526216299998784,2x-5x,0,1,0,0,0,,,,
Es9ManscSwzmfBjiYqDrojLgzhc9PmRn68ufASBHpump,CHAIR,Empty CHAIR,newSignal,2026-06-16T17:24:56.526Z,2026-06-16T17:24:36.000Z,2026-06-16 17:24:56,2026-06-16 17:24:56,1,18463.39700766599,27446.550884352127,13181.82365501108,1.846339700766599e-05,29365.24259068746,29365.24259068746,6.8875,6.8875,137.0,83,Others,27446.550884352127,2026-06-16T17:24:56.323Z,2066.7042889868603,27446.550884352127,,1.0,<2x,0,0,0,0,0,,,,
7AzKrvig6QMKCjwGG2kb9TJmBdb54XWV7Vdf3baHpump,Unkirkify,Unkirkifification,newSignal,2026-06-16T17:35:52.932Z,2026-06-16T17:34:07.000Z,2026-06-16 17:35:52,2026-06-16 17:42:45,3,22442.443716410082,13991.004364313376,14544.982267643785,2.2442443716410084e-05,25928.0301030173,25928.0301030173,8.9674,8.9674,38.0,31,Others,13991.004364313376,2026-06-16T17:35:52.645Z,1368.864047578072,45078.712544817696,,3.221978306275082,2x-5x,0,1,1,0,0,,,,
9tFUaADms9caDR4v8iYpfSwPbuzDJYfdj4Aknmxxpump,Unkirkify,Unkirkification,newSignal,2026-06-16T17:37:15.726Z,2026-06-16T17:36:30.000Z,2026-06-16 17:37:15,2026-06-16 17:37:57,2,21443.84946942173,14917.909317351001,14222.52460368907,2.1443849469421733e-05,25538.22388613111,25538.22388613111,8.7399,8.7399,107.0,72,Others,14917.909317351001,2026-06-16T17:37:15.534Z,1446.7368476611825,31058.043051547604,,2.0819300071373967,2x-5x,0,1,0,0,0,,,,
2ChXKPRmEGT9xvHQccEUSpRg1LueVfZDg8gx1JAxpump,币安之死,Binance Death,newSignal,2026-06-16T17:42:12.275Z,2026-06-16T17:14:12.000Z,2026-06-16 17:42:12,2026-06-16 17:42:12,1,15088.908818954349,13844.01322647313,11929.108098645409,1.508982887395104e-05,68765.79469290923,68765.79469290923,5.7886,5.7886,28.0,16,Others,13844.01322647313,2026-06-16T17:42:12.144Z,2589.5178688712485,13844.01322647313,,1.0,<2x,0,0,0,0,0,,,,
JAZYu8Kz7epcKeKtCW2mbkwYf1rkaqKZqZgoPFg4pump,MBGA,Make Bagworking Great Again,newSignal,2026-06-16T17:43:27.247Z,2026-06-16T17:43:12.000Z,2026-06-16 17:43:27,2026-06-16 17:45:57,2,16314.474664274676,15208.147754589105,12402.870199408606,1.6314474664274676e-05,29534.0782407315,29534.0782407315,3.8046,3.8046,110.0,68,Politics,15208.147754589105,2026-06-16T17:43:27.059Z,2067.494047366589,15208.147754589105,,1.0,<2x,0,0,0,0,0,,,,
8US4UWzFwq62p3HtQ45WQdnySCftyM42xzy1bXSxpump,MBGA,Make Bagworking Great Again,newSignal,2026-06-16T17:44:21.112Z,2026-06-16T17:42:50.000Z,2026-06-16 17:44:21,2026-06-16 17:49:47,4,21229.169355246348,13161.5656434487,14143.408838227851,2.1229169355246345e-05,43332.83200404857,43332.83200404857,7.9698,7.9698,228.0,161,Meme,13161.5656434487,2026-06-16T17:44:03.119Z,1708.7671674488229,43356.00916630212,,3.2941376687873762,2x-5x,0,1,1,0,0,,,,
BJDChs7Cvh1wgcgRN9Bh4jB6shMaa2zTDM8izndopump,FRANTZVE,Frantzvefication,newSignal,2026-06-16T17:49:17.094Z,2026-06-16T17:45:31.000Z,2026-06-16 17:49:17,2026-06-16 17:49:17,1,17149.942522667236,13929.433368055747,12722.539532305065,1.7149942522667235e-05,13705.3416657045,13705.3416657045,6.5492,6.5492,56.0,38,Others,13929.433368055747,2026-06-16T17:49:16.964Z,2065.237876306526,13929.433368055747,,1.0,<2x,0,0,0,0,0,,,,
Ed3kkY1zUkNv5HoABewgzS7DVfVf1cfuVnPfJm7fbonk,BONKGUY,The Saviour,newSignalRay,2026-06-16T17:53:48.695Z,2026-06-16T17:53:09.000Z,2026-06-16 17:53:48,2026-06-16 17:55:52,2,241107.79199241343,394386.1133363069,16819.884526458423,0.00024110779199241342,50380.7090119308,50380.7090119308,121.3957,121.3957,190.0,70,Religion,394386.1133363069,2026-06-16T17:53:48.577Z,69432.170142147,394386.1133363069,,1.0,<2x,0,0,0,0,0,,,,
Fvqj37hHtB37A5KnjY7r12E4pgLLUTtJiLFMyswsicar,SICAR,Sicar.io,newSignalRay,2026-06-16T17:55:54.170Z,2026-06-16T17:54:48.000Z,2026-06-16 17:55:54,2026-06-16 17:55:54,1,74969.10493048021,62552.59397889174,19879.701805798028,7.496910493048022e-05,89699.71577893202,89699.71577893202,34.0161,34.0161,108.0,39,Others,62552.59397889174,2026-06-16T17:55:05.613Z,1692.8722191861998,62552.59397889174,,1.0,<2x,0,0,0,0,0,,,,
Ado8pBCmHfgt27Q9MZE9zSELUDraDhdSQx4zEdPjZpQB,SDS,Solana Derangement Syndrome,newSignal,2026-06-16T17:58:47.093Z,2026-06-16T17:58:31.000Z,2026-06-16 17:58:47,2026-06-16 17:58:47,1,17670.593933325494,12906.635570601155,12940.616619061491,1.7670593933325493e-05,36040.53873849538,36040.53873849538,5.4691,5.4691,46.0,26,Meme,12906.635570601155,2026-06-16T17:58:46.731Z,2070.9440807623178,12906.635570601155,,1.0,<2x,0,0,0,0,0,,,,
EKsUYQL6tQMjySmDWmE8PGuTZNM5xGw61Nufsffepump,Whitewhale,WhiteWhaleDropper,newSignal,2026-06-16T17:59:27.648Z,2026-06-16T17:53:42.000Z,2026-06-16 17:59:27,2026-06-16 17:59:27,1,15313.368820359266,13187.495508034039,12046.62158486947,1.5313368820359267e-05,28499.2666670916,28499.2666670916,6.28,6.28,22.0,17,Meme,13187.495508034039,2026-06-16T17:59:27.373Z,2193.8166721905823,13187.495508034039,,1.0,<2x,0,0,0,0,0,,,,
GE4V2aoWts4zP9QHBi8qjAxoEab6bhuV1qYX52NXpump,FAP,Fried Apple Pie,newSignal,2026-06-16T18:08:01.270Z,2026-06-16T18:06:38.000Z,2026-06-16 18:08:01,2026-06-16 18:11:43,3,14066.364614622235,15565.825683655905,11577.81546193445,1.4066364614622236e-05,22772.18010987885,22772.18010987885,5.317,5.317,58.0,40,Meme,15565.825683655905,2026-06-16T18:08:01.059Z,2551.730059303865,15565.825683655905,,1.0,<2x,0,0,0,0,0,,,,
GrSHdnPQjF8bp4x89oBNV47gd1awdApzeYZ9Q3HTpump,FCAT,Falling Cat,newSignal,2026-06-16T18:11:50.321Z,2026-06-16T18:03:34.000Z,2026-06-16 18:11:50,2026-06-16 19:02:50,2,21872.754600488497,13063.737668029928,14440.273982707986,2.1872754600488496e-05,34511.7632526545,34511.7632526545,8.2204,8.2204,51.0,26,Cats,13063.737668029928,2026-06-16T18:08:59.312Z,4875.218555643675,41298.57193454069,,3.161313628917099,2x-5x,0,1,1,0,0,,,,
6KfBX8voJNBQtv3p5U9H2GYFfUadhiJYKWFCQzzVpump,NiKa,妮卡,newSignal,2026-06-16T18:17:43.194Z,2026-06-16T18:16:26.000Z,2026-06-16 18:17:43,2026-06-16 18:35:05,4,15225.02684181257,13801.713578473851,12040.624378436481,1.522502684181286e-05,43142.61389867919,43142.61389867919,5.9519,5.9519,66.0,52,Animals,13801.713578473851,2026-06-16T18:17:42.980Z,1912.5658254928733,80020.74038250263,,5.797884438589477,5x-10x,0,1,1,1,0,,,,
ADA9mtno4BVknoSefbqdh7aMPg4wwxZHKByRpJNTpump,RIZZMAS,Rizzmas,newSignalRay,2026-06-16T18:18:31.099Z,2026-06-16T18:15:59.000Z,2026-06-16 18:18:31,2026-06-16 18:18:31,1,523661.78728694125,497208.4148687229,52234.15546193487,0.0005236617872869413,21468.663130864,21468.663130864,66.1442,66.1442,69.0,20,Meme,497208.4148687229,2026-06-16T18:18:30.889Z,676526.0172936578,806349.2098823613,,1.6217529425668717,<2x,0,0,0,0,0,,,,
Hb4ah2Vr4NzuQb8NhyB8a6ZFBSFWGSHBa3axpqwbpump,Rescue,Rescue Pack,newSignal,2026-06-16T18:20:15.415Z,2026-06-16T18:04:51.000Z,2026-06-16 18:20:15,2026-06-16 18:22:55,4,17539.978220726483,13553.475356724457,12919.193691926776,1.7539978220727236e-05,63356.09879082889,63356.09879082889,6.1323,6.1323,28.0,14,Others,13553.475356724457,2026-06-16T18:20:15.284Z,1362.9318535466148,13553.475356724457,,1.0,<2x,0,0,0,0,0,,,,
2dkKiShdYvHy58fP5UsxZQDUA2YZAnsKFhMMTqCqpump,SPCX,Shit Penis Cum Index,newSignal,2026-06-16T18:31:03.009Z,2026-06-16T18:29:09.000Z,2026-06-16 18:31:03,2026-06-16 18:31:53,2,14134.396228720083,14281.790793970682,11576.744253110695,1.4134396228720082e-05,25848.87642211287,25848.87642211287,4.2002,4.2002,98.0,73,Meme,14281.790793970682,2026-06-16T18:31:02.882Z,2003.8343963040015,14281.790793970682,,1.0,<2x,0,0,0,0,0,,,,
31e5p5ZNwX3DfkT8DTRucdyzEdeLZNwYXuzK7FJzpump,ANSEM,The Black Bull,newSignal,2026-06-16T18:38:12.997Z,2026-06-16T18:34:52.000Z,2026-06-16 18:38:12,2026-06-16 18:38:56,2,18466.691340259382,14384.96279797919,13242.496359813511,1.8466691340259382e-05,29326.7490371784,29326.7490371784,7.2201,7.2201,100.0,74,Mascot,14384.96279797919,2026-06-16T18:38:12.491Z,1397.8036981672087,14384.96279797919,,1.0,<2x,0,0,0,0,0,,,,
DBLxkVArH21e7n385R7uzuJ1vz487jZjUgmJFC1pump,SKY,Sky Haven,newSignal,2026-06-16T18:42:31.420Z,2026-06-16T18:10:26.000Z,2026-06-16 18:42:31,2026-06-16 18:52:43,3,17210.970229742674,13220.17121041943,12783.643339175323,1.721097056497758e-05,78830.02303930937,78830.02303930937,3.1739,3.1739,22.0,15,Others,13220.17121041943,2026-06-16T18:10:35.611Z,1469.767276924929,34215.210424742145,,2.5881064534002065,2x-5x,0,1,0,0,0,,,,
FzKQXsikKy2NzoBmfxEGDwMaRaDzTQxHGVs7p2ijMusk,MUSK,the most valuable sack,newSignal,2026-06-16T18:46:08.340Z,2026-06-16T18:46:00.000Z,2026-06-16 18:46:08,2026-06-16 18:50:30,4,16257.655734965656,15282.415709950146,12426.812679971923,,37754.37244603873,37754.37244603873,3.9208,3.9208,22.0,18,Others,15282.415709950146,2026-06-16T18:46:08.055Z,2080.436276643105,15282.415709950146,,1.0,<2x,0,0,0,0,0,,,,
BVQ4ni3izbRVjuneG16tkc4mCTqHpQJZRQ5Wm7aPpump,PEPE,Nietzschean Pepe,newSignal,2026-06-16T18:53:35.557Z,2026-06-16T18:53:11.000Z,2026-06-16 18:53:35,2026-06-16 18:54:50,2,22172.34634107892,19175.880383809435,14538.030302599902,2.2172346341079717e-05,38994.26544847952,38994.26544847952,8.9224,8.9224,94.0,72,Religion,19175.880383809435,2026-06-16T18:53:35.423Z,2943.910700635443,19175.880383809435,,1.0,<2x,0,0,0,0,0,,,,
6Rk48rZ5DBBAMx5AZtibw2uAZf3iUUKnECaE9ALspump,RTG,return to gambling,newSignal,2026-06-16T18:55:03.744Z,2026-06-16T18:52:54.000Z,2026-06-16 18:55:03,2026-06-16 18:58:11,3,14563.911116953188,14618.564332918218,11782.561847906909,1.4563911116953188e-05,10821.70568867003,10821.70568867003,5.0311,5.0311,77.0,57,Gambling,14618.564332918218,2026-06-16T18:55:03.616Z,1438.883188701979,14618.564332918218,,1.0,<2x,0,0,0,0,0,,,,
7Sk7AcCS6gLo9xVMi5zSSTqdjtaRGehHHbpFuxNtpump,KWILL,Kwill,newSignal,2026-06-16T18:59:53.020Z,2026-06-16T18:59:04.000Z,2026-06-16 18:59:53,2026-06-16 19:24:52,4,15358.472684566335,14665.747586902706,12070.090638890964,1.5358472684566335e-05,43978.40141319836,43978.40141319836,7.0456,7.0456,64.0,43,Others,14665.747586902706,2026-06-16T18:59:52.820Z,2065.384691308418,35979.17138671694,,2.453279055399007,2x-5x,0,1,0,0,0,,,,
9rNQ5oCh5Ujb3NkkhLUA5kGDbgYV5qB4JjT5gsnMpump,WHATIF,What If We Buy And Never Sell,newSignal,2026-06-16T19:08:59.639Z,2026-06-16T19:07:42.000Z,2026-06-16 19:08:59,2026-06-16 19:08:59,1,23106.523889889348,13461.53078425174,14802.811899104508,2.3106523889889348e-05,26205.27284248809,26205.27284248809,9.3735,9.3735,128.0,75,Meme,13461.53078425174,2026-06-16T19:08:15.924Z,2035.7300768633384,13461.53078425174,,1.0,<2x,0,0,0,0,0,,,,
Fcgu5EyF4xAwZx9QiG9WcLTUg93xkMe2asb9cX49pump,Deflation,Deflationary Coin,newSignal,2026-06-16T19:14:45.513Z,2026-06-16T19:13:20.000Z,2026-06-16 19:14:45,2026-06-16 19:20:53,4,15318.047772847829,13006.282739336697,12055.866002362225,1.531804777284783e-05,31783.92023947344,31783.92023947344,5.5601,5.5601,68.0,62,Others,13006.282739336697,2026-06-16T19:14:45.304Z,1631.1484226764146,13006.282739336697,,1.0,<2x,0,0,0,0,0,,,,
7SDxdZSdx9RjvVoz2dmvptbx2rnMG3QuvWqQTrfRpump,Fruit,Fruitification,newSignal,2026-06-16T19:25:25.358Z,2026-06-16T19:22:03.000Z,2026-06-16 19:25:25,2026-06-16 19:27:17,3,17173.541774906433,13475.528215863473,12766.850126122012,1.717354177490643e-05,19120.13119460406,19120.13119460406,6.5756,6.5756,40.0,29,Others,13475.528215863473,2026-06-16T19:25:25.232Z,2381.5896472279264,13475.528215863473,,1.0,<2x,0,0,0,0,0,,,,
Db6wHqzE2zUbWPebMJNSAzWRNSbxfZPRi1srJm7tpump,RUSSELL,Russell,newSignal,2026-06-16T19:33:13.502Z,2026-06-16T19:31:56.000Z,2026-06-16 19:33:13,2026-06-16 19:35:14,3,13592.564574534397,13067.933391691366,11374.234190960593,,17064.03676151671,17064.03676151671,5.0127,5.0127,74.0,59,Others,13067.933391691366,2026-06-16T19:33:13.296Z,2032.2132660840027,13067.933391691366,,1.0,<2x,0,0,0,0,0,,,,
5cuqEojgPHvJAQhe9QGqBPEBUQNwPgGPqsVYXXxGYQu4,RUSSELL,Russell,newSignal,2026-06-16T19:34:24.927Z,2026-06-16T19:32:53.000Z,2026-06-16 19:34:24,2026-06-16 19:39:24,4,16235.232205109673,15149.971600935742,17293.779779002383,1.6235232205109673e-05,21484.314724486176,21484.314724486176,2.7452,2.7452,121.0,86,Meme,15149.971600935742,2026-06-16T19:34:24.730Z,4064.740602091665,15149.971600935742,,1.0,<2x,0,0,0,0,0,,,,
4k6WBtxobSHRrEEkTDQkrpjS9nZnXfpNrGkaZivmpump,币安之死,Binance Death,newSignal,2026-06-16T19:36:14.738Z,2026-06-16T19:35:39.000Z,2026-06-16 19:36:14,2026-06-16 19:46:41,5,17556.83271627558,17909.770474630608,12936.519426632107,1.7556832716275582e-05,26670.94497450234,26670.94497450234,7.0977,7.0977,64.0,51,Binance,17909.770474630608,2026-06-16T19:36:14.583Z,2246.309481164373,47952.576708115565,,2.677453447884267,2x-5x,0,1,0,0,0,,,,
A5tu2Wh5ZkXirf5yAYsPgXqbetGBNNnSrWMjehuZbonk,DARE,dare market,newSignal,2026-06-16T19:41:05.570Z,2026-06-16T19:40:56.000Z,2026-06-16 19:41:05,2026-06-16 19:43:56,4,40862.89763753876,37656.23567051471,66208.00859122543,0.004086289763753876,13628.89070158161,13628.89070158161,0.5833,0.5833,32.0,24,Others,37656.23567051471,2026-06-16T19:41:05.442Z,24093.853597391226,37656.23567051471,,1.0,<2x,0,0,0,0,0,,,,
21cispdHbn5bCPCRWZ3WJKeEEqxYvTG1umdyyKTSpump,BASED,BasedBaldBrianIAmGayBlueInu,newSignal,2026-06-16T19:42:08.370Z,2026-06-16T19:39:11.000Z,2026-06-16 19:42:08,2026-06-16 19:59:09,2,17042.865886604985,14638.520388838717,12737.146735097875,1.7042865886604985e-05,30420.82997825625,30420.82997825625,4.5197,4.5197,119.0,79,Meme,14638.520388838717,2026-06-16T19:42:08.184Z,2034.7004288765795,14638.520388838717,,1.0,<2x,0,0,0,0,0,,,,
HM9XYQihDEaKQQHnxo8fJVVVkUbXQD5WdgaD5XKepump,TR,TRENCHROYALE,newSignal,2026-06-16T19:44:23.012Z,2026-06-16T19:44:14.000Z,2026-06-16 19:44:23,2026-06-16 19:44:23,1,21425.41457564814,17839.52870089257,10560.487967943694,2.142541457564814e-05,57459.5991418296,57459.5991418296,8.9029,8.9029,21.0,20,Gaming,17839.52870089257,2026-06-16T19:44:22.881Z,1288.4524928755945,17839.52870089257,,1.0,<2x,0,0,0,0,0,,,,
Es1Dz2URMGzQFky12hftC1DEapvvraTJ1zg8PcEPpump,mdm,million dollar minion,newSignal,2026-06-16T19:56:46.093Z,2026-06-16T19:55:54.000Z,2026-06-16 19:56:46,2026-06-16 20:00:25,3,15106.38454119603,13676.232962135295,11990.089752451991,,34297.3283630697,34297.3283630697,5.773,5.773,74.0,53,Mascot,13676.232962135295,2026-06-16T19:56:45.966Z,2183.8438497726174,13676.232962135295,,1.0,<2x,0,0,0,0,0,,,,
C85z75rjVDM7ibrMC1BwJLb84cvdNcXDwXqEFKJGpump,MOONTROLL,MOONTROLL,newSignal,2026-06-16T20:01:32.778Z,2026-06-16T19:59:06.000Z,2026-06-16 20:01:32,2026-06-16 20:01:32,1,33625.103538051175,20064.834968976873,13207.893166256,3.362510353805118e-05,18647.47752344821,18647.47752344821,6.5919,6.5919,50.0,27,Others,20064.834968976873,2026-06-16T19:59:19.780Z,6274.140984314881,20064.834968976873,,1.0,<2x,0,0,0,0,0,,,,
7io8XEMRMoQoCvD3phKR2QR5EeoMmJnYM1dsjVdYpump,AUTO,Auton ai,newSignal,2026-06-16T20:03:25.993Z,2026-06-16T18:25:43.000Z,2026-06-16 20:03:25,2026-06-16 20:03:25,1,30114.907962179146,29117.02485500028,12497.966181582487,3.0114907962179146e-05,25858.555262784,48366.5717194092,2.3986,13.1441,24.0,13,Protocols,29117.02485500028,2026-06-16T20:03:25.847Z,88660.47185120895,153611.58161434668,,5.275662001159672,5x-10x,0,1,1,1,0,,,,
2wc8dLNPNCZYtFJf2P5PBLZsk2nhjVjmVPz4ZiUcpump,BELLS,BELLSCOIN,newSignalRay,2026-06-16T20:08:17.126Z,2026-06-16T00:08:41.000Z,2026-06-16 20:08:17,2026-06-16 20:08:17,1,70787.89993133002,71106.08408060788,26726.99040636486,7.078815495980803e-05,41325.611776723534,215938.65734479798,1.7232,16.1182,59.0,27,Others,21982.62097833249,2026-06-16T00:08:52.576Z,17337.293689340542,61590.98601579799,,2.801803573673317,2x-5x,0,1,0,0,0,,,,
7nSXuyYJm47YHqFjtFm4dCMAaFzSSnhwR5M4XubCpump,RUNNER,Homestar Runner,newSignal,2026-06-16T20:09:03.297Z,2026-06-16T20:08:13.000Z,2026-06-16 20:09:03,2026-06-16 20:11:14,4,19092.037150946715,16022.543689554363,13458.338402322328,1.9092037150946713e-05,29112.59764845948,29112.59764845948,5.079,5.079,97.0,76,Cartoon,16022.543689554363,2026-06-16T20:09:02.992Z,1626.266828757675,32234.678189411552,,2.0118327535238008,2x-5x,0,1,0,0,0,,,,
H4HHCabuv9q8JBA8DKbVjhH1K9xhQTTqtrsKstYipump,says,when she says,newSignal,2026-06-16T20:19:05.685Z,2026-06-16T20:18:35.000Z,2026-06-16 20:19:05,2026-06-16 20:20:37,3,18715.772863224254,16814.486014800525,13352.356040651433,1.8715772863224254e-05,24687.10544422848,24687.10544422848,7.1212,7.1212,64.0,41,Meme,16814.486014800525,2026-06-16T20:19:05.553Z,1648.9007929315967,16814.486014800525,,1.0,<2x,0,0,0,0,0,,,,
CjUsokpKJ2js9eNm8fCbiktKVTqLKAx14AmPjdKbpump,MEMEOPOLY,MEMEOPOLY,newSignal,2026-06-16T20:21:17.270Z,2026-06-16T20:17:13.000Z,2026-06-16 20:21:17,2026-06-16 20:21:17,1,15107.354863662877,13486.874748630617,11997.77210175277,1.5107354863662877e-05,20647.558364688,20647.558364688,6.1316,6.1316,26.0,18,Meme,13486.874748630617,2026-06-16T20:21:17.127Z,2059.403557179666,13486.874748630617,,1.0,<2x,0,0,0,0,0,,,,
4gZ8BDrhDcRjw9gDWEGeTyLT4iFejVoxVxdQFYsGpump,OGFLOKI,The Original Floki,newSignal,2026-06-16T20:22:25.093Z,2026-06-16T20:20:42.000Z,2026-06-16 20:22:25,2026-06-16 20:50:56,8,16264.592186113849,13434.208194466528,12448.912834311534,,25367.85433795895,25367.85433795895,9.8431,9.8431,93.0,63,Meme,13434.208194466528,2026-06-16T20:21:24.823Z,291786.3251358499,525597.336360026,,39.12380460029766,20x+,0,1,1,1,1,,,,
BxfMvw4uQKbAoepzyV1kC8JxQqw3zWfEmYx83HEfpump,says,when she says,newSignal,2026-06-16T20:22:35.087Z,2026-06-16T20:18:11.000Z,2026-06-16 20:22:35,2026-06-16 20:24:45,3,13430.687092452657,13246.86869104128,11312.426970199967,,25438.0802070285,25438.0802070285,6.3643,6.3643,37.0,31,Meme,13246.86869104128,2026-06-16T20:22:34.962Z,2002.4358419258162,13246.86869104128,,1.0,<2x,0,0,0,0,0,,,,
Az1sNBBe6H97oNVi4zXDosgFHN8hWnCf1QsDDJDjpump,JOE,EmotiGuy,newSignalRay,2026-06-16T20:25:51.322Z,2026-06-16T19:17:12.000Z,2026-06-16 20:25:51,2026-06-16 21:46:38,2,333420.64359185286,293489.3549812442,42485.78965937266,0.00033342064581793045,108243.15088832172,211925.89465548427,3.2556,153.1964,110.0,20,TikTok,293489.3549812442,2026-06-16T20:25:50.895Z,228705.10741480856,588658.3374162086,,2.0057229586873007,2x-5x,0,1,0,0,0,,,,
2SoWK76yqZHmagS9t78vwxnn7EBadYhWnCFt9VmrtrDw,Pip,The Baby Squirrel,newSignal,2026-06-16T20:32:40.522Z,2026-06-16T20:31:47.000Z,2026-06-16 20:32:40,2026-06-16 20:36:17,4,17226.47354129084,15269.19369376713,12798.754551009777,1.7226473541290843e-05,37558.31857561927,37558.31857561927,6.8713,6.8713,90.0,71,Animals,15269.19369376713,2026-06-16T20:32:40.395Z,1542.7047449052484,56441.04383610685,,3.6963997554858463,2x-5x,0,1,1,0,0,,,,
6LXTvmj6bma6noTEa9WBHpfwBqrqyJZDnG3H11y5pump,PokerFun,PokerFun,newSignal,2026-06-16T20:36:05.886Z,2026-06-16T20:35:39.000Z,2026-06-16 20:36:05,2026-06-16 20:37:53,2,18209.93419775585,14841.089494986954,13161.587004358267,1.820993419775585e-05,26601.893785633,26601.893785633,7.4807,7.4807,22.0,16,Gambling,14841.089494986954,2026-06-16T20:36:05.528Z,1446.571289061905,61701.465047331556,,4.157475437916682,2x-5x,0,1,1,0,0,,,,
8x7LJbFzGN7JUfJGHQTh1JhpPKduNWfvSQapQNUCpump,Scooter,Imperooterxbt,newSignal,2026-06-16T20:38:10.432Z,2026-06-16T20:37:38.000Z,2026-06-16 20:38:10,2026-06-16 22:48:51,4,13699.311342147923,13318.464766206014,11415.759229957503,1.3699311342147922e-05,12756.18014402973,12756.18014402973,5.5944,5.5944,49.0,44,Celebrities,13318.464766206014,2026-06-16T20:38:04.578Z,6070.002377712546,75911.84736030325,,5.699744579639565,5x-10x,0,1,1,1,0,,,,
CfbVyNSBuV1tNj68vY1JZADLkiYSAT5FKK6RELtPpump,PIP,The Baby Squirrel,newSignal,2026-06-16T20:39:02.287Z,2026-06-16T20:36:33.000Z,2026-06-16 20:39:02,2026-06-16 20:39:17,2,16829.75278841045,13514.462974781942,12655.560860867987,1.682975278841045e-05,26287.6070988174,26287.6070988174,5.9808,5.9808,137.0,82,Animals,13514.462974781942,2026-06-16T20:38:42.426Z,1304.3350842094512,13514.462974781942,,1.0,<2x,0,0,0,0,0,,,,
Cx83EqERns2VuiKrkwHegTuECVqZebsNhJ3dCU8CucWG,ANSEM,The Black Bull,newSignalRay,2026-06-16T20:59:36.312Z,2026-06-16T20:59:27.000Z,2026-06-16 20:59:36,2026-06-16 20:59:51,2,386082.06143165834,276164.515409915,46017.15582130047,0.00038608206143165837,410138.98441034305,410138.98441034305,176.5244,176.5244,571.0,146,Others,276164.515409915,2026-06-16T20:59:36.175Z,2781.2329723409352,276164.515409915,,1.0,<2x,0,0,0,0,0,,,,
DVWZVVLCjYjtnEnSpBBBUTwQ8ta73hFADiitnKthpump,ANSEM,Coldest Nigga Breathing,newSignal,2026-06-16T21:00:16.090Z,2026-06-16T20:59:58.000Z,2026-06-16 21:00:16,2026-06-16 21:03:56,2,28769.93329090763,16134.330966762736,12253.772720855559,2.876993329090763e-05,19163.95510441104,19163.95510441104,10.0035,10.0035,63.0,61,Others,16134.330966762736,2026-06-16T21:00:15.786Z,1894.5776765202272,40937.782019738246,,2.5373089286485726,2x-5x,0,1,0,0,0,,,,
2mnRiRvi5NvWEYB3SBcCdFuiGB37CrvU6zm7spyKEeS9,$WIF,dogwifhat,newSignal,2026-06-16T21:00:20.137Z,2026-06-16T20:59:58.000Z,2026-06-16 21:00:20,2026-06-16 21:00:20,1,30327.762908930665,13247.587677830958,17009.487908376243,3.0327762908930663e-05,37972.83824346034,37972.83824346034,10.0144,10.0144,95.0,69,Dogs,13247.587677830958,2026-06-16T21:00:07.210Z,1363.048140331307,13247.587677830958,,1.0,<2x,0,0,0,0,0,,,,
FnCMizjxJzKWk9KCy48K62jZXM9Zua27KvPyJQympump,coedoctopus41,coedoctopus4165,newSignal,2026-06-16T21:02:00.183Z,2026-06-16T21:00:20.000Z,2026-06-16 21:02:00,2026-06-16 21:03:43,2,14972.191083917645,13774.018527647986,11951.289202914559,1.4972191083917645e-05,16451.80779757599,16451.80779757599,4.8603,4.8603,56.0,33,Animals,13774.018527647986,2026-06-16T21:02:00.039Z,2015.1458121256935,13774.018527647986,,1.0,<2x,0,0,0,0,0,,,,
GaJ7uTMF6Xw38v6EaHHQ5iyqPJzUHdEJHNTrBoNaPvPA,OGHobbes,OG Hobbes,newSignal,2026-06-16T21:02:01.602Z,2026-06-16T21:01:05.000Z,2026-06-16 21:02:01,2026-06-16 21:02:01,1,24555.1432877699,17620.23347622651,15304.649009921732,,25620.82714501128,25620.82714501128,7.0828,7.0828,121.0,84,Meme,17620.23347622651,2026-06-16T21:01:50.847Z,2066.7493173719886,17620.23347622651,,1.0,<2x,0,0,0,0,0,,,,
DTZhKWmpnf7DKgVPhHpkMQi5Zhg9dg8sUVetNhUbpump,ansemconzimp,ansemconzimp,newSignal,2026-06-16T21:05:02.712Z,2026-06-16T21:02:33.000Z,2026-06-16 21:05:02,2026-06-16 21:05:07,2,17544.37023408147,16697.39342575026,12936.352714469242,1.7544370234081474e-05,14862.37338540925,14862.37338540925,6.2442,6.2442,65.0,48,Meme,16697.39342575026,2026-06-16T21:05:02.494Z,5737.531588266916,16697.39342575026,,1.0,<2x,0,0,0,0,0,,,,
9pM5VDY9tQE6DrFNicTq7W9TXe3umHK2grnjsMP5pump,Ansem,blknoiz06,newSignal,2026-06-16T21:07:57.511Z,2026-06-16T21:07:17.000Z,2026-06-16 21:07:57,2026-06-16 21:08:22,2,16442.392449865543,15253.36023608882,12521.108591476666,1.6442392449865543e-05,18388.02102267072,18388.02102267072,5.9065,5.9065,71.0,53,Others,15253.36023608882,2026-06-16T21:07:57.392Z,1995.7743148350326,15253.36023608882,,1.0,<2x,0,0,0,0,0,,,,
9cRCn9rGT8V2imeM2BaKs13yhMEais3ruM3rPvTGpump,ANSEM,The Black Bull,newSignalRay,2026-06-16T21:08:49.591Z,2026-06-16T21:05:48.000Z,2026-06-16 21:08:49,2026-06-16 21:09:30,2,294395.69774356554,102948.16714117743,39707.030801774905,0.0002943957033420424,165105.00705829915,165105.00705829915,35.9234,35.9234,600.0,242,Others,102948.16714117743,2026-06-16T21:06:10.817Z,203553.8961206952,768964.5798501631,,7.469434388235854,5x-10x,0,1,1,1,0,,,,
6h9LYVfxer8jqPx5jgza3qof8c5iNhUByzA5McYXpump,BREAD,Bread Tycoon,newSignal,2026-06-16T21:08:54.927Z,2026-06-16T21:07:20.000Z,2026-06-16 21:08:54,2026-06-16 21:15:05,2,26776.816815559258,19110.216303412773,15978.370590148623,,34986.4383819852,34986.4383819852,9.718,9.718,77.0,77,Others,19110.216303412773,2026-06-16T21:07:29.607Z,191270.46934697355,221341.08660539502,,11.582343344060794,10x-20x,0,1,1,1,1,,,,
6L1cuzAKJ2jepALuX24iWPfQZPXWBXaWMa1jDBddpump,Hobbes,Ansem's Cat,newSignal,2026-06-16T21:10:58.447Z,2026-06-16T20:59:43.000Z,2026-06-16 21:10:58,2026-06-16 21:16:49,6,23479.24712302727,17668.800892808405,20797.09391021704,2.3479247123027272e-05,34827.335134621404,34827.335134621404,4.5123,4.5123,67.0,49,Meme,17668.800892808405,2026-06-16T20:59:53.372Z,10590.377650821953,161902.36430060334,,9.163177811715633,5x-10x,0,1,1,1,0,,,,
GkLoFk3ya6qg9HP1mcwtfdoySjnayPbp7tDUfYEcpump,Zeus,Ansems Dog,newSignal,2026-06-16T21:15:39.497Z,2026-06-16T21:15:12.000Z,2026-06-16 21:15:39,2026-06-16 21:17:27,4,16968.528120841595,14366.253834828727,17680.013815861766,,15622.653093872175,15622.653093872175,3.2793,3.2793,74.0,47,Dogs,14366.253834828727,2026-06-16T21:15:29.507Z,4215.423145857167,40243.36237347342,,2.801242608975049,2x-5x,0,1,0,0,0,,,,
CVJ9sQrxSUL75YjNjZReLLP6XWHBUNCWBgLFvURipump,p,p is everything,newSignal,2026-06-16T21:16:58.044Z,2026-06-16T21:12:19.000Z,2026-06-16 21:16:58,2026-06-16 21:19:34,3,15762.98130710902,14611.66819907461,12256.172650235587,1.576298130710902e-05,27233.52228344625,27233.52228344625,5.9063,5.9063,43.0,22,Protocols,14611.66819907461,2026-06-16T21:16:57.905Z,1976.322628592331,89837.65662945958,,6.14835044195359,5x-10x,0,1,1,1,0,,,,
DVHgojPLRzRRkFg713NeUryiAdyyoXWzXyHLakejpump,CORGI,The Original Doge,newSignal,2026-06-16T21:18:22.540Z,2026-06-16T21:16:57.000Z,2026-06-16 21:18:22,2026-06-16 21:19:45,3,18766.319546285453,15449.730137432136,13371.082182035845,1.8766319546285455e-05,23015.77490154355,23015.77490154355,7.3468,7.3468,32.0,21,Dogs,15449.730137432136,2026-06-16T21:18:22.333Z,1994.994714560707,15449.730137432136,,1.0,<2x,0,0,0,0,0,,,,
7b7J18jeuacV4r9vnUoZ5t97jPLzCnKKhNGTEhDspump,MYLAND,MyLand,newSignal,2026-06-16T21:22:58.364Z,2026-06-16T21:22:29.000Z,2026-06-16 21:22:58,2026-06-16 21:22:58,1,47006.62773140746,19779.708258918483,29434.13659836118,4.700662773140746e-05,91982.15382362607,91982.15382362607,10.4108,10.4108,113.0,90,Others,19779.708258918483,2026-06-16T21:22:42.899Z,10355.335334397227,79476.9694141021,,4.018106251808173,2x-5x,0,1,1,0,0,,,,
VES7YdEc6YMBGSgfeWawdxofnSLLJ9QdvzLA2QVpump,WIF,dogwifhat,newSignal,2026-06-16T21:23:34.636Z,2026-06-16T21:05:04.000Z,2026-06-16 21:23:34,2026-06-16 21:42:45,2,17429.09680085294,14016.541783220702,12875.436954029441,,34212.9535538699,34212.9535538699,7.2154,7.2154,37.0,20,Dogs,14016.541783220702,2026-06-16T21:22:28.736Z,2188.164322471023,14301.921262322101,,1.0203601918015919,<2x,0,0,0,0,0,,,,
6fvsrsyi3pJxo2rdwN8dzVndqPwRpkEovZDNS9mupump,Oggie,Oggie The Frog,newSignal,2026-06-16T21:24:28.850Z,2026-06-16T21:22:39.000Z,2026-06-16 21:24:28,2026-06-16 21:25:00,2,19417.355783753766,13186.767252405902,13584.485488520422,1.9417355783753767e-05,17543.34564769248,17543.34564769248,7.5382,7.5382,37.0,26,Frogs,13186.767252405902,2026-06-16T21:24:28.657Z,2021.7954818709618,13186.767252405902,,1.0,<2x,0,0,0,0,0,,,,
EmAnkHTaPNmHVn59Dkf3of6ZKGq1UKbHtEpi6hRXpump,ANSEM,Ansem The Wise,newSignal,2026-06-16T21:26:41.486Z,2026-06-16T21:26:11.000Z,2026-06-16 21:26:41,2026-06-16 21:26:41,1,19119.11213061838,13150.04891849963,13478.840761111216,1.911911213061838e-05,27317.35858295746,27317.35858295746,6.9562,6.9562,69.0,47,Celebrities,13150.04891849963,2026-06-16T21:26:36.491Z,2026.607033847365,13150.04891849963,,1.0,<2x,0,0,0,0,0,,,,
Fgxx5TmkW9MDs2quLB7sYQwJYNMDprdt4kHyWe8ypump,PIP,Pip The Baby Squirrel,newSignal,2026-06-16T21:32:30.038Z,2026-06-16T21:23:19.000Z,2026-06-16 21:32:30,2026-06-16 21:32:30,1,15760.652636242427,13227.914411012125,12235.38254009061,1.5760652636242427e-05,22553.66706316209,22553.66706316209,5.9412,5.9412,26.0,17,Animals,13227.914411012125,2026-06-16T21:32:29.911Z,2026.7167260548156,13227.914411012125,,1.0,<2x,0,0,0,0,0,,,,
8SXeSRLStHf4DfzJ5J6yMhmKq4BPCfJVewARvhpEpump,TISM,ThisInvestmentSimplyMoons,newSignal,2026-06-16T21:32:46.989Z,2026-06-16T21:32:09.000Z,2026-06-16 21:32:46,2026-06-16 21:38:35,4,14704.938918471922,13543.748000299329,11818.587441524991,1.4704938918471922e-05,17856.62948654298,17856.62948654298,5.111,5.111,87.0,55,Meme,13543.748000299329,2026-06-16T21:32:46.858Z,2092.453941451732,13543.748000299329,,1.0,<2x,0,0,0,0,0,,,,
ETMeUUWoSzkF4cvibs6k2kRUn3xAuKX6VHYYyvKZpump,ANSEM,Nigger By Matt Furie,newSignal,2026-06-16T21:33:30.311Z,2026-06-16T21:29:49.000Z,2026-06-16 21:33:30,2026-06-16 21:33:30,1,13272.317983270628,13016.922773516091,11228.09372008773,,43870.46521863966,43870.46521863966,3.6513,3.6513,94.0,67,Meme,13016.922773516091,2026-06-16T21:33:30.172Z,2154.625822845267,13016.922773516091,,1.0,<2x,0,0,0,0,0,,,,
8ns6sUJwLQa6AsvKGy4nraJB25BPKaEpKLEvKhijpump,ansum,ansum,newSignal,2026-06-16T21:37:28.293Z,2026-06-16T21:24:59.000Z,2026-06-16 21:37:28,2026-06-16 21:37:49,2,20780.892476144272,13652.689762125228,14052.200428853812,2.0780892476144275e-05,49709.97194044236,49709.97194044236,8.5943,8.5943,69.0,57,Others,13652.689762125228,2026-06-16T21:36:38.271Z,2059.156235090252,13652.689762125228,,1.0,<2x,0,0,0,0,0,,,,
H5ZijmLydfM9uBqEsDv8GMD9rHTaWbijsYYLLu2Zpump,GAY,Gay Certificate,newSignal,2026-06-16T21:43:41.436Z,2026-06-16T21:02:06.000Z,2026-06-16 21:43:41,2026-06-16 21:43:41,1,28207.07054168463,23963.308687141758,12110.323356840174,2.8207070541684628e-05,41523.17530504563,41523.17530504563,11.3909,11.3909,27.0,13,Others,23963.308687141758,2026-06-16T21:43:41.204Z,4978.359256608082,23963.308687141758,,1.0,<2x,0,0,0,0,0,,,,
EgYVDhUQgLQvcowhoNPukdXNnZmcRSiMSuMoiVkupump,DURRR,Durrr Market,newSignal,2026-06-16T21:45:12.995Z,2026-06-16T21:40:48.000Z,2026-06-16 21:45:12,2026-06-16 21:49:16,3,15757.93029816141,13189.000201564957,12239.831040746632,1.575793029816141e-05,24575.77227631203,24575.77227631203,5.4094,5.4094,34.0,23,Others,13189.000201564957,2026-06-16T21:45:12.652Z,2001.9851212913818,13189.000201564957,,1.0,<2x,0,0,0,0,0,,,,
46bogbQqk32gPe4eYnbK5jL7tTmW4Dco46dTZFmkpump,vibes,vibe shift,newSignal,2026-06-16T21:45:55.607Z,2026-06-16T21:41:55.000Z,2026-06-16 21:45:55,2026-06-16 21:45:55,1,15343.570226893504,13455.836561503023,16812.29297700178,1.5343570226893504e-05,26600.00711202354,26600.00711202354,2.3229,2.3229,68.0,53,Meme,13455.836561503023,2026-06-16T21:45:50.846Z,4008.9227078861527,13455.836561503023,,1.0,<2x,0,0,0,0,0,,,,
2o3u2NXmDXgr4MSee4tPfYFF1NB9SuJmPmURKZUNpump,DIALOG,The Dialog Society,newSignal,2026-06-16T21:47:22.711Z,2026-06-16T21:46:54.000Z,2026-06-16 21:47:22,2026-06-16 21:47:22,1,15700.611199161072,14671.140529523467,12216.19111873152,1.570061119916107e-05,18522.50140695295,18522.50140695295,5.5203,5.5203,65.0,48,Others,14671.140529523467,2026-06-16T21:47:22.581Z,2115.6107894535985,14671.140529523467,,1.0,<2x,0,0,0,0,0,,,,
21vBTF7Kwg17j2m2tpSejgNzwqgz5nQBf54aSVBnpump,Stonks,Stonks Street,newSignal,2026-06-16T21:48:04.674Z,2026-06-16T21:46:34.000Z,2026-06-16 21:48:04,2026-06-16 21:48:04,1,24375.972125329532,18758.566645411636,15223.076065449033,2.437597212532953e-05,40557.31075485342,40557.31075485342,10.3436,10.3436,34.0,33,Stocks,18758.566645411636,2026-06-16T21:47:20.809Z,1549.3731264862452,37914.652444534884,,2.021191339467765,2x-5x,0,1,0,0,0,,,,
2nkh9CkXPwmYAM7cmiTxLswgpnNvisXiCfVrF7hnpump,Unbroken,The Unbroken Duck,newSignal,2026-06-16T21:55:29.417Z,2026-06-16T21:49:23.000Z,2026-06-16 21:55:29,2026-06-16 21:56:53,2,18793.38001356363,14302.793269643631,13369.86380340729,1.879338001356363e-05,28097.62280873704,28097.62280873704,7.2504,7.2504,22.0,13,Animals,14302.793269643631,2026-06-16T21:55:29.291Z,2888.2454954338045,14302.793269643631,,1.0,<2x,0,0,0,0,0,,,,
CLDBh5rHpc7gVAs8jSJtQ7KCqvjdfVbvfvM3omCpump,BERM,berm,newSignal,2026-06-16T21:55:44.508Z,2026-06-16T21:28:42.000Z,2026-06-16 21:55:44,2026-06-16 21:58:22,3,17190.366553016975,17051.534171380106,12791.989172406591,1.7190366553016974e-05,32673.83713184773,32673.83713184773,7.1896,7.1896,28.0,12,Protocols,17051.534171380106,2026-06-16T21:55:44.237Z,2127.8826531431946,42113.98491927888,,2.469806206057662,2x-5x,0,1,0,0,0,,,,
F871NCYLqnKM3mwaYnMbHrj1MUn6sAytt83Cb7yapump,nfodor,The Uber Coder,newSignal,2026-06-16T21:59:26.686Z,2026-06-16T21:57:59.000Z,2026-06-16 21:59:26,2026-06-16 22:00:44,2,16222.096863237517,14056.115810888768,12421.627127309577,1.6222096863237515e-05,34976.4245529568,34976.4245529568,3.9523,3.9523,109.0,75,Others,14056.115810888768,2026-06-16T21:59:26.412Z,51453.92814880019,146978.08758057188,,10.456522239715273,10x-20x,0,1,1,1,1,,,,
FbroMwessM4peLrkLcEYU8WJbFPk7FRAdrvnNRaJpump,DIALOG,The Dialog Society,newSignal,2026-06-16T22:03:01.269Z,2026-06-16T21:58:22.000Z,2026-06-16 22:03:01,2026-06-16 22:47:47,3,16192.657194937727,15050.325168743868,12407.872206309972,1.6192657194937725e-05,10222.1839760046,10222.1839760046,6.5933,6.5933,22.0,16,Religion,15050.325168743868,2026-06-16T22:03:00.983Z,6890.096153254378,31513.867272229916,,2.0938994286766053,2x-5x,0,1,0,0,0,,,,
3fUZnhQkRJSACCgJL5uWJwj9DZz95NA1f7DwhKNDpump,AIRY,AIRY,newSignal,2026-06-16T22:08:49.652Z,2026-06-16T22:07:26.000Z,2026-06-16 22:08:49,2026-06-16 22:08:49,1,32818.1422393587,24397.740469891574,13072.375640250932,3.2818142239358695e-05,33497.01577748064,33497.01577748064,14.6055,14.6055,32.0,11,Others,24397.740469891574,2026-06-16T22:08:49.529Z,1304.2074450311864,24397.740469891574,,1.0,<2x,0,0,0,0,0,,,,
DUGqUGBrcZS7ZGmjkYVbTrsAFE1AWV3EmD2pbF9Jpump,EDC,ElonDongCoin,newSignal,2026-06-16T22:13:04.123Z,2026-06-16T22:07:34.000Z,2026-06-16 22:13:04,2026-06-16 22:13:04,1,13023.024738887405,13014.203941854832,11126.09021935325,,26681.71130168616,26681.71130168616,6.8877,6.8877,74.0,44,Elon,13014.203941854832,2026-06-16T22:13:03.994Z,2025.6645255888125,13014.203941854832,,1.0,<2x,0,0,0,0,0,,,,
J8tHnmyXeo74pyXGcs1pAfQiJbThAb3xu1E8EyNQpump,BOG,ogpepe,newSignal,2026-06-16T22:15:07.816Z,2026-06-16T21:56:45.000Z,2026-06-16 22:15:07,2026-06-17 05:23:28,4,15156.848168120525,13263.98457694224,12010.188794754478,1.515684828676259e-05,53412.5596175014,53412.5596175014,4.1364,4.1364,39.0,28,Meme,13263.98457694224,2026-06-16T22:15:07.670Z,2569.029922512739,78222.71791773503,,5.897377026034494,5x-10x,0,1,1,1,0,,,,
CdsYoJ8PZrRVxLkYUFReGsJ6p5MQ8TCPf6E2qANxpump,Fatou,Fatou,newSignal,2026-06-16T22:17:03.931Z,2026-06-16T22:15:51.000Z,2026-06-16 22:17:03,2026-06-16 22:19:25,2,15285.251519209549,13539.887907838429,12060.049163207561,1.528525151920955e-05,40850.0520299956,40850.0520299956,6.001,6.001,90.0,58,Animals,13539.887907838429,2026-06-16T22:16:05.641Z,2015.6433585278442,13539.887907838429,,1.0,<2x,0,0,0,0,0,,,,
3LQGitBLtCWmCZUPMZgyJFonzrHhKAu8VJPpvyEFpump,GLM-5.2,GLM 5.2,newSignal,2026-06-16T22:22:57.289Z,2026-06-16T21:53:23.000Z,2026-06-16 22:22:57,2026-06-16 23:30:27,2,21788.265844939466,13174.750813941491,14390.711687336609,2.1788265844939465e-05,63865.9217859131,63865.9217859131,8.4064,8.4064,24.0,12,Others,13174.750813941491,2026-06-16T21:54:11.588Z,7004.5459344576475,29097.797585668006,,2.208603259112634,2x-5x,0,1,0,0,0,,,,
DhxZUSSg9TQpSaLkk434pTRVYEpWBMbUGP7LCvpApump,Hearth,Hearth,newSignal,2026-06-16T22:24:49.011Z,2026-06-16T22:16:24.000Z,2026-06-16 22:24:49,2026-06-16 22:24:49,1,15062.120757066079,13043.186604017317,11963.734985365816,,36211.25044355548,36211.25044355548,6.7221,6.7221,31.0,26,Gaming,13043.186604017317,2026-06-16T22:23:33.241Z,2016.3166408592137,13043.186604017317,,1.0,<2x,0,0,0,0,0,,,,
AKTm2hNrwNh1Mt7Sq7jJDuGEBXESxQW45KPS4GHTpump,PIP,Pump Improvement Protocol,newSignal,2026-06-16T22:25:48.361Z,2026-06-16T22:25:11.000Z,2026-06-16 22:25:48,2026-06-16 22:25:59,2,22851.89914081995,15982.415284625333,14733.107637247182,2.285189914081995e-05,13889.4905449675,13889.4905449675,8.0153,8.0153,68.0,48,Protocols,15982.415284625333,2026-06-16T22:25:48.239Z,2294.226836660816,15982.415284625333,,1.0,<2x,0,0,0,0,0,,,,
3KtvNALV5LcUaTdKNKaT5mRVGdkrDVvaqQQkTCrFpump,PAB,Pabbo,newSignal,2026-06-16T22:28:56.300Z,2026-06-16T22:28:40.000Z,2026-06-16 22:28:56,2026-06-16 22:47:54,3,15319.793853677422,14812.74480918618,12057.347242194228,1.5319793853677422e-05,26467.7577133602,26467.7577133602,6.2614,6.2614,33.0,27,Gaming,14812.74480918618,2026-06-16T22:28:56.098Z,2243.550133070945,14812.74480918618,,1.0,<2x,0,0,0,0,0,,,,
6QukiGJwyy33YAVewFyh5XfQTFLkCmrRKWGB8dgYpump,Bitcointalk,Bitcointalk Coin,newSignal,2026-06-16T22:34:20.292Z,2026-06-16T22:33:38.000Z,2026-06-16 22:34:20,2026-06-16 22:34:43,3,18297.527076811915,13389.688935326816,18359.29145079376,1.8297527076811915e-05,14224.322120709036,14224.322120709036,3.4248,3.4248,57.0,34,Others,13389.688935326816,2026-06-16T22:33:55.480Z,4021.0501816201568,13389.688935326816,,1.0,<2x,0,0,0,0,0,,,,
8jg4V1378f5vCdhj7z2DMSheWk5E6S4PakmxC1dYpump,Nala,Nala Grok Companion,newSignal,2026-06-16T22:44:07.635Z,2026-06-16T22:39:53.000Z,2026-06-16 22:44:07,2026-06-16 22:44:25,2,26179.401983223317,15193.106124885944,15763.88254984323,2.6179401983223317e-05,23237.4059581598,23237.4059581598,11.1303,11.1303,86.0,58,Meme,15193.106124885944,2026-06-16T22:43:36.971Z,12184.818597396039,30482.494490198682,,2.006337232139061,2x-5x,0,1,0,0,0,,,,
qZqCSzKHrQiUgp34H3NSeCrJAFPzaG9mCyWgB9upump,MUTUMBO,MUTUMBO,newSignal,2026-06-16T22:45:56.378Z,2026-06-16T22:38:57.000Z,2026-06-16 22:45:56,2026-06-17 00:16:56,2,19513.806721512232,18075.564211376062,13613.648065550356,1.9529923791961413e-05,33585.09406060788,33585.09406060788,7.4373,7.4373,51.0,34,Others,18075.564211376062,2026-06-16T22:45:56.243Z,2570.7289190440297,18075.564211376062,,1.0,<2x,0,0,0,0,0,,,,
4BEtUQCjNymApZSwhSizJQATghnkn4Pm84QX7EUJ8MLM,NALA,Nala,newSignal,2026-06-16T22:51:51.925Z,2026-06-16T22:51:04.000Z,2026-06-16 22:51:51,2026-06-16 22:51:51,1,13526.155001146355,14980.130598296972,11321.829127755427,1.3526155001146355e-05,17901.86097568869,17901.86097568869,4.342,4.342,101.0,65,Animals,14980.130598296972,2026-06-16T22:51:51.785Z,2190.8250783754697,14980.130598296972,,1.0,<2x,0,0,0,0,0,,,,
3ALxU164ur3NtAaMKsPyLm29YLneP2tanw6X6MNSpump,GOOGLE,Google Coin,newSignal,2026-06-16T22:55:37.385Z,2026-06-16T22:53:36.000Z,2026-06-16 22:55:37,2026-06-16 23:07:28,3,17876.2860962782,14275.23523199268,13019.420210084887,1.7876286096278202e-05,8909.31497580464,8909.31497580464,7.4874,7.4874,38.0,33,Mascot,14275.23523199268,2026-06-16T22:55:37.259Z,1712.6877496448542,32795.62815880989,,2.2973791763032088,2x-5x,0,1,0,0,0,,,,
2Ng9FaSUmeQw2UY8CjiJJnKdqV1obKPMVLSEPfPbpump,JITO,JITO,newSignal,2026-06-16T22:55:58.299Z,2026-06-16T22:49:40.000Z,2026-06-16 22:55:58,2026-06-16 23:00:48,3,16492.95178387369,13619.264982864015,12507.917725111944,1.649295178387369e-05,19576.9915660711,19576.9915660711,6.9289,6.9289,23.0,25,Others,13619.264982864015,2026-06-16T22:55:58.164Z,2032.5266994510605,13619.264982864015,,1.0,<2x,0,0,0,0,0,,,,
4wNsn7WNtct8kAhRyPX1qTovYPjFBiJFfoktDWt4pump,ALBERT,Albert the Monkey,newSignal,2026-06-16T22:58:29.153Z,2026-06-16T22:57:36.000Z,2026-06-16 22:58:29,2026-06-17 00:43:01,7,18781.950965983764,14693.225673600062,18600.738908007846,1.8781950965983763e-05,11075.524218130926,11075.524218130926,3.2283,3.2283,67.0,56,,14693.225673600062,2026-06-16T22:58:28.814Z,8057.405939370478,36995.58513870837,,2.517866802058305,2x-5x,0,1,0,0,0,,,,
Ee59eiwnaYWWPe588Er7qwy7HhJAFXb9nE8NGAempire,EMPIRE,AIge of Empires,newSignal,2026-06-16T23:00:32.765Z,2026-06-16T23:00:08.000Z,2026-06-16 23:00:32,2026-06-16 23:00:32,1,16403.52738850861,16911.42302423179,12481.581737451888,1.640352738850861e-05,25265.32875624222,25265.32875624222,6.88,6.88,35.0,28,,16911.42302423179,2026-06-16T23:00:32.652Z,2054.9956259581804,16911.42302423179,,1.0,<2x,0,0,0,0,0,,,,
3Q4mDLfCrMViTC79VybKarm12q8Dbxf1RDXggXukpump,SBF,Sam Bankman-Fried,newSignal,2026-06-16T23:03:05.481Z,2026-06-16T23:02:29.000Z,2026-06-16 23:03:05,2026-06-16 23:03:05,1,22572.390717013168,13699.165359179324,10828.054203239564,2.257239071701317e-05,39080.11025101616,39080.11025101616,12.2171,12.2171,176.0,112,,13699.165359179324,2026-06-16T23:02:59.965Z,1416.6777120395475,13699.165359179324,,1.0,<2x,0,0,0,0,0,,,,
4ViYJXfeoMbXhz69VxDrTqpKMxWBhakvpfcAKKzhpump,SBF,Sam Bankman-Fried,newSignal,2026-06-16T23:05:31.487Z,2026-06-16T23:04:53.000Z,2026-06-16 23:05:31,2026-06-16 23:05:31,1,15780.971211866303,14523.295620367118,12248.662456150963,1.5780971211866302e-05,23002.1520655816,23002.1520655816,5.5537,5.5537,73.0,53,,14523.295620367118,2026-06-16T23:05:31.374Z,2010.2573526014057,14523.295620367118,,1.0,<2x,0,0,0,0,0,,,,
3QwSbYMieVftAJr4SHJBwQUcXP4KgErpdHYKgR59pump,PIP,Pip the Baby Squirrel,newSignal,2026-06-16T23:10:20.516Z,2026-06-16T23:07:40.000Z,2026-06-16 23:10:20,2026-06-16 23:14:50,3,15079.404281361785,13181.672091379365,11972.098730291887,1.5079404281361784e-05,12544.2025749486,12544.2025749486,5.6824,5.6824,38.0,36,,13181.672091379365,2026-06-16T23:10:20.365Z,4308.737380142657,39429.72327397039,,2.991253537535416,2x-5x,0,1,0,0,0,,,,
FhbaGHu5ZhBqyigtqWasJrHyGQoFenrgcroVMTCNpump,topc,trenches of pumpcraft,newSignal,2026-06-16T23:10:50.814Z,2026-06-16T23:08:35.000Z,2026-06-16 23:10:50,2026-06-16 23:10:50,1,15460.851501729685,13076.954394793047,12123.688151002776,1.5460851501729686e-05,8900.7767951388,8900.7767951388,6.2531,6.2531,55.0,50,,13076.954394793047,2026-06-16T23:10:50.544Z,2257.2224396656516,13076.954394793047,,1.0,<2x,0,0,0,0,0,,,,
EbpXudrV5P3ThwkqzmUBXkdt7AL47noptiZXLMpdpump,p,p is everything,newSignal,2026-06-16T23:15:42.593Z,2026-06-16T23:15:05.000Z,2026-06-16 23:15:42,2026-06-17 00:45:38,3,27281.441923231476,13686.498023044642,11918.36734880605,2.7281441923232568e-05,50062.60612494342,50062.60612494342,11.1943,11.1943,91.0,63,,13686.498023044642,2026-06-16T23:15:32.582Z,155980.00309912843,210472.21950910322,,15.37809154355779,10x-20x,0,1,1,1,1,,,,
4rHgkXnfYMZa8eEoFbqmzxMZwyQy5VaKWsPpbM6Upump,ARTIFACTS,ARTIFACTS,newSignal,2026-06-16T23:17:04.780Z,2026-06-16T23:15:38.000Z,2026-06-16 23:17:04,2026-06-16 23:17:04,1,38337.60903647555,24908.602127027283,14114.039477442868,3.833760903647555e-05,26018.68248057808,26018.68248057808,17.5273,17.5273,30.0,11,,24908.602127027283,2026-06-16T23:17:04.416Z,1666.2491228574556,56588.22306763845,,2.2718345565541367,2x-5x,0,1,0,0,0,,,,
GwwXmFiyAVZVaT76aKDxUPfzZZ2PhTCF7GqUfPbkpump,FR,First Route,newSignal,2026-06-16T23:20:39.498Z,2026-06-16T23:13:28.000Z,2026-06-16 23:20:39,2026-06-16 23:20:39,1,16748.350464628114,14232.504805730834,12605.367452321683,1.6748350464628113e-05,20329.9165912576,20329.9165912576,7.077,7.077,27.0,25,Protocols,14232.504805730834,2026-06-16T23:20:39.223Z,2689.5524986558853,14232.504805730834,,1.0,<2x,0,0,0,0,0,,,,
FJVis6jGFFiizZ1NSyNdKYHSTnqUWHmM5P3nyco5pump,Meepcat,Meepcat,newSignal,2026-06-16T23:21:36.249Z,2026-06-16T23:19:35.000Z,2026-06-16 23:21:36,2026-06-17 02:51:03,4,16583.652428890244,13081.774101199904,12541.493558677665,1.658365242889024e-05,30312.58448292312,30312.58448292312,6.105,6.105,118.0,86,Animals,13081.774101199904,2026-06-16T23:21:30.574Z,55201.578663541346,867587.9995214477,,66.32036242254554,20x+,0,1,1,1,1,,,,
BfChhbvFEvjHUXZGC58coM3WnV9JtG1nBCHQ2oY3pump,Yore Coproces,YORO,newSignal,2026-06-16T23:26:23.001Z,2026-06-16T23:09:58.000Z,2026-06-16 23:26:23,2026-06-16 23:37:46,2,19151.252625816178,17789.493721655344,13468.212026514508,1.915125262581618e-05,29616.23609508648,29616.23609508648,7.7931,7.7931,20.0,16,Meme,17789.493721655344,2026-06-16T23:26:22.739Z,1537.1836606349038,17789.493721655344,,1.0,<2x,0,0,0,0,0,,,,
6XK8TGpSTKbugQfssfkLXtyVd68AYjF5v2iNk9Dpump,GOATSE,меметик agent,newSignal,2026-06-16T23:26:37.160Z,2026-06-16T23:25:43.000Z,2026-06-16 23:26:37,2026-06-16 23:28:28,4,17733.827415184733,14802.423966341496,12960.228299130362,1.7733827415184732e-05,27459.5786558136,27459.5786558136,6.3908,6.3908,120.0,83,AI Agents,14802.423966341496,2026-06-16T23:26:36.737Z,2396.6618456690926,14802.423966341496,,1.0,<2x,0,0,0,0,0,,,,
6qpxKfBBrMttxmfFBRnNitazxoGDWQa3NTqNDBbiqgXK,ODDS,Against all odds,newSignal,2026-06-16T23:35:16.042Z,2026-06-16T23:33:32.000Z,2026-06-16 23:35:16,2026-06-16 23:37:30,2,23940.454411924646,16285.555124659068,11149.795375851716,2.3940454411924648e-05,83269.12182145676,83269.12182145676,8.3933,8.3933,303.0,208,Meme,16285.555124659068,2026-06-16T23:33:45.773Z,3376.5887449107618,47734.48552313985,,2.9310935462593974,2x-5x,0,1,0,0,0,,,,
DrAQUhCLErvvZVxiZDBf9gYMCYKiEWyoyRY4cYaBpump,Kardashev,Kardashev scale,newSignal,2026-06-16T23:35:39.326Z,2026-06-16T23:35:30.000Z,2026-06-16 23:35:39,2026-06-16 23:36:16,2,12692.872387119343,14297.602094257962,10974.993480978455,1.2692872387119343e-05,21244.30203054656,21244.30203054656,3.687,3.687,49.0,33,Space,14297.602094257962,2026-06-16T23:35:38.986Z,2190.1111605880455,14297.602094257962,,1.0,<2x,0,0,0,0,0,,,,
4XRCJkkqYZXhMLu2chJ2Sdw3wR6dYZTu9aTS222Kpump,LOOPY,Loopy Agent,newSignal,2026-06-16T23:37:26.376Z,2026-06-16T23:34:05.000Z,2026-06-16 23:37:26,2026-06-16 23:39:43,2,16550.407160265266,13566.094577106725,12533.081683583518,1.6550407160265267e-05,20723.471236987,20723.471236987,6.8222,6.8222,77.0,53,AI Agents,13566.094577106725,2026-06-16T23:36:09.781Z,2332.3338230779323,40870.534580591586,,3.0126971582198823,2x-5x,0,1,1,0,0,,,,
6WYHSxTFpf5vkSNgz1qBdX3jopAHat1Hx8oXWSNpump,Ego,Egocoin,newSignal,2026-06-16T23:46:48.242Z,2026-06-16T23:44:46.000Z,2026-06-16 23:46:48,2026-06-17 00:09:38,3,16382.391353436651,14110.842904225348,12458.307009606388,1.638239135343665e-05,6842.2077876864,6842.2077876864,6.8168,6.8168,34.0,27,Meme,14110.842904225348,2026-06-16T23:46:48.021Z,1497.7034396462366,32914.174749897946,,2.332544907012049,2x-5x,0,1,0,0,0,,,,
BtrBwRSAgXELXP27Y7AkKgZjJdAsCbYyVAMJjdmppump,MACROHARD,MACROHARD,newSignal,2026-06-16T23:54:25.509Z,2026-06-16T23:49:50.000Z,2026-06-16 23:54:25,2026-06-17 00:00:21,3,15176.930935398745,12914.146181476177,11981.4233394954,1.5176930935398744e-05,23381.3447130641,23381.3447130641,5.3449,5.3449,54.0,34,Meme,12914.146181476177,2026-06-16T23:54:25.148Z,2166.8427629326193,12914.146181476177,,1.0,<2x,0,0,0,0,0,,,,
E4Q3iSqNi4Jh5XdDg4r8wfccpzQvntnx5ZMbmLPwpump,DIGS,Diggers,newSignal,2026-06-17T00:01:44.696Z,2026-06-17T00:01:23.000Z,2026-06-17 00:01:44,2026-06-17 00:02:05,2,18192.945648507626,15041.386912085014,13117.997689020676,1.8192945648507625e-05,20641.2102202784,20641.2102202784,7.4702,7.4702,98.0,74,Gaming,15041.386912085014,2026-06-17T00:01:44.568Z,1305.048036651185,15041.386912085014,,1.0,<2x,0,0,0,0,0,,,,
Fk5TidwF6UH5PRV5sBkyg5KLV9XBt9SfVc977JvQpump,OG,Original Gainers,newSignal,2026-06-17T00:02:43.060Z,2026-06-17T00:02:35.000Z,2026-06-17 00:02:43,2026-06-17 00:04:10,2,12917.362774770008,21049.484435687315,11108.808245405195,1.2917362774770007e-05,33685.11827643794,33685.11827643794,1.8413,1.8413,29.0,22,Meme,21049.484435687315,2026-06-17T00:02:42.767Z,2782.027008628153,21049.484435687315,,1.0,<2x,0,0,0,0,0,,,,
hQrnw6SscDqSoDxH4fquStmsTFucTd1GoKNTaGqpump,JarJar,JarJarBinks,newSignal,2026-06-17T00:07:40.683Z,2026-06-17T00:02:12.000Z,2026-06-17 00:07:40,2026-06-17 00:09:05,2,22589.051895886707,21616.889564655263,14624.510193924641,2.25961885694801e-05,35176.11635106432,35176.11635106432,9.5628,9.5628,24.0,15,Meme,21616.889564655263,2026-06-17T00:07:40.498Z,2027.3732089353111,21616.889564655263,,1.0,<2x,0,0,0,0,0,,,,
EuE8uFkJKSRRzsLcxbzyR6QEdN8dKgFMhBQ1E5iApump,BLACKMAN,The Reasonable Blackman,newSignal,2026-06-17T00:12:43.919Z,2026-06-17T00:00:37.000Z,2026-06-17 00:12:43,2026-06-17 00:12:43,1,15794.18309111208,13158.508392652724,12235.100872078128,1.579418309111208e-05,66551.85111803553,66551.85111803553,5.5779,5.5779,38.0,30,Meme,13158.508392652724,2026-06-17T00:06:10.748Z,2080.410811507907,13158.508392652724,,1.0,<2x,0,0,0,0,0,,,,
F4ypv6LYwFFw2rXuzFtQ3PuYxHksQsmRer7UmWkqpump,KARMA,GOOD KARMA,newSignal,2026-06-17T00:22:49.239Z,2026-06-16T22:41:13.000Z,2026-06-17 00:22:49,2026-06-17 00:23:02,2,20446.153997955935,14301.63499358176,13916.089714764117,2.0446153997955935e-05,18503.11346570844,60480.54031598568,3.7115,8.9341,64.0,44,Charity,14301.63499358176,2026-06-16T22:42:13.376Z,7454.809089587483,40624.3558160333,,2.840539269409726,2x-5x,0,1,0,0,0,,,,
tungXo9vjMeyxRcXMRvejsiAWpCBBD64VNVi8KYX4Ar,TUNGTARDIO,tungtardio,newSignal,2026-06-17T00:23:23.908Z,2026-06-17T00:19:56.000Z,2026-06-17 00:23:23,2026-06-17 00:25:19,5,15594.600074225184,13376.393022613005,12151.157357537668,1.5594600074225184e-05,18660.41113668252,18660.41113668252,6.2251,6.2251,59.0,44,Others,13376.393022613005,2026-06-17T00:23:23.779Z,1508.1101451031386,13376.393022613005,,1.0,<2x,0,0,0,0,0,,,,
5WCwSjeQ84xXLfHYdbvUYbX2spzSFrTaG3omnnvKpump,ELBAF,elbaf0,newSignal,2026-06-17T00:26:59.095Z,2026-06-17T00:26:37.000Z,2026-06-17 00:26:59,2026-06-17 00:28:11,3,18906.970508757287,14107.494961270077,13374.04385238402,1.8906970508757287e-05,16232.15741013875,16232.15741013875,8.174,8.174,56.0,61,,14107.494961270077,2026-06-17T00:26:58.963Z,1954.2512070814187,15193.375476304567,,1.076971887497788,<2x,0,0,0,0,0,,,,
3q6AA6e5QvxSXZ3sA4kSmZk9phq8M3vxrB9zf5d1pump,STAX,stax,newSignal,2026-06-17T00:40:12.879Z,2026-06-17T00:39:53.000Z,2026-06-17 00:40:12,2026-06-17 00:40:12,1,19149.93285551019,14660.75494504304,13461.338226710943,,53626.32598302954,53626.32598302954,6.113,6.113,66.0,50,Desci,14660.75494504304,2026-06-17T00:40:00.694Z,1995.898365806616,14660.75494504304,,1.0,<2x,0,0,0,0,0,,,,
5om52eVYYAXXTei9JkgnvK7CbX1B3QFQ1mEg3zaFpump,farticle,farticle,newSignalRay,2026-06-17T02:28:34.872Z,2026-06-17T01:59:14.000Z,2026-06-17 02:28:34,2026-06-17 02:28:34,1,103978.29100642615,65791.19206584983,23762.12863610244,,240519.5750074772,240519.5750074772,42.7835,42.7835,62.0,21,Others,13429.898848291841,2026-06-17T02:06:07.364Z,3085.2630692854386,90761.06451193246,,6.758134632077026,5x-10x,0,1,1,1,0,,,,
2ozinNKNKHfxbhEXMQ3JVyXfzE3SSuQC1QK9L4aZpump,what,Guess what,newSignal,2026-06-17T02:33:02.959Z,2026-06-17T02:28:36.000Z,2026-06-17 02:33:02,2026-06-17 02:33:02,1,15721.52925010924,13243.94924579057,12234.38374531004,1.5721532935474804e-05,42241.13075127911,42241.13075127911,3.5855,3.5855,20.0,20,Others,13243.94924579057,2026-06-17T02:33:02.825Z,1854.1290057585975,32405.5259526269,,2.446817437247927,2x-5x,0,1,0,0,0,,,,
GcAQw7vWYWqP8DXAKxUVM82dhz5YUVd7kzq3Ue1ipump,WIF,MessiWifHat,newSignal,2026-06-17T02:49:23.082Z,2026-06-17T02:42:30.000Z,2026-06-17 02:49:23,2026-06-17 02:49:40,2,20746.34471258067,13400.039459509258,14040.465746685464,2.074634471258067e-05,36788.74573924905,36788.74573924905,8.0053,8.0053,65.0,39,Sports,13400.039459509258,2026-06-17T02:48:43.259Z,2014.5544966626137,23229.797108254734,,1.7335618434891882,<2x,0,0,0,0,0,,,,
DWF2TFVHzDdsqXwtxJphpwDHrQfjuRSLkDup6a1bBAGS,TURTLE,TheMisterTurtle,newSignalRay,2026-06-17T02:52:31.983Z,2026-06-17T02:52:17.000Z,2026-06-17 02:52:31,2026-06-17 02:52:31,1,154740.3085251295,425332.0317717399,5340.269115479493,0.00015474030852512952,28898.16368077,28898.16368077,1.5343,1.5343,65.0,28,Animals,425332.0317717399,2026-06-17T02:52:31.853Z,29859.880023268324,425332.0317717399,,1.0,<2x,0,0,0,0,0,,,,
EAnc2dLzmUjuyvvhx7MLZPDM8tQRq4RDfqdymjNfBAGS,SPCX,SpaceX,newSignalRay,2026-06-17T02:53:58.690Z,2026-06-17T02:53:35.000Z,2026-06-17 02:53:58,2026-06-17 02:53:58,1,301658.4605486445,295234.7366206859,7452.068417055984,0.00030165846054864447,32583.21505435212,32583.21505435212,3.3724,3.3724,106.0,27,Space,295234.7366206859,2026-06-17T02:53:58.400Z,177643.960456911,506900.59254436556,,1.716940893698513,<2x,0,0,0,0,0,,,,
HWd4LGj4AGtNhpMpiJBkjp6w271t36vuvTxx8r6QBAGS,1B,Speedrun To 1 BIllion,newSignalRay,2026-06-17T02:54:54.226Z,2026-06-17T02:54:25.000Z,2026-06-17 02:54:54,2026-06-17 03:03:38,3,198512.4520252764,108043.81354748826,6038.185052315716,0.00019851245202527642,21215.17153383936,21215.17153383936,1.8709,1.8709,52.0,27,Meme,108043.81354748826,2026-06-17T02:54:54.095Z,31961.426575376434,495238.8355306766,,4.583685259434177,2x-5x,0,1,1,0,0,,,,
CPh3doM9cPhgzKSEhuRGjUf1kYdby19C9JHSANwrpump,SOLG,Sol Garden,newSignal,2026-06-17T03:01:29.016Z,2026-06-17T02:46:27.000Z,2026-06-17 03:01:29,2026-06-17 03:03:27,2,19287.881893146914,18545.286438028314,13552.76276723738,1.928788478635395e-05,33403.99699915682,33403.99699915682,8.148,8.148,26.0,17,Gaming,18545.286438028314,2026-06-17T03:01:28.883Z,41442.12475851176,84583.72789990672,,4.56092863178766,2x-5x,0,1,1,0,0,,,,
1eMHNCWBs35e9xqqHZ1WsbWCzqySBkpiTwzCaMTpump,1000000,1 Million Speedrun,newSignal,2026-06-17T03:04:19.434Z,2026-06-17T03:03:46.000Z,2026-06-17 03:04:19,2026-06-17 03:04:19,1,23172.306999363012,16407.142189943173,14848.10559133197,2.3172306999363012e-05,12485.4568956838,12485.4568956838,6.8898,6.8898,39.0,27,Meme,16407.142189943173,2026-06-17T03:04:18.959Z,2143.3388769107733,16407.142189943173,,1.0,<2x,0,0,0,0,0,,,,
CCNN1WcqyhZntkSEb4fX6ARNT9TWoQNJ4SvoZxYzBAGS,trilly,trilly,newSignalRay,2026-06-17T03:04:33.519Z,2026-06-17T03:00:28.000Z,2026-06-17 03:04:33,2026-06-17 05:54:07,6,611144.7812005936,801540.7615820915,10493.425138804563,0.0006111447812005936,32512.51372495104,32512.51372495104,14.367,14.367,53.0,20,Others,801540.7615820915,2026-06-17T03:04:33.293Z,1467355.6225618878,6334106.773819379,,7.9024137977924385,5x-10x,0,1,1,1,0,,,,
2XfSoA6HtnLS8p1Vva9yCFUww2ypxWd4gsY2khbfBAGS,trilly,trilly,newSignalRay,2026-06-17T03:10:47.991Z,2026-06-17T03:08:19.000Z,2026-06-17 03:10:47,2026-06-17 03:10:47,1,602975.1484222556,533890.6677617786,10438.715904092849,0.0006029751484222557,27027.14223256464,27027.14223256464,8.8126,8.8126,48.0,20,Meme,533890.6677617786,2026-06-17T03:10:47.776Z,43430.60103950671,533890.6677617786,,1.0,<2x,0,0,0,0,0,,,,
5DBuPWsSbbTSZf5PzAgHyryKjNjatyB3ze6huYZJpump,提米,Meepcat,newSignal,2026-06-17T03:19:22.469Z,2026-06-17T03:12:00.000Z,2026-06-17 03:19:22,2026-06-17 03:19:22,1,17550.380078627048,14112.83087352296,12901.783639926873,1.7550391966945148e-05,13878.14216172125,13878.14216172125,6.6315,6.6315,32.0,28,Cats,14112.83087352296,2026-06-17T03:19:22.184Z,2028.1523541240051,14112.83087352296,,1.0,<2x,0,0,0,0,0,,,,
A81BtTKJ9bnnugRdkFyn8czmk7Li5wrd7MNMN8k5pump,Trump,特朗普,newSignal,2026-06-17T03:20:44.200Z,2026-06-17T03:18:19.000Z,2026-06-17 03:20:44,2026-06-17 03:31:47,4,17921.341991539724,13037.481746505568,13037.47013336766,1.7921341991539722e-05,40301.52532813376,40301.52532813376,7.2153,7.2153,70.0,61,Trump,13037.481746505568,2026-06-17T03:20:43.848Z,2596.593611002108,76192.82371105511,,5.844136558923816,5x-10x,0,1,1,1,0,,,,
CBzk6f1Hog9R37CEX2ybKNA74CQXy7qBzDkG8WN3pump,KART,Solana Kart,newSignal,2026-06-17T03:24:57.306Z,2026-06-17T03:24:43.000Z,2026-06-17 03:24:57,2026-06-17 03:43:41,3,15727.529969158666,15454.061486851562,12214.243581488765,1.5727529969158667e-05,21314.87927822764,21314.87927822764,6.3662,6.3662,28.0,24,Gaming,15454.061486851562,2026-06-17T03:24:57.119Z,2270.3042789201677,22509.041588883294,,1.4565130084433897,<2x,0,0,0,0,0,,,,
6bLjvVnLRB8T3kJW1Ld3zFxgThCoCbPUKakjkaQiBAGS,RECORD,World Record Coin,newSignalRay,2026-06-17T03:33:42.785Z,2026-06-17T03:32:16.000Z,2026-06-17 03:33:42,2026-06-17 03:33:42,1,213454.64453120396,267578.83330369985,6211.435702285468,0.00021345464453120398,18979.97944542,18979.97944542,3.6313,3.6313,53.0,24,Others,267578.83330369985,2026-06-17T03:33:42.489Z,41566.29730000546,601918.7203146566,,2.2495005037692337,2x-5x,0,1,0,0,0,,,,
4GG4SGDwyfqA9A2G2DFBRCqqsYyGFHnbUnhkmg5PPVqF,HAM,Hero Archetype Meme,newSignal,2026-06-17T03:36:39.888Z,2026-06-17T03:35:55.000Z,2026-06-17 03:36:39,2026-06-17 03:47:39,3,21397.26341855461,14169.395035755206,14252.52756506456,2.1397263418554607e-05,32250.47240750489,32250.47240750489,8.4507,8.4507,117.0,102,Meme,14169.395035755206,2026-06-17T03:36:39.773Z,2246.248281102611,15438.065687109947,,1.0895359786464676,<2x,0,0,0,0,0,,,,
cbAhbADA5yxN4gbECXfhomvr4nEFpBFyFCenqNepump,HAM,Hero Archetype Meme,newSignal,2026-06-17T03:40:50.218Z,2026-06-17T03:36:15.000Z,2026-06-17 03:40:50,2026-06-17 03:44:29,2,17231.050855446167,13983.404962812927,12788.206541839556,1.7231050855446165e-05,56760.16147257354,56760.16147257354,6.1434,6.1434,118.0,93,Meme,13983.404962812927,2026-06-17T03:36:38.349Z,5135.560301143991,60196.839112749236,,4.304877050534903,2x-5x,0,1,1,0,0,,,,
2fHqck8fyk9NciRWvRHCnNqLjBbz3n1tjNEoSzhapump,X,X Coin,newSignal,2026-06-17T03:57:25.381Z,2026-06-17T03:53:14.000Z,2026-06-17 03:57:25,2026-06-17 03:57:25,1,16781.55129397161,14551.063728324194,12612.602458576876,1.678155129397161e-05,25919.68075684923,25919.68075684923,6.9114,6.9114,28.0,20,Others,14551.063728324194,2026-06-17T03:57:25.240Z,2208.2348550311917,14551.063728324194,,1.0,<2x,0,0,0,0,0,,,,
Gd343z31qUT57uKBHjzaNrtis3q2qVujwSktyWREpump,Dropper,Dropper,newSignal,2026-06-17T04:09:37.990Z,2026-06-17T03:38:54.000Z,2026-06-17 04:09:37,2026-06-17 04:09:50,2,14928.818097946201,13023.999238748554,11898.429875999711,1.4928818097946202e-05,15565.65575425136,15565.65575425136,6.1324,6.1324,23.0,12,Others,13023.999238748554,2026-06-17T04:09:37.822Z,2186.4553575385535,17505.639340122867,,1.3441062932528967,<2x,0,0,0,0,0,,,,
7XT2MCDGwEUa3U9MA6DDV9QeJ1uXM6iBhkj8GPTpump,Trump,特朗普,newSignal,2026-06-17T04:14:12.681Z,2026-06-17T04:13:58.000Z,2026-06-17 04:14:12,2026-06-17 04:16:46,2,15740.931552397355,14098.31601317703,12224.467692702912,1.5740931552397356e-05,39970.49880847842,39970.49880847842,6.2801,6.2801,25.0,27,Trump,14098.31601317703,2026-06-17T04:14:12.403Z,2303.5485888073804,14304.255987828214,,1.0146074165495158,<2x,0,0,0,0,0,,,,
8nnFZQgwvxxMparw5Dr626CYS6GMbb73Pg7f43JApump,Messi,Leo Messi,newSignal,2026-06-17T04:20:08.539Z,2026-06-17T04:19:15.000Z,2026-06-17 04:20:08,2026-06-17 04:26:38,4,16650.112745949686,14377.183050799567,12562.25179554682,1.6650112745949683e-05,32547.60559427328,32547.60559427328,6.977,6.977,46.0,34,Sports,14377.183050799567,2026-06-17T04:20:08.325Z,6221.873115715742,102045.05394802058,,7.0977084723384305,5x-10x,0,1,1,1,0,,,,
81w76iZ5pTvNV77o4MjoZqkarcz3nVX7izc1rjwtpump,Ronaldo,Cristiano Ronaldo,newSignal,2026-06-17T04:40:21.090Z,2026-06-17T04:29:01.000Z,2026-06-17 04:40:21,2026-06-17 04:40:21,1,15815.513624705143,13227.907762971558,12251.672472050439,1.5815513624705146e-05,29873.50802734906,29873.50802734906,5.9504,5.9504,34.0,23,Sports,13227.907762971558,2026-06-17T04:37:23.139Z,2146.64433497171,13227.907762971558,,1.0,<2x,0,0,0,0,0,,,,
6r7HZhjd27fJgzH57wXouKoUvL8vdvqG718aHCiVpump,CHEEMS,Cheems,newSignal,2026-06-17T04:43:47.277Z,2026-06-17T04:42:57.000Z,2026-06-17 04:43:47,2026-06-17 04:45:18,3,21227.055414295686,19247.86915630252,19774.558674431795,2.1227055414295686e-05,14609.933324251911,14609.933324251911,4.0585,4.0585,68.0,53,Meme,19247.86915630252,2026-06-17T04:43:47.124Z,4107.642226363442,28434.93865042864,,1.4773031975395525,<2x,0,0,0,0,0,,,,
9n8rpiJqKuCh8CZAfe3DK5232a4KMdY5UK97BH3spump,AOAS,American Oil Asset Supply,newSignal,2026-06-17T04:51:16.944Z,2026-06-17T04:44:03.000Z,2026-06-17 04:51:16,2026-06-17 04:51:16,1,37336.26265564719,27511.851315812455,13927.870118874736,3.733626265564719e-05,7035.3722858766,7035.3722858766,5.0896,5.0896,24.0,18,Stocks,27511.851315812455,2026-06-17T04:51:16.651Z,434703.9806828939,438039.9953404089,,15.921865464889493,10x-20x,0,1,1,1,1,,,,
EQKKq6hz8SStoeJ5v1JBkdkPEnri5xpdoiAq7MBAPkbz,SBF,OFFICIAL SBF COIN,newSignal,2026-06-17T04:52:54.688Z,2026-06-17T04:50:08.000Z,2026-06-17 04:52:54,2026-06-17 05:01:11,3,15285.82814658424,14680.652260370895,12058.696343372918,1.528582814658424e-05,18491.00346133936,18491.00346133936,5.5295,5.5295,89.0,68,Celebrities,14680.652260370895,2026-06-17T04:52:54.495Z,1465.8230553743867,35801.136286854984,,2.4386611474680144,2x-5x,0,1,0,0,0,,,,
8B5jEwgEhbVCGvzdHrs5bAg7w48TZ3GXw3ajFx1fpump,SBF,OFFICIAL SBF COIN,newSignal,2026-06-17T04:59:21.910Z,2026-06-17T04:57:35.000Z,2026-06-17 04:59:21,2026-06-17 04:59:21,1,15250.534510765887,13387.817413574867,12034.111466057155,1.5250534510765887e-05,20324.53547931081,20324.53547931081,5.3387,5.3387,91.0,69,Celebrities,13387.817413574867,2026-06-17T04:59:21.760Z,2036.029841167392,13387.817413574867,,1.0,<2x,0,0,0,0,0,,,,
9xixk71Wfqr8gA43gHeeSWUUgMrYDGnrYjm1NRZhpump,SBF,OFFICIAL SBF COIN,newSignal,2026-06-17T05:09:32.341Z,2026-06-17T05:07:55.000Z,2026-06-17 05:09:32,2026-06-17 05:09:32,1,21425.942705614838,14308.341874671185,14266.0861459624,,16825.16137572483,16825.16137572483,6.6655,6.6655,70.0,54,Celebrities,14308.341874671185,2026-06-17T05:09:12.261Z,1984.1315882936567,14308.341874671185,,1.0,<2x,0,0,0,0,0,,,,
7sXmXJEKLRQ3ZJ68g6fdsJMV2R9fXDbem1nS2d9apump,TIDE,Tidal Fishing,newSignal,2026-06-17T05:11:31.462Z,2026-06-17T05:10:57.000Z,2026-06-17 05:11:31,2026-06-17 05:11:31,1,16004.204999787926,15260.36553145969,17170.406650654895,1.6004204999787925e-05,9846.018304104215,9846.018304104215,2.9338,2.9338,65.0,38,Gaming,15260.36553145969,2026-06-17T05:11:31.310Z,18944.84872914395,25417.948445335594,,1.6656185851469776,<2x,0,0,0,0,0,,,,
3wSoTGhiLnoRwbqKQiVHajYwrxpn2KEzCYK2Pgwmpump,rich,"if you can't hold, you won't be",newSignal,2026-06-17T05:30:43.249Z,2026-06-17T05:26:03.000Z,2026-06-17 05:30:43,2026-06-17 05:31:09,2,16324.014572533308,13171.534858862753,12436.23071826414,1.6324014572533306e-05,12104.101169336,12104.101169336,6.7801,6.7801,31.0,23,Meme,13171.534858862753,2026-06-17T05:30:42.814Z,2014.8666363227971,18372.21734775837,,1.3948425559073114,<2x,0,0,0,0,0,,,,
6gw2o1xB9rfQRi1nNPyhMewSqEAFkqLeaoa1AFSCpump,rich,"if you can't hold, you won't be",newSignal,2026-06-17T05:38:01.583Z,2026-06-17T05:29:08.000Z,2026-06-17 05:38:01,2026-06-17 06:14:36,6,14912.081180408333,13153.1884139315,11890.948797509123,1.4912081180408333e-05,29245.5277404092,29245.5277404092,5.5843,5.5843,53.0,38,Meme,13153.1884139315,2026-06-17T05:38:01.450Z,4060.282931286711,65348.49513858497,,4.9682626814172,2x-5x,0,1,1,0,0,,,,
82KvpruHhPixh1viBix4LFrgtEREkPnTjioMq2qBpump,OGPEPE,El Sapo Pepe,newSignal,2026-06-17T05:57:48.983Z,2026-06-17T05:52:13.000Z,2026-06-17 05:57:48,2026-06-17 06:06:19,4,15341.877011778812,13325.79002829635,12058.637043114642,1.5341877011778813e-05,22618.41340914576,22618.41340914576,4.919,4.919,29.0,23,Frogs,13325.79002829635,2026-06-17T05:57:48.820Z,2031.781596214539,26570.020522219354,,1.9938795723030185,<2x,0,0,0,0,0,,,,
2Vr2YRq957Bmtpp7FoHLVqu35qbZf9NNJvWRPXEzpump,HOBL,Hodl and Believe,newSignal,2026-06-17T06:07:56.666Z,2026-06-17T06:00:58.000Z,2026-06-17 06:07:56,2026-06-17 06:10:32,2,15671.366066317218,14417.946213147048,12187.436721193544,1.567136606631722e-05,39040.12754905524,39040.12754905524,6.3719,6.3719,43.0,34,Meme,14417.946213147048,2026-06-17T06:07:56.389Z,7256.181412472907,36148.19526045041,,2.5071667438659584,2x-5x,0,1,0,0,0,,,,
8ZjwoMot9CVkSTZgxQ18t8H8FFpZ1B7hoxh8WBzmpump,Optimi,The Legion Of Optimi,newSignal,2026-06-17T06:16:44.707Z,2026-06-17T06:15:39.000Z,2026-06-17 06:16:44,2026-06-17 06:24:45,3,17712.32699109806,14254.60242646083,12962.940420754365,1.7712358193001707e-05,37332.54392548016,37332.54392548016,6.343,6.343,84.0,69,Others,14254.60242646083,2026-06-17T06:16:44.494Z,1515.6628471958506,26625.267658658937,,1.867836566892559,<2x,0,0,0,0,0,,,,
B3o6jw34AfFwtEdjeMw6pFZjgZAniH11sqKrVM6Fpump,TAKE,Take P,newSignal,2026-06-17T06:18:54.691Z,2026-06-17T06:18:27.000Z,2026-06-17 06:18:54,2026-06-17 06:18:54,1,15294.058695990609,14014.75749711983,12049.035834520726,1.529405869599061e-05,24346.90769328192,24346.90769328192,6.3386,6.3386,54.0,37,Meme,14014.75749711983,2026-06-17T06:18:54.486Z,2206.0314117116445,16933.079609643275,,1.2082320805852822,<2x,0,0,0,0,0,,,,
5NUcvdbSbcK41wi3myADHdME7xmLFXDKkar9zZG8pump,MEEPCAT,Official Meepcat,newSignal,2026-06-17T06:30:04.323Z,2026-06-17T06:29:46.000Z,2026-06-17 06:30:04,2026-06-17 06:31:16,2,15420.227335089421,13763.286281455128,12080.383649579722,1.542022733508942e-05,34048.31620500645,34048.31620500645,3.6898,3.6898,102.0,52,Animals,13763.286281455128,2026-06-17T06:29:53.763Z,2033.6488117600975,20953.87818816541,,1.5224473108867176,<2x,0,0,0,0,0,,,,
FtGf422SGcLN9apk6T9STEFS536kLHbgf581vpR4pump,MEEP,MEEP CAT,newSignal,2026-06-17T06:31:42.874Z,2026-06-17T06:27:37.000Z,2026-06-17 06:31:42,2026-06-17 06:33:20,3,14081.715376354781,14496.738261911882,11538.814784012075,,13694.65793542485,13694.65793542485,6.3701,6.3701,26.0,15,Cats,14496.738261911882,2026-06-17T06:31:42.733Z,1685.5912460585776,25636.995948810458,,1.7684664981617293,<2x,0,0,0,0,0,,,,
BeX7eutrnKL1Ar4ekTpzbCAE8WHETGQxmXeGNRE2BAGS,POOP,POOPCOIN,newSignalRay,2026-06-17T06:35:52.784Z,2026-06-17T06:33:09.000Z,2026-06-17 06:35:52,2026-06-17 08:18:28,2,325534.8864576872,255791.75516981125,7653.940554530909,0.0003255348864576872,27555.81363559008,27555.81363559008,3.7026,3.7026,44.0,20,Meme,255791.75516981125,2026-06-17T06:35:52.639Z,53235.162304118276,614563.9108815027,,2.402594682825156,2x-5x,0,1,0,0,0,,,,
9Yyv1whbUfmyqFj5d5esvfmViQP8DRcDxTWTcQ3zpump,Pitoco,The Patriotic Dog,newSignal,2026-06-17T06:48:43.986Z,2026-06-17T06:46:49.000Z,2026-06-17 06:48:43,2026-06-17 07:01:14,2,15353.886789312053,13092.619524726975,12040.442254302408,1.5353886789312054e-05,30319.25284623238,30319.25284623238,5.6174,5.6174,82.0,68,Animals,13092.619524726975,2026-06-17T06:48:43.855Z,25143.227588373542,98698.52794221429,,7.538485919934535,5x-10x,0,1,1,1,0,,,,
3wMNHtTmRjXr8PQC5vEfpLPXoFXbqs9uFjzk41hApump,Sneed,Sneed,newSignal,2026-06-17T06:58:36.783Z,2026-06-17T06:55:47.000Z,2026-06-17 06:58:36,2026-06-17 07:10:37,3,16948.86332867951,12870.217142888872,12654.644253358687,1.6948863496702626e-05,24906.6162050688,24906.6162050688,5.5262,5.5262,82.0,62,Meme,12870.217142888872,2026-06-17T06:58:19.846Z,2089.4404344462228,20799.68923070827,,1.616110202320917,<2x,0,0,0,0,0,,,,
H8sfJ3n9Pbv8rvzZRiGntjBTwThkSfCFz9nr3RqYpump,Turbo,Turbo The Snail,newSignal,2026-06-17T07:05:20.150Z,2026-06-17T06:58:57.000Z,2026-06-17 07:05:20,2026-06-17 07:07:37,2,17109.486606191327,13407.653089113353,12706.744673641615,1.7109496337348823e-05,19396.9084889346,19396.9084889346,6.5906,6.5906,38.0,30,Animals,13407.653089113353,2026-06-17T07:05:20.013Z,2447.2347472985425,13407.653089113353,,1.0,<2x,0,0,0,0,0,,,,
ALuE5NpQCLuEBC9PeFcfMgrsq5YB6d9LwirQv7RJpump,SIDNEY,#FreeSidney,newSignal,2026-06-17T07:08:04.519Z,2026-06-17T07:05:40.000Z,2026-06-17 07:08:04,2026-06-17 07:14:09,3,15149.125312611748,12995.564924797593,11962.278993073274,1.5149125312611747e-05,50135.17814373123,50135.17814373123,5.3291,5.3291,137.0,119,Meme,12995.564924797593,2026-06-17T07:08:04.254Z,1646.6067143041928,29844.37293898275,,2.2965044699238097,2x-5x,0,1,0,0,0,,,,
4DyYTyBHY6aNjXaKhFq3SEZd9k1QsiscinNmd9cfpump,sydney,#FreeSydney,newSignal,2026-06-17T07:15:22.867Z,2026-06-17T07:13:17.000Z,2026-06-17 07:15:22,2026-06-17 07:17:18,3,15407.654795521497,14107.572444181431,12070.588048413258,1.5407654795521498e-05,24285.67650627456,24285.67650627456,6.3822,6.3822,77.0,49,Meme,14107.572444181431,2026-06-17T07:15:22.733Z,2168.4837994071904,18875.84178793303,,1.3379936103548586,<2x,0,0,0,0,0,,,,
HGMw5B2wx4oMuGVk6xYtbg6hFbxDry11MtiwqJAVpump,SYDNEY,#FreeSydney,newSignal,2026-06-17T07:20:21.411Z,2026-06-17T07:18:34.000Z,2026-06-17 07:20:21,2026-06-17 07:26:10,3,16609.770057161775,16817.15156519113,12534.232801253347,1.6609770057161774e-05,19455.97249201928,19455.97249201928,6.5289,6.5289,83.0,64,Meme,16817.15156519113,2026-06-17T07:20:20.974Z,2459.4576538924143,41786.12669915165,,2.484732716903283,2x-5x,0,1,0,0,0,,,,
Bpvk1h5qvSzi2tmfzNT5E8GSNp21znmTuAc4kjUkpump,Prince,Le Petit Prince,newSignal,2026-06-17T07:40:15.350Z,2026-06-17T07:34:40.000Z,2026-06-17 07:40:15,2026-06-17 07:41:16,3,19805.481579917247,15314.471334514135,13659.037462820568,1.980548157991725e-05,25325.98034790238,25325.98034790238,8.3702,8.3702,72.0,45,Others,15314.471334514135,2026-06-17T07:40:15.212Z,1427.58264183016,15314.471334514135,,1.0,<2x,0,0,0,0,0,,,,
3CfrMh1YK42FWq1eayNdNBRTpPNQduRsVqJVcsPMBAGS,speedrun,fastest speedrun to 10m,newSignalRay,2026-06-17T08:01:52.788Z,2026-06-17T08:01:18.000Z,2026-06-17 08:01:52,2026-06-17 08:07:32,3,304486.48537374625,349295.7222267078,7427.338040082496,0.0003044864853737462,31195.669459692,31195.669459692,4.1483,4.1483,68.0,25,Meme,349295.7222267078,2026-06-17T08:01:52.580Z,37114.42327200518,506615.340368128,,1.4503909098529213,<2x,0,0,0,0,0,,,,
7D7h4N12D7isELWdxrrqU8hdGCokQVhpYRnEK55xBAGS,$22M,22M DOLLARS IN 3 FUCKING HOURS,newSignalRay,2026-06-17T08:09:52.552Z,2026-06-17T08:08:41.000Z,2026-06-17 08:09:52,2026-06-17 08:09:52,1,325861.55299937807,456900.7229562176,7631.920167086363,0.00032586155299937805,24968.66154558464,24968.66154558464,4.7211,4.7211,51.0,25,Meme,456900.7229562176,2026-06-17T08:09:52.339Z,28425.961784874766,456900.7229562176,,1.0,<2x,0,0,0,0,0,,,,
BW7dRJs7Cz1ga86cq2dxav9pMuX9VPVoya4RQbaRBAGS,$22M,22M DOLLARS IN 3 FUCKING HOURS,newSignalRay,2026-06-17T08:10:23.562Z,2026-06-17T08:09:46.000Z,2026-06-17 08:10:23,2026-06-17 08:10:23,1,396984.6363742769,355140.142173846,8453.084777875272,0.0003969846363742769,23504.36387222352,23504.36387222352,5.2902,5.2902,55.0,24,Meme,355140.142173846,2026-06-17T08:10:23.372Z,33976.901315324656,355140.142173846,,1.0,<2x,0,0,0,0,0,,,,
9msS65PmF3AdBDzqDwgTpU155B3N8Q2WpS8VTvoJpump,CRAB,尼采式的螃蟹,newSignal,2026-06-17T08:26:52.698Z,2026-06-17T08:16:33.000Z,2026-06-17 08:26:52,2026-06-17 08:36:45,3,15724.485488880442,14346.235834061777,12141.564942830135,1.572448548888044e-05,42580.709326229,42580.709326229,5.6209,5.6209,57.0,45,Religion,14346.235834061777,2026-06-17T08:26:52.501Z,2047.1497242416128,16175.270084629881,,1.127492275445904,<2x,0,0,0,0,0,,,,
5HDE96XQ5STmSGfYC61ZHVXuNtDjqm5r3J3GdxaFBAGS,FIHLLIONS,ten million dollar fih,newSignalRay,2026-06-17T08:29:25.335Z,2026-06-17T08:28:55.000Z,2026-06-17 08:29:25,2026-06-17 08:33:06,2,388030.5219406522,335064.07735125907,8327.70807599862,0.00038803052194065225,19316.08132618416,19316.08132618416,5.8693,5.8693,62.0,26,Meme,335064.07735125907,2026-06-17T08:29:25.069Z,29661.00959743622,443400.11299630423,,1.3233293061478293,<2x,0,0,0,0,0,,,,
H2wiDucfS8tq7kE3dnimVYGSsSy5tYjoV8MmVdWFBAGS,BAG,doginbag,newSignalRay,2026-06-17T08:30:30.362Z,2026-06-17T08:29:28.000Z,2026-06-17 08:30:30,2026-06-17 08:36:33,3,578061.2108630046,659789.8667525882,10133.788602218954,0.0005780612108630045,17259.80908737172,17259.80908737172,8.9484,8.9484,56.0,24,Animals,659789.8667525882,2026-06-17T08:30:30.206Z,64228.96318379382,1963974.0157107501,,2.9766659275584364,2x-5x,0,1,0,0,0,,,,
m5HoubAkSxBn5P2ccdv8Pbn5e99dUdLSwcspUwXpump,CHUD,CHUD,newSignal,2026-06-17T08:35:16.047Z,2026-06-17T08:34:07.000Z,2026-06-17 08:35:16,2026-06-17 08:37:49,4,15864.3956981173,12938.181169967005,12174.493117050033,1.58643956981173e-05,34323.08562152892,34323.08562152892,3.6933,3.6933,121.0,96,Others,12938.181169967005,2026-06-17T08:34:30.899Z,1729.2991658335857,47188.00993167187,,3.6471903826179153,2x-5x,0,1,1,0,0,,,,
3V3h9aSABvopyu1kKT6t2k3MMdQ6Wz8zQFfJQ2TKBAGS,INDEX,INDEX,newSignalRay,2026-06-17T08:44:18.687Z,2026-06-17T08:43:24.000Z,2026-06-17 08:44:18,2026-06-17 08:44:18,1,311223.2707201147,303120.69409725454,7447.251930909981,0.0003112232707201147,22148.56486063056,22148.56486063056,4.8078,4.8078,59.0,26,Others,303120.69409725454,2026-06-17T08:44:18.243Z,29988.081559700466,303120.69409725454,,1.0,<2x,0,0,0,0,0,,,,
BtxrZt4dCraySXzxmQpBY5cJtYvXx36MxdhpcC3U78Du,NOETIC,The Noetic Order,newSignal,2026-06-17T08:53:07.421Z,2026-06-17T08:47:34.000Z,2026-06-17 08:53:07,2026-06-17 08:54:04,2,14666.192136384296,14088.77060738871,11688.598591030815,1.4666192136384295e-05,45018.04377060484,45018.04377060484,5.1055,5.1055,54.0,44,Religion,14088.77060738871,2026-06-17T08:53:07.122Z,2171.4448525017297,14118.361098028947,,1.0021002890503958,<2x,0,0,0,0,0,,,,
8H9umb6ABnSUpb11yBVWT3AJ9oAxxXyfVjFYr9bpBAGS,B100,B100,newSignalRay,2026-06-17T09:00:36.305Z,2026-06-17T08:54:24.000Z,2026-06-17 09:00:36,2026-06-17 09:00:36,1,374787.43850513117,373973.5728472209,8133.128136177001,0.00037478743850513115,31507.55975372148,31507.55975372148,6.0089,6.0089,46.0,24,Finance,373973.5728472209,2026-06-17T09:00:36.004Z,31921.446166762802,373973.5728472209,,1.0,<2x,0,0,0,0,0,,,,
9JmruaWd8Dscxs1GBVbnckGWWsoVdJwg9DDFGFW9pump,GC,gamercat,newSignal,2026-06-17T09:01:15.175Z,2026-06-17T09:00:45.000Z,2026-06-17 09:01:15,2026-06-17 09:06:59,4,15742.496606596376,13070.456347529667,12106.721279941588,1.5742496606596377e-05,19844.1796138537,19844.1796138537,5.5868,5.5868,61.0,43,Animals,13070.456347529667,2026-06-17T09:01:14.963Z,1810.421492081661,25117.493083954567,,1.9216997797251207,<2x,0,0,0,0,0,,,,
Aa9AjzPJx7VdDuHXj3yKJxtcSWJsRJhNk1a6fv5TBAGS,BAGWORK,BAGWORK,newSignalRay,2026-06-17T09:03:30.309Z,2026-06-17T09:02:17.000Z,2026-06-17 09:03:30,2026-06-17 09:03:30,1,117310.3154044327,165018.060995023,4595.607057421745,0.0001173103154044327,21513.8705988132,21513.8705988132,0.4092,0.4092,52.0,24,Others,165018.060995023,2026-06-17T09:03:30.162Z,29799.706452569422,165018.060995023,,1.0,<2x,0,0,0,0,0,,,,
FKxbCh3egLotiMNFAEMLw8MDQjAVmmEA1LLq7mFvpump,Monaka,もなか,newSignal,2026-06-17T09:11:09.291Z,2026-06-17T09:03:01.000Z,2026-06-17 09:11:09,2026-06-17 09:17:04,3,15932.588630174707,15939.395527124296,12181.31782745422,1.5932588630174706e-05,32574.96563483652,32574.96563483652,6.1549,6.1549,37.0,24,Others,15939.395527124296,2026-06-17T09:11:08.423Z,3051.6319137639,36230.24581116803,,2.2729999860731547,2x-5x,0,1,0,0,0,,,,
FxceNEQ6aMFY1UF3X3GPxb9f9zz1ULC6g1Zr8rCCpump,落ちる猫,Falling Cat,newSignal,2026-06-17T09:13:29.277Z,2026-06-17T09:11:41.000Z,2026-06-17 09:13:29,2026-06-17 09:23:29,3,15322.522233262665,14626.255012203606,11945.791002641303,1.5322522233262667e-05,36789.88444424608,36789.88444424608,5.9013,5.9013,75.0,54,Cats,14626.255012203606,2026-06-17T09:13:28.978Z,2403.5379972470605,22248.07427652311,,1.5211053176606137,<2x,0,0,0,0,0,,,,
AfmhVXwgcmDxntzQVHoLoXsfEeKiwRw9SPM5gaEipump,Pepe,Пепе,newSignal,2026-06-17T09:21:47.499Z,2026-06-17T09:18:07.000Z,2026-06-17 09:21:47,2026-06-17 09:25:45,4,13926.20078902637,13729.832591664619,11392.430854121862,,29971.38910227834,29971.38910227834,6.2737,6.2737,52.0,36,Others,13729.832591664619,2026-06-17T09:21:47.297Z,1320.4503185261954,18911.785198031248,,1.3774228543407436,<2x,0,0,0,0,0,,,,
7g77FMGJPH6fAGzXtCHRtLymuZCH6bisR3z71XXNwDAe,X,X Coin,newSignal,2026-06-17T09:27:59.497Z,2026-06-17T09:21:57.000Z,2026-06-17 09:27:59,2026-06-17 09:35:21,3,14924.27766581157,12849.342511765617,11795.23048826332,1.492427766581157e-05,34093.59710105967,34093.59710105967,5.7025,5.7025,52.0,37,Others,12849.342511765617,2026-06-17T09:27:59.293Z,3705.9722407262057,15740.387337175442,,1.2249955453177945,<2x,0,0,0,0,0,,,,
mHbBQMh3ExWvFz8NUp7iPHe3Gs3SvUxdcrHRtbSpump,CCM,Collectible Capital Markets,newSignal,2026-06-17T09:39:20.946Z,2026-06-17T09:36:07.000Z,2026-06-17 09:39:20,2026-06-17 10:00:49,5,13088.032103656538,13067.139856134263,11048.083785301365,,30179.29003832288,30179.29003832288,7.3978,7.3978,92.0,74,Others,13067.139856134263,2026-06-17T09:39:20.824Z,4350.074862066285,73110.1294087589,,5.594960351973117,5x-10x,0,1,1,1,0,,,,
3oX9emrqYRGzFEDPP3jA6tYnUBML4QSr3DfgD2r5pump,滑る猫,Sliding Cat,newSignal,2026-06-17T09:45:39.730Z,2026-06-17T09:13:31.000Z,2026-06-17 09:45:39,2026-06-17 09:47:04,2,18359.425857852944,18044.547030051082,13088.781826053817,1.8359425857852944e-05,21519.3255126723,21519.3255126723,7.5118,7.5118,22.0,11,Cats,18044.547030051082,2026-06-17T09:45:39.590Z,305055.56743809493,352059.6875166828,,19.510586047428543,10x-20x,0,1,1,1,1,,,,
J2mLV4MPVE8dQRKeRBKraPRT8nqiPJyKRmXQ9Xk5pump,HAM,Hero Archetype Meme,newSignal,2026-06-17T10:01:46.040Z,2026-06-17T09:56:31.000Z,2026-06-17 10:01:46,2026-06-17 10:11:53,4,16890.623228675715,13964.7860662813,12551.700362978465,1.6890623253537497e-05,23095.53155891644,23095.53155891644,6.9932,6.9932,51.0,44,Meme,13964.7860662813,2026-06-17T10:01:45.881Z,2133.9687614702448,21879.043531815336,,1.5667295888365538,<2x,0,0,0,0,0,,,,
Fvk8E2KUx2CNeuLzh1tWSwLzWDE5xZHTzHjcGjUopump,BOSS,I'm the boss,newSignal,2026-06-17T10:05:17.411Z,2026-06-17T10:03:32.000Z,2026-06-17 10:05:17,2026-06-17 10:37:19,4,15575.214374026693,14562.43469530878,12050.111787805332,1.5575214374026708e-05,31386.31228552596,31386.31228552596,5.799,5.799,95.0,68,Elon,14562.43469530878,2026-06-17T10:05:17.125Z,2245.4025955168245,41273.483957389704,,2.8342433680190693,2x-5x,0,1,0,0,0,,,,
E8jatirZnb6SqBmJxeq4vQnvJozv7yJTgAyKkyJkjgQT,Longchu,Pikaman,newSignal,2026-06-17T10:06:45.575Z,2026-06-17T10:02:14.000Z,2026-06-17 10:06:45,2026-06-17 10:06:45,1,16185.812341653489,13279.192904395777,12283.638393206436,1.618581234165349e-05,20619.53455324194,20619.53455324194,6.3113,6.3113,50.0,35,Cartoon,13279.192904395777,2026-06-17T10:06:45.379Z,2008.607381087819,13279.192904395777,,1.0,<2x,0,0,0,0,0,,,,
3iVyAEWJxNSG4Qof9jYGrYPhRdhEPx4jxkkGHm8XEHfX,SHITTER,AI Shitter,newSignal,2026-06-17T10:20:53.763Z,2026-06-17T10:17:55.000Z,2026-06-17 10:20:53,2026-06-17 10:20:53,1,17051.5209630325,13477.641795920905,12609.632355676993,1.7051520963032502e-05,18628.80685013852,18628.80685013852,6.0521,6.0521,70.0,52,AI Agents,13477.641795920905,2026-06-17T10:20:53.619Z,2187.8574246956177,13638.944591263844,,1.0119681764647996,<2x,0,0,0,0,0,,,,
DicbCpQUfJgBeDHZvcLur6RcF2HgDWagrGkjiXoGpump,Alon,Alon Card,newSignal,2026-06-17T10:24:39.344Z,2026-06-17T10:23:43.000Z,2026-06-17 10:24:39,2026-06-17 10:27:08,3,15771.62492994967,13263.117347393912,12129.672995853141,1.5771624929949686e-05,12240.02565549696,12240.02565549696,5.6737,5.6737,46.0,38,Elon,13263.117347393912,2026-06-17T10:24:39.058Z,1476.053556740086,16501.279632837974,,1.244147902836759,<2x,0,0,0,0,0,,,,
DZAvVcKVx1ZZRqz4efHegRc9ZKS1MWnQ8R5KP4bYpump,BOBBLEHEAD,Bobblehead,newSignal,2026-06-17T10:41:02.706Z,2026-06-17T10:40:14.000Z,2026-06-17 10:41:02,2026-06-17 10:43:01,2,14722.115022614998,13573.805529465608,11706.224985197357,1.4722115022614999e-05,30556.0928757258,30556.0928757258,5.4364,5.4364,86.0,59,Elon,13573.805529465608,2026-06-17T10:41:02.397Z,3044.315582697892,14401.130263044894,,1.0609500947824362,<2x,0,0,0,0,0,,,,
E2ccc6bnFwXaeVmToQ7nuyaQfMZvNbE2toBJcCNKpump,LANDS,PLOTLANDS,newSignal,2026-06-17T10:46:28.055Z,2026-06-17T10:37:43.000Z,2026-06-17 10:46:28,2026-06-17 10:49:11,2,19114.639615642096,13098.65480749438,13339.596438507944,1.9114639615642094e-05,26260.78757337945,26260.78757337945,8.0012,8.0012,25.0,18,Gaming,13098.65480749438,2026-06-17T10:40:38.735Z,2253.3790527689985,17969.974580979648,,1.3718946598011077,<2x,0,0,0,0,0,,,,
3NUEBLBewVeRYYGmZ75Ht6DhAEKwpLNnS6ZkW8rjpump,MINICAR,Run It Back Turbo,newSignal,2026-06-17T10:49:54.645Z,2026-06-17T10:39:18.000Z,2026-06-17 10:49:54,2026-06-17 10:52:09,2,15962.633277893727,12824.742002971174,12187.722140102464,1.5962633277893728e-05,43501.0963808288,43501.0963808288,5.7713,5.7713,48.0,39,Others,12824.742002971174,2026-06-17T10:49:54.509Z,1989.2147163978113,15294.423218714837,,1.1925716100309465,<2x,0,0,0,0,0,,,,
H5pRCo5YkNrXVTGA8b3wQbAuesYgdePEXzCHsY6YBAGS,EXPERIMENT,THE 24 HOUR EXPERIMENT,newSignalRay,2026-06-17T10:52:43.946Z,2026-06-17T10:49:58.000Z,2026-06-17 10:52:43,2026-06-17 10:56:33,2,459430.1295170926,306873.54090441397,9013.914147468162,0.0004594301295170926,15220.5761379663,15220.5761379663,3.906,3.906,47.0,26,Others,306873.54090441397,2026-06-17T10:52:43.792Z,110470.10152082228,1215045.3106473885,,3.9594332801271226,2x-5x,0,1,1,0,0,,,,
DbPoMfgEdHvad7GbCUQqsjA2YCNGB9h4B7LGvCsTpump,Thomas,Justice for Thomas,newSignal,2026-06-17T10:54:57.931Z,2026-06-17T10:54:05.000Z,2026-06-17 10:54:57,2026-06-17 10:54:57,1,15062.156969747322,16645.02901306184,11836.503239815009,1.5062156969747322e-05,21486.03533997339,21486.03533997339,6.3844,6.3844,49.0,37,Others,16645.02901306184,2026-06-17T10:54:57.778Z,2169.0333241735657,16645.02901306184,,1.0,<2x,0,0,0,0,0,,,,
7qhL2SAx1w27sCo686JhTr7AoTyULBQL5GRF1fphpump,obuma,stupid son of a bitch,newSignal,2026-06-17T10:58:42.175Z,2026-06-17T10:57:38.000Z,2026-06-17 10:58:42,2026-06-17 10:59:29,2,15359.054366213202,13777.29113757698,11950.923491091897,1.53590543662132e-05,23454.80462424704,23454.80462424704,5.5198,5.5198,127.0,93,Meme,13777.29113757698,2026-06-17T10:58:41.856Z,2046.398397673166,13810.27382911266,,1.002393989588107,<2x,0,0,0,0,0,,,,
DESCgSHHD9VXdVUDQ1teyfwqkfZbVNxe2KJGKSypump,Epsztin,Mohamed Epsztin,newSignal,2026-06-17T11:04:13.704Z,2026-06-17T11:02:24.000Z,2026-06-17 11:04:13,2026-06-17 11:07:22,2,17081.03308375049,12979.14147605551,12576.867836148283,1.7081033083750493e-05,30442.17851178174,30442.17851178174,6.6708,6.6708,94.0,78,Others,12979.14147605551,2026-06-17T11:04:13.524Z,2011.7634892473327,12979.14147605551,,1.0,<2x,0,0,0,0,0,,,,
6T6JMUGEWh5siqzaYB2wRtx3Z9MAvZrd8ZbCb1Jnpump,#fairs,#fairs,newSignal,2026-06-17T11:13:59.263Z,2026-06-17T10:52:37.000Z,2026-06-17 11:13:59,2026-06-17 11:13:59,1,15191.292480481092,12672.274672005467,11865.711133424484,1.519129248048109e-05,35405.89567635644,35405.89567635644,3.1406,3.1406,21.0,13,Others,12672.274672005467,2026-06-17T10:56:33.454Z,2101.5693789908287,12672.274672005467,,1.0,<2x,0,0,0,0,0,,,,
FXcKm6Sifct3mFtccvaETBtjkGCrpsRQLFtmbV2hpump,Ponyo,ポニョ,newSignal,2026-06-17T11:15:21.969Z,2026-06-17T11:14:51.000Z,2026-06-17 11:15:21,2026-06-17 11:19:56,4,15222.878879458314,13312.944823006608,11878.04050199697,1.5222878879458315e-05,26412.00939394164,26412.00939394164,3.6534,3.6534,67.0,56,Animals,13312.944823006608,2026-06-17T11:15:21.612Z,3392.190700691655,30448.636878118872,,2.287145127011976,2x-5x,0,1,0,0,0,,,,
ET81rtsY83XrdRbUTjtbFPLywPG1TLyX24dSMxGeBAGS,SPCX,specex,newSignalRay,2026-06-17T11:18:32.445Z,2026-06-17T11:09:57.000Z,2026-06-17 11:18:32,2026-06-17 11:23:55,2,672766.7335628775,683889.9262170653,10877.137167805238,0.0006727667335628775,33775.26349193775,33775.26349193775,9.9187,9.9187,61.0,23,Stocks,683889.9262170653,2026-06-17T11:18:32.259Z,243359.8384057112,2145729.402549193,,3.137536203257573,2x-5x,0,1,1,0,0,,,,
4hVQ29D8JEfyBS6rrHxhHDv4McA6uMVJn1jXmSXtpump,Elon,1 Elon Can Change Your Life,newSignal,2026-06-17T11:29:49.891Z,2026-06-17T11:27:38.000Z,2026-06-17 11:29:49,2026-06-17 11:36:50,3,15102.26264365918,14621.350977726144,11828.424371006286,,28029.76466311682,28029.76466311682,6.1525,6.1525,93.0,66,Elon,14621.350977726144,2026-06-17T11:29:49.455Z,1507.6539566620686,32968.39562444015,,2.2548118620956097,2x-5x,0,1,0,0,0,,,,
4tY3WSKcKXio57oBoT25vLHXKEparqkX1QgX4wxgpump,Shrek,Shrek 5 Memes,newSignal,2026-06-17T11:33:46.793Z,2026-06-17T11:28:07.000Z,2026-06-17 11:33:46,2026-06-17 11:34:18,2,16852.729710893647,12671.899656608379,12496.011674454106,1.6852729710894456e-05,39616.01889713556,39616.01889713556,4.5172,4.5172,54.0,38,Meme,12671.899656608379,2026-06-17T11:33:46.642Z,3005.4853753969855,19098.738088795188,,1.5071724529348858,<2x,0,0,0,0,0,,,,
D9KNgVoYGE1iG9bSxRvigDhAr7QNoFK4qenrKbwppump,elon,1 Elon can change your life,newSignal,2026-06-17T11:35:25.543Z,2026-06-17T11:32:18.000Z,2026-06-17 11:35:25,2026-06-17 11:35:25,1,17325.075568307126,14060.28220749563,12670.9886898945,1.7325075568307126e-05,31731.05183645868,31731.05183645868,6.3799,6.3799,79.0,64,Elon,14060.28220749563,2026-06-17T11:35:25.406Z,1992.3812419002707,14060.28220749563,,1.0,<2x,0,0,0,0,0,,,,
oLQXV7Z2RY9GsRsM6Gp9Y7dT7Fd24QhD6JZtY94BAGS,Elon,Speedrun to an Elon,newSignalRay,2026-06-17T11:37:28.359Z,2026-06-17T11:37:12.000Z,2026-06-17 11:37:28,2026-06-17 11:37:41,2,761920.4264640011,376044.98915122956,11641.730080309404,0.0007619204264640011,32587.5497560214,32587.5497560214,12.3961,12.3961,60.0,26,Elon,376044.98915122956,2026-06-17T11:37:28.217Z,30395.76947224274,376044.98915122956,,1.0,<2x,0,0,0,0,0,,,,
Bdzme2Jm8XdsAmQXhkgkqy8XNuEigogRct34mypoBAGS,ELON,Speedrun to an Elon,newSignalRay,2026-06-17T11:38:13.507Z,2026-06-17T11:37:46.000Z,2026-06-17 11:38:13,2026-06-17 11:38:13,1,631989.1077282841,491858.3571579949,10596.584822136421,0.0006319891077282841,35156.6362077172,35156.6362077172,10.0959,10.0959,96.0,33,Elon,491858.3571579949,2026-06-17T11:38:13.299Z,29856.278813158482,496943.6187108278,,1.0103388739437427,<2x,0,0,0,0,0,,,,
EhuobbLHWas7L3zV2VbgxcFtrBkBUsZJN5mNv99qBAGS,ELON,Speedrun to 1 elon,newSignalRay,2026-06-17T11:44:47.343Z,2026-06-17T11:42:11.000Z,2026-06-17 11:44:47,2026-06-17 11:47:09,2,768738.5456958873,405631.2453938783,11649.382851443032,0.0007687385456958873,16054.4507934708,16054.4507934708,7.6334,7.6334,48.0,22,Meme,405631.2453938783,2026-06-17T11:44:47.061Z,110319.78734289098,405631.2453938783,,1.0,<2x,0,0,0,0,0,,,,
9Mk9Nycuj6RAL8ah2mQGoMqVqJSAyoKqP2DGQinRBAGS,SQUEEZE,The Great Squeeze,newSignalRay,2026-06-17T11:46:51.022Z,2026-06-17T11:46:37.000Z,2026-06-17 11:46:51,2026-06-17 11:46:51,1,2284814.997320904,1315241.522960221,19994.280283915086,0.002284814997320904,12095.5931907042,12095.5931907042,15.5598,15.5598,45.0,24,Others,1315241.522960221,2026-06-17T11:46:50.883Z,472651.6573034326,1315241.522960221,,1.0,<2x,0,0,0,0,0,,,,
UhHp5yN9DKQTCrjtBkpoWUNDHztWfxJ1GqzteMVpump,1ELON,1ELON,newSignal,2026-06-17T11:48:24.452Z,2026-06-17T09:24:25.000Z,2026-06-17 11:48:24,2026-06-17 11:59:52,3,21339.94123416872,15549.124637040335,14077.157004310082,2.133994123416872e-05,29568.06461715498,30996.48908883828,7.1303,8.63,69.0,44,Elon,15549.124637040335,2026-06-17T11:48:24.100Z,2149.011811255865,67153.35216043498,,4.318786666643965,2x-5x,0,1,1,0,0,,,,
BBigotCNXbM14JqKjgbnRiKU6BLfgFv7FNPqEDHKpump,1ELON,1ELON,newSignal,2026-06-17T11:50:45.352Z,2026-06-17T11:46:24.000Z,2026-06-17 11:50:45,2026-06-17 11:50:45,1,14493.308637439157,14493.308637439159,11601.606692237203,,42926.38596752821,42926.38596752821,-0.0537,-0.0537,60.0,45,Elon,14493.308637439159,2026-06-17T11:50:45.216Z,1987.3105179500935,14493.308637439159,,1.0,<2x,0,0,0,0,0,,,,
6QYddd82wVasozCk9gV61yyEvJyM9JwvGEK9nfcRpump,Jane,The Mystic Chimp,newSignal,2026-06-17T12:01:46.787Z,2026-06-17T12:00:32.000Z,2026-06-17 12:01:46,2026-06-17 12:01:46,1,18089.109760728756,18325.290231729465,9572.534407866093,1.8089109760728754e-05,24423.30166168647,24423.30166168647,7.1782,7.1782,93.0,58,Animals,18325.290231729465,2026-06-17T12:01:23.521Z,3263.5421839372175,18325.290231729465,,1.0,<2x,0,0,0,0,0,,,,
JDE87hhU9rw2uUf2K8kkah4JW9Lp9CbyNMk9pW8Tpump,Jane,The Prediction Chimp,newSignal,2026-06-17T12:06:07.591Z,2026-06-17T12:01:12.000Z,2026-06-17 12:06:07,2026-06-17 12:08:22,2,14550.239915038315,12709.974218087264,11614.131537035606,1.4550239915038316e-05,35252.45676576195,35252.45676576195,5.8951,5.8951,75.0,55,Animals,12709.974218087264,2026-06-17T12:06:07.383Z,2004.8929596933885,12709.974218087264,,1.0,<2x,0,0,0,0,0,,,,
GhniVibenk22RoQQkeeKGmwWDSVmP7rD68tZfkHwpump,TOPPS,Unpack The Magic,newSignal,2026-06-17T12:07:13.074Z,2026-06-17T12:05:35.000Z,2026-06-17 12:07:13,2026-06-17 12:08:16,3,18104.460307101162,16267.308699341173,12956.70000064621,1.8104460307101163e-05,22841.1314843005,22841.1314843005,7.2777,7.2777,97.0,62,Others,16267.308699341173,2026-06-17T12:07:12.769Z,1376.609001900121,16267.308699341173,,1.0,<2x,0,0,0,0,0,,,,
E76Ud732NghAsFBcsFdru4xb394NbWjPoT3no3uqpump,Epsztin,Mohamed Epsztin,newSignal,2026-06-17T12:11:11.834Z,2026-06-17T11:26:45.000Z,2026-06-17 12:11:11,2026-06-17 12:11:11,1,17387.88381022833,16397.05186011798,12703.437039290104,,22358.5302827196,22358.5302827196,6.2458,6.2458,20.0,10,Others,16397.05186011798,2026-06-17T12:11:11.653Z,2373.6914322647917,16397.05186011798,,1.0,<2x,0,0,0,0,0,,,,
6j4YfmhrqKxEHMLHn8CKBr3hVAUEk9e6yzfu9ADbpump,spucs,spucs,newSignal,2026-06-17T12:31:59.880Z,2026-06-17T12:19:22.000Z,2026-06-17 12:31:59,2026-06-17 12:34:35,2,16372.37758711513,13858.841967445287,12291.808786891825,1.637237758711513e-05,26523.02550277674,26523.02550277674,6.4489,6.4489,35.0,19,Others,13858.841967445287,2026-06-17T12:31:59.725Z,2732.497755700811,17639.21300998263,,1.2727768345593027,<2x,0,0,0,0,0,,,,
6snUbikeEfoenoF3eTp91ENg3ZnkDp4wUhy1fiwBpump,CASHEW,Cashew Coin,newSignal,2026-06-17T12:37:50.863Z,2026-06-17T12:29:11.000Z,2026-06-17 12:37:50,2026-06-17 12:40:03,3,17078.08814825024,13184.018949639089,12567.037122754266,,68048.07698233747,68048.07698233747,7.2615,7.2615,52.0,35,Others,13184.018949639089,2026-06-17T12:30:39.934Z,2793.8881810946837,23815.245830035416,,1.8063722390726202,<2x,0,0,0,0,0,,,,
4c6ZF1uxisXoupJ9e9MoupcC3wVXfth1LA1U6RxnhbAG,evolve,I will evolve until I die,newSignal,2026-06-17T12:56:09.649Z,2026-06-17T12:49:33.000Z,2026-06-17 12:56:09,2026-06-17 13:04:17,3,18239.47788321752,15980.837959655826,13016.220632193887,1.823947788321752e-05,25611.434981158,25611.434981158,7.2683,7.2683,38.0,25,Meme,15980.837959655826,2026-06-17T12:56:09.524Z,6607.4877297154935,25930.557632816213,,1.6226031262114538,<2x,0,0,0,0,0,,,,
HAtpoqBKEL2Kv1iQMKbAyoRafUp6MjaRQ189PzCLpump,Thaïs,Justice for Thaïs d'Escufon,newSignal,2026-06-17T13:01:00.384Z,2026-06-17T13:00:03.000Z,2026-06-17 13:01:00,2026-06-17 13:08:03,4,15774.883436766819,14675.435241269895,12110.783425932745,1.5774883436766817e-05,23350.06497123445,23350.06497123445,5.8404,5.8404,101.0,70,Others,14675.435241269895,2026-06-17T13:01:00.177Z,14408.42764277085,65082.5039973554,,4.434792081282332,2x-5x,0,1,1,0,0,,,,
DCaoXH6QoxgFQ5phtpR18aTXJ6nsidDt5Ri2bTELpump,Pilly,Pilly,newSignal,2026-06-17T13:13:56.571Z,2026-06-17T13:13:04.000Z,2026-06-17 13:13:56,2026-06-17 13:14:18,3,23340.195821076824,14764.586786968986,14739.540156124447,2.3340195821076822e-05,11255.03492022657,11255.03492022657,9.9955,9.9955,67.0,42,Others,14764.586786968986,2026-06-17T13:13:56.421Z,2006.764555742556,17869.26903137044,,1.210278979642126,<2x,0,0,0,0,0,,,,
Fjyn8W8PK9kfcMNuibAhG9SXNXFQ2xE7y65hZNhppump,Pilly,Pilly,newSignal,2026-06-17T13:16:35.360Z,2026-06-17T13:16:22.000Z,2026-06-17 13:16:35,2026-06-17 13:17:07,2,19058.897202725388,13967.562497154517,13327.97029153325,,34498.71806728243,34498.71806728243,8.7283,8.7283,125.0,71,Others,13967.562497154517,2026-06-17T13:16:28.966Z,1619.740731407798,30026.382431147307,,2.149722432762646,2x-5x,0,1,0,0,0,,,,
5USeCZxs9qWkPDZVpTbSdZRDKwnBy7jj6QPLNRYppump,Pilly,Pilly,newSignal,2026-06-17T13:20:37.482Z,2026-06-17T13:20:30.000Z,2026-06-17 13:20:37,2026-06-17 13:22:52,3,14111.876183162874,15521.52444003393,11464.950976800576,1.4111876183162874e-05,43440.49995177132,43440.49995177132,3.6619,3.6619,24.0,17,Others,15521.52444003393,2026-06-17T13:20:37.202Z,2384.0525187958883,20724.98865429101,,1.3352418272032631,<2x,0,0,0,0,0,,,,
3dc5cX8QBBa71SdP1uS78cqRo9PLAtyHMVhK3KLxpump,COIN,"Hi, i'm Coin",newSignal,2026-06-17T13:28:00.536Z,2026-06-17T12:49:28.000Z,2026-06-17 13:28:00,2026-06-17 13:29:26,4,15203.344296280724,16124.83893989146,11889.419163690862,1.5203344296281074e-05,58815.09208488468,58815.09208488468,5.6445,5.6445,35.0,20,Others,16124.83893989146,2026-06-17T13:28:00.170Z,4757.504940134155,24535.547414827408,,1.5215995338799062,<2x,0,0,0,0,0,,,,
DoiUxH86YEV7XQTgQpeCt53uvhWebRvJQhNpsSrqpump,KEY,Key Perps,newSignal,2026-06-17T13:28:48.649Z,2026-06-17T13:09:04.000Z,2026-06-17 13:28:48,2026-06-17 13:29:26,2,16455.07524556672,13230.794882525475,12366.633254225617,1.6455075245566723e-05,34274.54855492347,34274.54855492347,6.5458,6.5458,20.0,10,Others,13230.794882525475,2026-06-17T13:28:48.348Z,2017.3331355302585,13230.794882525475,,1.0,<2x,0,0,0,0,0,,,,
Gt2JiwSH9FE27dCmLoYKwX2RxxNoGQqfpB6HXeKxpump,XLife,X Life,newSignal,2026-06-17T13:38:51.516Z,2026-06-17T13:37:59.000Z,2026-06-17 13:38:51,2026-06-17 13:39:57,2,13206.510684965657,12699.13905900403,11086.98146000008,,28525.63450140512,28525.63450140512,6.8638,6.8638,82.0,61,Others,12699.13905900403,2026-06-17T13:38:51.300Z,1799.70414645648,19566.016197629167,,1.5407356441030808,<2x,0,0,0,0,0,,,,
6GBrXU8NQaKedkuPWGMKXsuqye4YeXFbwmoj7ZbVpump,𝕏LIFE,𝕏 Life,newSignal,2026-06-17T13:40:55.647Z,2026-06-17T13:39:57.000Z,2026-06-17 13:40:55,2026-06-17 13:40:55,1,14818.328146270967,13752.6621860901,11759.779575027325,1.4818328146270967e-05,15184.92601988656,15184.92601988656,5.2096,5.2096,84.0,63,Others,13752.6621860901,2026-06-17T13:40:55.458Z,1991.4700981281683,13752.6621860901,,1.0,<2x,0,0,0,0,0,,,,
GqtCwZ1tGGR8ntX4wgXyF91QUW1d5PUfjAijjNm2pump,Ooo,Beans,newSignalRay,2026-06-17T13:47:56.044Z,2026-06-17T13:42:51.000Z,2026-06-17 13:47:56,2026-06-17 13:47:56,1,1498343.8397578981,1461334.8105751136,87507.22406010386,0.001498343839757898,37539.8066927109,37539.8066927109,194.0739,194.0739,114.0,22,Meme,1461334.8105751136,2026-06-17T13:47:55.682Z,737269.7811472926,1475996.9407153777,,1.010033381832938,<2x,0,0,0,0,0,,,,
CsWnH9msTEqswGPfNjkSRF3dnf7Y3QYCxXdcSgfhWU9S,Thaïs,Justice for Thaïs d'Escufon,newSignal,2026-06-17T13:51:57.824Z,2026-06-17T13:51:43.000Z,2026-06-17 13:51:57,2026-06-17 13:52:18,2,16544.364870527286,12920.749374611523,12438.064046995141,,17915.182069024,17915.182069024,6.7493,6.7493,94.0,54,Others,12920.749374611523,2026-06-17T13:51:52.484Z,2123.307817687481,17244.369821257613,,1.3346261367116785,<2x,0,0,0,0,0,,,,
EVVtxoxCaWBVhDdFgo18P1trkG6h8AEvDxnau6YLpump,GOAT,Messi the GOAT,newSignal,2026-06-17T13:59:40.453Z,2026-06-17T13:54:36.000Z,2026-06-17 13:59:40,2026-06-17 14:30:40,5,16423.187668863204,12780.274210140076,12383.634092943867,1.6423187668863202e-05,39590.89999705296,39590.89999705296,2.7363,2.7363,22.0,16,Sports,12780.274210140076,2026-06-17T13:55:28.470Z,16703.14328119088,160621.46067396962,,12.567919751403295,10x-20x,0,1,1,1,1,,,,
EPgkue45xCdPaghryjBNNPXhfExQo9uXEt2291DJpump,Gentaro,ゲンタロウ,newSignal,2026-06-17T14:08:20.054Z,2026-06-17T14:06:37.000Z,2026-06-17 14:08:20,2026-06-17 14:12:57,3,14533.732235646004,13076.68242499934,11627.81297476407,1.4533732235646005e-05,24185.21427905949,24185.21427905949,6.1046,6.1046,88.0,57,,13076.68242499934,2026-06-17T14:08:19.775Z,2142.372587923286,13235.78194570745,,1.0121666578370023,<2x,0,0,0,0,0,,,,
3VU3TG3Mj45Hy3Yo9N9BEyPSkdKxrJsoPV2Auj2Rpump,Gentaro,セクシーなゴリラ,newSignal,2026-06-17T14:11:44.369Z,2026-06-17T14:07:04.000Z,2026-06-17 14:11:44,2026-06-17 14:11:44,1,16678.303879180676,12951.805520058722,12459.246522217012,1.6678303879180674e-05,30421.84733792455,30421.84733792455,6.9867,6.9867,74.0,54,,12951.805520058722,2026-06-17T14:10:36.654Z,2007.1467469119304,12951.805520058722,,1.0,<2x,0,0,0,0,0,,,,
3rPcJKq3jybz2Yn9fx3RCvVVFPkJqgnjZY5SygXTpump,DEGEN,The Financial Nihilist,newSignal,2026-06-17T14:22:18.452Z,2026-06-17T14:21:45.000Z,2026-06-17 14:22:18,2026-06-17 14:22:39,2,26918.092963533454,14259.689498567515,15835.504346714366,2.6918092963533456e-05,31408.708883089,31408.708883089,10.252,10.252,113.0,59,Finance,14259.689498567515,2026-06-17T14:22:06.101Z,2661.011850210437,14603.867371458846,,1.0241364212682125,<2x,0,0,0,0,0,,,,
6xJDACBqAcrCk2sjWo1yYKcBikCPiLfNPY2G3yGRpump,NOVA,Pokémon Nova,newSignal,2026-06-17T14:25:45.787Z,2026-06-17T14:15:25.000Z,2026-06-17 14:25:45,2026-06-17 14:25:45,1,15674.820335427461,14449.097777666957,12091.730036825062,1.5674820335427462e-05,17048.65418691048,17048.65418691048,5.6454,5.6454,29.0,16,Others,14449.097777666957,2026-06-17T14:25:45.545Z,1670.925027381309,25399.092344856115,,1.757832408339977,<2x,0,0,0,0,0,,,,
EvCtT2DFU1Z9aq9pcRqeioUCU14Vygo3z6h5uSwjpump,Ronaldo,Ronaldo Patriotic Dog,newSignal,2026-06-17T14:25:58.308Z,2026-06-17T14:23:46.000Z,2026-06-17 14:25:58,2026-06-17 14:27:00,2,18893.69062107832,12911.980029651397,13275.157020488137,1.889369062107832e-05,22195.33503371856,22195.33503371856,7.2612,7.2612,58.0,43,Sports,12911.980029651397,2026-06-17T14:25:19.788Z,1994.4537026915407,17314.185759424498,,1.340939632780082,<2x,0,0,0,0,0,,,,
GgubXNj1AfutmuYvKhwXnG1fHfENurXW4go1nPjqpump,WESLEY,The Patriotic Goat,newSignal,2026-06-17T14:27:12.933Z,2026-06-17T14:26:50.000Z,2026-06-17 14:27:12,2026-06-17 14:27:24,2,19489.086225174484,14260.953185729351,13480.86713317015,1.948908622517448e-05,25575.66838744316,25575.66838744316,7.5328,7.5328,89.0,61,Animals,14260.953185729351,2026-06-17T14:27:12.719Z,2372.2282913006934,14260.953185729351,,1.0,<2x,0,0,0,0,0,,,,
CeSQAsN3WLSHCuRHDrhaL5iXRfFLiWXcfbjSFStipump,WESLEY,The Messi Goat,newSignal,2026-06-17T14:27:51.212Z,2026-06-17T14:27:17.000Z,2026-06-17 14:27:51,2026-06-17 15:20:40,5,14799.464531016143,20456.67359117254,11747.58388875183,1.4799464531016143e-05,23658.42724951608,23658.42724951608,5.2649,5.2649,120.0,79,Sports,20456.67359117254,2026-06-17T14:27:50.815Z,44043.22150757911,140009.31196536642,,6.844187611508022,5x-10x,0,1,1,1,0,,,,
2kzUqtKR47EwQRYJLPQn2fPrxhtxoZJDtsGGPex4pump,Ronaldo,Ronaldo,newSignal,2026-06-17T14:32:12.045Z,2026-06-17T14:23:27.000Z,2026-06-17 14:32:12,2026-06-17 14:32:12,1,15830.422789021464,12919.50777014467,12143.331023313753,1.5830782918070414e-05,43797.11459234676,43797.11459234676,6.1235,6.1235,57.0,37,Sports,12919.50777014467,2026-06-17T14:24:45.052Z,2053.817342083605,12919.50777014467,,1.0,<2x,0,0,0,0,0,,,,
3sPxGyKxwCrAebxZsFb56GsNd7mjK7jZAng5uJtPpump,SPROUT,Sprout Valley,newSignal,2026-06-17T14:39:13.407Z,2026-06-17T14:36:16.000Z,2026-06-17 14:39:13,2026-06-17 14:39:13,1,15165.12004543048,13597.036749686897,11885.458078304893,1.516512004543048e-05,13343.56512176855,13343.56512176855,6.327,6.327,39.0,40,Gaming,13597.036749686897,2026-06-17T14:39:13.019Z,3471.666528613081,46904.103144989225,,3.4495827295656385,2x-5x,0,1,1,0,0,,,,
LCCzL7F1uZxJhmEhQzoy2WtMPJW2jZXQG1AJrCKpump,RONALDO,Ronaldo The GOAT,newSignal,2026-06-17T14:48:47.414Z,2026-06-17T14:48:27.000Z,2026-06-17 14:48:47,2026-06-17 14:48:47,1,29286.56978444436,21612.36239216607,16519.098690297178,2.9286569784444362e-05,30963.49318500396,30963.49318500396,11.7915,11.7915,127.0,84,Sports,21612.36239216607,2026-06-17T14:48:46.907Z,3843.1786265218398,31204.653130936607,,1.4438335136489984,<2x,0,0,0,0,0,,,,
2xoiUVRXV9YnJzLwjBBfpZtSjMPuJoB3aihuzjWUpump,GOATS,Ronaldo and messi,newSignal,2026-06-17T14:49:52.140Z,2026-06-17T14:49:39.000Z,2026-06-17 14:49:52,2026-06-17 14:49:52,1,24429.134064015423,18797.515782517978,15074.425468647103,,37938.53002135392,37938.53002135392,5.7319,5.7319,143.0,83,Sports,18797.515782517978,2026-06-17T14:49:47.124Z,2001.906841021626,18797.515782517978,,1.0,<2x,0,0,0,0,0,,,,
7BxRGHcmxY1nkCsjiyvjaHDBHecYta7TtE2LEmgEpump,ANIMALS,World Cup Animals,newSignal,2026-06-17T15:02:25.424Z,2026-06-17T14:54:36.000Z,2026-06-17 15:02:25,2026-06-17 15:13:18,2,16165.847984841266,13203.815679254672,12275.147103949672,1.6167904395729797e-05,40013.6017600681,40013.6017600681,6.49,6.49,36.0,22,Sports,13203.815679254672,2026-06-17T14:58:44.646Z,2495.9598746023175,19665.08195480099,,1.4893484150720167,<2x,0,0,0,0,0,,,,
cDEZiJtVyTDKC8kQ7TVPgyV91bLELAzwGZGSxC6pump,MEMELLIONAIRE,MEMELLIONAIRE,newSignal,2026-06-17T15:27:02.541Z,2026-06-17T15:13:08.000Z,2026-06-17 15:27:02,2026-06-17 15:27:02,1,17591.59696814146,17413.92290268476,12853.686522334716,1.7591596968141462e-05,50775.71210058172,50775.71210058172,5.6832,5.6832,20.0,13,Meme,17413.92290268476,2026-06-17T15:27:02.004Z,2009.8953601611304,17413.92290268476,,1.0,<2x,0,0,0,0,0,,,,
Fq8c4GcVpMjNz3KiV4tGi7s5iKcoVGGRXup3RNcApump,AGI,Artificial Glaze Intelligence,newSignal,2026-06-17T15:29:59.027Z,2026-06-17T15:27:33.000Z,2026-06-17 15:29:59,2026-06-17 15:33:40,3,15598.958706390147,14725.721518693636,12104.340937689469,1.5598958706390146e-05,29407.41468563125,29407.41468563125,6.3583,6.3583,66.0,44,AI Agents,14725.721518693636,2026-06-17T15:29:58.887Z,1969.9138263088983,14725.721518693636,,1.0,<2x,0,0,0,0,0,,,,
3C8Hz8sqdwn4gUJaWek23PsRfvyDsVZhaqoKooNMpump,Arnold,Arnold The Psychic Armadillo,newSignal,2026-06-17T15:30:51.340Z,2026-06-17T14:47:53.000Z,2026-06-17 15:30:51,2026-06-17 15:32:48,2,15979.996434439361,14457.237065945708,12250.989618031988,1.5979996434439362e-05,54871.69277402496,54871.69277402496,4.2455,4.2455,21.0,14,Animals,14457.237065945708,2026-06-17T15:30:51.041Z,1368.2832618136679,14457.237065945708,,1.0,<2x,0,0,0,0,0,,,,
8P3z2LNkdVMANNGZxM4CiA2dSDbmRqcWcw97go6Cpump,TOWER,Tower Survivor,newSignal,2026-06-17T15:31:41.573Z,2026-06-17T15:31:03.000Z,2026-06-17 15:31:41,2026-06-17 15:31:41,1,15025.371356969235,13303.492909166782,11905.228624618167,1.5025449903411754e-05,31526.10161401498,31526.10161401498,5.9863,5.9863,20.0,17,Gaming,13303.492909166782,2026-06-17T15:31:41.281Z,2193.336604502336,15248.58310901449,,1.1462089853490613,<2x,0,0,0,0,0,,,,
8sqZY92AXaPqafE1Qz2Lu146nChzHKh2YkrLtKvzpump,Perro,El Perro,newSignal,2026-06-17T15:43:25.970Z,2026-06-17T15:28:59.000Z,2026-06-17 15:43:25,2026-06-17 15:55:00,3,16373.064101223566,14398.512188885828,12427.651939139418,1.6373064101223567e-05,19137.152641195,19137.152641195,6.7575,6.7575,21.0,11,Dogs,14398.512188885828,2026-06-17T15:43:25.767Z,2399.70787579402,24053.162059765986,,1.670531076004683,<2x,0,0,0,0,0,,,,
6fJxSDFFqdfYwki8xPR6USZ1qotd3yyqmxEkDAFpump,NYXOS,Nyxos,newSignalRay,2026-06-17T15:50:12.473Z,2026-06-17T15:48:03.000Z,2026-06-17 15:50:12,2026-06-17 15:50:12,1,54710.65322073378,55279.381488490224,17049.16887982328,5.471065322073378e-05,103855.15528568438,103855.15528568438,24.9013,24.9013,260.0,57,Protocols,55279.381488490224,2026-06-17T15:50:12.323Z,1476.0203717888078,55279.381488490224,,1.0,<2x,0,0,0,0,0,,,,
FidreAFHsPkgNdZgyRcu2EhFF3R7roA9KuYUM6tZpump,prutzker,prutzker,newSignal,2026-06-17T15:57:01.431Z,2026-06-17T15:51:22.000Z,2026-06-17 15:57:01,2026-06-17 15:57:01,1,15277.761951789364,13205.916205271475,12034.230916918108,1.5277761951789362e-05,31315.8588595402,31315.8588595402,5.3558,5.3558,48.0,33,Others,13205.916205271475,2026-06-17T15:56:21.134Z,2368.350309756703,13205.916205271475,,1.0,<2x,0,0,0,0,0,,,,
6aMWJdUjAhXN1jtZq2hgcT3Ev284P6ymPYgP8vX4pump,ESPEJO,El Perro,newSignal,2026-06-17T15:59:46.090Z,2026-06-17T15:46:44.000Z,2026-06-17 15:59:46,2026-06-17 16:00:10,2,15280.968563225457,13402.16773226403,12037.128480590112,1.5280968563225455e-05,16931.65944621019,16931.65944621019,5.7923,5.7923,65.0,36,Dogs,13402.16773226403,2026-06-17T15:59:22.168Z,2710.1994312839834,13402.16773226403,,1.0,<2x,0,0,0,0,0,,,,
8j3AkvsuXXPcqQjScTPY8qXo91Ntd8Udz6gz2zMCpump,Pup,World Pup,newSignal,2026-06-17T16:01:37.544Z,2026-06-17T16:00:35.000Z,2026-06-17 16:01:37,2026-06-17 16:02:14,3,16407.39962036048,13694.871525339417,12477.960188226385,1.6407399620360478e-05,22315.57655741139,22315.57655741139,5.9795,5.9795,84.0,60,Dogs,13694.871525339417,2026-06-17T16:01:37.384Z,1393.244813153505,13694.871525339417,,1.0,<2x,0,0,0,0,0,,,,
GXB3aNL2ABERkqg8jDkGFnbtuZd2ohnk3fC7sqDZpump,DogTrain,DogTrain,newSignal,2026-06-17T16:02:46.625Z,2026-06-17T16:00:03.000Z,2026-06-17 16:02:46,2026-06-17 16:05:12,3,14062.165217685324,13003.566174258975,11551.312974762403,1.4062165217685324e-05,21927.45592425696,21927.45592425696,5.2218,5.2218,51.0,35,Dogs,13003.566174258975,2026-06-17T16:02:46.407Z,1948.5945433079207,13003.566174258975,,1.0,<2x,0,0,0,0,0,,,,
BAJtBf226aoDN5wDgJByxyspfUrxdDtqvnbSNBRupump,SPRITE,design a sprite,newSignal,2026-06-17T16:08:26.042Z,2026-06-17T15:09:12.000Z,2026-06-17 16:08:26,2026-06-17 16:08:26,1,24525.103936337717,24525.103936337717,15268.411392520651,,38641.51760931864,38641.51760931864,9.3425,9.3425,23.0,10,Others,24525.103936337717,2026-06-17T16:08:25.904Z,11232.909802663304,24749.153096139205,,1.0091355029680231,<2x,0,0,0,0,0,,,,
3d86NDe7yraaTxWTXdiay3QZYKEqTdXMzUnMhL1qpump,WEED,Weed Farm,newSignal,2026-06-17T16:08:28.330Z,2026-06-17T16:07:36.000Z,2026-06-17 16:08:28,2026-06-17 16:10:06,3,15758.221299662064,13886.751888370365,12238.635228016708,,31633.56831463815,31633.56831463815,2.4715,2.4715,95.0,72,Others,13886.751888370365,2026-06-17T16:07:58.181Z,2091.4274225107097,19716.215352486204,,1.4197859593788664,<2x,0,0,0,0,0,,,,
7fAWyzhRSvrhbTc8QJdfYixEvmmHyxBcRPMpRDmiBAGS,ANSEM,ansem coin,newSignalRay,2026-06-17T16:13:35.492Z,2026-06-17T16:11:57.000Z,2026-06-17 16:13:35,2026-06-17 16:24:48,3,353207.2556716606,360151.0007243348,8012.2643590328535,0.00035320725567166057,28891.51907337244,28891.51907337244,5.2565,5.2565,64.0,25,Celebrities,360151.0007243348,2026-06-17T16:13:35.134Z,31908.863635496436,710383.5532361813,,1.9724603063922066,<2x,0,0,0,0,0,,,,
G4nJ8psjvB1AuVFiHeWsTGmGzrV2gEEfNMN45M5vpump,硬币,硬币,newSignal,2026-06-17T16:18:17.733Z,2026-06-17T16:17:06.000Z,2026-06-17 16:18:17,2026-06-17 16:18:17,1,25508.026127150937,13306.733990156468,11516.03936673097,2.5508026127150936e-05,38092.65531734278,38092.65531734278,9.2671,9.2671,142.0,97,Others,13306.733990156468,2026-06-17T16:17:53.377Z,1358.5635412851925,13306.733990156468,,1.0,<2x,0,0,0,0,0,,,,
ByYAq5QmKLkrj7BrHVAZRncLRDiFX3WHNBs3Fug2pump,Tagoh,Tagoh,newSignal,2026-06-17T16:21:24.079Z,2026-06-17T16:21:04.000Z,2026-06-17 16:21:24,2026-06-17 16:21:24,1,21768.01731161144,14326.941914585346,14393.006646633206,,31110.366763802,31110.366763802,6.843,6.843,65.0,37,Others,14326.941914585346,2026-06-17T16:21:12.669Z,1935.136412725448,14326.941914585346,,1.0,<2x,0,0,0,0,0,,,,
FpJfSLANsaPJkRFuFroPqPkYJGyNbXdQ194P499spump,mohammad,mohammad Something,newSignal,2026-06-17T16:29:08.311Z,2026-06-17T16:26:16.000Z,2026-06-17 16:29:08,2026-06-17 16:34:52,2,17142.74628274183,15329.259627849535,12782.197990100676,1.7142746282741834e-05,47681.48427265422,47681.48427265422,6.9537,6.9537,196.0,120,Others,15329.259627849535,2026-06-17T16:28:57.134Z,1968.3021474826548,25186.51712185973,,1.6430354585489542,<2x,0,0,0,0,0,,,,
5hK1DCN1ZrsA6fY5tBgDa3kozy8721nAjfm8ot7rpump,COLLECTOR,Collector Strategy,newSignal,2026-06-17T16:32:13.100Z,2026-06-17T16:32:00.000Z,2026-06-17 16:32:13,2026-06-17 16:32:50,2,24927.224172032653,13478.79877071027,15436.414368740716,2.4927224172032652e-05,49703.05543793112,49703.05543793112,5.4396,5.4396,116.0,79,Others,13478.79877071027,2026-06-17T16:32:08.183Z,4205.290800909247,47469.455296688866,,3.5217867781987406,2x-5x,0,1,1,0,0,,,,
7qwqqWqxSUBzEz9afCQMRYaeCMw4eioVB4wrqaA2pump,RESIDENCE,RESIDENCE,newSignal,2026-06-17T16:37:47.094Z,2026-06-17T16:28:13.000Z,2026-06-17 16:37:47,2026-06-17 16:37:47,1,17575.517693973972,20126.232120536562,12946.897983027413,1.757551769397397e-05,13042.51895047108,13042.51895047108,6.6704,6.6704,44.0,28,Others,20126.232120536562,2026-06-17T16:37:46.932Z,1935.159886782557,20126.232120536562,,1.0,<2x,0,0,0,0,0,,,,
qyTCUucHzAs9ZLou5BG4aFwFNGHDGdWUZsgnqZwpump,SON,Son😭🥀,newSignal,2026-06-17T16:48:16.794Z,2026-06-17T16:44:55.000Z,2026-06-17 16:48:16,2026-06-17 16:51:07,2,12904.46460344249,13646.200743022562,11094.06954184551,,24556.11079838619,24556.11079838619,5.4208,5.4208,79.0,60,Others,13646.200743022562,2026-06-17T16:48:16.583Z,1932.7222992991244,13646.200743022562,,1.0,<2x,0,0,0,0,0,,,,
GBse64zcyGmPDjS2UseqHCHE2gfCV53cSmvh9axMpump,DIH,dih,newSignal,2026-06-17T16:49:19.175Z,2026-06-17T16:45:54.000Z,2026-06-17 16:49:19,2026-06-17 17:09:56,3,14413.990462299866,14229.930303244306,11717.650350747763,1.4413990462299865e-05,13943.92492763424,13943.92492763424,5.7038,5.7038,66.0,47,Meme,14229.930303244306,2026-06-17T16:49:19.038Z,2226.710833465776,29087.215724277903,,2.0440870126852455,2x-5x,0,1,0,0,0,,,,
DgqGqHuth3fxmVGpUfgnLXJEVPUkeZRtXe8reiUWBAGS,ELON,Speedrun to an Elon,newSignalRay,2026-06-17T16:52:05.887Z,2026-06-17T16:51:54.000Z,2026-06-17 16:52:05,2026-06-17 16:52:46,2,2319587.5897089187,1899941.9065836158,20410.540535250217,0.002319587589708919,19577.8001500489,19577.8001500489,15.2275,15.2275,91.0,26,Meme,1899941.9065836158,2026-06-17T16:52:05.606Z,691706.9850966927,2284963.1152450275,,1.2026489374897458,<2x,0,0,0,0,0,,,,
3Bizspecy45G42iyCHramF1cSVdZx6Jkgs2RW2w9pump,Fish,Fishcoin,newSignal,2026-06-17T16:53:40.844Z,2026-06-17T16:53:10.000Z,2026-06-17 16:53:40,2026-06-17 16:53:40,1,12683.412694247716,13806.53558221995,10986.522300212522,1.2683412694247717e-05,26683.36469053882,26683.36469053882,4.295,4.295,90.0,59,Animals,13806.53558221995,2026-06-17T16:53:40.661Z,2159.9120310707417,13806.53558221995,,1.0,<2x,0,0,0,0,0,,,,
2GYbMPSsW2Dm59rXpHySaZfbTqmxs6P7kres4uq2BAGS,X,X Coin,newSignalRay,2026-06-17T17:01:06.546Z,2026-06-17T16:59:52.000Z,2026-06-17 17:01:06,2026-06-17 17:01:06,1,93968.03585038874,164333.0014903836,4146.9821127179375,9.396803585038874e-05,29152.43924868639,29152.43924868639,0.5822,0.5822,70.0,31,Others,164333.0014903836,2026-06-17T17:01:06.202Z,48136.221211896474,164333.0014903836,,1.0,<2x,0,0,0,0,0,,,,
9KKDeJy7mk79A26kv56jXwxBJyGfy3yfEKNjAaBBpump,GUNVOX,GUNVOX,newSignal,2026-06-17T17:02:00.077Z,2026-06-17T16:35:23.000Z,2026-06-17 17:02:00,2026-06-17 17:04:54,2,15287.153670752523,13509.746795353169,12046.387258557354,1.5287153670752523e-05,21180.98606515875,21180.98606515875,6.3339,6.3339,21.0,13,Gaming,13509.746795353169,2026-06-17T17:01:59.921Z,11877.029174335064,18763.421779195465,,1.388880344200778,<2x,0,0,0,0,0,,,,
5RZNR9rLVP2kn5MFtZcroCsrCft1fNhh8k43jPrSpump,Khamis,The Side Eye,newSignal,2026-06-17T17:07:02.194Z,2026-06-17T17:04:40.000Z,2026-06-17 17:07:02,2026-06-17 17:07:25,2,16753.92001291326,13736.70470231946,12606.500938226165,1.6753920012913258e-05,21375.1102730984,21375.1102730984,6.3945,6.3945,65.0,57,Meme,13736.70470231946,2026-06-17T17:07:01.835Z,1952.6803522408593,13736.70470231946,,1.0,<2x,0,0,0,0,0,,,,
SLVTKDwzZ4GRBwDxaAA9biL29YZepQX8aWTX7paBpzx,SOLVATARS,Solvatars.com,newSignal,2026-06-17T17:10:02.308Z,2026-06-17T17:09:54.000Z,2026-06-17 17:10:02,2026-06-17 17:11:34,3,16143.152632176036,14575.617373990584,12378.13538084609,1.6143152632176037e-05,30280.64311297147,30280.64311297147,3.6611,3.6611,23.0,18,Mascot,14575.617373990584,2026-06-17T17:10:02.161Z,13175.085655588558,20762.199599837062,,1.4244473538998152,<2x,0,0,0,0,0,,,,
HQwN1mRj5ekntMbzJSLo9x9FY6GTDAh6eadkioQxpump,MOOSE,Elon's Dog,newSignal,2026-06-17T17:18:04.703Z,2026-06-17T17:17:30.000Z,2026-06-17 17:18:04,2026-06-17 17:25:49,5,18542.072702608377,13955.87263819364,13250.482698682677,1.8542072702608375e-05,38954.62001012039,38954.62001012039,7.5666,7.5666,53.0,38,Dogs,13955.87263819364,2026-06-17T17:18:04.300Z,1589.2136161997382,59448.109403202725,,4.259719971971406,2x-5x,0,1,1,0,0,,,,
7pTYZTeAQ76Hg59WrrSnAsbK8mBPQGfNh6tUahbKpump,INU,PSA10 INU,newSignal,2026-06-17T17:18:15.831Z,2026-06-17T17:15:53.000Z,2026-06-17 17:18:15,2026-06-17 17:26:28,5,16998.026364268597,12955.667149952269,12686.786104460898,1.69980263642686e-05,17133.21242130462,17133.21242130462,6.1009,6.1009,58.0,46,Meme,12955.667149952269,2026-06-17T17:18:15.682Z,6674.353391288809,43498.86830776087,,3.357516660801303,2x-5x,0,1,1,0,0,,,,
9oivhRMQVbofmBuTZyeyWYTKTxfeHbXmLWH8dptKpump,POTA,POTA,newSignal,2026-06-17T17:18:40.859Z,2026-06-17T17:17:00.000Z,2026-06-17 17:18:40,2026-06-17 17:18:40,1,18698.266370054484,16833.06445726325,13306.361242124756,1.8698266370054482e-05,7347.28784339352,7347.28784339352,6.8666,6.8666,30.0,21,Politics,16833.06445726325,2026-06-17T17:18:40.590Z,2044.866993462255,16833.06445726325,,1.0,<2x,0,0,0,0,0,,,,
6VCRczotz9NoDnQ4RiCsK3FRX7GHxMJVW2wWbVbepump,PULLS,Collector Pulls,newSignal,2026-06-17T17:21:00.535Z,2026-06-17T17:20:52.000Z,2026-06-17 17:21:00,2026-06-17 17:21:05,2,21978.769524681138,16896.574861141922,14429.211652756198,2.1978769524681138e-05,34626.91160799234,34626.91160799234,6.1528,6.1528,47.0,32,,16896.574861141922,2026-06-17T17:21:00.366Z,1931.3043443463048,16896.574861141922,,1.0,<2x,0,0,0,0,0,,,,
AAewLLCEer9RWGyRnPaiErvuJnFWgjoSx7cWeFXrpump,trenchpacks,trenchpacks,newSignal,2026-06-17T17:27:58.701Z,2026-06-17T17:27:20.000Z,2026-06-17 17:27:58,2026-06-17 17:28:47,3,17171.52832737509,14344.117667039258,12773.040649363262,1.717152832737509e-05,44087.8976263566,44087.8976263566,5.8409,5.8409,161.0,100,,14344.117667039258,2026-06-17T17:27:58.564Z,1961.286758323551,14344.117667039258,,1.0,<2x,0,0,0,0,0,,,,
4ZQhcqhZ8knh5KAcgC8Tmq3QJ2uzk8TPL3cVkjLopump,ball,ball hat cult,newSignal,2026-06-17T17:49:49.305Z,2026-06-17T17:43:23.000Z,2026-06-17 17:49:49,2026-06-17 17:59:18,4,17470.256620825603,12942.904032635392,12863.08727375354,1.7470256620825603e-05,35372.36920982424,35372.36920982424,6.886,6.886,42.0,27,Religion,12942.904032635392,2026-06-17T17:49:11.960Z,1700.5019428160736,27266.332387752005,,2.1066626407026,2x-5x,0,1,0,0,0,,,,
HoAVURefi1Nyo5qW3YFX3VBSimyX4fxZ5xnUewKDpump,NOTE,NOTE,newSignal,2026-06-17T18:03:11.415Z,2026-06-17T18:03:05.000Z,2026-06-17 18:03:11,2026-06-17 18:03:11,1,37156.13171517332,13658.440567736892,13984.313943144189,3.715613171517332e-05,75049.80833609875,75049.80833609875,16.3466,16.3466,38.0,16,Others,13658.440567736892,2026-06-17T18:03:11.200Z,1370.9217478526225,13658.440567736892,,1.0,<2x,0,0,0,0,0,,,,
9sNUvE8gB4aRTFw5u96pg1ZtXQN3r71iGdmEsCrNBAGS,ASTEROID,ASTEROID,newSignalRay,2026-06-17T18:14:21.591Z,2026-06-17T18:14:07.000Z,2026-06-17 18:14:21,2026-06-17 18:14:21,1,724230.2318027883,438670.33022968634,11460.629217378571,0.0007242302318027883,35187.74705069361,35187.74705069361,9.3611,9.3611,170.0,64,Space,438670.33022968634,2026-06-17T18:14:21.448Z,28386.047697080558,438670.33022968634,,1.0,<2x,0,0,0,0,0,,,,
7mZcXekUTXUSpCq4hVzRcsCHNxwP3fjXfjWghfMQpump,money,get the fucking money,newSignal,2026-06-17T18:15:17.065Z,2026-06-17T18:08:40.000Z,2026-06-17 18:15:17,2026-06-17 18:16:03,2,16955.712217627726,13684.22593046195,12647.151989581404,,71970.27752560956,71970.27752560956,6.6925,6.6925,89.0,64,Meme,13684.22593046195,2026-06-17T18:14:58.567Z,1922.9752134775906,13684.22593046195,,1.0,<2x,0,0,0,0,0,,,,
F2GLrmimZgFAqakEVkcfdWGnnBgn9Sfj3xN7VmDwBAGS,ASTEROID,Asteroid The Space Shiba Inu,newSignalRay,2026-06-17T18:15:26.833Z,2026-06-17T03:04:18.000Z,2026-06-17 18:15:26,2026-06-17 18:15:56,2,434425.80175477214,500375.7524539823,8873.80572897727,0.00043442580175477217,40724.15549455284,60409.11683352588,7.0263,5.239,93.0,41,Space,500375.7524539823,2026-06-17T18:15:26.640Z,29344.313132656993,500375.7524539823,,1.0,<2x,0,0,0,0,0,,,,
GwrZ7JmFmRLbztGxgrA95ipHuVhCF7hfPi6WuBfPpump,DRONE,Drone,newSignal,2026-06-17T18:15:46.810Z,2026-06-17T18:11:03.000Z,2026-06-17 18:15:46,2026-06-17 18:22:17,3,16305.430790798762,13827.001771903506,12395.182528454901,1.6305430790798762e-05,27365.19225575296,27365.19225575296,4.7124,4.7124,40.0,27,Others,13827.001771903506,2026-06-17T18:15:46.579Z,1368.6646345226752,17622.47580061891,,1.274497254815416,<2x,0,0,0,0,0,,,,
3KrFi5Mnc483rzs9LmeYyE7a7F7FW89dT8hZaGwVBAGS,STARGRACE,Liv's Stargrace Foundation,newSignalRay,2026-06-17T18:15:47.662Z,2026-06-17T18:13:37.000Z,2026-06-17 18:15:47,2026-06-17 18:15:47,1,276771.25397210364,131178.24120230353,7151.093773816441,0.00027677125397210364,43106.53682441334,43106.53682441334,2.3292,2.3292,85.0,28,Charity,131178.24120230353,2026-06-17T18:15:47.531Z,27897.45308416201,131178.24120230353,,1.0,<2x,0,0,0,0,0,,,,
iaGJA8Yg2KS4Cf9JirGzXXn6pPBfVoDrSrFHXkspump,HAWK,The Hawk,newSignal,2026-06-17T18:16:57.755Z,2026-06-17T18:13:39.000Z,2026-06-17 18:16:57,2026-06-17 19:54:47,4,18423.99647014858,13479.198763726592,13176.047202408636,1.842399647014858e-05,11379.29717259776,11379.29717259776,7.1188,7.1188,55.0,36,Animals,13479.198763726592,2026-06-17T18:16:57.344Z,2757.430552413875,18994.681198468166,,1.4091847394953547,<2x,0,0,0,0,0,,,,
GUrNWV2kARKwi7bhcimknoBpUhDHTsKht3aK2kJLBAGS,ASTEROID,Asteroid Shiba,newSignalRay,2026-06-17T18:19:10.058Z,2026-06-17T18:18:47.000Z,2026-06-17 18:19:10,2026-06-17 18:19:10,1,174525.57108686308,719359.7781456781,5648.771388684528,0.0001745255710868631,36291.25560533655,36291.25560533655,-0.0754,-0.0754,83.0,22,Meme,719359.7781456781,2026-06-17T18:19:09.721Z,27581.857135913473,719359.7781456781,,1.0,<2x,0,0,0,0,0,,,,
XVZ5i1VNDtSgc6Bksy8vHZoBncNx8sgyACGyqkSpump,COLLECTOOOR,the collectooor,newSignal,2026-06-17T18:19:42.850Z,2026-06-17T18:19:34.000Z,2026-06-17 18:19:42,2026-06-17 18:19:42,1,23295.02918898168,13982.748293128587,10954.671701113477,2.329502918898168e-05,39474.52811419039,39474.52811419039,8.3579,8.3579,148.0,77,Others,13982.748293128587,2026-06-17T18:19:42.645Z,3613.6621488085,44162.9827174003,,3.15839073918701,2x-5x,0,1,1,0,0,,,,
5fpyepC8W4wv5Qu2su3yXMHpSZpbb5roDi6nxwrApump,PVMP,Pvmpcraft,newSignal,2026-06-17T18:20:25.551Z,2026-06-17T18:18:15.000Z,2026-06-17 18:20:25,2026-06-17 18:29:02,4,19244.356620719424,13325.912916689887,13469.672770955087,1.9244356620719426e-05,20993.15672184816,20993.15672184816,7.9385,7.9385,58.0,55,Gaming,13325.912916689887,2026-06-17T18:20:25.419Z,1366.297263495223,25370.396754113637,,1.9038393026220946,<2x,0,0,0,0,0,,,,
H97euUrSvGX2ddoF5D4UuMojUMbY67QBaJK4D5expump,VROOM,DrawRace,newSignal,2026-06-17T18:28:10.853Z,2026-06-17T17:44:01.000Z,2026-06-17 18:28:10,2026-06-17 18:28:10,1,,23206.783748474325,,,24016.01772981931,24016.01772981931,16.1886,16.1886,30.0,16,Gaming,23206.783748474325,2026-06-17T18:28:10.581Z,1423.3082584142812,23206.783748474325,,1.0,<2x,0,0,0,0,0,,,,
FS6jUBaKSEjynnVXYVixU16Au2ahHqoT6xQMk2QQpump,CHAN,MEMECHAN,newSignal,2026-06-17T18:28:53.235Z,2026-06-17T18:24:48.000Z,2026-06-17 18:28:53,2026-06-17 18:45:53,3,17667.15043195347,13952.397782225435,12904.153841891066,1.766715043195347e-05,17135.16398025579,17135.16398025579,7.3573,7.3573,28.0,25,Others,13952.397782225435,2026-06-17T18:28:53.060Z,2173.1077237072036,13952.397782225435,,1.0,<2x,0,0,0,0,0,,,,
8vreH8zd6wKEkqEtaWanKZAcyjjrx4SfT42f5Sqppump,Day,Good Day,newSignal,2026-06-17T18:31:39.457Z,2026-06-17T18:31:30.000Z,2026-06-17 18:31:39,2026-06-17 18:34:16,4,13887.892021451276,13514.7911194725,11434.764653549379,1.3887892021451277e-05,23020.64618984984,23020.64618984984,4.4978,4.4978,70.0,37,Others,13514.7911194725,2026-06-17T18:31:39.338Z,2379.883400123282,54664.58835605904,,4.0447971317364075,2x-5x,0,1,1,0,0,,,,
HdifyLNtMwRj5KDmief3zfdwq4ucjFCUoPnNc4rLpump,GoodDay,Good Day,newSignal,2026-06-17T18:32:09.294Z,2026-06-17T18:31:46.000Z,2026-06-17 18:32:09,2026-06-17 18:32:23,2,23788.371285910827,16588.49794943657,14966.51467061556,2.378837128591083e-05,18299.73152069232,18299.73152069232,9.9496,9.9496,80.0,51,Others,16588.49794943657,2026-06-17T18:32:09.131Z,1559.6600321425456,20381.77437553333,,1.2286690716458508,<2x,0,0,0,0,0,,,,
EzwHGpsACpzubwzCmaenibFBGqxQ7LFE7x3U36ASBAGS,INFINITE,Infinite Machine,newSignalRay,2026-06-17T18:39:04.043Z,2026-06-17T18:38:38.000Z,2026-06-17 18:39:04,2026-06-17 18:40:47,5,661635.823454685,447614.6492406127,10938.077492696553,0.000661635823454685,32804.14241616909,32804.14241616909,8.4347,8.4347,57.0,23,Cars,447614.6492406127,2026-06-17T18:39:03.844Z,39894.86048732648,853189.6968665886,,1.9060808182083453,<2x,0,0,0,0,0,,,,
CbjenziwZgpgvqytUzMZimRqxFEmpyWQurC3Y9ESBAGS,INFINITE,Infinite Machine,newSignalRay,2026-06-17T18:40:06.857Z,2026-06-17T18:39:55.000Z,2026-06-17 18:40:06,2026-06-17 18:40:22,2,877986.3488635108,491472.2086230759,12768.338063526473,0.0008779863488635108,76535.65740720302,76535.65740720302,12.2459,12.2459,169.0,60,Others,491472.2086230759,2026-06-17T18:40:06.576Z,30310.8391209785,491472.2086230759,,1.0,<2x,0,0,0,0,0,,,,
3HwB3NUsH4qmDrLo7c1gvEjpWMybrrvxHnmvadPEpump,Memecoin,My Meme Coin,newSignal,2026-06-17T18:42:55.263Z,2026-06-17T18:21:15.000Z,2026-06-17 18:42:55,2026-06-17 18:58:22,4,24511.49208683073,13619.883857659943,15230.677910062135,2.451149208683073e-05,47945.13736137849,47945.13736137849,10.386,10.386,30.0,20,Others,13619.883857659943,2026-06-17T18:26:46.227Z,1401.149737080373,52582.45476518343,,3.860712419776663,2x-5x,0,1,1,0,0,,,,
Dzun8Xo5b5E1bHTNMbsLFiRqSMGUdNt2qxj2Pkqvpump,Plip,Plip Pet,newSignal,2026-06-17T18:44:41.331Z,2026-06-17T18:43:23.000Z,2026-06-17 18:44:41,2026-06-17 18:44:41,1,27503.187399238166,17539.534527445445,16161.905069956605,2.7503187399238167e-05,39219.34285100007,39219.34285100007,11.8477,11.8477,23.0,22,Mascot,17539.534527445445,2026-06-17T18:44:41.128Z,2009.4242693437131,17539.534527445445,,1.0,<2x,0,0,0,0,0,,,,
DsCJ6KNe3xXhbrGxm2HKyiescEisyo81pSrf38rT7iRF,Roscoe,Propeller Hat Dog,newSignal,2026-06-17T18:44:59.194Z,2026-06-17T18:44:14.000Z,2026-06-17 18:44:59,2026-06-17 20:19:49,6,19054.55057356346,13030.730338496203,18735.340150571683,1.905455057356346e-05,15061.054546429426,15061.054546429426,3.2789,3.2789,73.0,45,Dogs,13030.730338496203,2026-06-17T18:44:58.972Z,15864.254772119864,43646.76392888372,,3.3495255288907106,2x-5x,0,1,1,0,0,,,,
13zLVUHkQpnLKMqf8aWtVy4w45eEdrw9B4z8AhwLpump,Tie,The Blue Tie,newSignal,2026-06-17T18:45:52.384Z,2026-06-17T18:38:07.000Z,2026-06-17 18:45:52,2026-06-17 18:45:52,1,16082.769844805947,13282.910062416886,12379.536476559926,1.608276984480595e-05,59360.4636660546,59360.4636660546,5.1104,5.1104,82.0,58,Others,13282.910062416886,2026-06-17T18:45:52.254Z,1919.2734482815354,13282.910062416886,,1.0,<2x,0,0,0,0,0,,,,
BnfJQKjttnbayTv3YHFuP8Qz2FptdEnV1baUVH9qBAGS,INFINITE,Infinite Machine,newSignalRay,2026-06-17T18:45:53.458Z,2026-06-17T18:45:36.000Z,2026-06-17 18:45:53,2026-06-17 18:45:53,1,282255.40418358525,306179.3718475713,7224.831130436004,0.0002822554041835853,30520.53137681496,30520.53137681496,2.5672,2.5672,77.0,28,Stocks,306179.3718475713,2026-06-17T18:45:53.332Z,28108.29381740066,306179.3718475713,,1.0,<2x,0,0,0,0,0,,,,
FGxuX4ji2uV81PniqW5MLWtCT6icXsrFwfyVAii9BAGS,MIM,magic internet money,newSignalRay,2026-06-17T18:47:18.297Z,2026-06-17T18:46:54.000Z,2026-06-17 18:47:18,2026-06-17 18:47:18,1,332041.0671027407,283112.634760229,7829.765787625113,0.0003320410671027407,40188.18200019104,40188.18200019104,5.2129,5.2129,62.0,20,Meme,283112.634760229,2026-06-17T18:47:17.932Z,29137.369950178967,283112.634760229,,1.0,<2x,0,0,0,0,0,,,,
GYLwtKNmTKSChXCK8C5u1SJev32mN6u7nTTVnHh5pump,Pekachu,Pekachu,newSignal,2026-06-17T18:49:55.202Z,2026-06-17T18:46:49.000Z,2026-06-17 18:49:55,2026-06-17 19:18:54,7,16300.376734482308,14533.632290888825,12466.711535535322,1.6300376734482308e-05,24542.5874729452,24542.5874729452,6.3811,6.3811,94.0,67,Animals,14533.632290888825,2026-06-17T18:49:54.895Z,24730.7542630519,160127.9359305591,,11.01775060257605,10x-20x,0,1,1,1,1,,,,
4iQ2sRWLbsC5ERTLzNb6yeB1DeL5rToVPaY4mmMXBAGS,COAL,COAL,newSignalRay,2026-06-17T19:00:50.368Z,2026-06-17T19:00:07.000Z,2026-06-17 19:00:50,2026-06-17 19:00:50,1,277317.54832314124,405425.51991414744,7129.921591162204,0.00027731754832314125,34122.57436836234,34122.57436836234,5.0697,5.0697,74.0,25,Others,405425.51991414744,2026-06-17T19:00:50.086Z,28139.555383770366,405425.51991414744,,1.0,<2x,0,0,0,0,0,,,,
5cvEH5ZFD4ofVrALJmTujL2rymCKNvyqjLPSewuCpump,Renuldo,Crustieno Renuldo,newSignal,2026-06-17T19:02:46.687Z,2026-06-17T18:59:25.000Z,2026-06-17 19:02:46,2026-06-17 19:05:03,2,16117.086318406513,12955.180191977817,12366.250216097742,1.6117086318406512e-05,25472.0742034395,25472.0742034395,5.9124,5.9124,117.0,82,Sports,12955.180191977817,2026-06-17T19:02:40.022Z,1968.2858341228452,16744.22248939392,,1.2924731452027487,<2x,0,0,0,0,0,,,,
7fzfugMT8RdnPNoPpG7zKeMhJhmLUqhkfi88b35zEhuF,AI,American Ingenuity,newSignal,2026-06-17T19:04:05.448Z,2026-06-17T19:03:42.000Z,2026-06-17 19:04:05,2026-06-17 19:04:05,1,,20063.379124933534,,,20738.670086706,20738.670086706,9.9847,9.9847,129.0,81,Others,20063.379124933534,2026-06-17T19:04:00.703Z,1579.36197405229,20063.379124933534,,1.0,<2x,0,0,0,0,0,,,,
2ev3K9xuLAU9cZXB3nkbRcgnvZBgpWuJzrEnoNcApump,PENALDO,Crustieno Penaldo,newSignal,2026-06-17T19:06:27.626Z,2026-06-17T19:05:45.000Z,2026-06-17 19:06:27,2026-06-17 19:36:59,5,16512.666225574252,13123.478231096928,12483.922856771751,1.651266622557425e-05,28218.0322196018,28218.0322196018,6.333,6.333,71.0,54,Sports,13123.478231096928,2026-06-17T19:06:27.295Z,3343.652032843747,53169.507934809924,,4.05147987435384,2x-5x,0,1,1,0,0,,,,
2NJ9SZNmJkAZZ2zP4koEQ5M4LpRoXgQ3tyv29HowBAGS,SPCX,SpaceX,newSignalRay,2026-06-17T19:12:39.268Z,2026-06-17T19:11:21.000Z,2026-06-17 19:12:39,2026-06-17 19:12:39,1,226503.69895352278,204963.59860422017,6443.490994225585,0.0002265036989535228,35254.25947402614,35254.25947402614,3.0233,3.0233,77.0,32,Stocks,204963.59860422017,2026-06-17T19:12:38.973Z,27770.43761294183,204963.59860422017,,1.0,<2x,0,0,0,0,0,,,,
A2xbyhjEsdEBF89WYAo6GyRok5mgw2SLNw1RPh2fBAGS,DECOIN,Decentralized Coin,newSignalRay,2026-06-17T19:17:48.947Z,2026-06-17T19:16:40.000Z,2026-06-17 19:17:48,2026-06-17 19:17:48,1,205083.87511609154,137087.64740431923,6120.751274134148,0.00020508387511609155,34685.07171782184,34685.07171782184,2.6513,2.6513,69.0,33,Others,137087.64740431923,2026-06-17T19:17:48.723Z,29207.61774151749,137087.64740431923,,1.0,<2x,0,0,0,0,0,,,,
EcHyVfqYvVtbMNyQbadwHTyMhCJDEWSXYLtVJDEoCaMC,cooked,cooked,newSignal,2026-06-17T19:29:10.746Z,2026-06-17T19:28:46.000Z,2026-06-17 19:29:10,2026-06-17 19:29:24,2,14586.748679507446,12758.080694217919,11659.530038134602,1.4586748679507445e-05,21299.8242280969,21299.8242280969,5.1631,5.1631,51.0,36,Meme,12758.080694217919,2026-06-17T19:29:10.579Z,3358.555632548756,12758.080694217919,,1.0,<2x,0,0,0,0,0,,,,
HREUDWzLtmJrMjav48RY9iPRJr9r8KoTBLjWNjdPpump,RIV,Riviera,newSignalRay,2026-06-17T19:30:59.892Z,2026-06-17T19:29:03.000Z,2026-06-17 19:30:59,2026-06-17 19:30:59,1,139768.80306686403,128032.15958987654,27547.84986315846,0.00013976880306686403,386740.4178813872,386740.4178813872,67.7868,67.7868,77.0,37,Gaming,128032.15958987654,2026-06-17T19:30:59.580Z,76191.66801397105,985726.547729483,,7.699054291414328,5x-10x,0,1,1,1,0,,,,
947JxfuQfFb5zepo9rZFbcjQd856muoGmf28T3usBAGS,FLYWHEEL,FLYWHEEL,newSignalRay,2026-06-17T19:39:12.621Z,2026-06-17T19:38:34.000Z,2026-06-17 19:39:12,2026-06-17 19:39:12,1,412547.7577347389,582137.2853024519,8528.90608397266,0.00041254775773473887,17286.540550468,17286.540550468,3.6925,3.6925,47.0,28,Others,582137.2853024519,2026-06-17T19:39:12.419Z,26956.739390879495,582137.2853024519,,1.0,<2x,0,0,0,0,0,,,,
8EGQdxX582SyXquriHKYegKmjdds86NbiowQtYiTpump,Ronaldough,Ronaldough,newSignal,2026-06-17T19:39:16.521Z,2026-06-17T19:33:10.000Z,2026-06-17 19:39:16,2026-06-17 19:41:41,4,16953.5970040038,13668.379614902655,12549.419823450346,1.6953597004195478e-05,28602.56646217568,28602.56646217568,6.4185,6.4185,58.0,34,Celebrities,13668.379614902655,2026-06-17T19:39:16.390Z,1947.3913830762929,13668.379614902655,,1.0,<2x,0,0,0,0,0,,,,
6gPq8XzXcATeW3pAM4dfLT7MFAaLByWPgTBLeWaspump,SKILL,SkillBetz,newSignal,2026-06-17T19:42:58.848Z,2026-06-17T19:42:29.000Z,2026-06-17 19:42:58,2026-06-17 19:42:58,1,14780.47941066129,15216.987640963505,11677.310922659435,1.478047941066129e-05,48277.9552408902,48277.9552408902,6.1401,6.1401,73.0,46,Gambling,15216.987640963505,2026-06-17T19:42:58.654Z,5424.28870752567,15216.987640963505,,1.0,<2x,0,0,0,0,0,,,,
AXGXsUwJjZb3rZ9ks2qAxf5cN85kec3dAYRNBHbtpump,WATER,trade this and make water,newSignal,2026-06-17T19:51:31.115Z,2026-06-17T19:51:03.000Z,2026-06-17 19:51:31,2026-06-17 19:51:31,1,15039.935389354876,13338.014418745326,11779.360662628847,1.5039935389354875e-05,31724.5365227335,31724.5365227335,4.0587,4.0587,36.0,32,Charity,13338.014418745326,2026-06-17T19:51:30.971Z,1973.4450514717164,13338.014418745326,,1.0,<2x,0,0,0,0,0,,,,
3MuboDr1XiSNVz4UuqQEV1eNyFpDxikK3g3eEdPLpump,NUT,NUT,newSignal,2026-06-17T19:55:52.285Z,2026-06-17T19:30:01.000Z,2026-06-17 19:55:52,2026-06-17 19:57:19,2,19264.094529472513,18816.387241042827,13329.480381644438,1.926409452947251e-05,15443.8987775162,15443.8987775162,8.1708,8.1708,21.0,15,Meme,18816.387241042827,2026-06-17T19:55:51.939Z,2203.6279075093616,27611.25845976827,,1.4674048799092434,<2x,0,0,0,0,0,,,,
FQqnRAD8vASS4NZTHTUNbQbTwVTNV2EtDMxMr6obpump,Niggamon,Niggamon,newSignal,2026-06-17T19:59:37.833Z,2026-06-17T19:57:42.000Z,2026-06-17 19:59:37,2026-06-17 20:05:28,2,15782.960776490574,13401.82892550282,12068.504562301354,1.5782960776490575e-05,32347.59823787798,32347.59823787798,5.9196,5.9196,73.0,57,Others,13401.82892550282,2026-06-17T19:59:37.696Z,1977.5725546991703,13401.82892550282,,1.0,<2x,0,0,0,0,0,,,,
867NwVrvf1gZGNo9frV6HebkNYnLeNAzMjTkRjJBpump,CELEBRITY,CELEBRITY,newSignal,2026-06-17T20:03:28.705Z,2026-06-17T20:00:22.000Z,2026-06-17 20:03:28,2026-06-17 20:07:12,2,16076.919602027048,14605.645195990524,12174.474169885172,1.6076919602027048e-05,44079.97449971253,44079.97449971253,6.1267,6.1267,116.0,79,Celebrities,14605.645195990524,2026-06-17T20:00:38.709Z,2006.6221125163067,14605.645195990524,,1.0,<2x,0,0,0,0,0,,,,
HpHcPyBzmbXx2Tp4VAALW3SxB6fHSd4vGtYWoKkWpump,miniontcg,minion TCG,newSignal,2026-06-17T20:06:53.746Z,2026-06-17T17:51:33.000Z,2026-06-17 20:06:53,2026-06-17 20:07:13,2,21626.478771300808,21566.27116199695,14140.124608521523,2.1626478771300806e-05,35631.81314359185,57032.2082704266,1.0011,8.8047,25.0,11,Others,21566.27116199695,2026-06-17T20:06:53.543Z,7918.875184242127,47450.19577156797,,2.2002039858973133,2x-5x,0,1,0,0,0,,,,
HxXve5u46BNutV2QLyYW7jZFfrSrp1e7pGCvKKN1pump,WUF,Just Wuf,newSignal,2026-06-17T20:11:17.701Z,2026-06-17T20:04:45.000Z,2026-06-17 20:11:17,2026-06-17 20:14:15,3,16013.169867471632,12902.506780479207,12168.916565108038,1.601316986747163e-05,46766.244039361,46766.244039361,3.6296,3.6296,31.0,25,Dogs,12902.506780479207,2026-06-17T20:11:17.524Z,1704.050610805869,12902.506780479207,,1.0,<2x,0,0,0,0,0,,,,
1HzvfoqESQMaRz7hBYpAYNutp4kdXSZnB3HCfFNLoop,LOOP,LOOP,newSignal,2026-06-17T20:18:56.043Z,2026-06-17T20:08:35.000Z,2026-06-17 20:18:56,2026-06-17 20:20:35,2,18700.673443263957,16215.56305606241,13142.288617005406,1.8700673443263957e-05,23613.31890044694,23613.31890044694,8.2639,8.2639,26.0,12,AI Agents,16215.56305606241,2026-06-17T20:18:55.863Z,12055.303255802053,49848.42603491973,,3.07411009180364,2x-5x,0,1,1,0,0,,,,
9W9ML53KohjgodwGTf76tKoHHLvqdvdKzifiofiXpump,MOON,Millionaires Out Of Nowhere,newSignal,2026-06-17T20:22:07.627Z,2026-06-17T20:20:34.000Z,2026-06-17 20:22:07,2026-06-17 20:27:28,3,15675.50823144427,12684.530257885228,12036.579911473453,1.567550823144427e-05,15171.67852913179,15171.67852913179,6.3868,6.3868,61.0,57,Meme,12684.530257885228,2026-06-17T20:22:07.494Z,74935.30291878319,392195.97956466605,,30.91923560360943,20x+,0,1,1,1,1,,,,
A1srGG2jZFyzT79ksrdZKrz3xFNzA2ckb9FncmtWpump,Boss,Congo Final Boss,newSignal,2026-06-17T20:24:10.346Z,2026-06-17T20:07:51.000Z,2026-06-17 20:24:10,2026-06-17 20:43:00,3,15099.18876957746,15764.508274709413,11814.06266825628,1.5099188769577461e-05,26427.99391713569,26427.99391713569,6.2101,6.2101,21.0,14,Others,15764.508274709413,2026-06-17T20:24:10.221Z,2660.4559610692213,16238.877786873996,,1.030090980568395,<2x,0,0,0,0,0,,,,
D3jnVDrA9H9E9K9ztLk62iYZXJsKTG1vfX9L6ADqpump,Percy,Elon' Dog,newSignal,2026-06-17T20:29:45.152Z,2026-06-17T20:27:47.000Z,2026-06-17 20:29:45,2026-06-17 20:29:45,1,15964.07452367795,13915.591737562687,12154.752196312524,1.596407452367795e-05,29994.4652773858,29994.4652773858,6.392,6.392,80.0,62,Dogs,13915.591737562687,2026-06-17T20:29:45.014Z,2007.3175821996417,13915.591737562687,,1.0,<2x,0,0,0,0,0,,,,
47dofk383AxA9hbngWfNo8PQcTRSQ8uwqzBi5SG9pump,BOBBLEHEAD,BOBBLEHEAD,newSignal,2026-06-17T20:35:20.608Z,2026-06-17T20:31:55.000Z,2026-06-17 20:35:20,2026-06-17 20:37:43,2,17327.85152646924,13143.483783276342,12676.214929845839,1.732785152646924e-05,29726.86107381056,29726.86107381056,7.5212,7.5212,74.0,52,Others,13143.483783276342,2026-06-17T20:34:27.219Z,1962.4443160416904,13143.483783276342,,1.0,<2x,0,0,0,0,0,,,,
CfhLX5uAgK1DZTt3AqaYPN1Pxr9mhP3oruzQ4AYXpump,Onlyclaw,Onlyclaw,newSignal,2026-06-17T20:41:12.710Z,2026-06-17T20:33:58.000Z,2026-06-17 20:41:12,2026-06-17 20:41:27,2,15904.799049402323,14282.800312264759,12197.585851769003,1.603276137776039e-05,25378.9762076018,25378.9762076018,6.9255,6.9255,20.0,18,AI Agents,14282.800312264759,2026-06-17T20:41:12.579Z,6088.220992753179,16897.165336991333,,1.183042888479061,<2x,0,0,0,0,0,,,,
2AoPFVJm9TEHso3apMFyGzZxrsAoUfmC8cAbDKygpump,croc,croc,newSignal,2026-06-17T20:46:04.792Z,2026-06-17T20:33:58.000Z,2026-06-17 20:46:04,2026-06-17 20:46:04,1,16282.061905729817,14005.235069539849,12265.534318614586,1.6282061905729818e-05,22073.04422587587,22073.04422587587,6.4941,6.4941,20.0,16,Animals,14005.235069539849,2026-06-17T20:46:04.418Z,1985.7967080941278,14005.235069539849,,1.0,<2x,0,0,0,0,0,,,,
9hBVKX5bEn3pDhWYCzacFrhSoQCPdkYZj3DdhoUZpump,POKEWORLD,PokeWorld,newSignal,2026-06-17T20:50:05.243Z,2026-06-17T20:49:25.000Z,2026-06-17 20:50:05,2026-06-17 20:50:05,1,18664.754786066223,13014.005410377835,13137.26815268165,1.866475478606622e-05,20914.09610777311,20914.09610777311,8.144,8.144,106.0,68,Gaming,13014.005410377835,2026-06-17T20:49:47.780Z,1956.0583494458178,13014.005410377835,,1.0,<2x,0,0,0,0,0,,,,
8ZkRj5aHf7aPF8xyRjzXYvv7pvRM4uLsbXX8J3Hdpump,kami,kami,newSignal,2026-06-17T20:55:29.965Z,2026-06-17T20:53:54.000Z,2026-06-17 20:55:29,2026-06-17 20:58:03,2,19208.887683067496,20936.600948048683,13333.587923774805,1.9208887683067497e-05,43884.5640495494,43884.5640495494,8.947,8.947,20.0,13,Animals,20936.600948048683,2026-06-17T20:55:29.771Z,1409.5349715458358,20936.600948048683,,1.0,<2x,0,0,0,0,0,,,,
CSxQ6HZPCaGz4S6ocDPnnarad1afvUDBePQAiU8rpump,MILE,Mile The Pony,newSignal,2026-06-17T21:00:42.731Z,2026-06-17T20:57:07.000Z,2026-06-17 21:00:42,2026-06-17 21:03:22,3,16148.039625103878,13344.153439755144,12237.919075540618,1.614803962510388e-05,34771.62686081196,34771.62686081196,5.6539,5.6539,46.0,34,Animals,13344.153439755144,2026-06-17T21:00:42.597Z,1953.2026646472002,13344.153439755144,,1.0,<2x,0,0,0,0,0,,,,
BoEo2Jh85ZduGxMx36ZzxiSnNjwLJSqqnPWE1WKEpump,CS,chicken shrimp,newSignal,2026-06-17T21:06:07.826Z,2026-06-17T21:03:20.000Z,2026-06-17 21:06:07,2026-06-17 22:01:44,5,16882.194112578636,12807.992453907433,12510.602648331984,1.6882194112578637e-05,28125.9987322764,28125.9987322764,6.1064,6.1064,93.0,71,Animals,12807.992453907433,2026-06-17T21:06:07.683Z,3990.51677504647,115324.28447185205,,9.004087477945788,5x-10x,0,1,1,1,0,,,,
HkxGeftPi2MKzSysaUhpxixBnn7tWospcRSbnDTTpump,LECHATON,LECHATONCHAIN,newSignal,2026-06-17T21:14:12.787Z,2026-06-17T21:12:38.000Z,2026-06-17 21:14:12,2026-06-17 21:21:01,3,15392.123026788788,12834.319895138213,11947.20482291615,1.539212302678879e-05,23897.7340348119,23897.7340348119,6.5122,6.5122,48.0,35,AI Agents,12834.319895138213,2026-06-17T21:14:00.531Z,2225.8085509983316,12834.319895138213,,1.0,<2x,0,0,0,0,0,,,,
BPQw227L44JsgfPPVnHTEAoebvYsfN5PVxQpZVyK5aoA,Livaković,Dominik Livaković,newSignal,2026-06-17T21:25:46.530Z,2026-06-17T21:23:52.000Z,2026-06-17 21:25:46,2026-06-17 21:29:27,2,14488.636203274064,13129.705490871422,11582.423758281551,1.4488636203274062e-05,13763.52680748672,13763.52680748672,5.1878,5.1878,52.0,31,Sports,13129.705490871422,2026-06-17T21:25:36.586Z,1961.7566504899723,13129.705490871422,,1.0,<2x,0,0,0,0,0,,,,
Rzd3U1qcQpDMG7C3CkdhFgocNPxijC2P3rjR5f3pump,FIFA,FIFA Coin,newSignal,2026-06-17T21:36:58.205Z,2026-06-17T21:34:44.000Z,2026-06-17 21:36:58,2026-06-17 21:41:58,3,14206.854974621474,12865.013267216555,11465.455223106559,,29150.28867054898,29150.28867054898,6.7071,6.7071,66.0,49,Sports,12865.013267216555,2026-06-17T21:36:45.491Z,1384.6297374288786,17474.28110630524,,1.3582792915444801,<2x,0,0,0,0,0,,,,
8DzvCVewDXkbPCLgtkrYjSifUgXrQaabezMwPe6hpump,BPURK,Baby Purple Wojak,newSignalRay,2026-06-17T21:45:17.344Z,2026-06-17T21:42:11.000Z,2026-06-17 21:45:17,2026-06-17 21:45:17,1,118928.10052265102,62221.05113171472,24822.590481894364,0.00011892810052265102,163290.24078035326,163290.24078035326,57.4179,57.4179,125.0,42,Meme,62221.05113171472,2026-06-17T21:43:32.328Z,120217.22131943572,179771.89987267822,,2.8892456267272317,2x-5x,0,1,0,0,0,,,,
2pGdxH9gV8Ajwr5GrbFLzva4AbwPze4GCywP1EzRpump,Kirk,Kirk The Sprite,newSignal,2026-06-17T21:55:52.737Z,2026-06-17T21:53:42.000Z,2026-06-17 21:55:52,2026-06-17 21:55:52,1,23783.151860597955,19777.943128071995,14795.237045005995,2.3783151860597955e-05,42149.8752040648,42149.8752040648,9.8891,9.8891,20.0,15,Others,19777.943128071995,2026-06-17T21:55:52.544Z,1946.8084949242163,19777.943128071995,,1.0,<2x,0,0,0,0,0,,,,
6NEydsVoQp45wpWHSSf4WPBJHwUwcC3HFXhHgFpBpump,AGC,AI Gambling Club,newSignal,2026-06-17T22:02:09.910Z,2026-06-17T21:30:30.000Z,2026-06-17 22:02:09,2026-06-17 22:25:24,4,16584.538964070427,12710.95341409121,12353.179438008143,1.6584538964070428e-05,11862.3386074662,11862.3386074662,6.9101,6.9101,37.0,25,AI Agents,12710.95341409121,2026-06-17T22:02:09.681Z,2035.3535886384348,27750.85535050239,,2.1832237477747443,2x-5x,0,1,0,0,0,,,,
9qwxahBxcgKyn5X7kZvkN7qxKZg6pkVD8Lo4URtopump,CS,chicken shrimp,newSignalRay,2026-06-17T22:13:37.237Z,2026-06-17T20:53:12.000Z,2026-06-17 22:13:37,2026-06-17 22:13:37,1,69606.90233675968,74270.6252723606,18950.193370573314,6.96070125716268e-05,147587.49770515438,171977.76843149553,5.4189,33.1905,79.0,20,Animals,26242.95428433893,2026-06-17T21:58:37.377Z,207208.01729622422,309522.9191727256,,11.794515046556336,10x-20x,0,1,1,1,1,,,,
EhYBNftDgsCMDucwWDQzVtvAoJBeZFJe3tbs376sDdsf,BMC,boomercoin,newSignal,2026-06-17T22:15:14.299Z,2026-06-17T22:13:52.000Z,2026-06-17 22:15:14,2026-06-17 22:17:06,4,18522.14160091124,12863.373483898577,13051.113358581948,1.852214160091124e-05,19490.493548038,19490.493548038,6.4673,6.4673,66.0,41,Meme,12863.373483898577,2026-06-17T22:15:14.011Z,1552.156897464653,21182.70591542824,,1.646745773334125,<2x,0,0,0,0,0,,,,
Ak2LkrMS1LgrrE7B2p5eUT2Pz2ph65wErP5SfhmKd9P5,BMC,boomercoin,newSignal,2026-06-17T22:15:25.716Z,2026-06-17T22:13:17.000Z,2026-06-17 22:15:25,2026-06-17 22:16:00,2,18775.14468920478,13167.096413502873,13139.899803702281,,13569.92984200128,13569.92984200128,6.8648,6.8648,89.0,122,Meme,13167.096413502873,2026-06-17T22:15:20.505Z,1514.200701283238,62920.98814355368,,4.778653255628031,2x-5x,0,1,1,0,0,,,,
Cg3oJcnK3EQkngr66GnMHfrA2HoCm4aRZnNj44tLrkNz,SNIF,Sniffles,newSignal,2026-06-17T22:19:34.745Z,2026-06-17T22:07:58.000Z,2026-06-17 22:19:34,2026-06-17 22:19:34,1,16052.568346003201,14068.689207449946,12149.049804034556,1.6052568346003203e-05,30322.06656181968,30322.06656181968,6.5894,6.5894,26.0,14,AI Agents,14068.689207449946,2026-06-17T22:19:34.612Z,7064.499114487349,25136.79064378898,,1.7867187392609414,<2x,0,0,0,0,0,,,,
4m9pDBsHKi3cAfeyZreCNqTYN2KxQHhe5CwkVxczpump,VIMS,5imulites,newSignal,2026-06-17T22:32:27.570Z,2026-06-17T22:32:12.000Z,2026-06-17 22:32:27,2026-06-17 22:55:20,5,17788.804920626848,15813.591381763768,12820.699517210227,1.778880492062685e-05,14393.68150650606,14393.68150650606,7.3238,7.3238,51.0,39,AI Agents,15813.591381763768,2026-06-17T22:32:27.284Z,19873.654036659802,72523.886498802,,4.586174307149263,2x-5x,0,1,1,0,0,,,,
4UcBUpwBLhv1sapu5iy7Wy7jBfdLVEgSp5tEmmTbpump,WEEB,WeebCoin,newSignal,2026-06-17T22:36:47.697Z,2026-06-17T22:31:15.000Z,2026-06-17 22:36:47,2026-06-17 22:37:38,2,18548.77031307503,13615.495042534803,13092.407677260047,1.854877031307503e-05,33360.52662008186,33360.52662008186,8.3442,8.3442,53.0,36,Meme,13615.495042534803,2026-06-17T22:32:50.474Z,1393.5268212206745,22640.613593076487,,1.6628564383701963,<2x,0,0,0,0,0,,,,
5bH582VAgUgEqQ9FBZVYynn1eLuSr2Yd9U8yLuuppump,Elon-Chan,Kyousuke Kousaka,newSignal,2026-06-17T22:45:18.997Z,2026-06-17T22:41:24.000Z,2026-06-17 22:45:18,2026-06-17 22:47:34,2,14199.344934476354,12937.525439909028,11456.625578760873,1.4199344934476355e-05,22638.54062852259,22638.54062852259,5.2149,5.2149,84.0,60,Others,12937.525439909028,2026-06-17T22:45:18.639Z,2270.720464784449,14862.72214297646,,1.1488071820232857,<2x,0,0,0,0,0,,,,
a3PUpweSGZv4848NyzbSQg73NbJBbUq8RnH8Erspump,CLAW,The Claw Is The Law,newSignal,2026-06-17T22:53:09.758Z,2026-06-17T21:06:02.000Z,2026-06-17 22:53:09,2026-06-17 22:55:04,2,20403.66117440614,18298.326933590193,13749.186905841372,2.0403661174406143e-05,6966.0772868547,17063.3293274094,2.5365,8.9615,32.0,17,Meme,18298.326933590193,2026-06-17T22:53:09.313Z,1390.985241470563,37047.96963502253,,2.024664318736904,2x-5x,0,1,0,0,0,,,,
2FLy8ya4Knk8n66LuqNtVuWZGDYdwUQDKXpw6zDMpump,ASDF,Asdf character,newSignal,2026-06-17T22:57:42.720Z,2026-06-17T22:56:06.000Z,2026-06-17 22:57:42,2026-06-17 23:15:26,3,15428.298718025993,14669.572134080028,11944.336906168859,1.5428298718026533e-05,26183.93046629493,26183.93046629493,4.1441,4.1441,79.0,58,,14669.572134080028,2026-06-17T22:57:42.569Z,1414.374675674717,46696.16191175314,,3.183198629445343,2x-5x,0,1,1,0,0,,,,
DqYyE6unoAYp7Kueoo16vU1RCLQYLeasQ4oUKnPXpump,Firefighter,The Lone FireFighter,newSignal,2026-06-17T23:16:23.552Z,2026-06-17T23:14:47.000Z,2026-06-17 23:16:23,2026-06-17 23:20:24,3,15641.315871645686,14489.850797368872,12024.280655561215,1.5641315871645685e-05,18634.60321461519,18634.60321461519,6.0909,6.0909,73.0,51,Others,14489.850797368872,2026-06-17T23:16:23.212Z,1952.7251507009064,14489.850797368872,,1.0,<2x,0,0,0,0,0,,,,
5EhA27vzmz95U375QhKfmQday63csjjyHjXYYp18pump,wif,frogwifgrenade,newSignal,2026-06-17T23:20:43.551Z,2026-06-17T22:59:57.000Z,2026-06-17 23:20:43,2026-06-17 23:20:43,1,20719.47859272395,20155.84988279869,13858.51496687067,2.0719478592723953e-05,39746.07043516548,39746.07043516548,8.1088,8.1088,20.0,12,Frogs,20155.84988279869,2026-06-17T23:20:43.264Z,2479.8732062235313,48635.90319408319,,2.4129919341972186,2x-5x,0,1,0,0,0,,,,
9sunKMkrMquqw5om5sAzXj2BJcUMvvbGuGNXCbBmDC9S,Yeat,The Yeat Minion,newSignal,2026-06-17T23:21:24.387Z,2026-06-17T23:20:32.000Z,2026-06-17 23:21:24,2026-06-17 23:26:01,3,15555.928700294417,14146.773149436975,12010.613051220529,1.5555928700294418e-05,20583.84135055586,20583.84135055586,5.5832,5.5832,88.0,62,Others,14146.773149436975,2026-06-17T23:21:19.435Z,1722.6055087687926,35424.68291891488,,2.504082206218507,2x-5x,0,1,0,0,0,,,,
3pTCFu1NBLfn1WkUVxpGiZWK7JRQ87HJQST9Riw5pump,Yeat,Million Dollar Minion,newSignal,2026-06-17T23:23:33.410Z,2026-06-17T23:21:56.000Z,2026-06-17 23:23:33,2026-06-17 23:34:11,3,15994.20269916616,13580.999469073693,12176.943552049474,1.5994221870273137e-05,25622.62578937509,25622.62578937509,6.4544,6.4544,115.0,65,Others,13580.999469073693,2026-06-17T23:23:33.245Z,1801.6069340955014,20046.386532740788,,1.4760612117237697,<2x,0,0,0,0,0,,,,
GYCDh8koGqQdQfCsbkxG9oCuvShWUyDQFMCdyAwZpump,Mussi,Leonel Mussi,newSignal,2026-06-17T23:26:07.794Z,2026-06-17T23:25:38.000Z,2026-06-17 23:26:07,2026-06-17 23:26:07,1,14816.08306948923,13554.480774704443,11720.720376786012,1.481608306948923e-05,39371.13184669505,39371.13184669505,1.8378,1.8378,27.0,23,Sports,13554.480774704443,2026-06-17T23:26:07.459Z,1715.4386735834853,37724.269056144294,,2.783158549794533,2x-5x,0,1,0,0,0,,,,
CSoNZkgfFNgXcLj6q4uYx2JauKejVE4xEwTRCn9Zpump,SPCX6900,SPCX6900,newSignalRay,2026-06-17T23:27:42.916Z,2026-06-17T23:26:35.000Z,2026-06-17 23:27:42,2026-06-17 23:40:22,2,257123.68163359235,259701.5690482261,36747.90208780542,0.00025712368163359234,311970.9284126039,311970.9284126039,125.7794,125.7794,99.0,21,Space,259701.5690482261,2026-06-17T23:27:42.569Z,29742.340110958947,395350.89313841524,,1.5223277032454097,<2x,0,0,0,0,0,,,,
CpzZ2N6p6B48o8zWouwMs2BXFm4nZjh4tzFHpg6tpump,OGAI,Open Generative Ai,newSignal,2026-06-17T23:37:32.664Z,2026-06-17T22:59:41.000Z,2026-06-17 23:37:32,2026-06-17 23:40:38,2,19898.631890031964,15894.62280402989,13579.346497964303,1.9898631890031966e-05,15338.936204568,15338.936204568,7.2577,7.2577,39.0,22,AI Agents,15894.62280402989,2026-06-17T23:37:32.237Z,2476.8786295017026,17919.304146768292,,1.1273815281873232,<2x,0,0,0,0,0,,,,
A1aAXj2jWDzzPTv2LEWVBiXUahGVnGwDmivN7YWEpump,SHILL,The Shill Coin,newSignal,2026-06-17T23:38:52.608Z,2026-06-17T23:37:39.000Z,2026-06-17 23:38:52,2026-06-17 23:39:47,4,16951.918262985557,15485.19906517909,12532.738589845601,1.6951918262985558e-05,24404.412313728,24404.412313728,6.6597,6.6597,97.0,72,Meme,15485.19906517909,2026-06-17T23:38:52.250Z,1341.5538190888576,15485.19906517909,,1.0,<2x,0,0,0,0,0,,,,
CikB2JgHPDi7ZUBBgBto865DmqwrBWNHFSng2gzTpump,PAQ,Peaceful Alien Quant,newSignal,2026-06-17T23:46:03.908Z,2026-06-17T23:33:32.000Z,2026-06-17 23:46:03,2026-06-17 23:48:49,2,15569.158483673806,13002.18442156132,12005.702367614464,1.5569158483673806e-05,33815.9878231858,33815.9878231858,6.1491,6.1491,39.0,22,Others,13002.18442156132,2026-06-17T23:44:03.373Z,2835.498241816564,52147.6753863236,,4.010685719843192,2x-5x,0,1,1,0,0,,,,
7ijG8L4b7cG5uAuZdZoNn7aEUCPgDDEJLLP5CDhhpump,MONOPOLY,We Buy The World,newSignal,2026-06-17T23:47:04.606Z,2026-06-17T23:46:30.000Z,2026-06-17 23:47:04,2026-06-17 23:48:23,3,21019.68281814735,12810.499418318303,13949.801937649294,2.101968281814735e-05,17190.09221439634,17190.09221439634,9.3197,9.3197,61.0,40,Meme,12810.499418318303,2026-06-17T23:46:44.788Z,2005.9668737170684,20617.504034040216,,1.6094223465291548,<2x,0,0,0,0,0,,,,
AhVk15JiZtUuWEsGpSBhm2nyPWuNjn3o6NtqVDqsBAGS,STONKS,Stonks,newSignalRay,2026-06-18T00:12:04.787Z,2026-06-17T23:01:41.000Z,2026-06-18 00:12:04,2026-06-18 00:15:53,2,834306.139294506,940963.5936110498,12145.90210606293,0.0008343061392945061,31005.60520682854,45423.26123646763,7.0583,14.3845,50.0,28,Stocks,940963.5936110498,2026-06-18T00:12:04.652Z,87075.38250215101,2865531.722309405,,3.04531625002899,2x-5x,0,1,1,0,0,,,,
CB6DadqnWqipcuTCYTUdaRPfkZZ2Fq6FeXNrQJevpump,HYPOMNEMATA,Hypomnemata,newSignal,2026-06-18T00:15:28.478Z,2026-06-17T23:38:03.000Z,2026-06-18 00:15:28,2026-06-18 00:15:28,1,24774.05040291266,13691.575878106582,11218.74800610322,2.4774050402912662e-05,76327.8652443418,76327.8652443418,10.8781,10.8781,34.0,13,Religion,13691.575878106582,2026-06-17T23:38:58.405Z,1582.1099222677108,18397.15960594992,,1.3436845962609585,<2x,0,0,0,0,0,,,,
Bt3XP4gAZJcfNSBbseNbypEAu6JkGHvkZ3dJW1gspump,NARC,NoelClaw Arcade,newSignal,2026-06-18T00:18:26.702Z,2026-06-17T23:36:40.000Z,2026-06-18 00:18:26,2026-06-18 00:18:26,1,15415.061903561607,12759.805397502221,11973.524475418268,1.5415061903561606e-05,32513.99317269184,32513.99317269184,5.5542,5.5542,36.0,25,Gaming,12759.805397502221,2026-06-18T00:16:59.631Z,15061.273671836172,28178.790865537954,,2.2084028703959744,2x-5x,0,1,0,0,0,,,,
97k2pRofhBrEhHo7k8mnYVGRLb3CW3ToDF3X9Zxkpump,Perori,ぺろりちゃん,newSignal,2026-06-18T00:25:57.897Z,2026-06-17T23:50:26.000Z,2026-06-18 00:25:57,2026-06-18 00:32:43,3,22905.24614408795,21730.86942874213,14596.067455780105,2.290524614408795e-05,36825.04666995368,36825.04666995368,10.1152,10.1152,21.0,12,Others,21730.86942874213,2026-06-18T00:25:57.702Z,2096.1936489787854,59241.51947811062,,2.7261458485298973,2x-5x,0,1,0,0,0,,,,
7u1KL6tSGHCmvjq1Cgo4XUnHhEnUPPVRXUd4b2p9pump,EYEZ,EYEZ,newSignalRay,2026-06-18T00:31:05.674Z,2026-06-17T21:40:28.000Z,2026-06-18 00:31:05,2026-06-18 00:31:05,1,322466.6707738147,308678.36076958495,47270.72028045306,0.00032246667810911,893768.8755294192,2674790.261978574,0.2637,156.8964,60.0,20,Meme,308678.36076958495,2026-06-18T00:31:05.313Z,5658.938929004009,335540.77512962656,,1.0870239633677894,<2x,0,0,0,0,0,,,,
94CdDjBAzEEi3waMbD3YKXcKaBkuMvpNSbp5HHaLpump,X,X Coin,newSignal,2026-06-18T00:34:49.791Z,2026-06-18T00:32:29.000Z,2026-06-18 00:34:49,2026-06-18 00:41:06,2,15477.249769140277,12919.489760703751,12003.471771111044,,13660.19405577265,13660.19405577265,5.5693,5.5693,82.0,63,Others,12919.489760703751,2026-06-18T00:33:34.485Z,2217.2480426793522,22379.57157622001,,1.7322333923968332,<2x,0,0,0,0,0,,,,
ErFUkwEzKuqsikBkMxFwnTQ4zLZXGUnot5Ewvnr5pump,CENTER,Card Center,newSignal,2026-06-18T00:37:50.124Z,2026-06-18T00:37:15.000Z,2026-06-18 00:37:50,2026-06-18 00:37:50,1,30076.79754620659,16428.92226179678,12370.086511388781,3.0076797546206592e-05,8659.53916975135,8659.53916975135,13.4016,13.4016,65.0,41,Others,16428.92226179678,2026-06-18T00:37:40.001Z,1240.982107313562,16428.92226179678,,1.0,<2x,0,0,0,0,0,,,,
BndTSuJSqfKQ5kchNBKUxBibYWtmDWkNmE4ET22Upump,OATF,Official American Trust Fund,newSignal,2026-06-18T00:44:53.153Z,2026-06-18T00:41:27.000Z,2026-06-18 00:44:53,2026-06-18 00:44:53,1,28743.628052227577,26982.41316541133,16356.912740474829,2.8743628052227578e-05,6414.37770087477,6414.37770087477,3.8332,3.8332,21.0,15,Others,26982.41316541133,2026-06-18T00:44:53.026Z,32733.40793991884,34711.453309574215,,1.2864473276271196,<2x,0,0,0,0,0,,,,
3XhQa9baZzP9CVHBSnryqUSwJsiS2RiYozNT1kEYpump,Cheetah,チータ,newSignal,2026-06-18T00:49:35.259Z,2026-06-18T00:42:15.000Z,2026-06-18 00:49:35,2026-06-18 01:37:25,6,14308.608084829591,13859.627632484826,11545.400904771719,1.4308608084829591e-05,14074.92732661248,14074.92732661248,5.6314,5.6314,38.0,24,Animals,13859.627632484826,2026-06-18T00:49:34.962Z,7538.525221223194,113629.11330080159,,8.19856898856882,5x-10x,0,1,1,1,0,,,,
5a7eJm2YkVnFuuYCFCrfHpZYDzFRLX3qHHmwPSUxpump,BT,Brazil Twitter,newSignal,2026-06-18T00:57:27.566Z,2026-06-18T00:33:44.000Z,2026-06-18 00:57:27,2026-06-18 00:57:27,1,15057.26935954374,14193.796243083554,11828.84243980922,1.5057269359617656e-05,38350.00772123694,38350.00772123694,6.4497,6.4497,22.0,13,Country,14193.796243083554,2026-06-18T00:57:27.276Z,2835.7104873385515,17563.72615187411,,1.237422733923821,<2x,0,0,0,0,0,,,,
hUTHZAtjZ23QqBs9seaxR9ToQ9v744T2FmVMRCcpump,PACKS,Pump Packs,newSignal,2026-06-18T01:00:00.136Z,2026-06-18T00:58:19.000Z,2026-06-18 01:00:00,2026-06-18 01:04:16,3,16586.110432863195,15129.348050217513,12415.011372938852,1.6586110432863195e-05,25313.25173678325,25313.25173678325,5.2249,5.2249,98.0,73,Meme,15129.348050217513,2026-06-18T00:59:59.777Z,2114.31133026193,22244.364413422776,,1.4702791118023735,<2x,0,0,0,0,0,,,,
9NKbxNRp9ZqVnh9ck2tiygi7RRRz2morZ9DmbXcKpump,Frost,Saber-Tooth Tiger,newSignal,2026-06-18T01:04:22.551Z,2026-06-18T01:02:59.000Z,2026-06-18 01:04:22,2026-06-18 01:06:43,3,22264.93990098386,14543.400275669954,14389.979098726913,2.226493990098386e-05,38265.80817274516,38265.80817274516,9.4348,9.4348,99.0,77,Animals,14543.400275669954,2026-06-18T01:04:22.334Z,2303.171890712074,56868.85037722937,,3.9102857171831267,2x-5x,0,1,1,0,0,,,,
2w6zuEB1qarSnoZKT65JASN4hh1HVnrFKVzmBAUhpump,YOSHI,YOSHI,newSignal,2026-06-18T01:16:52.054Z,2026-06-18T01:16:42.000Z,2026-06-18 01:16:52,2026-06-18 01:29:55,3,15672.236568799419,14917.35126145869,12093.082231398685,1.567223656879942e-05,27211.5218010575,27211.5218010575,4.139,4.139,29.0,19,,14917.35126145869,2026-06-18T01:16:51.922Z,3039.853980062418,23569.890544478098,,1.5800318790759185,<2x,0,0,0,0,0,,,,
CoAEHRi6JpiBHmmT9EXaAXnZ8xjoXnFSML3pTePjpump,FootballX,Football Twitter,newSignal,2026-06-18T01:21:26.475Z,2026-06-18T01:14:26.000Z,2026-06-18 01:21:26,2026-06-18 01:22:30,2,18056.045000781312,14153.292936893966,12971.290214433693,1.805604500078131e-05,37158.78246571144,37158.78246571144,7.6392,7.6392,43.0,28,,14153.292936893966,2026-06-18T01:16:40.518Z,3263.3536876872163,25315.720047751784,,1.788680567881151,<2x,0,0,0,0,0,,,,
CRtJcETFwVeh3ufQyXd42YGdwwJ1xQoJBBeTmYCrpump,youngin,youngin,newSignal,2026-06-18T01:25:25.244Z,2026-06-18T01:20:28.000Z,2026-06-18 01:25:25,2026-06-18 01:41:26,4,18268.53381679129,12961.297418073365,13048.236284366923,1.826853381679129e-05,24162.25155935266,24162.25155935266,7.4872,7.4872,26.0,23,Others,12961.297418073365,2026-06-18T01:25:25.059Z,164566.59158031736,257476.09593189484,,19.864994037778004,10x-20x,0,1,1,1,1,,,,
Hkb3kxi9VuCGfXME4LFo8HCfJhhnMj6RV1VGTbjmpump,motion,motion,newSignal,2026-06-18T01:41:46.233Z,2026-06-18T01:32:33.000Z,2026-06-18 01:41:46,2026-06-18 01:45:08,2,17057.5443705068,15152.757699069703,12599.828781745167,1.70575443705068e-05,24023.99931316245,24023.99931316245,6.9131,6.9131,21.0,15,Others,15152.757699069703,2026-06-18T01:41:46.110Z,2078.884703913947,22240.298685755595,,1.4677393466880968,<2x,0,0,0,0,0,,,,
C5tcc5ppr9FMBoRCgAPn4w4qQ2vQzRYepdzsfPfxpump,cooking,got something cooking,newSignal,2026-06-18T02:02:54.519Z,2026-06-18T02:01:31.000Z,2026-06-18 02:02:54,2026-06-18 02:17:24,5,15818.97847946127,14183.794829441757,12124.34064917831,1.581897847946127e-05,22865.60075709741,22865.60075709741,5.7552,5.7552,92.0,61,Meme,14183.794829441757,2026-06-18T02:02:54.231Z,3721.945956105892,105503.18205004225,,7.4382901979832585,5x-10x,0,1,1,1,0,,,,
7gzNqPqDPRHznnDMMB6Cyj3G5N8ApGbqzt4xtwesBAGS,SPCX,SpaceX,newSignalRay,2026-06-18T02:11:12.447Z,2026-06-18T02:10:07.000Z,2026-06-18 02:11:12,2026-06-18 02:11:12,1,4094895.2472224245,4416975.086061266,26864.63181558205,0.004094895247222424,52205.6419955835,52205.6419955835,45.2117,45.2117,117.0,49,Space,4416975.086061266,2026-06-18T02:11:12.158Z,722709.0705706198,4480023.422879477,,1.0142740983568537,<2x,0,0,0,0,0,,,,
G9urCuGt7kQcdFu7Ss62Wd5kDFExH47w6riTEdMnoadM,ASI6900,ANSEM SHILL INDEX 6900,newSignal,2026-06-18T02:23:52.056Z,2026-06-18T02:18:39.000Z,2026-06-18 02:23:52,2026-06-18 02:23:52,1,14982.04228891441,12882.424515596224,11807.420315355645,1.498204228891441e-05,40812.61824134424,40812.61824134424,5.4231,5.4231,47.0,33,Meme,12882.424515596224,2026-06-18T02:23:51.774Z,2006.21704897118,14804.801202815897,,1.1492247584988626,<2x,0,0,0,0,0,,,,
44d8uZdzcke7w1uBs2Xst3tEpzv6NpR9ehNcgMBqpump,WHILOM,Whilom,newSignal,2026-06-18T02:30:46.632Z,2026-06-18T02:30:25.000Z,2026-06-18 02:30:46,2026-06-18 02:40:45,3,15774.657725143185,15431.88931007015,12135.829823487496,1.5774657725143184e-05,16371.40277157366,16371.40277157366,6.5508,6.5508,54.0,46,Protocols,15431.88931007015,2026-06-18T02:30:33.243Z,1564.2214232994756,26074.852234482772,,1.6896733582366683,<2x,0,0,0,0,0,,,,
A5KGkmizjton39YXYptuyYRBbgFAwbdVq6aAz3Wwpump,CHEESE,Cheese Game,newSignal,2026-06-18T02:39:17.553Z,2026-06-18T02:38:32.000Z,2026-06-18 02:39:17,2026-06-18 02:39:17,1,17324.732354303356,19781.940452888106,12714.806732561563,1.7324732354303356e-05,25415.56173472119,25415.56173472119,7.2364,7.2364,24.0,16,Animals,19781.940452888106,2026-06-18T02:39:17.203Z,1944.2973591245154,19781.940452888106,,1.0,<2x,0,0,0,0,0,,,,
5fpzRu2kSs2FJQePw4dSqigxW4bWpvTRTLrJv7eqpump,CHUD,Chud Cat,newSignal,2026-06-18T02:40:53.256Z,2026-06-18T02:26:49.000Z,2026-06-18 02:40:53,2026-06-18 02:42:04,2,17407.738931131076,15021.742374761841,12747.462628106692,1.7407738931168608e-05,43912.17193138336,43912.17193138336,6.362,6.362,20.0,10,Cats,15021.742374761841,2026-06-18T02:40:53.133Z,2417.7668660072336,28752.12895335858,,1.9140342202689669,<2x,0,0,0,0,0,,,,
8wcSHMoC29kMnuGhXVHjjTxgMRvs1KK2pUGs3b78pump,redacted,redacted,newSignal,2026-06-18T02:43:57.970Z,2026-06-18T02:40:59.000Z,2026-06-18 02:43:57,2026-06-18 02:43:57,1,13361.131119917696,12912.30130700688,11168.247406225544,,6270.48538230252,6270.48538230252,6.9562,6.9562,38.0,34,Others,12912.30130700688,2026-06-18T02:43:57.782Z,1968.531342206561,12912.30130700688,,1.0,<2x,0,0,0,0,0,,,,
FjjgcySgTgtATcmwit6FikQ45ARbgD3obbhXxAVNpump,500K,500K in 5 Minutes,newSignal,2026-06-18T02:49:54.350Z,2026-06-18T02:47:40.000Z,2026-06-18 02:49:54,2026-06-18 02:49:54,1,19193.4744783844,14665.803921817916,13380.999839387316,1.91934744783844e-05,22735.89189396965,22735.89189396965,7.3727,7.3727,99.0,73,Meme,14665.803921817916,2026-06-18T02:49:07.606Z,1951.7676926103256,14665.803921817916,,1.0,<2x,0,0,0,0,0,,,,
Ds6KuboW1eVuVioNvSdMy54VPm6hgHLfSdfPNMRZBAGS,1B,Speedrun To 1 Billion,newSignalRay,2026-06-18T03:46:43.986Z,2026-06-18T03:31:30.000Z,2026-06-18 03:46:43,2026-06-18 03:46:43,1,123258.81026566341,1931268.1763306723,4786.687389089855,0.00012325881026566343,79243.95399369107,79243.95399369107,0.7933,0.7933,54.0,23,Meme,1931268.1763306723,2026-06-18T03:46:43.845Z,2046620.8598188497,17265235.21299561,,8.939843479323947,5x-10x,0,1,1,1,0,,,,
Ay8nkpct7adFmxj32ezcCGSg16XUeRY6ivSt1JJ4pump,Thing,Thing,newSignal,2026-06-18T03:59:46.966Z,2026-06-18T03:55:26.000Z,2026-06-18 03:59:46,2026-06-18 03:59:46,1,34097.14068699764,12860.474691915766,13164.00083662416,3.409714068699764e-05,89132.30049290723,89132.30049290723,13.8803,13.8803,135.0,86,Others,12860.474691915766,2026-06-18T03:56:31.148Z,1790.9847869606392,46615.70275315845,,3.6247264482750072,2x-5x,0,1,1,0,0,,,,
HzsHZPiqizPA8jqJz2QubtwU3DiZiGf9HFyzUfQ8pump,THING,Thing,newSignal,2026-06-18T04:06:34.696Z,2026-06-18T04:01:07.000Z,2026-06-18 04:06:34,2026-06-18 05:08:59,5,16332.092349514365,13210.230936962029,12268.089212879686,1.6332092349514363e-05,34805.4422979102,34805.4422979102,6.4282,6.4282,78.0,51,Others,13210.230936962029,2026-06-18T04:06:34.344Z,2460.7231674364093,68594.07552278106,,5.192496319716551,5x-10x,0,1,1,1,0,,,,
EZkVNB14BcwaLryUWDddezDj9efDofkmkJDnf5h9pump,Wursh,Kevun,newSignal,2026-06-18T04:23:13.602Z,2026-06-18T04:19:00.000Z,2026-06-18 04:23:13,2026-06-18 04:23:52,2,28312.419178066295,12559.2283077628,16102.947708014859,2.8312419178066297e-05,41087.77682479875,41087.77682479875,11.571,11.571,71.0,57,Others,12559.2283077628,2026-06-18T04:20:38.566Z,2687.269549598126,19821.613025136758,,1.5782508717422639,<2x,0,0,0,0,0,,,,
GABHHgioMnxWfnCSdubyLG4CJ4ZrHHH74Cq59XnRpump,WARSHIE,kevun warshie,newSignal,2026-06-18T04:24:25.823Z,2026-06-18T04:21:57.000Z,2026-06-18 04:24:25,2026-06-18 04:33:17,5,16399.935659745985,13416.161309944482,12257.418376131613,1.6399935659745985e-05,27656.71649277004,27656.71649277004,6.503,6.503,108.0,84,Others,13416.161309944482,2026-06-18T04:24:25.685Z,9051.06023892707,97749.9123259866,,7.285982187284174,5x-10x,0,1,1,1,0,,,,
GeBxTNrdan9NSA6kC84ATxh4tM2QUKjni81p7jV2pump,COZUMEL,Cozumel Fox,newSignal,2026-06-18T04:55:45.264Z,2026-06-18T04:50:01.000Z,2026-06-18 04:55:45,2026-06-18 04:57:59,2,17691.149067488142,13436.957270108724,12712.90937043312,1.7691149067568108e-05,27947.43598011024,27947.43598011024,6.8805,6.8805,40.0,30,Animals,13436.957270108724,2026-06-18T04:55:45.042Z,1997.5326775894027,16520.874925846165,,1.2295101185294226,<2x,0,0,0,0,0,,,,
9udqGc6dTxhn8Krdu675mcEAiSZ6BjnE77omqL1xpump,Kelsey,The Solo Rower,newSignal,2026-06-18T05:06:43.776Z,2026-06-18T05:05:21.000Z,2026-06-18 05:06:43,2026-06-18 05:31:54,6,16900.629143704027,13133.489751389905,12417.73933182671,1.6900629143704027e-05,12505.71563019616,12505.71563019616,6.7644,6.7644,63.0,56,Others,13133.489751389905,2026-06-18T05:06:35.889Z,86931.91968073668,188929.1920892173,,14.385300149887664,10x-20x,0,1,1,1,1,,,,
2ePgWCNZ2t5ofLYhNVYdjoY8YxamdR7GMVm3oweCpump,HAL,hal medina,newSignal,2026-06-18T05:21:19.913Z,2026-06-18T05:11:54.000Z,2026-06-18 05:21:19,2026-06-18 05:31:41,3,18764.17415044579,13563.406795871926,13085.569915972916,1.8764174150445792e-05,27605.46359943918,27605.46359943918,8.1208,8.1208,27.0,18,Others,13563.406795871926,2026-06-18T05:16:40.087Z,1979.2165972715102,13563.406795871926,,1.0,<2x,0,0,0,0,0,,,,
siVs14QAPvUMP4sEvvAs8uEu8RvX3uQEbQ5AsEdpump,NTC,Net Cash,newSignal,2026-06-18T05:40:38.839Z,2026-06-18T05:40:20.000Z,2026-06-18 05:40:38,2026-06-18 05:42:10,3,21288.616073231213,12527.35547455334,13940.79537956245,2.1288616073231215e-05,22364.20433845168,22364.20433845168,9.0202,9.0202,50.0,44,Others,12527.35547455334,2026-06-18T05:40:38.339Z,1389.917222934208,42789.575182351546,,3.415690986758496,2x-5x,0,1,1,0,0,,,,
8jUdZnsJSMMf7RCwFwgqJiGUyUdXJXNcS6wuPBQRpump,Elon-kun,Kyosuke Kosaka,newSignal,2026-06-18T05:57:58.461Z,2026-06-18T05:48:50.000Z,2026-06-18 05:57:58,2026-06-18 05:57:58,1,12090.468502278285,14123.650384531136,10515.070269136637,1.2090468502278284e-05,37187.08631947782,37187.08631947782,4.219,4.219,38.0,26,Others,14123.650384531136,2026-06-18T05:57:58.011Z,1976.7938023011036,14123.650384531136,,1.0,<2x,0,0,0,0,0,,,,
CaQWZ4epMiPEsDZqDia5BfSee4h3czLAduJ4PmrPpump,GRUMPY,Grumpy cat,newSignal,2026-06-18T06:03:51.731Z,2026-06-18T06:03:43.000Z,2026-06-18 06:03:51,2026-06-18 06:03:51,1,29007.633245712477,15454.644781937679,16281.166879169612,,30248.66313983544,30248.66313983544,9.0433,9.0433,84.0,84,Cats,15454.644781937679,2026-06-18T06:03:51.619Z,1704.1419535419607,18512.117247722214,,1.1978351821685282,<2x,0,0,0,0,0,,,,
Bh77MrPYg8RRQPZ8kxRUyCCa5VrQzFzqLzdFtBgwpump,Helium,Only Goes Up,newSignal,2026-06-18T06:08:16.323Z,2026-06-18T05:54:39.000Z,2026-06-18 06:08:16,2026-06-18 06:16:02,4,16188.032237477477,13911.462435687428,12170.267710990147,1.6188032237477476e-05,24734.82323743249,24734.82323743249,6.996,6.996,22.0,14,Meme,13911.462435687428,2026-06-18T06:08:16.162Z,2008.8970259361856,23357.82415714116,,1.6790344124583725,<2x,0,0,0,0,0,,,,
AW6RZek3j6UzNrHKbkw2zfPnaHg4ywtPyWukLj6Gpump,Grumpy,Grumpy Cat,newSignal,2026-06-18T06:15:30.386Z,2026-06-18T06:14:32.000Z,2026-06-18 06:15:30,2026-06-18 06:24:43,3,15236.538303081794,14012.35521404525,11800.737419109084,1.5236538303081793e-05,22937.44390136485,22937.44390136485,4.9227,4.9227,67.0,52,Cats,14012.35521404525,2026-06-18T06:15:30.240Z,1965.1400367446608,17268.89330068815,,1.2324047625754389,<2x,0,0,0,0,0,,,,
DJdxHeEMjRZksgcHqwxNZekw7SiBQqzmEBPqvBDtpump,Jirachi,Wish Upon a Jarachi,newSignal,2026-06-18T06:29:51.774Z,2026-06-18T06:28:53.000Z,2026-06-18 06:29:51,2026-06-18 06:30:49,3,12890.72228728952,12649.690033226303,10861.871413232122,,17240.2090950852,17240.2090950852,7.1949,7.1949,61.0,52,Others,12649.690033226303,2026-06-18T06:29:51.619Z,1925.0352966050525,12649.690033226303,,1.0,<2x,0,0,0,0,0,,,,
Byhn38dY4bXyEVJFzidPZ6W9Ey6qtgVW3mGbTaepump,Jirachi,Wish Upon a Jirachi,newSignal,2026-06-18T06:31:29.906Z,2026-06-18T06:30:41.000Z,2026-06-18 06:31:29,2026-06-18 06:36:03,3,18973.55829704218,16713.552114643662,13177.690665745129,1.897355829704218e-05,22768.0757504181,22768.0757504181,8.2286,8.2286,103.0,70,Religion,16713.552114643662,2026-06-18T06:31:29.702Z,5467.496626296765,44235.66190516686,,2.6466942276387533,2x-5x,0,1,0,0,0,,,,
J1PSbntLgRqXCQ1xtNnJ1N36R5JjPUJjDdaho9K5pump,ジラーチ,Wish Upon a Jirachi,newSignal,2026-06-18T06:34:17.263Z,2026-06-18T06:31:11.000Z,2026-06-18 06:34:17,2026-06-18 06:34:17,1,18045.578315975006,15709.140489276379,12854.303587639582,1.8045578315975008e-05,38433.08439334126,38433.08439334126,7.2606,7.2606,130.0,86,Others,15709.140489276379,2026-06-18T06:34:16.965Z,1948.5656586161476,15709.140489276379,,1.0,<2x,0,0,0,0,0,,,,
7rqm8G9ZjGpr3RmP2UNc1syCPbJBRCUk5ZVKDu9spump,LeWine,Sipping on LeWine,newSignal,2026-06-18T06:46:30.387Z,2026-06-18T06:41:30.000Z,2026-06-18 06:46:30,2026-06-18 06:47:37,3,15899.354146267044,13081.869625794718,12073.271356326799,1.589935414626704e-05,25013.8833932812,25013.8833932812,6.3764,6.3764,52.0,33,Meme,13081.869625794718,2026-06-18T06:46:30.229Z,1920.783821543648,20848.79947422596,,1.5937171115905695,<2x,0,0,0,0,0,,,,
6LBqdG61d2xvKdhz6tAyx5hw7Jt1tjRZfXjctgvMpump,kibble,kibble,newSignal,2026-06-18T06:49:56.398Z,2026-06-18T06:42:43.000Z,2026-06-18 06:49:56,2026-06-18 08:16:10,3,16923.746415744692,12569.734784121916,12455.13246667615,1.6923746415744693e-05,22982.79265422294,22982.79265422294,6.7164,6.7164,52.0,32,Meme,12569.734784121916,2026-06-18T06:49:48.012Z,3733.6623108324115,67138.70119557827,,5.341298153751648,5x-10x,0,1,1,1,0,,,,
J9uiX5CLZ8x9Dk1QDDnDFC8Fw3UZQDnnL8RK3GJGpump,Villager,The villager,newSignal,2026-06-18T06:51:19.155Z,2026-06-18T06:46:31.000Z,2026-06-18 06:51:19,2026-06-18 06:57:22,3,15222.33995593893,12642.029328772456,11816.674196817894,1.522233995593893e-05,29737.41554944888,29737.41554944888,6.6171,6.6171,22.0,17,Charity,12642.029328772456,2026-06-18T06:51:18.575Z,2237.862889137075,19721.40727901732,,1.5599874645230136,<2x,0,0,0,0,0,,,,
7cVnXmKUJzxsU9Xyo6FJfdw5EmWmZAxHVBtfd24kpump,새우튀김,shrimp,newSignal,2026-06-18T07:05:20.322Z,2026-06-18T07:02:49.000Z,2026-06-18 07:05:20,2026-06-18 07:16:41,4,17843.63056584081,16117.716965383339,12792.739874659868,1.784363056584081e-05,21490.1271517014,21490.1271517014,6.6539,6.6539,77.0,54,Animals,16117.716965383339,2026-06-18T07:05:20.086Z,3007.4398651986535,25243.601796814834,,1.5662020775666627,<2x,0,0,0,0,0,,,,
3RQKHzM2JwTx1no1XEnBJtpDEePUvs3BTgQuEkf1riTD,VALOR,Valor,newSignal,2026-06-18T07:17:59.161Z,2026-06-18T07:17:44.000Z,2026-06-18 07:17:59,2026-06-18 07:17:59,1,15770.288265290645,18293.946913801163,12024.036992327461,1.5770288265290645e-05,31519.0802747808,31519.0802747808,3.8878,3.8878,106.0,60,Others,18293.946913801163,2026-06-18T07:17:58.741Z,2010.2123898392988,18293.946913801163,,1.0,<2x,0,0,0,0,0,,,,
912oBRDUjxKsm5U8xRCZUGqSJSCRpmyv7M47y2hgpump,VALOR,VALOR,newSignal,2026-06-18T07:21:40.362Z,2026-06-18T07:18:42.000Z,2026-06-18 07:21:40,2026-06-18 07:25:17,4,14723.211499540837,12538.553242961001,11631.939701225294,1.4723211499540837e-05,23861.7459359976,23861.7459359976,5.2561,5.2561,58.0,39,Others,12538.553242961001,2026-06-18T07:21:40.079Z,1921.4621580478256,19435.117841405154,,1.5500287365542595,<2x,0,0,0,0,0,,,,
GoyCwEkFkKqHprFbM5EU92ipS5fR3Y8EYm2NcSYRpump,CGH,Chill Gorilla House,newSignal,2026-06-18T07:21:51.966Z,2026-06-18T07:20:47.000Z,2026-06-18 07:21:51,2026-06-18 07:35:50,4,12869.134062894153,13269.791148524226,10872.586508518634,,32689.17282251448,32689.17282251448,5.8232,5.8232,77.0,54,Meme,13269.791148524226,2026-06-18T07:21:51.764Z,1498.8042465108576,25886.059610194956,,1.9507510947580984,<2x,0,0,0,0,0,,,,
HsgV7ehjamv7wPpmWuGbTUBvnmparxgnCasFuWRRnTEi,CGH,Chill Gorilla House,newSignal,2026-06-18T07:27:03.932Z,2026-06-18T07:21:37.000Z,2026-06-18 07:27:03,2026-06-18 07:31:07,3,15878.783725127747,15580.391058871388,12087.336376482213,1.5878783725127747e-05,20830.36174366704,20830.36174366704,5.8242,5.8242,48.0,29,TikTok,15580.391058871388,2026-06-18T07:27:03.779Z,1316.8281238447626,21755.213338216596,,1.3963201087837458,<2x,0,0,0,0,0,,,,
9LCZgbzGPVDgoFCZueNYt7Ks5pHYCZ3YDNhtK7N8pump,AI,AI Coin,newSignal,2026-06-18T07:33:23.585Z,2026-06-18T07:29:10.000Z,2026-06-18 07:33:23,2026-06-18 07:42:05,3,16555.71733497411,14362.040472768347,12354.381302117738,1.655571733497411e-05,16463.0587691925,16463.0587691925,6.7592,6.7592,27.0,19,AI Agents,14362.040472768347,2026-06-18T07:33:23.375Z,2035.5666168993291,18546.902507781582,,1.2913835288897904,<2x,0,0,0,0,0,,,,
3MTLAC7jfkAFytG7rGdStNpJjLwB9Qtcjbj73rBmpump,4,Justice For The 4 Kittens,newSignal,2026-06-18T07:56:59.865Z,2026-06-18T07:53:16.000Z,2026-06-18 07:56:59,2026-06-18 07:57:26,2,15790.864330443312,12615.715773417654,12074.05120729736,1.579086433044331e-05,15328.30005750225,15328.30005750225,5.8075,5.8075,44.0,39,Cats,12615.715773417654,2026-06-18T07:56:59.701Z,1914.4468998100083,12615.715773417654,,1.0,<2x,0,0,0,0,0,,,,
9KNoVkNKSx6GrMcF4TbMu9LL2X61CaBxBAaQhQuipump,BADUSSY,Badussy Coin,newSignal,2026-06-18T08:16:07.889Z,2026-06-18T08:04:18.000Z,2026-06-18 08:16:07,2026-06-18 08:30:18,3,15770.977524018976,14793.773977729674,12072.347258924487,1.5770977524018975e-05,32517.76544344188,32517.76544344188,4.0159,4.0159,21.0,16,Meme,14793.773977729674,2026-06-18T08:16:07.211Z,1577.6517681689638,35442.8840940313,,2.395797323075673,2x-5x,0,1,0,0,0,,,,
A2R6WLJV67K6TVCHNWbEULcWzYobHYPdwe5beC2Rpump,NEGRITO,Qué Pasó Negrito?,newSignal,2026-06-18T08:24:43.767Z,2026-06-18T08:09:42.000Z,2026-06-18 08:24:43,2026-06-18 09:12:24,3,15607.592514797385,12663.310185347005,12008.803527678341,1.5607592514797387e-05,40642.81228034868,40642.81228034868,6.362,6.362,21.0,16,Others,12663.310185347005,2026-06-18T08:24:43.545Z,11301.308364592072,24522.566859274015,,1.9365052660282789,<2x,0,0,0,0,0,,,,
9eQDmmm2VU7czhTWFwpQcr8oURg7VUoF4bTj1Eoqpump,Paz,Drinking Cat,newSignal,2026-06-18T08:40:46.286Z,2026-06-18T08:31:25.000Z,2026-06-18 08:40:46,2026-06-18 08:40:46,1,15876.781799877284,12873.267581901642,12124.777480981313,1.587678961231315e-05,31017.01343131568,31017.01343131568,6.5688,6.5688,22.0,13,Cats,12873.267581901642,2026-06-18T08:37:58.489Z,2538.9414298778593,12914.249393701786,,1.0031834817026377,<2x,0,0,0,0,0,,,,
42ZzQ2vczbV9xHQSW5aUZuRdkJMdZpyuq1ts9tTxpump,SHILL,Shill Coin,newSignal,2026-06-18T08:45:45.879Z,2026-06-18T08:44:52.000Z,2026-06-18 08:45:45,2026-06-18 08:47:01,4,15903.907923885215,13520.312819759136,12132.392488308507,1.5903907923885217e-05,18217.96384626733,18217.96384626733,6.766,6.766,52.0,43,Meme,13520.312819759136,2026-06-18T08:45:45.464Z,1933.769612142955,21273.41703565969,,1.5734411858111637,<2x,0,0,0,0,0,,,,
5hqh2gFzYLiU6yCkjAkHGhRE1Ts1r6dX2YtotuYipump,Alain,The Surf Dog,newSignal,2026-06-18T09:05:10.101Z,2026-06-18T09:03:23.000Z,2026-06-18 09:05:10,2026-06-18 09:13:18,2,14577.754007624546,13059.514827713985,11611.208657936208,1.4579025221587687e-05,35638.82995030842,35638.82995030842,5.5718,5.5718,67.0,51,Dogs,13059.514827713985,2026-06-18T09:05:09.868Z,5322.87720431155,88163.4635536114,,6.750898843999709,5x-10x,0,1,1,1,0,,,,
4bg9ZVW6GSz4CLTmS8UGfXmVYxWbGavhNfTHEwXQpump,PBANK,Pokemon Bank,newSignal,2026-06-18T09:07:54.547Z,2026-06-18T09:04:11.000Z,2026-06-18 09:07:54,2026-06-18 09:07:54,1,15403.266325020415,15663.08399248271,11934.06303590682,1.5403266325020415e-05,16122.0377083184,16122.0377083184,6.53,6.53,21.0,17,Meme,15663.08399248271,2026-06-18T09:07:54.404Z,2006.032499352826,16045.747175166149,,1.0244308964228943,<2x,0,0,0,0,0,,,,
EkrnLXAyAryizTvGicA2vvwXexDqy6sTTRhYeBfGpump,muffin,just a chill cat,newSignal,2026-06-18T09:15:21.993Z,2026-06-18T09:03:42.000Z,2026-06-18 09:15:21,2026-06-18 09:15:41,2,17155.589467559617,13755.159523365497,12597.271012120935,1.7155589467559617e-05,22896.29162859115,22896.29162859115,6.6876,6.6876,37.0,27,Cats,13755.159523365497,2026-06-18T09:15:07.700Z,1925.2611310317523,13755.159523365497,,1.0,<2x,0,0,0,0,0,,,,
7qBmpyMu6BfDhtkraq4BYByH45PWAD3BkEroYvuRpump,Dez,sleepyPanda2324,newSignal,2026-06-18T09:17:09.692Z,2026-06-18T09:11:42.000Z,2026-06-18 09:17:09,2026-06-18 09:25:39,4,15955.319694268868,12906.323487800157,12149.450841426144,,26643.87212747499,26643.87212747499,7.3694,7.3694,56.0,28,Animals,12906.323487800157,2026-06-18T09:14:36.267Z,2169.8989260418216,70562.73603962139,,5.467299506813198,5x-10x,0,1,1,1,0,,,,
GKPio535WcAG2xqeJvQeY2PkRswdbX3UgJMdscyGpump,Fansem,sleepyPanda2324,newSignal,2026-06-18T09:22:54.954Z,2026-06-18T09:18:29.000Z,2026-06-18 09:22:54,2026-06-18 09:31:54,4,18041.11971018075,12942.830775639377,12938.089015380694,1.804111971018075e-05,38463.85852516316,38463.85852516316,7.053,7.053,52.0,37,Animals,12942.830775639377,2026-06-18T09:22:54.575Z,1794.7456691773718,27298.549927705582,,2.1091637834812866,2x-5x,0,1,0,0,0,,,,
32UUZNDi4hhd6NYCkTBkrTtxcQyMzwcjDTeX7Jhypump,ANSUM,ansum,newSignal,2026-06-18T09:28:00.301Z,2026-06-18T09:27:32.000Z,2026-06-18 09:28:00,2026-06-18 09:33:53,2,15369.4606279236,12966.623852051829,11921.022072168447,1.53694606279236e-05,52930.03984237341,52930.03984237341,4.6979,4.6979,80.0,58,Others,12966.623852051829,2026-06-18T09:28:00.020Z,1957.1650133263563,15077.04228710229,,1.1627577431974714,<2x,0,0,0,0,0,,,,
BCmGa9zRiPuQHZs6vj6KFXzJdcAPn4W7aJNjTQX1pump,LID,Russian Lid Memes,newSignal,2026-06-18T09:45:35.539Z,2026-06-18T09:40:54.000Z,2026-06-18 09:45:35,2026-06-18 09:47:59,3,14278.98648074055,13559.680912102229,11496.920698835496,1.4278986480778332e-05,36593.8925039506,36593.8925039506,5.2697,5.2697,39.0,26,Others,13559.680912102229,2026-06-18T09:45:35.375Z,2917.664790593688,17884.436803591478,,1.3189423054660037,<2x,0,0,0,0,0,,,,
AdAPS4FvJb3NHCnrwJLc51QsaTx5PVZTo3QhTem3pump,Megashiba,Megashiba,newSignal,2026-06-18T10:00:02.225Z,2026-06-18T09:53:25.000Z,2026-06-18 10:00:02,2026-06-18 10:00:54,3,16676.259686619447,14549.433482329157,12417.47061634594,1.667625968661945e-05,31524.86134098585,31524.86134098585,6.7103,6.7103,36.0,25,Meme,14549.433482329157,2026-06-18T10:00:01.304Z,1804.661076095339,26982.74940307337,,1.8545567039324897,<2x,0,0,0,0,0,,,,
5bhGTVxZARAnqtWckrT7r9SxWHRyf1tkXUdmgUGQpump,Hero,HeroChickenNuggetCookie,newSignal,2026-06-18T10:07:27.312Z,2026-06-18T10:04:21.000Z,2026-06-18 10:07:27,2026-06-18 10:12:15,4,18094.350452456336,12830.381828674674,12928.535229121595,1.8094350452456337e-05,29568.54455849256,29568.54455849256,7.3895,7.3895,107.0,92,Others,12830.381828674674,2026-06-18T10:07:27.153Z,1967.5708318795157,41724.18540193487,,3.251983141194233,2x-5x,0,1,1,0,0,,,,
9ZY7aKNXaNqxvKNPKCnFcEb5j68aEoaEw9pN5RmJEg7f,AYE SOLANA,Solana Song,newSignal,2026-06-18T10:19:20.944Z,2026-06-18T10:16:51.000Z,2026-06-18 10:19:20,2026-06-18 10:34:47,6,18181.632140593945,13328.54933860806,12920.591455646261,1.8181632140593944e-05,25074.5561080427,25074.5561080427,7.2995,7.2995,78.0,59,Meme,13328.54933860806,2026-06-18T10:19:20.647Z,4000.578951371228,198459.196743281,,14.889782203710302,10x-20x,0,1,1,1,1,,,,
xYv6TnoTKyXVWpZzmgBBRCxgb7fj6BXXbXdwQzJpump,Inugami,The Megashiba,newSignal,2026-06-18T10:19:28.078Z,2026-06-18T09:58:25.000Z,2026-06-18 10:19:28,2026-06-18 10:19:28,1,15617.033068691095,14161.497018033642,11977.229719595587,1.5617033068870067e-05,71027.463267492,71027.463267492,6.2342,6.2342,20.0,16,Dogs,14161.497018033642,2026-06-18T10:19:27.863Z,1967.4249030177605,14161.497018033642,,1.0,<2x,0,0,0,0,0,,,,
HzL2M7ZwkcCkRxodo7QHaU2PYMSePpYfq7pKjTkjpump,AYESOL,Aye Solana,newSignal,2026-06-18T10:24:09.108Z,2026-06-18T10:21:09.000Z,2026-06-18 10:24:09,2026-06-18 10:25:51,3,15427.5725739215,13246.882165905887,11893.710201942737,1.54275725739215e-05,14626.82021823935,14626.82021823935,6.0408,6.0408,55.0,50,Others,13246.882165905887,2026-06-18T10:24:08.821Z,1216.6393258005924,27338.691343176633,,2.0637830850144865,2x-5x,0,1,0,0,0,,,,
499VCKsyodqpovLGRMmodxLgRYmPuqo9KjSFdUVNpump,SOLANA,AYE SOLANA SOLANA,newSignal,2026-06-18T10:29:11.176Z,2026-06-18T10:28:52.000Z,2026-06-18 10:29:11,2026-06-18 10:30:12,2,16215.93469529091,16005.355189159129,12189.997862671698,1.621593469529091e-05,33579.55231271316,33579.55231271316,6.3929,6.3929,134.0,65,Others,16005.355189159129,2026-06-18T10:29:10.978Z,1274.2580505717215,16005.355189159129,,1.0,<2x,0,0,0,0,0,,,,
Hfgj64CwJrxQwKbxQo1jAYW9g9cdwNrJTCE9KPfNpump,ASS,AYE SOLANA SOLANA,newSignal,2026-06-18T10:34:04.965Z,2026-06-18T10:33:16.000Z,2026-06-18 10:34:04,2026-06-18 10:41:09,4,16214.339432481895,13446.040338706936,12190.439887630126,1.6214339432481895e-05,14132.61065673114,14132.61065673114,7.122,7.122,74.0,59,Others,13446.040338706936,2026-06-18T10:34:04.826Z,1439.9035542063255,41668.7768953322,,3.0989626570865516,2x-5x,0,1,1,0,0,,,,
5YnWQvZvZvGHh2DW2GL4vah1AgspmDvbXuNBM351pump,Ramen,Instant-ramen,newSignal,2026-06-18T10:42:21.824Z,2026-06-18T10:40:27.000Z,2026-06-18 10:42:21,2026-06-18 10:50:02,4,14717.19655558458,14717.196555585051,11608.369694435582,,38140.91315676213,38140.91315676213,4.9865,4.9865,95.0,79,Others,14717.196555585051,2026-06-18T10:42:21.689Z,4582.771275837317,25649.926777193858,,1.742854128523542,<2x,0,0,0,0,0,,,,
7S46je3svS3dXBkT89mLjd85WBRJdQLb8TPTfkHSpump,SCANNER,Midjourney Scanner,newSignal,2026-06-18T10:58:16.047Z,2026-06-18T10:46:10.000Z,2026-06-18 10:58:16,2026-06-18 11:15:21,3,15833.480342714673,12465.821788207926,12099.279556672353,1.5934704490623255e-05,48180.48962552413,48180.48962552413,6.1456,6.1456,56.0,33,AI Agents,12465.821788207926,2026-06-18T10:58:15.541Z,7024.14322564356,21150.669672844542,,1.6966927678087032,<2x,0,0,0,0,0,,,,
8fGjW58g5VdDFeGijjUE9UpT5xv4Bg8QGmmxJvyrpump,Luis,ドン・ルイス,newSignal,2026-06-18T11:04:36.135Z,2026-06-18T10:55:51.000Z,2026-06-18 11:04:36,2026-06-18 11:04:36,1,14764.547448964668,14306.782976019724,11650.342569898907,1.4764547448964668e-05,40354.41983083648,40354.41983083648,5.9347,5.9347,21.0,18,Others,14306.782976019724,2026-06-18T11:04:35.920Z,1967.6484833441457,14306.782976019724,,1.0,<2x,0,0,0,0,0,,,,
ENYwSZtusdXf69tdfiEuop9FZ8FxBrhncQWRWjjvpump,DOVE,The Dove,newSignal,2026-06-18T11:14:55.914Z,2026-06-18T11:08:55.000Z,2026-06-18 11:14:55,2026-06-18 11:32:10,4,15558.817766727776,12945.039915015619,11933.933931835913,1.5558817766727777e-05,41950.16893331208,41950.16893331208,5.917,5.917,56.0,38,Elon,12945.039915015619,2026-06-18T11:14:55.624Z,1906.9556316760218,44140.865282458624,,3.409867066632785,2x-5x,0,1,1,0,0,,,,
HPPAVYNoZzmtGdzbRBY2EFbXDcueDY64FCaD2ZKypump,CCM,Compute Capital Markets,newSignal,2026-06-18T11:24:04.060Z,2026-06-18T11:23:33.000Z,2026-06-18 11:24:04,2026-06-18 11:24:04,1,26377.283978155436,15896.371687890927,15516.652159733649,2.6377283978155436e-05,21178.54944342712,21178.54944342712,10.7479,10.7479,116.0,93,Finance,15896.371687890927,2026-06-18T11:23:52.697Z,1766.2869907080837,16309.399094116223,,1.0259824955238006,<2x,0,0,0,0,0,,,,
2ycd6NX7ur1pqvW5qe8gfd4vzJCoX3zcg8F2gxZFpump,👍🏼,👍🏼,newSignal,2026-06-18T11:25:25.770Z,2026-06-18T11:10:56.000Z,2026-06-18 11:25:25,2026-06-18 11:27:56,2,16286.026337773177,13098.480277851411,12188.337844859272,1.6286026337773176e-05,32113.5231093045,32113.5231093045,6.4835,6.4835,24.0,20,Others,13098.480277851411,2026-06-18T11:25:25.620Z,2024.2394486253954,22637.695868424224,,1.7282688822078802,<2x,0,0,0,0,0,,,,
DNooXfXUBTQA93nsQ3yb49EaVLtrJ8vGakW5WyXUpump,Sergeevna,Сергеевна,newSignal,2026-06-18T11:44:17.185Z,2026-06-18T11:25:07.000Z,2026-06-18 11:44:17,2026-06-18 11:48:58,4,14142.671237706822,13589.063587975597,11365.047864530077,,31653.54428366924,31653.54428366924,6.3565,6.3565,50.0,35,Others,13589.063587975597,2026-06-18T11:44:16.890Z,2419.5914361851064,28295.051239366258,,2.082192864591743,2x-5x,0,1,0,0,0,,,,
5NvBaMvCbcmq71JTdh1BMT2CDx2geH8AZkXHy4mFpump,Sergeyevna,Сергеевна,newSignal,2026-06-18T11:46:34.225Z,2026-06-18T11:45:01.000Z,2026-06-18 11:46:34,2026-06-18 11:46:53,2,16182.256024471339,12770.287139988925,12152.263197272398,1.618225602447134e-05,14806.8315668158,14806.8315668158,6.6623,6.6623,53.0,41,Others,12770.287139988925,2026-06-18T11:46:33.781Z,1973.5763955166028,12770.287139988925,,1.0,<2x,0,0,0,0,0,,,,
4HBWUYs5GXkv9J1JQS17tjPZEAetoe1rqkPbVkYupump,Appreciation,Token Of Appreciation,newSignal,2026-06-18T11:49:33.798Z,2026-06-18T11:48:33.000Z,2026-06-18 11:49:33,2026-06-18 11:51:30,2,15318.16070796328,13329.84908586802,11814.679590875632,1.531816070796351e-05,30316.37377403925,30316.37377403925,6.3944,6.3944,105.0,63,Others,13329.84908586802,2026-06-18T11:49:33.506Z,2028.3289629355384,13329.84908586802,,1.0,<2x,0,0,0,0,0,,,,
7Q6MQQiXKmfxPaQuvFAu5YVkHCggWkLZYKJhooYWpump,SBF,OFFICIAL SBF,newSignal,2026-06-18T11:55:56.316Z,2026-06-18T11:55:20.000Z,2026-06-18 11:55:56,2026-06-18 11:56:12,2,17557.10941534533,13762.502872890633,12650.369192330438,1.755710941534533e-05,13171.41303658056,13171.41303658056,6.8271,6.8271,62.0,40,Celebrities,13762.502872890633,2026-06-18T11:55:56.094Z,1251.04483976759,13762.502872890633,,1.0,<2x,0,0,0,0,0,,,,
Gxa4tU6Vsq1Cv1pawzUEVufUGsymosu4HbFX9seipump,Sergeyevna,Сергеевна,newSignal,2026-06-18T11:58:25.335Z,2026-06-18T11:56:24.000Z,2026-06-18 11:58:25,2026-06-18 12:01:35,2,15628.644353534848,12647.723563772432,11939.617617978727,1.5628644353534847e-05,21576.49299565644,21576.49299565644,4.5258,4.5258,78.0,58,Others,12647.723563772432,2026-06-18T11:58:13.300Z,1957.330994000041,18157.365960337473,,1.435623246253311,<2x,0,0,0,0,0,,,,
GZoTNWDs77uPdj5xm6K4CVGJZ6g6BoCHawY1RMfhpump,COGE,Cogecoin,newSignal,2026-06-18T12:07:54.091Z,2026-06-18T12:06:02.000Z,2026-06-18 12:07:54,2026-06-18 12:07:54,1,23137.095867664757,16292.036654000374,14532.401777949462,2.3137095867664758e-05,29233.720014394,29233.720014394,9.0264,9.0264,153.0,103,Others,16292.036654000374,2026-06-18T12:07:27.717Z,4497.400621395549,21875.62859836715,,1.342719088039602,<2x,0,0,0,0,0,,,,
84JwffevVW4McuAiTBm5avGA7WXQWTfiTtJTzkgSpump,Cate,Catecoin,newSignal,2026-06-18T12:09:51.252Z,2026-06-18T12:08:17.000Z,2026-06-18 12:09:51,2026-06-18 12:13:00,3,18513.224983390402,13193.971650146426,12999.425061040214,1.85132249833904e-05,35835.355771404,35835.355771404,7.6221,7.6221,187.0,130,Animals,13193.971650146426,2026-06-18T12:09:31.376Z,1347.549407597092,19093.69467464097,,1.44715292566428,<2x,0,0,0,0,0,,,,
FyGmxqqt6Vit6WhXg9rpedyvury8Vt7NNQZwGR5Jpump,DARK,Dark And Darker,newSignal,2026-06-18T12:15:02.313Z,2026-06-18T12:12:44.000Z,2026-06-18 12:15:02,2026-06-18 12:19:41,2,26046.978897651305,23530.74660211445,15424.68512833212,2.6046978897651307e-05,24618.40753599154,24618.40753599154,11.398,11.398,27.0,20,Gaming,23530.74660211445,2026-06-18T12:15:02.173Z,1483.5782151267306,51337.54375338255,,2.181721839151904,2x-5x,0,1,0,0,0,,,,
7FYmPDzi86kSPySNgNeGz3mrgx4cTWKEBaFt9pFLpump,Grok,GrokCoin,newSignal,2026-06-18T12:21:03.682Z,2026-06-18T12:20:20.000Z,2026-06-18 12:21:03,2026-06-18 12:21:03,1,14382.776876675602,13423.257498564582,11464.345312458567,1.43827768766756e-05,23155.9596300184,23155.9596300184,5.2132,5.2132,104.0,70,Elon,13423.257498564582,2026-06-18T12:20:36.487Z,1915.844719489846,13423.257498564582,,1.0,<2x,0,0,0,0,0,,,,
51nbVohGhNqVHw9Eh2u4VZ4DnWN8cKtXuY9YiQCapump,@grok,Please Grok,newSignal,2026-06-18T12:22:21.041Z,2026-06-18T12:21:27.000Z,2026-06-18 12:22:21,2026-06-18 12:22:21,1,24867.486392996252,12905.864755343357,15076.6557019809,2.486748639299625e-05,33159.48182018094,33159.48182018094,11.3478,11.3478,174.0,106,Meme,12905.864755343357,2026-06-18T12:21:43.057Z,2138.7219917105886,13836.097366176362,,1.072078285993805,<2x,0,0,0,0,0,,,,
C1mg2ddme7Hpwjmxngr1AfrwRSmLqL1CVHPzUmapEory,FLKR,FalkorDB,newSignalRay,2026-06-18T12:23:49.344Z,2026-06-18T11:48:26.000Z,2026-06-18 12:23:49,2026-06-18 12:45:32,3,66882.35136476319,68936.43136318617,27731.691863590677,0.13376470687141678,98585.29342760747,98585.29342760747,7.9117,7.9117,60.0,21,Others,68936.43136318617,2026-06-18T12:23:49.056Z,1368572.5584200316,1903676.934597519,,27.614962030281877,20x+,0,1,1,1,1,,,,
4xS3WYaHUuPMew6dS1ewr9XRBB3xkbGtDnNBDVTTpump,Please,Please Grok,newSignal,2026-06-18T12:23:56.154Z,2026-06-18T12:23:22.000Z,2026-06-18 12:23:56,2026-06-18 12:30:08,3,23036.750962654238,19931.817658772678,14517.209339085666,2.3036750962654235e-05,28259.10976982933,28259.10976982933,8.7134,8.7134,111.0,79,Others,19931.817658772678,2026-06-18T12:23:55.999Z,1978.0967422485708,48981.06817472086,,2.457431078954438,2x-5x,0,1,0,0,0,,,,
8CAkocNsLSeBZcpqGj5cLeHitvzmxu3VuSh16EAWpump,groktoken,groktoken,newSignal,2026-06-18T12:26:59.825Z,2026-06-18T12:26:36.000Z,2026-06-18 12:26:59,2026-06-18 12:27:24,2,28190.663472481607,14180.672742708999,16068.363880837333,2.819066347248161e-05,25559.3580583984,25559.3580583984,13.076,13.076,78.0,53,Meme,14180.672742708999,2026-06-18T12:26:59.484Z,1349.749881224447,14180.672742708999,,1.0,<2x,0,0,0,0,0,,,,
F4rBqiXHkr6GrBx7yYefEoLhWP3Q21dr9JUE7cs5hsrY,Grok,Official Grok Coin,newSignal,2026-06-18T12:28:05.807Z,2026-06-18T12:26:37.000Z,2026-06-18 12:28:05,2026-06-18 12:28:05,1,17167.88512237039,14664.579310405974,12542.0499060813,1.7167885122370387e-05,25868.1020143581,25868.1020143581,7.612,7.612,144.0,102,Meme,14664.579310405974,2026-06-18T12:28:05.458Z,1915.3661351796381,14664.579310405974,,1.0,<2x,0,0,0,0,0,,,,
DgVJZqmccrew2HySCA34pzkfyu54ZCkkZw6aKibYpump,Rebel,Rebel Mode,newSignal,2026-06-18T12:31:20.148Z,2026-06-18T12:29:49.000Z,2026-06-18 12:31:20,2026-06-18 12:31:43,3,15258.81141365744,12577.114052908593,11831.645644201431,1.525881141365776e-05,31444.8519474572,31444.8519474572,5.9091,5.9091,173.0,126,Others,12577.114052908593,2026-06-18T12:30:53.191Z,1456.3117246608106,23993.404002323165,,1.9077034605386625,<2x,0,0,0,0,0,,,,
BaRmbJUCrKt7m7FLN7Gwgd2TDCtoQmo1iG14ZzCApump,Amore,Joby's Dog,newSignal,2026-06-18T12:37:16.255Z,2026-06-18T12:28:59.000Z,2026-06-18 12:37:16,2026-06-18 12:37:16,1,15254.574520527289,15817.635667003296,11830.835415702562,1.5254574520527288e-05,14268.80820172125,14268.80820172125,6.3191,6.3191,22.0,20,Dogs,15817.635667003296,2026-06-18T12:37:15.957Z,14674.226568337572,54750.25395603542,,3.4613424603177774,2x-5x,0,1,1,0,0,,,,
AtevSt5DFkLan3RdZQWnGVGB94P8esp4sYrMEwS8pump,PLAY,SOLPLAY,newSignal,2026-06-18T12:46:05.051Z,2026-06-18T12:16:45.000Z,2026-06-18 12:46:05,2026-06-18 12:48:22,2,24407.123623089028,18385.225959635787,14970.328267571782,2.440712362308903e-05,6847.39766786592,6847.39766786592,10.8516,10.8516,20.0,10,Others,18385.225959635787,2026-06-18T12:46:04.607Z,93555.6039941495,137471.75764533077,,7.47729497299331,5x-10x,0,1,1,1,0,,,,
CziTZbTtaXymxCZJshBjorYgYGrvueH1br5Nz5SKpump,pisi,pisi,newSignal,2026-06-18T12:57:34.468Z,2026-06-18T12:56:43.000Z,2026-06-18 12:57:34,2026-06-18 14:10:50,3,15225.044584171577,14153.439033388815,11831.760831256579,1.5225044584171577e-05,11639.32086313248,11639.32086313248,6.1822,6.1822,64.0,38,Others,14153.439033388815,2026-06-18T12:57:34.271Z,3755.3280116368833,53273.63550175538,,3.7640064281253247,2x-5x,0,1,1,0,0,,,,
C1GMeaQk7cxqH4nRiGiiDixJhPpMmxFSw9PWEhjMgQFh,GTA6,Grand Theft Auto VI,newSignal,2026-06-18T13:05:12.607Z,2026-06-18T13:04:50.000Z,2026-06-18 13:05:12,2026-06-18 13:05:12,1,12377.211988268033,16161.716578752665,10671.697781236222,1.2377211988268033e-05,17455.91382374426,17455.91382374426,4.3253,4.3253,83.0,52,Gaming,16161.716578752665,2026-06-18T13:05:07.708Z,1917.752315178151,16161.716578752665,,1.0,<2x,0,0,0,0,0,,,,
6CwV5pQGoqQbDfVYAB93k848MLWPS5sGX76UtmAguhEM,GTA6,Grand Theft Auto VI,newSignal,2026-06-18T13:05:33.324Z,2026-06-18T13:05:09.000Z,2026-06-18 13:05:33,2026-06-18 13:15:21,2,17562.544084013392,21917.81057146394,9397.666294351067,1.7562544084013394e-05,18854.0862063594,18854.0862063594,5.7324,5.7324,112.0,70,Gaming,21917.81057146394,2026-06-18T13:05:28.476Z,3743.045771197471,54446.019903837885,,2.4840993915114997,2x-5x,0,1,0,0,0,,,,
EpVHyKK8oxcLmp2C2NhAos1oDxgBNriw3wSLSozYpump,GTAVI,Grand Theft Auto VI,newSignal,2026-06-18T13:05:43.988Z,2026-06-18T13:05:36.000Z,2026-06-18 13:05:43,2026-06-18 13:49:31,11,22843.569318512436,14520.65346676719,14497.924195847234,2.2843569318512436e-05,26368.73022657811,26368.73022657811,9.1684,9.1684,69.0,38,Gaming,14520.65346676719,2026-06-18T13:05:43.824Z,1237733.7789749058,1414308.3017841163,,97.3997695779315,20x+,0,1,1,1,1,,,,
EnLvyd1VnE2xmk7UVRwJXtXV7rQTmQbfkwsfKy3Mpump,NAILSCOIN,NAILS,newSignal,2026-06-18T13:15:29.260Z,2026-06-18T13:13:27.000Z,2026-06-18 13:15:29,2026-06-18 13:29:38,2,37780.5986852023,31579.609571957142,26381.174989017196,3.77805986852023e-05,57172.07394780121,57172.07394780121,7.5176,7.5176,140.0,103,Others,31579.609571957142,2026-06-18T13:13:37.847Z,6044.207306377997,53959.654472052614,,1.7086865608360486,<2x,0,0,0,0,0,,,,
Dm7UPvDdQgmCLo5Fx21Thh7pUWGJYbYUp9m3yKm8pump,SoL,State of Leonida,newSignal,2026-06-18T13:16:09.056Z,2026-06-18T13:15:43.000Z,2026-06-18 13:16:09,2026-06-18 13:36:59,3,15296.782475676218,15765.939762296415,11868.733333939268,1.5296782475676217e-05,50359.49901315879,50359.49901315879,5.7507,5.7507,115.0,74,Politics,15765.939762296415,2026-06-18T13:16:08.753Z,2592.8017996044873,24717.507923055593,,1.5677789142748393,<2x,0,0,0,0,0,,,,
HWjFeJtgHk1oXBr5AyrbDGzFZQ4PTAHAhXrm92Xrpump,Gain,Everyone Has Something To Gain,newSignal,2026-06-18T13:29:47.524Z,2026-06-18T13:29:16.000Z,2026-06-18 13:29:47,2026-06-18 13:29:47,1,27937.045868416946,18759.03885398593,16050.875282947803,2.7937045868416945e-05,26598.31189447154,26598.31189447154,11.3854,11.3854,111.0,83,Meme,18759.03885398593,2026-06-18T13:29:47.369Z,1235.83324714487,18759.03885398593,,1.0,<2x,0,0,0,0,0,,,,
CSzHjHF8zLTmWatEZoLYmEnoXPrGhJ8mPe52CoVmpump,AGAIN,"AH SHIT, HERE WE GO AGAIN",newSignal,2026-06-18T13:38:08.601Z,2026-06-18T13:25:44.000Z,2026-06-18 13:38:08,2026-06-18 13:49:11,2,16472.20792414973,16121.556821956108,12295.627608073733,1.647220792414973e-05,30212.30308310016,30212.30308310016,6.341,6.341,20.0,12,Meme,16121.556821956108,2026-06-18T13:38:08.167Z,22768.73639305394,71579.3184094145,,4.439975568112002,2x-5x,0,1,1,0,0,,,,
GWTWRZ4mdPyDyFqnCvg5VzD2fzTZXNM5Ag5vPEgipump,CLAWBUCKS,Lobsters Inc.,newSignal,2026-06-18T13:44:06.397Z,2026-06-18T13:40:09.000Z,2026-06-18 13:44:06,2026-06-18 13:45:35,2,16406.898695253145,12694.050624180378,12234.22649644521,1.6406898695253146e-05,15982.26258539955,15982.26258539955,6.4819,6.4819,27.0,23,Mascot,12694.050624180378,2026-06-18T13:44:06.243Z,2399.0831881051427,25408.880941490188,,2.0016369631526323,2x-5x,0,1,0,0,0,,,,
EbLK3YpxoNevdM7C3BVXxM2fPviVFsh9GvCEW4Lbpump,TTWO,Take Two Interactive Software,newSignal,2026-06-18T13:46:48.968Z,2026-06-18T13:42:32.000Z,2026-06-18 13:46:48,2026-06-18 13:56:37,2,13061.604291990248,13416.097471562765,10912.851074911901,1.306160429199025e-05,34408.2622198533,34408.2622198533,4.8702,4.8702,67.0,57,Stocks,13416.097471562765,2026-06-18T13:46:48.658Z,1996.1546312947019,14347.277750438707,,1.0694076858676456,<2x,0,0,0,0,0,,,,
9tgdsnV61nBdcZFqzLSQdJEt5ZfMmEgCP6rjxirgpump,IMG,Infinite Money Glitch,newSignal,2026-06-18T14:01:16.580Z,2026-06-18T13:53:13.000Z,2026-06-18 14:01:16,2026-06-18 14:01:16,1,17009.70948777388,13074.412543616289,12466.656394862277,1.700970948777388e-05,29508.49697898258,29508.49697898258,7.297,7.297,41.0,27,Meme,13074.412543616289,2026-06-18T13:56:35.077Z,2137.47731785007,18159.57303420823,,1.3889398834271007,<2x,0,0,0,0,0,,,,
9evCye9diSxD6aG1Dn7veRbvoMBCfWGApcEa2Gxhpump,RAUL,CRYPTO MOGUL,newSignal,2026-06-18T14:02:38.275Z,2026-06-18T13:13:17.000Z,2026-06-18 14:02:38,2026-06-18 14:02:38,1,16266.114413978536,13046.21795616818,12191.461040433587,1.6266114413978535e-05,90697.66546232,90697.66546232,6.3953,6.3953,36.0,23,Others,13046.21795616818,2026-06-18T13:51:09.766Z,2646.592701568937,13732.982929373691,,1.0526409244052841,<2x,0,0,0,0,0,,,,
DrkxWKNSZecBY4MhMThGW5531ZUNnYFktBMeYrAYBAGS,10M,10M Before GTA VI,newSignalRay,2026-06-18T14:03:00.732Z,2026-06-18T14:01:49.000Z,2026-06-18 14:03:00,2026-06-18 14:03:00,1,129248.28900461382,137952.25744566054,4787.091396761309,0.00012924828900461383,38126.21780713872,38126.21780713872,1.1084,1.1084,76.0,39,Meme,137952.25744566054,2026-06-18T14:03:00.595Z,36900.3927347427,137952.25744566054,,1.0,<2x,0,0,0,0,0,,,,
7oZAd7ypGMyQqEpbP9quSgwiWNkJepKmMgoi2HZE3Lum,RSTAR,ROCKSTAR COIN,newSignal,2026-06-18T14:04:17.272Z,2026-06-18T13:57:41.000Z,2026-06-18 14:04:17,2026-06-18 14:04:17,1,15253.55285683091,13502.092334585683,11802.991033258337,1.5253552856830909e-05,13736.5184714563,13736.5184714563,5.6044,5.6044,41.0,28,Celebrities,13502.092334585683,2026-06-18T14:04:17.047Z,2005.714423693821,15044.18285064824,,1.11421122577517,<2x,0,0,0,0,0,,,,
2ByLqiPoVzecXvHtrwx67EPkBDavyLA13CkbeRzLpump,YEAH,OH YEAH,newSignal,2026-06-18T14:05:05.634Z,2026-06-18T14:04:50.000Z,2026-06-18 14:05:05,2026-06-18 14:11:07,3,15165.938246903843,14040.494256457845,11769.553136116068,1.5165941723236941e-05,32640.35105439896,32640.35105439896,5.6716,5.6716,60.0,48,Meme,14040.494256457845,2026-06-18T14:05:05.464Z,2006.0318607868912,25283.87263480026,,1.800782235509344,<2x,0,0,0,0,0,,,,
GCixDrFnkfCUJMHYsENQBRBdXJtbniUFKzT3dymfpump,AFTER,AFTER GTAVI,newSignal,2026-06-18T14:10:05.207Z,2026-06-18T14:05:54.000Z,2026-06-18 14:10:05,2026-06-18 14:10:05,1,39727.372072219805,13805.77771835908,14079.198176560882,3.97273720722198e-05,21357.14014834218,21357.14014834218,16.5217,16.5217,37.0,26,Meme,13805.77771835908,2026-06-18T14:10:04.975Z,3950.887298766506,28132.12812990725,,2.0377068719929357,2x-5x,0,1,0,0,0,,,,
Exj9Tiww7X4F3LxuSCGsqs2k7TbB5mQz6SvieUzspump,SENT,Sentient,newSignal,2026-06-18T14:15:43.827Z,2026-06-18T14:13:53.000Z,2026-06-18 14:15:43,2026-06-18 14:15:43,1,15045.223343194484,13734.500403772954,11716.298237350715,1.5045223343194485e-05,20290.75997222552,20290.75997222552,5.3589,5.3589,55.0,38,Gaming,13734.500403772954,2026-06-18T14:15:43.646Z,3699.4271582323963,15976.930355728804,,1.1632698595530886,<2x,0,0,0,0,0,,,,
7iuTToHkV5cdFMXYu4ftMT9obcMgbiRttxF5cXDypump,WOC,World of Crypto,newSignal,2026-06-18T14:17:52.952Z,2026-06-18T14:14:33.000Z,2026-06-18 14:17:52,2026-06-19 16:32:05,2,15961.39492058777,12843.088191971869,12071.160535439798,1.596139492058777e-05,29298.65797349988,29298.65797349988,6.7953,6.7953,46.0,36,Gaming,12843.088191971869,2026-06-18T14:17:52.742Z,14201.476496182348,17953.981837203242,,1.3979489643640508,<2x,0,0,0,0,0,,,,
5BFtthSpPiD34zZpdbbSzvkFKDkqzCbpKXjrLFrapump,GTAify,GTAification,newSignal,2026-06-18T14:21:07.028Z,2026-06-18T14:11:45.000Z,2026-06-18 14:21:07,2026-06-18 14:42:26,3,21310.832173186525,17403.42919325022,13974.59902313499,2.1310832173186525e-05,28679.83291475352,28679.83291475352,8.8806,8.8806,67.0,43,Meme,17403.42919325022,2026-06-18T14:20:54.812Z,2176.7036071149632,79402.62211374022,,4.562469915097875,2x-5x,0,1,1,0,0,,,,
2SMH5d728QGNJCigAZPWJiQR3jmbpXjdNoNZD7FDpump,GTAIFY,GTAification,newSignal,2026-06-18T14:21:25.921Z,2026-06-18T13:46:41.000Z,2026-06-18 14:21:25,2026-06-18 15:13:28,5,18009.051932517308,15021.087751833778,12846.604397951984,1.800905193251731e-05,20197.97820484894,20197.97820484894,7.9039,7.9039,42.0,27,Others,15021.087751833778,2026-06-18T14:21:25.764Z,11798.843178525858,48684.91401390772,,3.241104427205297,2x-5x,0,1,1,0,0,,,,
5PUkK1xyJrqw42XtY1RWqY5uvf3bBEi6MzhRaf4tpump,LSTR,Lester Coin,newSignal,2026-06-18T14:26:03.740Z,2026-06-18T14:19:00.000Z,2026-06-18 14:26:03,2026-06-18 14:33:34,3,14640.795863195113,13851.918673082899,16422.60585603314,,16126.240438733548,16126.240438733548,2.3071,2.3071,36.0,30,Gaming,13851.918673082899,2026-06-18T14:26:03.599Z,4977.638694580581,21481.243451404494,,1.5507774741088343,<2x,0,0,0,0,0,,,,
GckkAuTAA4WZFFnYiJ3yB25uERQJ7ogax5qHc3LPpump,ByQ,ByQ,newSignal,2026-06-18T14:38:46.007Z,2026-06-18T14:38:36.000Z,2026-06-18 14:38:46,2026-06-18 14:47:04,4,22384.511885352433,21478.930737806688,14312.236609930515,,26153.395749162,26153.395749162,8.9463,8.9463,21.0,21,Others,21478.930737806688,2026-06-18T14:38:45.863Z,1585.0982603953605,117267.67895483361,,5.45966092941591,5x-10x,0,1,1,1,0,,,,
4F1id46kLCxhpwszcRFRXvj3uzk3eEG5ycXuN5S4pump,FISH,FISH,newSignal,2026-06-18T14:40:56.775Z,2026-06-18T14:38:20.000Z,2026-06-18 14:40:56,2026-06-18 14:43:18,2,16028.519126724239,13015.867304975047,12117.023224667293,1.602851912672424e-05,22820.4209962196,22820.4209962196,6.8128,6.8128,71.0,58,Gaming,13015.867304975047,2026-06-18T14:40:56.599Z,3156.034015196404,19785.072920344213,,1.520073342541052,<2x,0,0,0,0,0,,,,
9gVWVw7kfMaUoF7Qx2MFs7VJk3o35YG8sUG6pec7pump,ELONGOAT,Elon The GOAT,newSignal,2026-06-18T14:43:46.315Z,2026-06-18T14:29:25.000Z,2026-06-18 14:43:46,2026-06-18 14:44:24,2,15853.72404367784,16843.66002763646,12052.154982335924,1.585372404367784e-05,8183.73538554048,8183.73538554048,6.5673,6.5673,29.0,25,Elon,16843.66002763646,2026-06-18T14:43:46.165Z,23799.60941115343,25338.627411726742,,1.5043421305198545,<2x,0,0,0,0,0,,,,
GtN6g4goM6TknvaG7F6oTEpdExtkgMy3veZzsFD6pump,WASTED,WASTED,newSignal,2026-06-18T14:45:21.374Z,2026-06-18T13:44:14.000Z,2026-06-18 14:45:21,2026-06-18 14:45:21,1,21979.961570732445,14573.476883656736,14181.326105211172,2.1979961570732446e-05,59028.9383558168,68350.0693150681,9.0275,9.0574,20.0,14,Meme,14573.476883656736,2026-06-18T14:03:55.296Z,6588.901649978358,23468.038477488022,,1.610325296073032,<2x,0,0,0,0,0,,,,
DnhotKtoCfJaAY2CStf73cCB2A3d5mZEHiCwbKXfpump,Greg,Greg The Gator,newSignal,2026-06-18T14:53:11.809Z,2026-06-18T14:52:47.000Z,2026-06-18 14:53:11,2026-06-18 14:53:49,2,12891.421262709602,13555.652805674667,10855.429479145441,1.2891421262709602e-05,16052.3817371126,16052.3817371126,4.5679,4.5679,56.0,51,Animals,13555.652805674667,2026-06-18T14:53:11.359Z,4073.2015210088457,13555.652805674667,,1.0,<2x,0,0,0,0,0,,,,
6QcoDFzkjjaE3PFp7Z6aqGpTLrBouAHoXVocim7apump,THUG,Thug Life,newSignal,2026-06-18T14:59:53.739Z,2026-06-18T14:54:51.000Z,2026-06-18 14:59:53,2026-06-18 15:14:29,4,15845.42337821293,14387.148203115721,12032.48002926205,1.584542337821293e-05,25947.9310177332,25947.9310177332,6.7321,6.7321,53.0,34,Meme,14387.148203115721,2026-06-18T14:59:53.374Z,5943.546344784594,50893.437219054285,,3.5374235741891265,2x-5x,0,1,1,0,0,,,,
HfJ4jfZaH1LQKQGNbi3gVjP2ei4UxU3A35UypGG7pump,gta,grend thuft autism,newSignal,2026-06-18T15:11:57.528Z,2026-06-18T15:04:13.000Z,2026-06-18 15:11:57,2026-06-18 15:11:57,1,16246.23345377686,12463.1767803536,12163.7828566838,1.6246233453776862e-05,18831.21893331767,18831.21893331767,6.2919,6.2919,27.0,17,Meme,12463.1767803536,2026-06-18T15:09:28.563Z,2223.748421296073,21981.160742067113,,1.7636884342936738,<2x,0,0,0,0,0,,,,
3NM6eyKwURUuYfor6Kj4tBo1zJt2StMWAszjGbQzpump,RETIRE,I will Retire Before This Game,newSignal,2026-06-18T15:12:43.106Z,2026-06-18T15:11:47.000Z,2026-06-18 15:12:43,2026-06-18 15:12:43,1,18271.04937951948,15753.335747906402,12899.53548896152,1.827104937951948e-05,40010.013569909,40010.013569909,7.3993,7.3993,164.0,123,Meme,15753.335747906402,2026-06-18T15:12:17.136Z,2006.0338155899622,15753.335747906402,,1.0,<2x,0,0,0,0,0,,,,
12z7AWnW5Q8mAS9qFtCWnnMdhNvqScZHe8w627EfEASY,VSK,Varsko Intelligence,newSignalRay,2026-06-18T15:34:57.068Z,2026-06-18T15:24:52.000Z,2026-06-18 15:34:57,2026-06-18 15:50:34,2,121627.95566887943,65666.98574341489,34134.238539351645,0.00012162795750154942,171231.07905100673,171231.07905100673,26.7646,26.7646,325.0,112,,65666.98574341489,2026-06-18T15:31:22.497Z,155381.9821214968,283015.0597371528,,4.309853064415001,2x-5x,0,1,1,0,0,,,,
9h66V2NiHU3PpviwceSg4KZ7xqStLTDej58o5pdhpump,Vort,Vort,newSignal,2026-06-18T15:35:51.349Z,2026-06-18T15:32:19.000Z,2026-06-18 15:35:51,2026-06-18 15:46:17,7,18443.32321153024,13205.560122046025,12867.350858581152,1.8443323211530242e-05,6370.0532412742,6370.0532412742,8.0023,8.0023,32.0,24,AI Agents,13205.560122046025,2026-06-18T15:35:51.121Z,154017.62799674712,409512.436584487,,31.010607107897403,20x+,0,1,1,1,1,,,,
FXsUoxWMENpigXp4Rdpp74TGubsNoHfjECcvoWN2pump,404,Coin Not Found,newSignal,2026-06-18T15:45:11.355Z,2026-06-18T15:42:11.000Z,2026-06-18 15:45:11,2026-06-18 15:47:13,2,17315.19791832079,12900.651136253346,12415.666177878515,1.731519791832079e-05,31086.261925971,31086.261925971,6.9556,6.9556,61.0,42,Meme,12900.651136253346,2026-06-18T15:45:10.886Z,1948.887468444611,17547.946589318843,,1.360237278256885,<2x,0,0,0,0,0,,,,
CFpfvwCRMydgQPqvazc9EZL4meuDg4qUKBhWnyoppump,Kyu,きゅう,newSignal,2026-06-18T15:46:33.440Z,2026-06-18T15:39:35.000Z,2026-06-18 15:46:33,2026-06-18 15:46:33,1,16248.425485442556,15989.367325494422,12027.341400651392,1.6248517522402778e-05,37115.327124195,37115.327124195,4.2778,4.2778,26.0,20,Animals,15989.367325494422,2026-06-18T15:46:33.288Z,2338.307598905704,15989.367325494422,,1.0,<2x,0,0,0,0,0,,,,
7eLYwhsZvT1HxXk1HGQsT172Jt7fpBfrdHBvd7Copump,STRETEGY,Stretegy,newSignal,2026-06-18T15:47:11.402Z,2026-06-18T15:21:03.000Z,2026-06-18 15:47:11,2026-06-18 15:47:11,1,15844.755787694266,12696.01456320147,17084.52484174811,1.5844755787694266e-05,39025.77172980012,39025.77172980012,3.0388,3.0388,38.0,15,Others,12696.01456320147,2026-06-18T15:21:22.895Z,4450.803224701,20583.548156144967,,1.621260597463788,<2x,0,0,0,0,0,,,,
6qkTpztRauSeKsPCrVMpnVosjsEnFWbnnYf8ieUzpump,COD,Cat On Duty,newSignal,2026-06-18T15:57:21.273Z,2026-06-18T15:49:11.000Z,2026-06-18 15:57:21,2026-06-18 16:09:48,3,15992.644555724677,14036.050601621075,11885.373641347658,1.5992644555724676e-05,32404.01835786038,32404.01835786038,6.3559,6.3559,31.0,18,Cats,14036.050601621075,2026-06-18T15:57:21.006Z,1352.9211449329653,32484.549091680437,,2.31436534490184,2x-5x,0,1,0,0,0,,,,
8WMAKbe2FhKLnUTXd347vZr9WR85i8TARpCjqNpfpump,HER,Her Persistence,newSignal,2026-06-18T16:01:27.499Z,2026-06-18T14:34:21.000Z,2026-06-18 16:01:27,2026-06-18 16:01:27,1,15770.03836966906,16103.524177123587,11784.368619818155,1.577003836966906e-05,13945.0041411156,21034.8620763435,0.6121,6.9799,22.0,16,AI Agents,16103.524177123587,2026-06-18T16:01:27.362Z,11705.463042189509,19179.72789860426,,1.191026739715191,<2x,0,0,0,0,0,,,,
BtSDBUYiCnnnC4sN52b1Xiti4ZWsthHVtTCyfYnvzGjE,COLLECTR,collectr.fun,newSignalRay,2026-06-18T16:02:15.717Z,2026-06-11T10:20:19.000Z,2026-06-18 16:02:15,2026-06-18 16:12:37,2,45764.43063005033,54422.548812854366,18633.336749986534,,13745.020279881426,13745.020279881426,0.3927,0.3927,53.0,26,,54422.548812854366,2026-06-18T16:02:15.521Z,22105.811852123254,63868.24290404867,,1.1735621410102584,<2x,0,0,0,0,0,,,,
5XGHP7Kxe5xzMairhGhBgFHo51qwomGwaiHhMBXLpump,Yuji,Yuji naka,newSignal,2026-06-18T16:03:33.589Z,2026-06-18T16:02:39.000Z,2026-06-18 16:03:33,2026-06-18 16:04:12,2,22351.749177530684,12498.777174157281,14038.74117715473,2.2351749177530685e-05,7660.8687408085,7660.8687408085,10.302,10.302,37.0,35,Mascot,12498.777174157281,2026-06-18T16:03:27.549Z,2004.3395023893502,25600.621422408527,,2.048250086043687,2x-5x,0,1,0,0,0,,,,
HQWWVyM3KfXt7bCf8dtw2yW3E5YybLg5LJ5tDzg1pump,ASI6900,ANSEM ETF,newSignal,2026-06-18T16:04:34.720Z,2026-06-18T16:00:45.000Z,2026-06-18 16:04:34,2026-06-18 16:04:34,1,15843.21799044601,12857.322016525812,11822.234351274808,1.584321799044601e-05,22066.3458863586,22066.3458863586,5.5339,5.5339,58.0,43,Celebrities,12857.322016525812,2026-06-18T16:02:15.600Z,1944.9106721556836,12857.322016525812,,1.0,<2x,0,0,0,0,0,,,,
BWPA8hVRxr37FYW6vzkRW2Q2n9VZZNYxPvC9v4t4pump,Jorge,RIP Jorge Messi,newSignal,2026-06-18T16:10:10.244Z,2026-06-18T15:55:50.000Z,2026-06-18 16:10:10,2026-06-18 16:10:31,2,16201.65043071118,15756.38572753087,11972.368977588543,1.6201650430711183e-05,30707.49074071154,30707.49074071154,7.0886,7.0886,58.0,45,Meme,15756.38572753087,2026-06-18T16:10:10.093Z,2123.336385256748,15756.38572753087,,1.0,<2x,0,0,0,0,0,,,,
BeSgv6xHNqDdZNRVo7zzXGApHCVNuNW7GqJ9FJqkpump,NARUTO,Naruto TCG,newSignal,2026-06-18T16:19:44.951Z,2026-06-18T16:16:57.000Z,2026-06-18 16:19:44,2026-06-18 16:24:37,3,17006.749415192433,12407.003635643576,12262.843757527231,1.7006749415192432e-05,31915.47057460944,31915.47057460944,7.5756,7.5756,100.0,72,Gaming,12407.003635643576,2026-06-18T16:19:44.480Z,3568.575341386712,24977.974165056097,,2.013215672259327,2x-5x,0,1,0,0,0,,,,
3P9p3R2fXMcJQXUqrv1hnyiWiBhGArVgrwzujRgbpump,Fetch,The Robodog,newSignal,2026-06-18T16:30:00.141Z,2026-06-18T16:22:44.000Z,2026-06-18 16:30:00,2026-06-18 16:35:12,2,17573.671482057547,12222.141944385148,12475.353432093498,1.7573671482057548e-05,67581.69044074125,67581.69044074125,7.3078,7.3078,53.0,39,Dogs,12222.141944385148,2026-06-18T16:29:42.050Z,2584.2964328056914,21466.214250600784,,1.7563381564605673,<2x,0,0,0,0,0,,,,
D5UbiydvQRQtjYb1ktXchR7uS8sQWNdbVeJx2rfspump,CENTER,Card Center,newSignal,2026-06-18T16:30:07.594Z,2026-06-18T16:29:41.000Z,2026-06-18 16:30:07,2026-06-18 16:30:18,2,15010.6505530818,14459.931405012554,11529.804953615236,,8435.1789452638,8435.1789452638,7.438,7.438,62.0,46,,14459.931405012554,2026-06-18T16:30:07.448Z,1944.7246560115066,14459.931405012554,,1.0,<2x,0,0,0,0,0,,,,
8sxW7Yh8RMfukMu4r4JDw71vM1zg4NUBcexn7Phjpump,GTA,Gacha Theft Auto,newSignal,2026-06-18T16:31:01.015Z,2026-06-18T16:30:40.000Z,2026-06-18 16:31:01,2026-06-18 16:32:50,2,15979.43433849448,20551.16374735408,11892.076057105764,1.5979434338494482e-05,26714.02759972002,26714.02759972002,7.213,7.213,21.0,21,,20551.16374735408,2026-06-18T16:31:00.808Z,1982.841705383131,22720.541270323323,,1.1055598383448502,<2x,0,0,0,0,0,,,,
ANSEMXz1hgHdGcnY7cgpDxPy6owAjWwk4wGYUq85dzBd,ansem,ansem,newSignal,2026-06-18T16:42:38.611Z,2026-06-18T16:40:06.000Z,2026-06-18 16:42:38,2026-06-18 16:42:56,2,17263.18744214426,14492.352970093518,12355.837939206336,1.726318744214426e-05,16198.0873211232,16198.0873211232,8.219,8.219,71.0,56,Celebrities,14492.352970093518,2026-06-18T16:42:38.412Z,2046.0187659293508,14492.352970093518,,1.0,<2x,0,0,0,0,0,,,,
Gn2SDa53t9zegwdKX71ywUVZbjJZDXnBBkGP3T2Apump,COMOS,ComputeOS,newSignal,2026-06-18T16:48:39.754Z,2026-06-18T16:48:32.000Z,2026-06-18 16:48:39,2026-06-18 17:31:03,3,16451.57390153202,13541.96043731449,12071.378934831655,1.6451573901532022e-05,21864.88198712076,21864.88198712076,7.2917,7.2917,23.0,19,AI Agents,13541.96043731449,2026-06-18T16:48:39.602Z,110814.28706145151,148789.79165545895,,10.98731548834487,10x-20x,0,1,1,1,1,,,,
EFUtSY7W5Q5s7MvF6n4dFRsfdauNNwGEpTaiBKtrpump,CRASH,Crash Bandicoot,newSignal,2026-06-18T17:09:29.417Z,2026-06-18T17:09:04.000Z,2026-06-18 17:09:29,2026-06-18 17:22:00,3,34730.4724479417,15474.182299267199,12987.011195470448,3.47304724479417e-05,15073.18442439075,15073.18442439075,16.6501,16.6501,68.0,44,,15474.182299267199,2026-06-18T17:09:17.535Z,3108.76103089015,156380.2085023908,,10.105878648579473,10x-20x,0,1,1,1,1,,,,
8Ed8BUEffgNvhA3H8euhbAGvkEvvEQQeYR6zqDXMpump,SATURN,ꜱᴀᴛᴜʀɴ ᴛʜᴇᴏʀʏ,newSignal,2026-06-18T17:11:35.839Z,2026-06-18T17:07:23.000Z,2026-06-18 17:11:35,2026-06-18 17:47:40,3,15317.05672567606,12344.924539876085,11657.874121395214,1.531705672567606e-05,24696.48060766485,24696.48060766485,6.4047,6.4047,66.0,46,Space,12344.924539876085,2026-06-18T17:08:22.007Z,1237.6339633580508,26607.268222010916,,2.1553204425077834,2x-5x,0,1,0,0,0,,,,
6vAt3dpvZmV7xTXS8LKTQNyvG2bdprh4gs63fCy1pump,Margot,The Surf Dog,newSignal,2026-06-18T17:15:20.703Z,2026-06-18T17:10:23.000Z,2026-06-18 17:15:20,2026-06-18 17:23:51,4,17378.40729583592,13646.799460601784,12407.661733640143,1.7378407295835922e-05,23508.8041260371,23508.8041260371,7.7727,7.7727,78.0,57,Animals,13646.799460601784,2026-06-18T17:14:52.325Z,1390.7595257433045,28014.42064424622,,2.0528198369972137,2x-5x,0,1,0,0,0,,,,
GW637WykoW4cnzKsyxSUhHEZQLU5Vq9ev7d5kdzYpump,OBI,OBI,newSignalRay,2026-06-18T17:15:57.803Z,2026-06-18T17:14:32.000Z,2026-06-18 17:15:57,2026-06-18 18:26:57,6,72964.16949623369,68131.14504034305,18808.870944634255,,25259.1275877444,25259.1275877444,28.6863,28.6863,65.0,25,Others,68131.14504034305,2026-06-18T17:15:57.454Z,1499139.9721179379,2714753.0502600796,,39.84599185368998,20x+,0,1,1,1,1,,,,
8PFLdCjSUpfvTiNRxasLcHGgsmY6LZ42mjf1gq29pump,DPAD,Dpad Gaming,newSignal,2026-06-18T17:17:51.747Z,2026-06-18T16:31:15.000Z,2026-06-18 17:17:51,2026-06-18 17:21:37,2,16202.309640928492,13499.143247456921,11984.824620701513,1.6202309640928493e-05,37125.219473744,37125.219473744,7.1453,7.1453,20.0,16,Gaming,13499.143247456921,2026-06-18T17:17:51.605Z,6580.149940813206,16938.307765598176,,1.2547690957194009,<2x,0,0,0,0,0,,,,
96rbFsE5jawtCNwXhRSKW8SkvKNsDZUidkW6TEX2pump,SKI,Ski Mask Dog,newSignal,2026-06-18T17:24:45.206Z,2026-06-18T17:16:43.000Z,2026-06-18 17:24:45,2026-06-18 17:28:03,2,15109.076847398648,12259.878086590174,11563.338555865434,1.5109076847398649e-05,24424.90496466804,24424.90496466804,6.1478,6.1478,26.0,14,Dogs,12259.878086590174,2026-06-18T17:24:45.067Z,2020.6148921051301,12259.878086590174,,1.0,<2x,0,0,0,0,0,,,,
FdUCnpoTktJrmct55L3Rfpk9NDbd3KZpicwUXA9Bpump,Sheba,The Human Chimp,newSignal,2026-06-18T17:34:42.156Z,2026-06-18T17:03:55.000Z,2026-06-18 17:34:42,2026-06-18 17:34:42,1,16441.519817653025,13432.674873484559,12086.09574608716,1.644151991466406e-05,39895.99595018735,39895.99595018735,6.7565,6.7565,20.0,16,Animals,13432.674873484559,2026-06-18T17:34:42.011Z,2278.9155281142343,23172.512616833636,,1.7250854974964844,<2x,0,0,0,0,0,,,,
CszvPGwxpXsJX9ghRUpEGotu2c4stu4v7Gx3i6tpump,DRIPZ,Dripz,newSignal,2026-06-18T17:48:21.657Z,2026-06-18T17:46:25.000Z,2026-06-18 17:48:21,2026-06-18 17:48:21,1,19446.03469770281,13887.680045742885,13111.668802587754,,22148.24384648708,22148.24384648708,7.7104,7.7104,87.0,69,Protocols,13887.680045742885,2026-06-18T17:48:16.100Z,1983.360102805062,13887.680045742885,,1.0,<2x,0,0,0,0,0,,,,
2b7TqTfTW3Mo9AUunUADFtRxGqcDDZryHJg69MRPpump,JIN,Aladdin X Jin,newSignal,2026-06-18T17:52:08.391Z,2026-06-18T17:49:36.000Z,2026-06-18 17:52:08,2026-06-18 17:52:21,2,21524.454463043476,17527.076216881025,13795.6450200052,2.1524454463043477e-05,16690.84274320608,16690.84274320608,9.8493,9.8493,94.0,72,Celebrities,17527.076216881025,2026-06-18T17:52:03.134Z,1343.1077617238986,17527.076216881025,,1.0,<2x,0,0,0,0,0,,,,
7g1VjtbBGps9hmfkMoTw2fD5i3Q8Qbx5ypCMNRq8pump,MSTR,Meme Strategy,newSignal,2026-06-18T17:52:52.342Z,2026-06-18T17:50:57.000Z,2026-06-18 17:52:52,2026-06-18 17:54:56,3,12375.178061920045,12322.71560285671,10461.205123527028,,24849.37237290624,24849.37237290624,7.1392,7.1392,41.0,29,Meme,12322.71560285671,2026-06-18T17:52:52.119Z,1938.3276512948141,23046.94750257778,,1.8702815390168486,<2x,0,0,0,0,0,,,,
9NXV4xRwubmrKRqWaH7jBvmUoNLgp6uMbZNL1XBapump,MTRG,Micro Tragedy,newSignal,2026-06-18T17:54:12.991Z,2026-06-18T17:47:42.000Z,2026-06-18 17:54:12,2026-06-18 17:54:40,2,19528.423694036173,12890.082677681161,13143.24292367699,1.9528423694036175e-05,38813.92282318629,38813.92282318629,8.5957,8.5957,38.0,28,Meme,12890.082677681161,2026-06-18T17:50:09.133Z,1937.2923450124115,37893.95492197835,,2.939775940117959,2x-5x,0,1,0,0,0,,,,
8z6P5j8SY5fHp9pXMzTgvRqvYNjLwdXMfVMasvvvpump,Jasper,Сat Wif Glasses,newSignal,2026-06-18T17:55:42.692Z,2026-06-18T17:34:25.000Z,2026-06-18 17:55:42,2026-06-18 17:55:42,1,15394.15557195468,12755.757275755199,11668.505775532178,1.539415557195468e-05,42031.79851515216,42031.79851515216,6.2869,6.2869,24.0,10,Cats,12755.757275755199,2026-06-18T17:42:25.781Z,4654.9046233805,17461.577676142355,,1.3689173679505084,<2x,0,0,0,0,0,,,,
6bZKdLxmc6PKnWakoJzd9NUFwEG1kYazN7eduSRZpump,Hunch,Hunch,newSignalRay,2026-06-18T18:00:46.696Z,2026-06-18T18:00:12.000Z,2026-06-18 18:00:46,2026-06-18 18:00:46,1,61161.22808793941,67764.68075974299,17259.357160334148,,78195.1721334712,78195.1721334712,36.1528,36.1528,259.0,126,Others,67764.68075974299,2026-06-18T18:00:46.554Z,1598.6049971729751,67764.68075974299,,1.0,<2x,0,0,0,0,0,,,,
G4fjJVJudj3fadE5DfcQS4v7DkmYFPsAnRwgvq1JyWcQ,PNUTEROID,Pnut Asteroid,newSignal,2026-06-18T18:05:47.907Z,2026-06-18T18:03:28.000Z,2026-06-18 18:05:47,2026-06-18 18:06:17,2,22887.560809662486,12127.067759490457,14203.935644916588,2.288756080966249e-05,34196.578348232,34196.578348232,9.6599,9.6599,153.0,113,Space,12127.067759490457,2026-06-18T18:05:27.980Z,1361.26858867927,42119.621150123254,,3.473190880554047,2x-5x,0,1,1,0,0,,,,
86xF689hT7NQuBfs7fqGag8pxeV1pgABSJ1nQdzbW4eq,GPTS,GPT Strategy,newSignal,2026-06-18T18:16:02.390Z,2026-06-18T18:14:03.000Z,2026-06-18 18:16:02,2026-06-18 18:23:28,5,15832.830381731479,12788.301204660278,11806.228596369623,1.583283038173148e-05,30931.1297973813,30931.1297973813,5.2312,5.2312,125.0,79,Others,12788.301204660278,2026-06-18T18:16:02.098Z,1658.203131565743,34378.356850792734,,2.6882661192140724,2x-5x,0,1,0,0,0,,,,
8eZXqAKedWw8XvUutBmYtn6cCiL2FThfnDYiMwZspump,NPC,Non Playable Corporation,newSignal,2026-06-18T18:18:38.474Z,2026-06-18T18:17:48.000Z,2026-06-18 18:18:38,2026-06-18 18:19:52,3,21413.71319151169,19362.432225972556,13724.940054037377,2.1413713191511693e-05,27115.40651881928,27115.40651881928,9.7056,9.7056,20.0,18,AI Agents,19362.432225972556,2026-06-18T18:18:38.322Z,1315.604100029493,50909.7560775203,,2.6293058373746305,2x-5x,0,1,0,0,0,,,,
GeYVEudE3LfnTdbqTpJHWENTfTft1uQydD7tw26mpump,Fang,Sabertooth Tiger,newSignal,2026-06-18T18:24:51.816Z,2026-06-18T18:24:27.000Z,2026-06-18 18:24:51,2026-06-18 18:26:59,4,14414.6279867292,12522.952001187668,11270.604364712855,1.44146279867292e-05,21729.0904116475,21729.0904116475,6.7995,6.7995,35.0,25,Animals,12522.952001187668,2026-06-18T18:24:51.681Z,1453.172716848199,36865.14172558142,,2.94380603887048,2x-5x,0,1,0,0,0,,,,
EvFZj7rVA4ttaCtx7NTb5euv2zB61soqJ9UcMiZdpump,AYOUB,Justice For Ayoub,newSignal,2026-06-18T18:34:21.326Z,2026-06-18T18:30:04.000Z,2026-06-18 18:34:21,2026-06-18 18:35:57,2,15062.5078647145,14677.792497595125,11546.334622293296,1.50625078647145e-05,24624.55361950117,24624.55361950117,5.7176,5.7176,65.0,49,Others,14677.792497595125,2026-06-18T18:34:21.047Z,1936.9123522746308,16568.68406011786,,1.1288266994394796,<2x,0,0,0,0,0,,,,
8F9bYsEuk98unhYsp9GkUk3qXPAAf4NoyU7N11i4pump,CLV,CLAWVille,newSignal,2026-06-18T18:37:13.167Z,2026-06-18T18:37:03.000Z,2026-06-18 18:37:13,2026-06-18 18:37:13,1,38340.673096762395,20003.24352564352,13669.139314887349,3.83406730967624e-05,51961.99175990295,51961.99175990295,19.5387,19.5387,21.0,16,Others,20003.24352564352,2026-06-18T18:37:13.058Z,1455.3391917181716,42438.072434944,,2.121559555106138,2x-5x,0,1,0,0,0,,,,
DxP24NfUZZZE4sNUWDKdvd76yGCeZ6DsuSojn2Kwanon,anon,anon,newSignal,2026-06-18T18:40:14.783Z,2026-06-18T18:15:46.000Z,2026-06-18 18:40:14,2026-06-18 18:40:14,1,15443.643656324683,12218.248339728616,11673.62498536231,1.5443643656324682e-05,23436.55591960794,23436.55591960794,6.6846,6.6846,45.0,30,Meme,12218.248339728616,2026-06-18T18:40:14.644Z,2123.524712318214,12218.248339728616,,1.0,<2x,0,0,0,0,0,,,,
H4chsqkobEKjjiAt7r3TLJvp7qprR6aasjJFtkQcAqun,SKI,Ski Mask Dog,newSignalRay,2026-06-18T18:41:48.449Z,2026-06-18T17:59:25.000Z,2026-06-18 18:41:48,2026-06-18 18:41:48,1,133731.59881816583,148026.5943378711,25850.013024945343,0.00013401956867230958,173221.09471543846,188678.3194655588,6.7613,64.7407,82.0,24,Dogs,148026.5943378711,2026-06-18T18:41:48.090Z,48750.72389671323,190785.92593291178,,1.288862496541955,<2x,0,0,0,0,0,,,,
A3pSvCXGcdvicHn8cR7PinrTjpuPLXcsTBZQTkTjpump,DINNER,Chicken Dinner,newSignal,2026-06-18T18:46:35.412Z,2026-06-18T18:19:18.000Z,2026-06-18 18:46:35,2026-06-18 18:47:23,2,22239.499456046462,12784.435638477036,14011.631629329595,2.223949945604646e-05,33332.84286664776,33332.84286664776,10.5223,10.5223,26.0,10,Gaming,12784.435638477036,2026-06-18T18:37:10.503Z,2921.8581360331086,31210.97862764082,,2.4413262744039965,2x-5x,0,1,0,0,0,,,,
4ccm6bP9obG1y67kbZt5P2iuYet6sj3JSVfm9w6Ypump,OPAQUE,OpaquePay,newSignal,2026-06-18T18:50:42.836Z,2026-06-18T18:35:46.000Z,2026-06-18 18:50:42,2026-06-18 18:50:42,1,19348.15259629909,19456.85245175266,13075.775785764516,1.934815259629909e-05,34756.66626994375,34756.66626994375,8.8014,8.8014,25.0,10,Protocols,19456.85245175266,2026-06-18T18:50:42.713Z,7642.929253379492,24483.115499345455,,1.2583286818901704,<2x,0,0,0,0,0,,,,
DwL2vQEuNgPcECPaPASboE8NhfRqbGdXe2CbxHT4bonk,BOINKS,Boinks,newSignal,2026-06-18T18:52:22.538Z,2026-06-18T18:50:45.000Z,2026-06-18 18:52:22,2026-06-18 18:52:22,1,15883.171208597296,12099.409767133311,15692.452549773841,1.5883171208597298e-05,33333.70937888772,33333.70937888772,3.9091,3.9091,181.0,119,Meme,12099.409767133311,2026-06-18T18:52:16.656Z,2900.3367635426184,12099.409767133311,,1.0,<2x,0,0,0,0,0,,,,
Ctv6tiNS9f5KpajmqPwDo2We2J7zVfZ1A3ufHLeLpump,KSTR,Kins Strategy,newSignalRay,2026-06-18T18:53:53.491Z,2026-06-18T18:52:15.000Z,2026-06-18 18:53:53,2026-06-18 19:14:01,4,83955.82590955583,70492.9406621657,20318.942842410608,,77739.96839705257,77739.96839705257,39.7757,39.7757,124.0,69,Others,70492.9406621657,2026-06-18T18:53:53.282Z,97671.09093166431,294544.9968217972,,4.178361606921622,2x-5x,0,1,1,0,0,,,,
DYiM38A1bGivRNAqhFUDXKamJyKTmSBRorefom9vpump,BILLBOARD,Billboard coin,newSignal,2026-06-18T18:57:22.942Z,2026-06-18T18:55:31.000Z,2026-06-18 18:57:22,2026-06-18 18:57:22,1,15717.977346776901,13108.188907327953,11783.913926433364,1.5717977346776903e-05,29926.54323550861,29926.54323550861,5.7346,5.7346,135.0,99,Others,13108.188907327953,2026-06-18T18:56:26.340Z,1937.3941444478353,13108.188907327953,,1.0,<2x,0,0,0,0,0,,,,
92tW8BbWytcJ5jGadZftbSadEfSy9jqjDHVZodyipump,POKEWORLD,PokeWorld,newSignal,2026-06-18T18:58:41.885Z,2026-06-18T18:58:04.000Z,2026-06-18 18:58:41,2026-06-18 19:01:34,3,14461.519912427853,12579.736294501621,11302.109560966115,1.4461519912427854e-05,15446.94381726615,15446.94381726615,6.5232,6.5232,68.0,43,Others,12579.736294501621,2026-06-18T18:58:41.699Z,2161.085520779038,12579.736294501621,,1.0,<2x,0,0,0,0,0,,,,
ooMnSRKs3d8zrw39MAFHij7JP8skRFA3dihionMpump,Clitcoin,Clitcoin,newSignal,2026-06-18T19:01:51.496Z,2026-06-18T18:55:41.000Z,2026-06-18 19:01:51,2026-06-18 19:04:10,2,18921.084970166343,14478.82138698843,12923.19160229189,1.892108497016634e-05,43735.81453332488,43735.81453332488,8.5538,8.5538,88.0,57,Meme,14478.82138698843,2026-06-18T19:01:19.158Z,1953.2590732338165,16638.781353697013,,1.1491806486852347,<2x,0,0,0,0,0,,,,
FbBzPWxRZ1TBC4kKPKkmNCA2fNP5xFvkqQqHPubSpump,ANSEM,The Black Bear,newSignal,2026-06-18T19:04:13.334Z,2026-06-18T19:03:05.000Z,2026-06-18 19:04:13,2026-06-18 19:08:02,4,15452.032478312818,12525.735126666172,11678.503128148575,1.545203247831282e-05,16425.90527190606,16425.90527190606,6.442,6.442,48.0,48,Meme,12525.735126666172,2026-06-18T19:04:13.215Z,4996.819611604911,38345.917700986574,,3.061370635193422,2x-5x,0,1,1,0,0,,,,
9hgbjVxihuEm6wrHPpDgJ9kxU7Cpr7ypz3kfg45xpump,CENTER,Card Center,newSignal,2026-06-18T19:19:38.318Z,2026-06-18T19:18:53.000Z,2026-06-18 19:19:38,2026-06-18 19:19:38,1,17127.84482122832,12843.44933632531,12299.07258949188,1.712784482122832e-05,8488.34173720575,8488.34173720575,7.8474,7.8474,56.0,48,Others,12843.44933632531,2026-06-18T19:19:38.191Z,1927.6182342356558,12843.44933632531,,1.0,<2x,0,0,0,0,0,,,,
CAhc23UwNgpaNigajHgrKwk4HLNQjtn5buMLTGV4BAGS,CNTBAGWORK,CNTbagwork,newSignalRay,2026-06-18T19:24:06.116Z,2026-06-18T19:20:38.000Z,2026-06-18 19:24:06,2026-06-18 19:24:06,1,264374.6750237636,265343.1831352435,6681.434716420169,0.0002643746750237636,25296.67750691018,25296.67750691018,3.9674,3.9674,49.0,22,Meme,265343.1831352435,2026-06-18T19:24:05.699Z,27473.75422825037,265343.1831352435,,1.0,<2x,0,0,0,0,0,,,,
ETtABB3uDgZonCLohMv87zD1DQ74w1en2XEGMwNtpump,SCF,Smoking Chicken Fish,newSignal,2026-06-18T19:26:45.717Z,2026-06-18T19:25:26.000Z,2026-06-18 19:26:45,2026-06-18 19:27:42,2,16337.974435001626,12561.406427920152,12015.631213816383,1.6337974435001624e-05,25638.9317572089,25638.9317572089,7.7352,7.7352,109.0,83,Meme,12561.406427920152,2026-06-18T19:26:33.769Z,1946.0988517168882,14499.649180015387,,1.1543014122835096,<2x,0,0,0,0,0,,,,
ATA7qqjkSPDwAempd5MyEJoCnxRKvmyTgGC8fxkkpump,くまきち,Kumakichi,newSignal,2026-06-18T19:28:38.905Z,2026-06-18T19:26:21.000Z,2026-06-18 19:28:38,2026-06-18 19:43:26,5,15093.5794919549,12043.021463490932,11562.487395627657,1.50935794919549e-05,20221.2228332618,20221.2228332618,6.3572,6.3572,97.0,77,Others,12043.021463490932,2026-06-18T19:28:38.767Z,4561.9267265861745,74337.69267042872,,6.1726779193898675,5x-10x,0,1,1,1,0,,,,
4U8rhtC8p9wnmofM8spjuuBrYSaJjG1cM66Cgqa6pump,小橘猫,Xiaojucat,newSignal,2026-06-18T19:33:05.181Z,2026-06-18T19:31:00.000Z,2026-06-18 19:33:05,2026-06-18 19:43:07,2,15187.129176923629,12555.462034297261,11612.614567882447,1.5187129176923629e-05,17225.79798089725,17225.79798089725,6.1812,6.1812,51.0,52,Cats,12555.462034297261,2026-06-18T19:33:05.050Z,2059.9333133387377,17374.21535062532,,1.3837973706714146,<2x,0,0,0,0,0,,,,
Nn1eM2aRiP6LCmBVnSPiB37mytdDUfiwnqEBg4rpump,クマキチ,Kumakichi,newSignal,2026-06-18T19:38:09.407Z,2026-06-18T19:35:04.000Z,2026-06-18 19:38:09,2026-06-18 19:40:41,3,19027.838008620423,14666.892782234538,12997.341109630555,1.9027838008620422e-05,32816.6241892842,32816.6241892842,7.3099,7.3099,87.0,59,Others,14666.892782234538,2026-06-18T19:38:09.214Z,1234.6648254803388,15883.141464276645,,1.0829247680541652,<2x,0,0,0,0,0,,,,
CVXrRZc3RSrtF72N6869gxcNAnX5CeryrqLcVRUpump,DRIPZ,dripz,newSignal,2026-06-18T19:45:33.724Z,2026-06-18T19:40:42.000Z,2026-06-18 19:45:33,2026-06-18 19:46:17,2,16092.369201901422,14680.929896819798,11966.69154277752,1.6092369201901423e-05,24579.57794380616,24579.57794380616,6.9364,6.9364,36.0,21,Protocols,14680.929896819798,2026-06-18T19:42:58.224Z,5578.880722482672,45809.41024338399,,3.1203343770006886,2x-5x,0,1,1,0,0,,,,
cY435H7F4wcZ4NgWQFM3wUjBDffdb3qdsQST2EVpump,SPEEDYCAT,Speedycat,newSignal,2026-06-18T19:49:51.043Z,2026-06-18T19:44:57.000Z,2026-06-18 19:49:51,2026-06-18 20:13:27,3,17882.042000199264,13310.01663358081,12629.991043823078,1.7882042000199264e-05,40430.8313250534,40430.8313250534,5.129,5.129,31.0,17,Animals,13310.01663358081,2026-06-18T19:45:49.851Z,15988.594926007492,32438.12110051871,,2.437121003942115,2x-5x,0,1,0,0,0,,,,
6rUpVFQXUmoFxhNSrzrnhade2XWUyceD4eKqSKPapump,SOLCITY,SolCity,newSignal,2026-06-18T19:55:55.955Z,2026-06-18T19:55:35.000Z,2026-06-18 19:55:55,2026-06-18 20:10:02,3,17652.936729550234,13780.521157373703,12553.34797349448,1.7652936729550237e-05,29107.20536521014,29107.20536521014,7.7788,7.7788,31.0,29,Gaming,13780.521157373703,2026-06-18T19:55:50.093Z,1804.3893760235649,26623.439592121245,,1.9319617370113418,<2x,0,0,0,0,0,,,,
5Czp7KA5GFY15UmNxfb82PhaEnvdYYmk2cvzB1pcpump,SHITCOIN,SHIT,newSignal,2026-06-18T20:01:15.260Z,2026-06-18T19:58:23.000Z,2026-06-18 20:01:15,2026-06-18 20:20:02,5,16842.728603155138,12958.531144578872,12269.148622171106,1.6842728603155137e-05,5784.88947301031,5784.88947301031,7.6701,7.6701,21.0,19,Meme,12958.531144578872,2026-06-18T20:01:15.053Z,2393.343088292335,87052.89583355004,,6.717805811653902,5x-10x,0,1,1,1,0,,,,
5kZowpTbxTHFdoQBZWbiGvkCu4XTcFcrmdoarAvCpump,PumpFund,PumpFund,newSignal,2026-06-18T20:02:27.953Z,2026-06-18T20:02:03.000Z,2026-06-18 20:02:27,2026-06-18 21:05:50,4,18931.6353317776,12525.837936546723,13010.362754476384,1.8931635331777604e-05,29027.18467949168,29027.18467949168,7.1689,7.1689,96.0,70,Finance,12525.837936546723,2026-06-18T20:02:10.329Z,3021.4362025780274,110911.76827059966,,8.854638614394942,5x-10x,0,1,1,1,0,,,,
Brb2MMdagu9eANtjgyNimqzZmnEmJVm7ivrD1wkupump,clitcoin,clitcoin,newSignal,2026-06-18T20:05:22.937Z,2026-06-18T19:59:36.000Z,2026-06-18 20:05:22,2026-06-18 20:12:34,3,15352.997791755904,12151.320892606733,16817.373287632687,1.5352997791755904e-05,22031.091940591297,22031.091940591297,2.2963,2.2963,53.0,36,Others,12151.320892606733,2026-06-18T20:02:12.009Z,4000.934022041629,20510.47467974341,,1.6879214087929044,<2x,0,0,0,0,0,,,,
6dwpotLnFRMcWH2Ti6BaSNsF7hAhk1cGs1zVoKi9BAGS,DYMO,Daimyo,newSignalRay,2026-06-18T20:09:57.496Z,2026-06-18T20:09:35.000Z,2026-06-18 20:09:57,2026-06-18 20:10:41,2,1262989.6542271543,996400.3808532716,14623.720758591084,0.0012629896542271544,18018.62060314162,18018.62060314162,13.5828,13.5828,89.0,46,Gaming,996400.3808532716,2026-06-18T20:09:57.282Z,27180.08955623422,1345936.1012279927,,1.3507984612324162,<2x,0,0,0,0,0,,,,
8eZWTc2ddGHHcoknyoD6KtwK4D9LqgdVRs5g9J72pump,GTA,GTAfication,newSignal,2026-06-18T20:14:07.896Z,2026-06-18T19:04:01.000Z,2026-06-18 20:14:07,2026-06-18 20:14:07,1,14968.745627585928,14788.833085143682,16605.522384331925,1.4968745627585927e-05,12135.150014321353,30577.67088771182,0.8588,2.1832,22.0,13,Gaming,14788.833085143682,2026-06-18T20:14:07.694Z,4242.597172999153,14788.833085143682,,1.0,<2x,0,0,0,0,0,,,,
5nX54hyoDV1tYBAMA6ohZPLPs1TpScRG58xvDhzapump,w/w,ward&weave,newSignal,2026-06-18T20:15:42.458Z,2026-06-18T19:58:06.000Z,2026-06-18 20:15:42,2026-06-18 20:20:00,3,15056.60096188434,12664.556906280877,11618.555942330668,1.5056600961884341e-05,34301.90358685932,34301.90358685932,6.3482,6.3482,28.0,25,Others,12664.556906280877,2026-06-18T20:15:42.258Z,1713.7031197308495,51991.67867531068,,4.105289988434246,2x-5x,0,1,1,0,0,,,,
9qYjeVYArMTE5tRQe4G7fuE9nDQYdeUU32wDGqXcpump,SHT,SHITCOIN,newSignal,2026-06-18T20:17:29.442Z,2026-06-18T20:15:35.000Z,2026-06-18 20:17:29,2026-06-18 20:17:29,1,16182.957900395428,12868.228199211002,12047.07746341066,1.6182957900395426e-05,17143.75322268412,17143.75322268412,6.5547,6.5547,58.0,49,Meme,12868.228199211002,2026-06-18T20:17:29.298Z,1976.2823643495765,13961.391298265149,,1.084950552798028,<2x,0,0,0,0,0,,,,
BNaf755XNgUvoXPVeSYrSdkS1ATpQyAgSGDvnUAHpump,claudine,claudine,newSignal,2026-06-18T20:38:15.712Z,2026-06-18T20:37:56.000Z,2026-06-18 20:38:15,2026-06-18 20:41:41,4,17226.748660816946,15671.37422653362,12440.177293934412,1.7226748660816945e-05,20677.3542558709,20677.3542558709,7.5018,7.5018,35.0,25,Others,15671.37422653362,2026-06-18T20:38:15.577Z,1621.6084762653848,79347.57804371255,,5.063217615553271,5x-10x,0,1,1,1,0,,,,
HgjjhWAfjrJP5v2i2RATJ9AVg9JJ9Xhdpb9PFZ5vbank,POKEBANK,Pokebank,newSignal,2026-06-18T20:43:48.295Z,2026-06-18T20:36:23.000Z,2026-06-18 20:43:48,2026-06-18 20:48:33,4,15683.184727092745,12602.724243372691,16998.653584324766,1.5683184727092745e-05,15413.754114453775,15413.754114453775,2.8268,2.8268,26.0,17,Gaming,12602.724243372691,2026-06-18T20:43:48.092Z,4000.790584435362,16532.04834097564,,1.3117837081668462,<2x,0,0,0,0,0,,,,
9vfRMTdHQMHnQ5MiFN33xg6GLwLXnTAW4tbjS2mypump,Runechain,Runechain,newSignal,2026-06-18T20:44:14.536Z,2026-06-18T20:29:07.000Z,2026-06-18 20:44:14,2026-06-18 20:59:44,3,14922.16035636688,14383.656514555707,11581.1505783412,,12287.62298656008,12287.62298656008,6.6543,6.6543,20.0,16,Others,14383.656514555707,2026-06-18T20:44:14.385Z,28221.39554645694,65706.42062718244,,4.568130541819465,2x-5x,0,1,1,0,0,,,,
69wqXrrF2x9F5gnmcRxwgrWSPyAXmjfnQ6463uVVpump,daemon,daemon,newSignalRay,2026-06-18T20:47:41.815Z,2026-06-18T20:44:25.000Z,2026-06-18 20:47:41,2026-06-18 20:47:41,1,132131.73669446935,126019.37906149245,26035.16773706587,0.00013213173669446933,197789.146327325,197789.146327325,62.5222,62.5222,59.0,26,AI Agents,126019.37906149245,2026-06-18T20:47:41.692Z,1615.59787084033,307920.0722470464,,2.443434291933732,2x-5x,0,1,0,0,0,,,,
wF4Cdd3h7TYtyKdHN2KD5xmxPasmuMEcLAyqHWVpump,SPDR,Spider Robotics,newSignal,2026-06-18T20:50:54.616Z,2026-06-18T20:50:30.000Z,2026-06-18 20:50:54,2026-06-18 22:54:53,6,21814.64007527414,12697.410815848218,13997.10161768531,2.1814640075274136e-05,15328.60204422075,15328.60204422075,8.1155,8.1155,88.0,74,Others,12697.410815848218,2026-06-18T20:50:41.855Z,62367.110611544726,211870.72280428448,,16.686135927793952,10x-20x,0,1,1,1,1,,,,
3NMQuwg7WGqzqjqwUnR3Ciwo3AoVE39yYQnTqK49pump,TRENCHES,Trenches Tokens,newSignalRay,2026-06-18T20:57:37.555Z,2026-06-18T20:41:39.000Z,2026-06-18 20:57:37,2026-06-18 21:45:24,2,214216.5832009469,100753.08247188728,34088.989930112075,0.0002142165854341306,595684.2656243362,595684.2656243362,93.7688,93.7688,78.0,27,Gaming,100753.08247188728,2026-06-18T20:42:18.582Z,121544.47368600329,434922.65915396455,,4.316718143837627,2x-5x,0,1,1,0,0,,,,
6p7ijQRsaMKUW8hAEGqq7cpYbcDeVyb5XYPFUvxjpump,11,Justice For 11,newSignal,2026-06-18T20:59:53.003Z,2026-06-18T20:45:20.000Z,2026-06-18 20:59:53,2026-06-18 21:08:46,2,18466.944679064214,12777.301469341739,12881.116206341329,1.8466944679064215e-05,38864.23874958914,38864.23874958914,7.4933,7.4933,24.0,16,Others,12777.301469341739,2026-06-18T20:57:18.227Z,1764.1053243466931,28771.449989883356,,2.2517626322677353,2x-5x,0,1,0,0,0,,,,
GQLo3D8LzH1FLRqwRuBQEWqQvzPu2AiwcdABwoUupump,TARDS,WE TARDS,newSignal,2026-06-18T21:01:34.951Z,2026-06-18T20:57:08.000Z,2026-06-18 21:01:34,2026-06-18 21:22:53,4,15034.12254273782,12656.491890650026,11622.380489555375,1.503412254273782e-05,23521.731902086,23521.731902086,4.5183,4.5183,26.0,18,Meme,12656.491890650026,2026-06-18T21:01:34.823Z,1420.2330497114717,25748.050224622188,,2.0343749632268593,2x-5x,0,1,0,0,0,,,,
n6LWdEBYbnuYyPLTnRUAgwZ5rV2V4mNphnKhEvkGR2h,TAY,RIP Tay Keith,newSignal,2026-06-18T21:15:20.776Z,2026-06-18T21:14:54.000Z,2026-06-18 21:15:20,2026-06-18 21:15:20,1,16528.34930255127,15329.038844060382,12178.750358505738,1.6528349302551268e-05,16588.77146147145,16588.77146147145,5.3007,5.3007,74.0,57,Celebrities,15329.038844060382,2026-06-18T21:15:20.492Z,1942.9619691157654,15329.038844060382,,1.0,<2x,0,0,0,0,0,,,,
6qBvcmFT7K8hJHvHrpqzfbGTjjQnyK13GsLjswoGpump,TAY,TAY KEITH FUCK THESE NIGGAS UP,newSignal,2026-06-18T21:19:59.237Z,2026-06-18T21:15:35.000Z,2026-06-18 21:19:59,2026-06-18 21:30:11,2,12869.200341998903,13664.749268024127,10733.565445820523,,43313.3270175358,43313.3270175358,6.0429,6.0429,75.0,41,Meme,13664.749268024127,2026-06-18T21:19:59.045Z,2038.3466152660349,14873.836804970964,,1.0884822336093742,<2x,0,0,0,0,0,,,,
3PZQAKazQ2KMXDrW5ykMeLWqhtrqaxo5PcGo71Phpump,GTA,GREAT TIMES AHEAD,newSignal,2026-06-18T21:21:08.896Z,2026-06-18T21:19:45.000Z,2026-06-18 21:21:08,2026-06-18 21:21:08,1,15518.663299016325,12198.4824621816,11790.415884595985,1.5518663299016325e-05,41266.831466302,41266.831466302,3.7035,3.7035,64.0,54,Meme,12198.4824621816,2026-06-18T21:21:08.642Z,1994.6984528228431,17622.55976352243,,1.4446518096129457,<2x,0,0,0,0,0,,,,
8aiK3hHFurN9UdbWqdr3WWeoEXYNRPm6XBD8gQeUBAGS,TOPO,TOPOLOGIE,newSignalRay,2026-06-18T21:21:58.195Z,2026-06-18T21:21:23.000Z,2026-06-18 21:21:58,2026-06-18 21:21:58,1,302940.93634276977,275837.7044078661,7203.923292642045,0.0003029409363427698,22919.16904546664,22919.16904546664,4.6602,4.6602,41.0,22,Art,275837.7044078661,2026-06-18T21:21:58.012Z,27610.43784954475,275837.7044078661,,1.0,<2x,0,0,0,0,0,,,,
3FfN9vJQyVbNDhPJ6cc6DzPTwuDUdz7zG2PQakVhBAGS,BAG,Dog Wif Bag,newSignalRay,2026-06-18T21:22:13.180Z,2026-06-18T18:46:19.000Z,2026-06-18 21:22:13,2026-06-18 21:22:13,1,12443138.54171246,11878746.660668975,46006.00526258914,0.012443142002568838,25986.91729481172,65159.28000634746,0.5622,232.8242,84.0,30,Dogs,11878746.660668975,2026-06-18T21:22:12.970Z,4816944.1457585525,11878746.660668975,,1.0,<2x,0,0,0,0,0,,,,
78ubN8UemFzJrW2RiBByednStMtoDCm454hGhrN3pump,BLAZE,Blaze Royale,newSignal,2026-06-18T21:33:40.777Z,2026-06-18T21:19:31.000Z,2026-06-18 21:33:40,2026-06-18 23:25:13,3,13010.519852479552,13001.175899698397,10799.74798976831,,12636.8304822191,12636.8304822191,8.9168,8.9168,21.0,15,Gaming,13001.175899698397,2026-06-18T21:33:40.489Z,25355.25284617905,35338.924971897606,,2.7181329784729242,2x-5x,0,1,0,0,0,,,,
5U7XtJL252qdFUXu9H9auKpKkABTrcjomwoq18CNpump,Anna,The Meme Commander,newSignal,2026-06-18T21:36:39.043Z,2026-06-18T21:26:39.000Z,2026-06-18 21:36:39,2026-06-18 21:37:29,3,18976.49066873162,17162.5861051866,13043.577394412503,1.897649066873162e-05,27893.12971898085,27893.12971898085,8.1208,8.1208,34.0,21,Politics,17162.5861051866,2026-06-18T21:36:38.769Z,1405.776406187827,24441.8630714656,,1.4241363697560225,<2x,0,0,0,0,0,,,,
HA57ZhNgdoVT2HAjaKMgkomSVZbWusWCByXxrswGpump,Asteroid,Asteroid the Shiba,newSignal,2026-06-18T21:40:06.524Z,2026-06-18T21:37:20.000Z,2026-06-18 21:40:06,2026-06-18 21:40:35,2,15934.998256602772,12764.612982796167,11948.37136695798,1.5934998256602774e-05,15436.30301432228,15436.30301432228,6.6792,6.6792,76.0,63,Dogs,12764.612982796167,2026-06-18T21:39:41.374Z,2267.7933636665125,12764.612982796167,,1.0,<2x,0,0,0,0,0,,,,
8iziwdWtVK1N44FkbhyvmobEZStYbtyqhCvzBoC6pump,KART,Solkart,newSignal,2026-06-18T21:44:27.674Z,2026-06-18T21:35:51.000Z,2026-06-18 21:44:27,2026-06-18 21:44:27,1,15300.605710492991,14653.72946117447,11692.974699999422,1.5300605710492992e-05,33429.32062410248,33429.32062410248,6.518,6.518,22.0,15,Gaming,14653.72946117447,2026-06-18T21:44:27.526Z,2147.286941225773,18574.353856002163,,1.267551301886357,<2x,0,0,0,0,0,,,,
2GNjBTa9E1HSsj4y4djEas9BwqewDnpM6Es3GcTopump,bread,"market's dead, send this bread",newSignal,2026-06-18T21:48:22.739Z,2026-06-18T21:47:34.000Z,2026-06-18 21:48:22,2026-06-18 21:49:34,3,16295.687309986204,13611.03154490106,12068.940080917806,1.629568730998622e-05,16211.61637021318,16211.61637021318,6.4963,6.4963,69.0,48,Meme,13611.03154490106,2026-06-18T21:48:22.464Z,2007.5636127418468,15543.507658474771,,1.141978666877578,<2x,0,0,0,0,0,,,,
Ga4NC8pM5s11fGtkxmtkgKEHZrvgySb2dh1Rd92Zpump,Donny,Donny the Scottish duck,newSignal,2026-06-18T21:49:38.941Z,2026-06-18T21:49:17.000Z,2026-06-18 21:49:38,2026-06-18 21:50:20,2,39124.31570189442,18815.849867627738,13847.919842173018,3.9124315701894416e-05,33691.15958789636,33691.15958789636,16.7709,16.7709,76.0,50,Animals,18815.849867627738,2026-06-18T21:49:38.833Z,5509.571861114815,46700.876471998585,,2.4819966571027137,2x-5x,0,1,0,0,0,,,,
831Legx9vRQTQhkDr3QsYfmTS6nVkFEpia6fbBLtBAGS,DORAEMON,ドラえもん,newSignalRay,2026-06-18T21:52:19.877Z,2026-06-18T21:44:05.000Z,2026-06-18 21:52:19,2026-06-18 21:52:19,1,223311.63657454978,166786.04887457757,6259.421898227957,0.00022331163657454976,21671.78655787816,21671.78655787816,1.2186,1.2186,40.0,21,Cartoon,166786.04887457757,2026-06-18T21:52:19.744Z,28915.406978597704,166786.04887457757,,1.0,<2x,0,0,0,0,0,,,,
57RVBHbo98xpAr5TVkjBBHDgiFyULqfTDLUo6GHZpump,BIDI,BiDi,newSignal,2026-06-18T21:56:21.085Z,2026-06-18T21:55:31.000Z,2026-06-18 21:56:21,2026-06-18 21:57:12,2,17362.05701102623,12524.412461194754,12459.550600710247,1.736205701102623e-05,24657.24522244004,24657.24522244004,6.3742,6.3742,52.0,41,Others,12524.412461194754,2026-06-18T21:56:20.644Z,2912.8675673286107,19908.21299880579,,1.589552648516549,<2x,0,0,0,0,0,,,,
693xCikv65F6ttv4PiYJaNQGQQvv8i7JTPY42VUdpump,DAWN,Dawn The Duck,newSignal,2026-06-18T21:57:30.870Z,2026-06-18T21:57:05.000Z,2026-06-18 21:57:30,2026-06-18 21:57:30,1,17153.12242036156,16757.35855559941,12385.993624814128,1.715312242036156e-05,24759.6239539296,24759.6239539296,7.183,7.183,76.0,60,Animals,16757.35855559941,2026-06-18T21:57:30.738Z,1965.1187389181691,16757.35855559941,,1.0,<2x,0,0,0,0,0,,,,
29Bhih4PhiMkq6PnbS9NDQstc8n2AXBxCm38uh9Xpump,DAWN,Dawn The Scottish Duck,newSignal,2026-06-18T21:58:36.702Z,2026-06-18T21:57:24.000Z,2026-06-18 21:58:36,2026-06-18 21:58:36,1,20009.969931170657,14104.236635323332,13379.621625755834,2.0009969931170656e-05,48607.53529419102,48607.53529419102,7.8067,7.8067,232.0,148,Animals,14104.236635323332,2026-06-18T21:57:56.082Z,2685.768816911562,47284.61570886614,,3.3525115134869665,2x-5x,0,1,1,0,0,,,,
9DE6jYP1uBrt8EwYj2ErTtCSNCLz2rvAzqkA7czxpump,TURBO,TurboRace,newSignal,2026-06-18T22:06:10.298Z,2026-06-18T22:04:47.000Z,2026-06-18 22:06:10,2026-06-18 22:06:10,1,23619.14244351276,25979.068599543516,14534.161598175657,2.361914244351276e-05,32381.18441657268,32381.18441657268,10.8229,10.8229,29.0,27,Gaming,25979.068599543516,2026-06-18T22:06:10.104Z,1251.2621763180337,31221.713908803795,,1.2018026662184647,<2x,0,0,0,0,0,,,,
FLV5dyWooZCcQvPXDtUZscT8CFkFKdyaEtRakM3fpump,CHAT,Hey Chat,newSignal,2026-06-18T22:06:42.359Z,2026-06-18T22:00:53.000Z,2026-06-18 22:06:42,2026-06-18 22:07:58,2,17345.161413621623,12776.555305745731,12455.9916552634,1.7345161413621622e-05,17791.49133773174,17791.49133773174,6.8542,6.8542,20.0,18,Meme,12776.555305745731,2026-06-18T22:03:21.477Z,2184.9168906480954,12776.555305745731,,1.0,<2x,0,0,0,0,0,,,,
FUYFqC4DM8SL2gnmzCmgkNcJprhM9hLbBguDyvEJBAGS,ASTEROID,Asteroid Shiba,newSignalRay,2026-06-18T22:08:42.234Z,2026-06-18T22:07:26.000Z,2026-06-18 22:08:42,2026-06-18 22:12:15,2,1571620.0633678073,1608283.4771856978,16293.685403023232,0.0015716200633678072,14665.54713412866,14665.54713412866,14.3314,14.3314,82.0,34,Animals,1608283.4771856978,2026-06-18T22:08:42.090Z,195336.43862934754,3999136.3974503907,,2.4865867579814958,2x-5x,0,1,0,0,0,,,,
6e51hsM5uKykTb4szPa1rZGboeeU74DEK4pBnpc4pump,greg,greg the low quality chicken,newSignal,2026-06-18T22:08:59.747Z,2026-06-18T22:06:35.000Z,2026-06-18 22:08:59,2026-06-18 22:12:37,3,15188.7880283169,12810.370984728748,11655.380192765164,,28156.16046404395,28156.16046404395,4.3752,4.3752,83.0,58,Animals,12810.370984728748,2026-06-18T22:08:59.626Z,1751.946852193129,32925.839689706496,,2.570248724955539,2x-5x,0,1,0,0,0,,,,
AnZYRKWeKPbnmDtQL2wNXrjjpP2xA98HAMdDksAhBAGS,FENN,Fenn Begs,newSignalRay,2026-06-18T22:10:27.962Z,2026-06-18T22:08:46.000Z,2026-06-18 22:10:27,2026-06-18 22:10:27,1,875636.7023550174,972413.4066275455,12188.972788525401,0.0008756367023550174,26530.01010528696,26530.01010528696,8.7749,8.7749,93.0,41,Others,972413.4066275455,2026-06-18T22:10:27.689Z,110799.48062500356,972413.4066275455,,1.0,<2x,0,0,0,0,0,,,,
3kFK8vV2S2nNgLg5aaATE9VksgixpGkWpoDCHbXKpump,Ballerina,Ballerina Cappuccina,newSignal,2026-06-18T22:43:46.222Z,2026-06-18T22:43:29.000Z,2026-06-18 22:43:46,2026-06-18 22:43:46,1,23288.33649244796,12960.222740265139,10656.176334446582,2.328833649244796e-05,12501.61167004038,12501.61167004038,10.5464,10.5464,71.0,50,Others,12960.222740265139,2026-06-18T22:43:41.414Z,14079.209905254482,54353.82540240592,,4.193895930008836,2x-5x,0,1,1,0,0,,,,
SEAT94f87htprjQ6H929XfHNk8SE3HUAcuinRk4Xs28,SEATd,SEATd,newSignalRay,2026-06-18T22:53:26.135Z,2026-06-18T20:34:54.000Z,2026-06-18 22:53:26,2026-06-18 23:38:03,4,100517.84572522779,78230.62879125163,36877.650127593086,0.00010051784572522779,24047.84617545287,64331.30113451818,2.0579,14.3552,53.0,21,Sports,78230.62879125163,2026-06-18T22:53:26.011Z,94136.80119722601,267151.64473118883,,3.4149239097137856,2x-5x,0,1,1,0,0,,,,
DhoWF1FdsSHbAWonp3b5q5Bjrr8wb3eMpbXN82wHpump,MORTGAGE,Mortgage Coin,newSignal,2026-06-18T23:01:38.309Z,2026-06-18T22:56:05.000Z,2026-06-18 23:01:38,2026-06-18 23:03:04,2,15008.990794896617,13523.729394841812,16627.83324000374,1.5008990794896617e-05,19030.761293899504,19030.761293899504,2.4832,2.4832,37.0,21,Others,13523.729394841812,2026-06-18T23:01:38.036Z,4012.588896523884,16790.03656487374,,1.241524144314641,<2x,0,0,0,0,0,,,,
CjEVKFx9MZeKcqiZUMBiV817h2F6y7ogqDGuqSsopump,CHEESE,CHEESE,newSignalRay,2026-06-18T23:02:52.650Z,2026-06-18T22:51:15.000Z,2026-06-18 23:02:52,2026-06-19 00:02:04,2,191059.3540560249,191458.57978688274,30866.36646126327,0.0001910593540560249,107942.15505511592,107942.15505511592,60.1831,60.1831,65.0,20,Meme,191458.57978688274,2026-06-18T23:02:52.528Z,47629.98350286591,196681.3145197501,,1.0272786664284301,<2x,0,0,0,0,0,,,,
DXbWYHDscBqR2J3APznFNJKeaX7fRCxuJK1zV7R6pump,VOYAGER,the voyager sprite,newSignal,2026-06-18T23:04:41.360Z,2026-06-18T23:02:50.000Z,2026-06-18 23:04:41,2026-06-18 23:04:41,1,16198.018889377063,13192.65910820647,12033.584669085978,1.6198018889377065e-05,26727.133626598,26727.133626598,6.3163,6.3163,135.0,105,Space,13192.65910820647,2026-06-18T23:04:24.807Z,1967.5641174271368,16206.533518071945,,1.228450866890868,<2x,0,0,0,0,0,,,,
qvm1XFQAUMYg3UzhoNt9AxAhrbvph93jnYDguMNg9Yc,VOYAGER,the sprite voyager,newSignal,2026-06-18T23:07:02.326Z,2026-06-18T23:04:39.000Z,2026-06-18 23:07:02,2026-06-18 23:16:00,4,17289.60349814131,13699.395704674103,12433.343240046173,1.728960351014021e-05,24897.99715680987,24897.99715680987,6.102,6.102,98.0,79,Others,13699.395704674103,2026-06-18T23:06:24.586Z,3896.8628464283556,96682.7288412028,,7.057444789934462,5x-10x,0,1,1,1,0,,,,
AWvgKkGymGqupAxS7uufhzTis9XEoLMgBZhctimxpump,VOYAGER,The Sprite Voyager,newSignal,2026-06-18T23:17:20.622Z,2026-06-18T23:12:33.000Z,2026-06-18 23:17:20,2026-06-18 23:20:21,3,15652.85614445088,12832.712013558414,11819.12255632374,1.5652856144450878e-05,48453.57979815664,48453.57979815664,4.0484,4.0484,34.0,25,Others,12832.712013558414,2026-06-18T23:13:04.248Z,3686.420638691173,36382.585203966664,,2.8351439014236903,2x-5x,0,1,0,0,0,,,,
DGUL7kW9qJzvxMqP5rQK2FwycSAko1AuqGsMy96apump,hold,The holding experiment,newSignal,2026-06-18T23:26:12.853Z,2026-06-18T23:11:25.000Z,2026-06-18 23:26:12,2026-06-18 23:26:54,3,18702.744786609157,14716.61432168984,12926.961856008804,1.8702744786609157e-05,13611.0921302857,13611.0921302857,8.1242,8.1242,45.0,34,Meme,14716.61432168984,2026-06-18T23:26:12.669Z,1641.4863888426612,24501.67950428839,,1.6648992063464618,<2x,0,0,0,0,0,,,,
EJaTyzGWEbZA3cqUnWghxpGXsAWYUDRD3ucK8Vkfpump,GSF,Grove Street Families,newSignal,2026-06-18T23:32:55.569Z,2026-06-18T23:32:04.000Z,2026-06-18 23:32:55,2026-06-18 23:32:55,1,14143.660212880859,14490.314919465734,11247.864112164685,1.4143660212880859e-05,43093.22611654112,43093.22611654112,1.7093,1.7093,26.0,26,,14490.314919465734,2026-06-18T23:32:55.067Z,2333.631824526271,14490.314919465734,,1.0,<2x,0,0,0,0,0,,,,
EByQ7EqHEhARCnFsNFePZ2r7VgCHjKnzY2JC97atpump,INDIEGEN,Indie Generator,newSignal,2026-06-18T23:35:18.862Z,2026-06-18T23:34:55.000Z,2026-06-18 23:35:18,2026-06-18 23:35:18,1,22630.196944049618,15665.61724373925,14236.867741690556,2.263019694404962e-05,20205.1688153616,20205.1688153616,9.9546,9.9546,74.0,61,,15665.61724373925,2026-06-18T23:35:13.651Z,1375.6905657066907,15665.61724373925,,1.0,<2x,0,0,0,0,0,,,,
EmfAFkiXqHqN6j1yGkxShnMLaHLpm7kFdzZzhbtupump,DAWN,Dawn The Scottish Duck,newSignal,2026-06-18T23:38:59.090Z,2026-06-18T23:37:02.000Z,2026-06-18 23:38:59,2026-06-18 23:42:12,4,15183.849137764595,12359.9554002156,11660.005854752071,1.5183849137764596e-05,15213.06573602182,15213.06573602182,4.8571,4.8571,62.0,52,,12359.9554002156,2026-06-18T23:38:58.815Z,82921.82726539069,107352.50943677714,,8.685509450536086,5x-10x,0,1,1,1,0,,,,
AHRLbSdsMYdW6wcwBas5SgUkVq5GKgtz1pkqfLjCpump,luck,lucky launch,newSignal,2026-06-18T23:41:32.051Z,2026-06-18T23:40:23.000Z,2026-06-18 23:41:32,2026-06-18 23:44:44,2,16136.718734697008,16493.039485673227,12022.040485087588,1.613671873469701e-05,22089.98177777607,22089.98177777607,7.0791,7.0791,90.0,71,,16493.039485673227,2026-06-18T23:40:53.408Z,1812.7789240310128,16493.039485673227,,1.0,<2x,0,0,0,0,0,,,,
9ey7zGjpgQ9a4R5YxdEnv6y99xWeNFUNRow48dyfpump,Percy,Elon's Dog,newSignal,2026-06-18T23:45:30.150Z,2026-06-18T23:38:34.000Z,2026-06-18 23:45:30,2026-06-18 23:48:33,3,17550.878551381214,12721.855745682615,12542.79082339092,1.755120170035925e-05,46209.54057932338,46209.54057932338,6.9222,6.9222,40.0,28,Elon,12721.855745682615,2026-06-18T23:45:30.015Z,1800.4910609667045,78041.428184198,,6.13443743933999,5x-10x,0,1,1,1,0,,,,
sBRr1CwcRYW2cE9WFNEhHRam5TVWq2pb8YgMHAFpump,GRIND,Grindscape,newSignal,2026-06-18T23:55:52.212Z,2026-06-18T23:55:40.000Z,2026-06-18 23:55:52,2026-06-18 23:58:02,3,20216.185351699412,13863.213797037304,13462.893786696679,2.0216185351699413e-05,32945.1538930432,32945.1538930432,7.8913,7.8913,140.0,67,Meme,13863.213797037304,2026-06-18T23:55:52.022Z,6035.463299270387,40198.71700405655,,2.899667969677232,2x-5x,0,1,0,0,0,,,,
ER2hhTpLnV9xgL2hAJmMvYwpFobwYXPkuYNQb9Wopump,Juanita,Merlin's Girlfriend,newSignal,2026-06-18T23:56:24.199Z,2026-06-18T23:52:56.000Z,2026-06-18 23:56:24,2026-06-19 00:13:09,3,16504.991503920162,13445.481899412998,12165.4319233132,1.6504991503920162e-05,24266.2795316544,24266.2795316544,7.3395,7.3395,88.0,62,Religion,13445.481899412998,2026-06-18T23:54:04.880Z,10002.83880882411,18446.00468562349,,1.3719110124590481,<2x,0,0,0,0,0,,,,
Ebv9RGybF848qVAtko1gW7u2RSs65v2kXSHUTQHCTRiX,POOKU,POOKU,newSignal,2026-06-19T00:03:07.294Z,2026-06-19T00:02:06.000Z,2026-06-19 00:03:07,2026-06-19 00:03:07,1,16374.974639778928,10229.497837412398,11742.835270658214,0.0016374974639778927,10729.37971914732,10729.37971914732,7.2146,7.2146,21.0,19,Mascot,10229.497837412398,2026-06-19T00:03:07.134Z,4168.180434807609,11389.796455745653,,1.1134267426197293,<2x,0,0,0,0,0,,,,
EZamyy5m45D6j4BN3Vu4Qbkzw3dZtVe7yPafX6DApump,NeGa,那个,newSignal,2026-06-19T00:07:13.090Z,2026-06-19T00:07:02.000Z,2026-06-19 00:07:13,2026-06-19 00:07:33,2,18708.810283825667,14046.76504400952,12946.632412595296,1.870881028382567e-05,27401.94226718235,27401.94226718235,8.0215,8.0215,32.0,35,Animals,14046.76504400952,2026-06-19T00:07:12.897Z,1423.156111372633,35270.1473061451,,2.510908895794954,2x-5x,0,1,0,0,0,,,,
DkjxLSuEfNScz9X1aj9nsBSP4qUZz53ZTuQvhkhQpump,Specsy,Specsy the Alien,newSignal,2026-06-19T00:15:33.118Z,2026-06-19T00:15:23.000Z,2026-06-19 00:15:33,2026-06-19 00:15:33,1,27606.717221028335,12767.580559323938,11625.770005349172,2.7606717221028336e-05,18113.21752480608,18113.21752480608,10.9711,10.9711,39.0,31,Meme,12767.580559323938,2026-06-19T00:15:32.841Z,5888.4067380425495,29371.71658282514,,2.300491972331868,2x-5x,0,1,0,0,0,,,,
Gj2n3Y7BUH55rRViCKSpNFmoQzZ173DSH6HbMtKSpump,Ranch,Ranch,newSignalRay,2026-06-19T01:06:30.521Z,2026-06-19T00:40:38.000Z,2026-06-19 01:06:30,2026-06-19 01:06:30,1,169114.41848011024,56288.32940509729,29891.79180664366,0.00016911442036995832,429314.2277549332,429314.2277549332,63.9555,63.9555,43.0,23,Others,14428.215802666322,2026-06-19T00:41:56.867Z,195671.99030807804,306758.9111875811,,21.26104262530453,20x+,0,1,1,1,1,,,,
Bh4to2KQyUuZWmn4h7FpTUVQJ3Lc2vhACMaTzbbGpump,TRUNP,Trunp,newSignal,2026-06-19T01:10:43.591Z,2026-06-19T00:57:28.000Z,2026-06-19 01:10:43,2026-06-19 01:10:43,1,21785.62109147602,20850.08049550718,13996.804086550854,2.178562109147602e-05,25047.34386051634,25047.34386051634,9.8013,9.8013,24.0,17,Trump,20850.08049550718,2026-06-19T01:10:43.313Z,26548.82849552349,54609.863205803296,,2.619167979594647,2x-5x,0,1,0,0,0,,,,
7vJsvnjm58GK3Qq7Svs5doxPEV27kQvmTrMgzzUQZBWC,gary,gary the snail,newSignalRay,2026-06-19T01:34:59.693Z,2026-06-19T01:33:48.000Z,2026-06-19 01:34:59,2026-06-19 01:35:32,2,96515.44221310668,54780.38020936196,22065.280021170267,9.651544229029713e-05,167612.899785348,167612.899785348,46.5492,46.5492,566.0,201,Cartoon,24671.104539904165,2026-06-19T01:34:06.633Z,32302.084733783304,250789.87540235088,,10.165328228280657,10x-20x,0,1,1,1,1,,,,
71se67vdGmGaB2yxuHKphM8AfECy4AK4DAqUkxgzpump,gary,gary the snail,newSignal,2026-06-19T01:35:05.231Z,2026-06-19T01:34:25.000Z,2026-06-19 01:35:05,2026-06-19 01:35:05,1,15500.168934186695,12303.646386361974,11787.056330326941,1.5500168934186695e-05,28563.75756218871,28563.75756218871,6.5253,6.5253,179.0,114,Cartoon,12303.646386361974,2026-06-19T01:34:34.353Z,1347.5125612018041,12303.646386361974,,1.0,<2x,0,0,0,0,0,,,,
BtcsR6NbtRPoKNNKpS1ZPkk3sYASC83fgmtQJDvdpump,gary,Gary VI,newSignal,2026-06-19T01:39:37.133Z,2026-06-19T01:38:29.000Z,2026-06-19 01:39:37,2026-06-19 01:48:37,2,15560.840494698265,13546.663609667768,11809.032283908633,1.5560840494698264e-05,12741.62985707924,12741.62985707924,6.096,6.096,84.0,62,Others,13546.663609667768,2026-06-19T01:39:36.838Z,1926.755750586844,13546.663609667768,,1.0,<2x,0,0,0,0,0,,,,
6NZdkXL6CTcPtjtCxPwzeLwEd9mUPvYWrWPuk3tVpump,gary,gary the snail,newSignal,2026-06-19T01:40:06.785Z,2026-06-19T01:37:07.000Z,2026-06-19 01:40:06,2026-06-19 01:40:06,1,17390.53261249873,12408.091502697616,12484.8336379022,1.739053261249873e-05,24402.37128459894,24402.37128459894,7.6757,7.6757,126.0,127,Cartoon,12408.091502697616,2026-06-19T01:39:46.730Z,1927.2857452746603,12408.091502697616,,1.0,<2x,0,0,0,0,0,,,,
2ifzrbHmRRrDKRgcdvBRRDeFE1iuxQSCiEDwAT8mpump,ARFUR,Arfur Grok,newSignal,2026-06-19T01:52:19.261Z,2026-06-19T01:50:24.000Z,2026-06-19 01:52:19,2026-06-19 01:52:47,2,17402.244814707738,13500.277931051258,12499.7968497956,1.740224481470774e-05,16306.61556094088,16306.61556094088,6.876,6.876,89.0,66,Celebrities,13500.277931051258,2026-06-19T01:51:56.860Z,18644.675397183128,32812.52096039029,,2.430507070148533,2x-5x,0,1,0,0,0,,,,
666YnA6VPQ8soy9c5zzKV64LwsqzftuuqQhL1fpTpump,GRIFFIN,Official Griffin Musk,newSignal,2026-06-19T01:58:29.403Z,2026-06-19T01:55:44.000Z,2026-06-19 01:58:29,2026-06-19 01:59:21,2,15986.446564808179,12673.005076097232,11989.171706489591,1.598644656480818e-05,14202.84553988898,14202.84553988898,6.9042,6.9042,48.0,47,Others,12673.005076097232,2026-06-19T01:58:29.215Z,1943.8904171283198,12673.005076097232,,1.0,<2x,0,0,0,0,0,,,,
ABq9niaH28GhGzZXbG78TT43tqoz5nNrBDp68nBMpump,POKESTRAT,POKESTRAT,newSignal,2026-06-19T02:09:39.816Z,2026-06-19T01:24:57.000Z,2026-06-19 02:09:39,2026-06-19 02:09:39,1,26043.414550129102,23984.023722667498,15312.550700204627,2.6043414550129102e-05,38771.00532374944,38771.00532374944,11.6555,11.6555,22.0,12,Gaming,23984.023722667498,2026-06-19T02:09:39.618Z,1358.9048112919352,36892.735521154704,,1.53822127378431,<2x,0,0,0,0,0,,,,
D8Xaa5kWjptEs9wjByZjs37WWdNNQExmtiiraMyppump,TIT,Titcoin,newSignalRay,2026-06-19T02:20:17.947Z,2026-06-18T16:21:03.000Z,2026-06-19 02:20:17,2026-06-19 02:21:51,2,90833.1379924552,92478.26923628012,30281.513354243223,9.08331379924552e-05,41016.54455370513,43712.22471158737,10.5144,21.3061,141.0,46,Meme,92478.26923628012,2026-06-19T02:20:17.807Z,114890.19822069007,208411.72815519632,,2.2536292025828093,2x-5x,0,1,0,0,0,,,,
2SGbksug7gfx5iPCyRJ255ZXEcyu97TzdxqAdM2dpump,FOMO,Fear of Missing Out,newSignal,2026-06-19T02:29:43.028Z,2026-06-19T02:27:06.000Z,2026-06-19 02:29:43,2026-06-19 02:32:20,2,19640.983983619146,13165.683247793106,13260.448715200251,1.9640983983619145e-05,10169.92774916773,10169.92774916773,5.337,5.337,54.0,38,Meme,13165.683247793106,2026-06-19T02:27:23.347Z,2458.936899972997,25283.617382268363,,1.920418174006011,<2x,0,0,0,0,0,,,,
AHGnx8kuzyKKTecwmoxZtVQ9ySVosMo677dgrBcgpump,HOE,Horizon of Eternity,newSignalRay,2026-06-19T02:33:54.143Z,2026-06-19T01:40:23.000Z,2026-06-19 02:33:54,2026-06-19 02:33:54,1,300940.0760475561,294214.2392484629,41045.02133195466,0.0003009400934484194,967477.0717019811,967477.0717019811,153.4244,153.4244,62.0,21,Art,294214.2392484629,2026-06-19T02:33:53.776Z,7373.514863940923,363428.31512624305,,1.2352505985250057,<2x,0,0,0,0,0,,,,
EMNCR4iKCgR7F1RUY4Za6SzSpJwULQGYZmzZkdwNpump,infinity,infinity,newSignal,2026-06-19T02:41:07.295Z,2026-06-18T19:26:21.000Z,2026-06-19 02:41:07,2026-06-19 02:41:07,1,46341.97912590551,26873.678520579895,15053.605108133152,4.634197912590551e-05,7251.51970902618,16615.55814468648,4.7464,17.4041,26.0,15,Others,26873.678520579895,2026-06-19T02:41:07.134Z,21384.52006907159,53416.63116984737,,1.9876933159314552,<2x,0,0,0,0,0,,,,
HPVwjSr4Bx3uyqYbKsJ82T7BTwH5hMATM7NZZrdupump,Jorge,The Thinking Monkey,newSignal,2026-06-19T02:48:00.063Z,2026-06-19T02:43:16.000Z,2026-06-19 02:48:00,2026-06-19 03:23:49,4,15570.925813571193,12684.643344823124,11812.814673792365,1.5570925813579634e-05,42496.76748374518,42496.76748374518,5.3336,5.3336,33.0,22,Animals,12684.643344823124,2026-06-19T02:47:59.689Z,3226.0221925455016,30180.132126119825,,2.3792653293982435,2x-5x,0,1,0,0,0,,,,
4Hit6q5DE5nGfnVnnjsKtTMCC9qFHdGT1uV7SELDpump,Cuakssant,Cuakssant,newSignal,2026-06-19T02:59:45.306Z,2026-06-19T02:56:24.000Z,2026-06-19 02:59:45,2026-06-19 03:01:59,2,15878.031869048356,12234.62244992116,11928.726345477335,1.5878031869048358e-05,24290.27055958854,24290.27055958854,6.4261,6.4261,70.0,54,Others,12234.62244992116,2026-06-19T02:59:45.021Z,3085.900993705837,20243.26761364145,,1.6545886639740073,<2x,0,0,0,0,0,,,,
pQ7VeXJGCE8LEBLUUoLGFqiLNJJfJH6Pj2vRPj8pump,GWF,Gamble With Friends,newSignal,2026-06-19T03:15:29.327Z,2026-06-19T03:15:02.000Z,2026-06-19 03:15:29,2026-06-19 03:24:35,3,20579.730961379464,12900.50296225485,13567.78712292551,2.0579730961379465e-05,18630.6633616494,18630.6633616494,9.3978,9.3978,61.0,48,Gambling,12900.50296225485,2026-06-19T03:15:24.600Z,1339.347369716611,27155.013902503113,,2.1049577665270154,2x-5x,0,1,0,0,0,,,,
MXQcb928CL59NrZoV1u5VoLnX3RFUGFdn3NssXApump,#1,#1,newSignal,2026-06-19T03:25:04.544Z,2026-06-19T03:24:20.000Z,2026-06-19 03:25:04,2026-06-19 03:30:06,4,17576.15893253293,13810.799941610585,12490.740123203914,1.757615893253293e-05,12802.50331797151,12802.50331797151,7.8245,7.8245,62.0,44,Others,13810.799941610585,2026-06-19T03:25:04.410Z,2060.959708966132,23963.839507064135,,1.7351521713715827,<2x,0,0,0,0,0,,,,
G9QiASU1UxaXXvfJmZ911MDd8pFTjk5cYR5DWMH6pump,MCAT,Mayhem Cat,newSignal,2026-06-19T03:30:30.474Z,2026-06-19T03:28:54.000Z,2026-06-19 03:30:30,2026-06-19 03:34:16,3,16350.246824096246,14613.943354597772,12070.918532860103,1.6350246824096244e-05,14506.64623974768,14506.64623974768,6.2552,6.2552,68.0,41,Cats,14613.943354597772,2026-06-19T03:30:30.340Z,1410.7330145225799,20279.385837726324,,1.3876737678298252,<2x,0,0,0,0,0,,,,
EXXZDh1CzomtLwixWvZ947frkwyMGDygw3CWkeRTpump,MCAT,Mayhem Cat,newSignalRay,2026-06-19T03:55:29.270Z,2026-06-19T03:29:22.000Z,2026-06-19 03:55:29,2026-06-19 04:45:45,3,55406.07911780964,107308.40866776225,7257.35524068019,5.540607911780964e-05,110981.05855140976,110981.05855140976,27.8687,27.8687,80.0,27,Cats,107308.40866776225,2026-06-19T03:55:28.972Z,137357.56418200684,674344.7676565545,,6.284174521163522,5x-10x,0,1,1,1,0,,,,
7V4AH8TY89FH8Q8DWNWwYc3TCinf69XU8MVzniPkpump,PEEK,TokenPeek,newSignal,2026-06-19T04:14:21.231Z,2026-06-19T04:05:10.000Z,2026-06-19 04:14:21,2026-06-19 04:14:21,1,15005.858154855016,12593.247789886025,11548.685464163242,1.5005858154855016e-05,13675.29045932036,13675.29045932036,6.666,6.666,33.0,24,Protocols,12593.247789886025,2026-06-19T04:13:12.381Z,10804.53118871223,19791.334001865573,,1.5715829889220891,<2x,0,0,0,0,0,,,,
H3i1AwrZzubrni3quqaV74G6FSBiXyEtLq9fmnpqpump,HLI,Hliland,newSignalRay,2026-06-19T04:19:37.138Z,2026-06-19T03:25:45.000Z,2026-06-19 04:19:37,2026-06-19 04:19:37,1,193358.9210016134,66974.0560474864,31241.76607585279,0.00019338267259210124,111051.7952826879,234844.94648033896,1.6124,69.9426,43.0,23,Gaming,66974.0560474864,2026-06-19T04:19:36.992Z,109937.54396382357,230259.91815359512,,3.438046487588189,2x-5x,0,1,1,0,0,,,,
5QgYwFEhukBNxjpCdjyjGxLbC3K6JUtaUEmhMNvppump,THONG,King Thong,newSignal,2026-06-19T04:32:38.651Z,2026-06-19T04:27:47.000Z,2026-06-19 04:32:38,2026-06-19 04:35:51,4,17585.416164558002,12118.064405213567,12474.077799240718,1.7585416164558003e-05,16235.85214516478,16235.85214516478,7.2819,7.2819,23.0,15,Others,12118.064405213567,2026-06-19T04:32:38.301Z,2439.1991810020972,25743.10082864763,,2.124357485472032,2x-5x,0,1,0,0,0,,,,
CgJ4itfGDWcCU7ZX8USPwDHvBP1X7qwuECMpmmeipump,YN,young nigga,newSignal,2026-06-19T04:41:36.337Z,2026-06-19T04:41:23.000Z,2026-06-19 04:41:36,2026-06-19 04:41:36,1,17031.42520046564,15408.363271668175,9052.476908379254,1.7031425200465644e-05,16766.92604721124,16766.92604721124,7.3585,7.3585,60.0,49,Others,15408.363271668175,2026-06-19T04:41:35.902Z,1435.7442656679991,15408.363271668175,,1.0,<2x,0,0,0,0,0,,,,
JBXSxKhCCgjyCRCAKFYctCUQQjiWRjNZPT7pCFahpump,yns,young niggas,newSignal,2026-06-19T04:44:11.677Z,2026-06-19T04:42:02.000Z,2026-06-19 04:44:11,2026-06-19 04:46:38,2,15083.10238227015,12083.177372443683,11531.145310072889,1.508310238227015e-05,34563.6190000368,34563.6190000368,5.4981,5.4981,138.0,113,Others,12083.177372443683,2026-06-19T04:44:11.367Z,2083.6087612090673,17171.64792686216,,1.421120239948062,<2x,0,0,0,0,0,,,,
8dcu4FX92FirAUiZjVdzhmQmk5i5MjtynCMQFuqpump,CZ,CollectorsZone,newSignal,2026-06-19T05:14:24.627Z,2026-06-19T05:12:38.000Z,2026-06-19 05:14:24,2026-06-19 05:25:00,3,15335.865156178541,12199.5535204559,11635.370444404545,1.533586515617854e-05,27376.72641124188,27376.72641124188,6.9742,6.9742,89.0,74,NFT,12199.5535204559,2026-06-19T05:14:24.425Z,30425.70971799159,46579.68054351216,,3.818146333421837,2x-5x,0,1,1,0,0,,,,
BnUyJZQHPXBazxZYBPJzhGfDA94mv1oeNJ8rxFhtpump,PILLY,Pump Sprite,newSignal,2026-06-19T05:46:21.852Z,2026-06-19T05:43:18.000Z,2026-06-19 05:46:21,2026-06-19 05:50:10,3,15263.603253157029,12048.783234286837,11596.062810645348,1.526360325315703e-05,34365.23275554138,34365.23275554138,6.4803,6.4803,134.0,97,Meme,12048.783234286837,2026-06-19T05:46:21.693Z,2063.271481186231,23636.703812803,,1.9617502741306514,<2x,0,0,0,0,0,,,,
8ueGMjWFAgoUYq4ZqiTQpE6YCX8AXyrvz4tmZHBPpump,SOLBBA,Play Solbba,newSignal,2026-06-19T06:02:34.159Z,2026-06-19T05:52:30.000Z,2026-06-19 06:02:34,2026-06-19 06:09:09,2,18178.46383597564,13638.505145743446,12673.44874751097,1.817846383597564e-05,25119.23515571547,25119.23515571547,8.115,8.115,34.0,23,Gaming,13638.505145743446,2026-06-19T06:02:34.002Z,1945.6978700207292,13638.505145743446,,1.0,<2x,0,0,0,0,0,,,,
8L3GUPw4vpJKCvts2VJe3W1w2b2WDjuk1NZgr7DCpump,COGE,Coge Coin,newSignal,2026-06-19T06:04:48.764Z,2026-06-19T06:02:40.000Z,2026-06-19 06:04:48,2026-06-19 06:07:01,2,20060.223045718427,16156.138990297162,13310.328350520682,2.0060223045718425e-05,16155.55844669228,16155.55844669228,7.995,7.995,98.0,62,Meme,16156.138990297162,2026-06-19T06:04:36.655Z,1934.3284991188734,16156.138990297162,,1.0,<2x,0,0,0,0,0,,,,
CTcx4vevbntjHsw1X9bsehmWebMzuxr1bAfWLVFhpump,CATE,CateCoin,newSignal,2026-06-19T06:07:27.623Z,2026-06-19T06:05:16.000Z,2026-06-19 06:07:27,2026-06-19 06:17:09,3,17651.099208545485,13276.503207561997,12494.623710984943,1.7651099208545487e-05,47278.52242373126,47278.52242373126,8.2854,8.2854,125.0,89,Cats,13276.503207561997,2026-06-19T06:07:27.485Z,2068.259373048289,13276.503207561997,,1.0,<2x,0,0,0,0,0,,,,
CaSx7szwjZtxrb468o5LPZbW3GDVnrYZZowYHzdupump,PILLY,Pump Sprite,newSignal,2026-06-19T06:18:11.827Z,2026-06-19T06:16:35.000Z,2026-06-19 06:18:11,2026-06-19 06:22:39,3,17346.394407798787,13284.164551330188,12387.208916921338,1.7346394407798785e-05,15962.3184658651,15962.3184658651,7.7352,7.7352,64.0,49,Meme,13284.164551330188,2026-06-19T06:18:11.621Z,2452.380363993475,26862.31080543177,,2.0221302364657894,2x-5x,0,1,0,0,0,,,,
9SwT7SmkAYGoFTL8D4XseHLxAmVgubeFPKZEyv4jpump,Cookout,The Cookout,newSignal,2026-06-19T06:33:40.911Z,2026-06-19T06:29:42.000Z,2026-06-19 06:33:40,2026-06-19 06:33:40,1,16110.830378920024,12476.112322890014,11933.11579136349,1.6110830378920023e-05,33568.8662504619,33568.8662504619,7.0037,7.0037,51.0,35,Others,12476.112322890014,2026-06-19T06:33:40.768Z,1965.4629486661236,14026.045316772677,,1.124232048715928,<2x,0,0,0,0,0,,,,
HtLJZPKoMFcP8BrYkqFAjWZfgeLkb4sM5U1zJHmopump,dream,dream,newSignal,2026-06-19T06:54:49.008Z,2026-06-19T06:51:35.000Z,2026-06-19 06:54:49,2026-06-19 06:59:29,3,17697.068879394985,12218.449172381383,12492.671393380022,1.7697068879394986e-05,24848.68378208704,24848.68378208704,6.296,6.296,90.0,74,Others,12218.449172381383,2026-06-19T06:52:58.763Z,1910.7383726097582,32229.88472585844,,2.637804869599242,2x-5x,0,1,0,0,0,,,,
7S7adXnXwfmSo4HRrdG8W5XBkwan89gr5kGKas4Apump,MiiGPT,MiiGPT,newSignal,2026-06-19T07:03:03.883Z,2026-06-19T07:02:19.000Z,2026-06-19 07:03:03,2026-06-19 07:03:03,1,24570.943772946797,14395.387135511764,10893.491315284711,2.45709437729468e-05,26654.7396917494,26654.7396917494,8.4747,8.4747,134.0,102,Others,14395.387135511764,2026-06-19T07:02:43.851Z,1504.9771373606495,29174.116767624484,,2.0266295371560585,2x-5x,0,1,0,0,0,,,,
4wHCJ3Wp2KsFRHs1AdFLFuDqUrxuZwDcTxVmCypwpump,Lemmon,John Lemmon,newSignal,2026-06-19T07:06:21.182Z,2026-06-19T06:34:51.000Z,2026-06-19 07:06:21,2026-06-19 07:06:36,2,16120.907057782164,13991.649254721717,11934.07873648453,1.6121105673574194e-05,27637.60199086922,27637.60199086922,6.9794,6.9794,21.0,11,Celebrities,13991.649254721717,2026-06-19T07:06:21.042Z,2331.1020829348163,14315.418520769885,,1.0231401788419552,<2x,0,0,0,0,0,,,,
DqQ6vpwrkKweG2wrxwpMVHixNwgRvn5aNftuc7VUpump,WAIFU,WaifuCoin,newSignal,2026-06-19T07:25:23.180Z,2026-06-19T07:24:19.000Z,2026-06-19 07:25:23,2026-06-19 07:26:14,2,19911.13454499943,18396.89424131504,13244.338419969252,1.991113454499943e-05,17586.7538571306,17586.7538571306,9.109,9.109,102.0,68,Others,18396.89424131504,2026-06-19T07:25:18.324Z,1387.2493430211896,21949.205753630707,,1.193093000683671,<2x,0,0,0,0,0,,,,
H4U66SohL6XN6LuNN6CN2Cz3TpGK6xdr1rMzaAmFpump,楚德,The Chud Dog,newSignal,2026-06-19T07:27:21.191Z,2026-06-19T07:16:07.000Z,2026-06-19 07:27:21,2026-06-19 07:37:16,3,16175.98062822973,13103.20207777975,11943.37656267804,1.6177138990091112e-05,35346.44358126228,35346.44358126228,6.7872,6.7872,57.0,35,Dogs,13103.20207777975,2026-06-19T07:21:36.408Z,1370.2667022395458,18382.664846142725,,1.4029139394343786,<2x,0,0,0,0,0,,,,
EXUZxPJwAM56rzEnVhNSjMAbvQgfykY2VqqNSh6Dpump,WAIFU,WaifuCoin,newSignal,2026-06-19T07:30:37.497Z,2026-06-19T07:27:06.000Z,2026-06-19 07:30:37,2026-06-19 07:30:37,1,15412.208301643328,12170.633657636534,11655.27061138134,1.5412208301643327e-05,39436.738304089,39436.738304089,6.5557,6.5557,141.0,94,Meme,12170.633657636534,2026-06-19T07:28:19.477Z,1937.7116872892727,20936.704852962037,,1.720264157308291,<2x,0,0,0,0,0,,,,
FaNP3LYqaBKNPpk1r7bPcaTGS4DC5pz2jVuegT4kpump,GOTCHI,GotchiPets,newSignal,2026-06-19T07:35:48.852Z,2026-06-19T07:20:17.000Z,2026-06-19 07:35:48,2026-06-19 07:37:33,2,21876.72963945211,12736.157925620588,13875.573622412518,2.187672963945211e-05,32595.62643466137,32595.62643466137,9.968,9.968,23.0,19,Mascot,12736.157925620588,2026-06-19T07:25:40.407Z,8519.792470693914,68489.79219955535,,5.377586600255515,5x-10x,0,1,1,1,0,,,,
4UUbr6JC5ysZnR45tyc6GAm7WNdGSNbphNwGrqvvpump,大黄,Big Yellow,newSignal,2026-06-19T07:41:32.790Z,2026-06-19T07:39:44.000Z,2026-06-19 07:41:32,2026-06-19 07:46:06,3,15447.316240390483,12644.853793039874,11635.812855771239,1.5447316240390482e-05,21501.75271979602,21501.75271979602,6.3787,6.3787,57.0,50,Animals,12644.853793039874,2026-06-19T07:41:32.578Z,6094.980237284159,28648.403004305987,,2.2656175763831268,2x-5x,0,1,0,0,0,,,,
FoiUBbx7SAtGVJrBx2rtDbka6XebS12Qzd2WzXvgpump,WAIFU,WaifuCoin,newSignalRay,2026-06-19T07:45:35.467Z,2026-06-18T20:59:32.000Z,2026-06-19 07:45:35,2026-06-19 07:45:35,1,50895.41441999507,51677.204524708446,15683.576915935246,5.0895414419995065e-05,81984.0671439928,82315.86573093008,25.497,25.6183,70.0,30,Art,51677.204524708446,2026-06-19T07:45:35.316Z,18388.46437912592,144603.69614310918,,2.798210496737875,2x-5x,0,1,0,0,0,,,,
GkZwuG7UREDWnXjS8DxyCspUYKuYTsjYjrbKWwTSpump,Pari,Pari Mahulu,newSignal,2026-06-19T08:01:37.488Z,2026-06-19T08:00:30.000Z,2026-06-19 08:01:37,2026-06-19 08:01:37,1,16749.831395872017,13220.22938618741,12133.299010861727,1.6749831395872017e-05,19779.3206761479,19779.3206761479,5.9184,5.9184,93.0,72,Others,13220.22938618741,2026-06-19T08:01:00.087Z,2858.191913590394,13357.05823351272,,1.0103499601503336,<2x,0,0,0,0,0,,,,
FpBYNrhzBV487ss9paCKoF6xbKFCHMpviZcbZNYjpump,MOG,Generational Mog,newSignal,2026-06-19T08:30:15.487Z,2026-06-19T08:21:36.000Z,2026-06-19 08:30:15,2026-06-19 08:37:05,3,16100.315627932025,12569.505341650916,11920.965552969883,1.6100315627932026e-05,37120.19479740755,37120.19479740755,6.8754,6.8754,29.0,18,Others,12569.505341650916,2026-06-19T08:25:55.640Z,2357.713094760241,27043.826144783936,,2.151542595329525,2x-5x,0,1,0,0,0,,,,
AAe2ZauoJYV3L2z4tja82MJuw21SrTkjEQDBidwepump,TBC,THE BORING COMPANY,newSignal,2026-06-19T08:43:38.377Z,2026-06-19T08:33:56.000Z,2026-06-19 08:43:38,2026-06-19 08:43:38,1,15205.961573890394,12584.054742540775,11587.703735746212,1.5205961573890393e-05,30973.5795799379,30973.5795799379,6.1836,6.1836,35.0,28,Elon,12584.054742540775,2026-06-19T08:42:10.177Z,2141.2444181790684,12584.054742540775,,1.0,<2x,0,0,0,0,0,,,,
8ZqZUHfAfLV2CzazJ3e5GpJWqUwxE8fkwyvzxjr3pump,Mutsuki,むつき,newSignal,2026-06-19T08:49:54.181Z,2026-06-19T08:49:11.000Z,2026-06-19 08:49:54,2026-06-19 08:56:09,4,15427.439832094135,12570.835956303808,11671.096400579188,1.5427439832094133e-05,21322.98559970271,21322.98559970271,4.3868,4.3868,57.0,47,Others,12570.835956303808,2026-06-19T08:49:53.379Z,8203.071854944505,34511.47774243114,,2.745360599914989,2x-5x,0,1,0,0,0,,,,
Hdda1yxF4e31hxvRExfQRcMvRVFk8VhzuCk6f2mxpump,QWANT,The Qwant,newSignal,2026-06-19T09:11:25.733Z,2026-06-19T09:10:15.000Z,2026-06-19 09:11:25,2026-06-19 09:15:14,3,19196.680361948067,12449.241558397398,12999.791852566737,1.919668036194807e-05,10269.11510328105,10269.11510328105,8.4486,8.4486,62.0,50,Others,12449.241558397398,2026-06-19T09:11:08.109Z,2120.3150428225244,22547.21645337384,,1.811131734219186,<2x,0,0,0,0,0,,,,
AUcHUfXcz9hWLcaRahA6MWWGNPJ1dXw9rAqJHTr5pump,QWANT,Le Qwant,newSignal,2026-06-19T09:16:50.025Z,2026-06-19T09:11:59.000Z,2026-06-19 09:16:50,2026-06-19 09:17:29,2,14226.794584346135,12322.392593994555,11181.581531105337,,32545.91405709108,32545.91405709108,6.0198,6.0198,70.0,43,Elon,12322.392593994555,2026-06-19T09:13:41.563Z,2346.7655015951127,46435.93513767186,,3.768418737145487,2x-5x,0,1,1,0,0,,,,
F5x2MoFMKF1NNyXznnFfxm7647SW3w2gp8yFB3AVpump,TRACEY,The Crocodile Hero,newSignal,2026-06-19T09:27:38.304Z,2026-06-19T09:11:39.000Z,2026-06-19 09:27:38,2026-06-19 09:45:44,2,16394.126844396884,12308.289275275674,12007.31680198343,1.6394126844396883e-05,28900.8795928934,28900.8795928934,6.6568,6.6568,26.0,18,Animals,12308.289275275674,2026-06-19T09:20:58.485Z,4991.479925428901,57894.46057318283,,4.703696775268238,2x-5x,0,1,1,0,0,,,,
4CCiNMmqfBNRrheZKFVVdnnr4u5c9VwK5iyHxDsspump,RAN,RANLANDS,newSignal,2026-06-19T09:36:58.925Z,2026-06-19T09:32:31.000Z,2026-06-19 09:36:58,2026-06-19 09:36:58,1,22173.34186626817,22706.70217446335,10327.44106999187,2.2173341866268166e-05,16764.88631529839,16764.88631529839,10.0863,10.0863,74.0,36,Gaming,22706.70217446335,2026-06-19T09:36:58.724Z,2446.8377543160614,34046.51066541071,,1.4994035859465515,<2x,0,0,0,0,0,,,,
AbSKMeQ3RAUKxjDij4SvLhCdv3AnoQgZ2jHQWo5ypump,SKY,Skytopia,newSignal,2026-06-19T10:03:14.219Z,2026-06-19T10:01:17.000Z,2026-06-19 10:03:14,2026-06-19 10:03:14,1,15445.620639239889,12856.816283056436,11653.059267295908,1.544562063932932e-05,53052.449333853,53052.449333853,3.4131,3.4131,78.0,58,Space,12856.816283056436,2026-06-19T10:03:13.930Z,2057.460026227429,15701.15531891631,,1.2212319887940168,<2x,0,0,0,0,0,,,,
6bZsryBMSGBYnwGtESgeGE5APtSSJX2BQrx7tBEfpump,Junior,The Psychic Dog,newSignal,2026-06-19T10:16:06.453Z,2026-06-19T10:13:45.000Z,2026-06-19 10:16:06,2026-06-19 10:16:06,1,12667.096050452783,12747.374459167375,10554.594237600593,,27348.9787410645,27348.9787410645,5.9512,5.9512,78.0,56,Animals,12747.374459167375,2026-06-19T10:16:06.254Z,2100.12973742105,13547.003403026982,,1.0627289130338953,<2x,0,0,0,0,0,,,,
73snVp4q4D6GQHn9TXpNTVwbKJnGTm1Lo27vFJyspump,ARTIFICIAL,Artificial,newSignal,2026-06-19T10:23:56.587Z,2026-06-19T10:21:19.000Z,2026-06-19 10:23:56,2026-06-19 10:30:44,4,15975.818814095739,11944.405942424615,11840.091181163833,1.597581881409574e-05,28205.1712281691,28205.1712281691,6.1964,6.1964,134.0,88,AI Agents,11944.405942424615,2026-06-19T10:23:03.939Z,2107.7590899579823,20331.85359897324,,1.7022071835952726,<2x,0,0,0,0,0,,,,
9nCVrJcYDZX8QfJDZ22pMPNtdZkDijj3H4Fc3sZMpump,ARTIFICIAL,Artificial,newSignal,2026-06-19T10:33:40.687Z,2026-06-19T10:26:41.000Z,2026-06-19 10:33:40,2026-06-19 10:36:04,2,18719.278376883223,13128.936115021439,12818.3624131865,1.8719278376883222e-05,25441.03647520192,25441.03647520192,8.4231,8.4231,57.0,54,Others,13128.936115021439,2026-06-19T10:33:40.484Z,2039.3574589117432,13128.936115021439,,1.0,<2x,0,0,0,0,0,,,,
5Dv3voRfE5PDEbTKzzy4V42gyxj65wTmEPqvWeLUpump,WCA,World Cup Anime,newSignal,2026-06-19T10:45:18.897Z,2026-06-19T10:21:14.000Z,2026-06-19 10:45:18,2026-06-19 10:45:18,1,21666.512757770608,20337.772060288757,13781.445607859569,2.166651275777061e-05,22182.12534870072,22182.12534870072,9.5832,9.5832,20.0,16,Sports,20337.772060288757,2026-06-19T10:45:18.661Z,15601.176610986548,46195.5940405736,,2.271418614764321,2x-5x,0,1,0,0,0,,,,
BwLS1TLvwb771PyNuyktWyxUDdxpziZ5oGYKgQfNpump,QUACKSSANT,Quackssant,newSignal,2026-06-19T10:46:39.128Z,2026-06-19T10:36:09.000Z,2026-06-19 10:46:39,2026-06-19 10:50:30,2,14833.14083192242,12098.057458803778,11402.939491695728,1.483314083192242e-05,45517.99014385865,45517.99014385865,4.2166,4.2166,20.0,15,Others,12098.057458803778,2026-06-19T10:38:11.684Z,14341.98093977858,17933.107513079092,,1.4823129724870945,<2x,0,0,0,0,0,,,,
Jm7FXQSGE18mnL2GuNScDxjcH23zix2uBBfm5ABpump,Cap,Self-Hosted CAPTCHA,newSignal,2026-06-19T10:48:19.593Z,2026-06-19T10:06:04.000Z,2026-06-19 10:48:19,2026-06-19 11:10:24,3,15869.977419033508,12106.786985691811,11799.984466805343,1.586997741903351e-05,44202.43993108125,44202.43993108125,7.1714,7.1714,32.0,20,Others,12106.786985691811,2026-06-19T10:48:19.301Z,1578.0087711539493,28822.864190583172,,2.3807195273731137,2x-5x,0,1,0,0,0,,,,
CtNC5wuHcGBDMEYHMnpnqFi63gJpxhnPuRSX8SH2pump,USOT,United States Oil Trust,newSignal,2026-06-19T11:04:47.973Z,2026-06-19T10:54:16.000Z,2026-06-19 11:04:47,2026-06-19 11:04:47,1,17386.697197887817,22541.00111242136,9138.154786240339,1.7386697197887817e-05,9083.8656129307,9083.8656129307,2.063,2.063,21.0,10,Others,22541.00111242136,2026-06-19T11:04:47.767Z,162705.0547167009,166833.89091374062,,7.401352321561519,5x-10x,0,1,1,1,0,,,,
EpPytnMzfZdPhMyp8Ak8FmPhZNFPULXDGXiyqrJ8pump,CryptoBandits,CryptoBandits,newSignal,2026-06-19T11:09:40.940Z,2026-06-19T11:07:05.000Z,2026-06-19 11:09:40,2026-06-19 11:11:54,2,15990.215027621482,12478.490734290031,11845.434774232706,1.5990215027621483e-05,41663.20501645865,41663.20501645865,6.4898,6.4898,180.0,125,Others,12478.490734290031,2026-06-19T11:09:40.650Z,5241.235915479962,61219.510400552565,,4.90600279345687,2x-5x,0,1,1,0,0,,,,
BohiYrLdvMgsqtzHz9azWPT3xa8fK8FmRtF3Tt5Fpump,PLEDRA,Pledra Protocol,newSignal,2026-06-19T11:16:49.103Z,2026-06-19T11:07:05.000Z,2026-06-19 11:16:49,2026-06-19 11:25:44,3,15226.939029915244,12562.024315622062,11559.257242850106,1.5226939029915244e-05,14107.72336866355,14107.72336866355,6.7367,6.7367,24.0,21,Protocols,12562.024315622062,2026-06-19T11:16:48.740Z,48886.49083683561,83117.30869884005,,6.616553718613315,5x-10x,0,1,1,1,0,,,,
AByfnzEYM9YCqrWSQsdCNfnRu5PSycd88kVBpK59pump,Worm,Crypto Clipper Worm,newSignal,2026-06-19T11:40:50.173Z,2026-06-19T11:35:42.000Z,2026-06-19 11:40:50,2026-06-19 11:52:01,2,16304.408998671597,12009.50673776959,11974.486973105253,1.63044089986716e-05,27587.55848730811,27587.55848730811,6.7706,6.7706,43.0,34,Others,12009.50673776959,2026-06-19T11:40:50.022Z,2051.200637513756,17283.48257100366,,1.4391500790492544,<2x,0,0,0,0,0,,,,
7HGLh4X7zJdCwNYoUaqijVE1ghpzmuqiBaC45hswpump,Nothing,Nothing Tech,newSignal,2026-06-19T11:52:34.249Z,2026-06-19T11:42:21.000Z,2026-06-19 11:52:34,2026-06-19 11:52:34,1,15098.20555779391,12608.818263950798,11525.886914160223,1.5098205557793909e-05,46048.8511386601,46048.8511386601,6.1926,6.1926,40.0,26,Others,12608.818263950798,2026-06-19T11:49:25.944Z,2307.979385658948,12608.818263950798,,1.0,<2x,0,0,0,0,0,,,,
2YW7BsxxWktDHT6AtWXUkPwL8GwHu5XMVJqsGfuRpump,Nothing,Nothing Tech,newSignal,2026-06-19T11:55:02.792Z,2026-06-19T11:45:24.000Z,2026-06-19 11:55:02,2026-06-19 11:55:02,1,15113.1450147406,13084.259161954682,11527.828794418949,1.5113145014741037e-05,58287.89094815296,58287.89094815296,5.9842,5.9842,41.0,29,Others,13084.259161954682,2026-06-19T11:45:42.642Z,2032.7561483999411,13240.192721928815,,1.0119176453205347,<2x,0,0,0,0,0,,,,
FhhDi7qyJqn2Gjt6k3574NrVi4awHqH2gKt1WJe9pump,WAR,WAR,newSignal,2026-06-19T12:11:46.817Z,2026-06-19T12:11:38.000Z,2026-06-19 12:11:46,2026-06-19 12:17:55,2,18455.900029860066,22193.190976871854,9421.463695439828,1.8455900029860063e-05,45294.81014022148,45294.81014022148,5.7604,5.7604,22.0,19,Others,22193.190976871854,2026-06-19T12:11:46.659Z,1735.3889874134852,45365.72246776468,,2.044127972180367,2x-5x,0,1,0,0,0,,,,
ENJByQZaQ6hhz54raVPNo8WvnuvN4Zd6uuzB8qSYpump,NA,North America,newSignal,2026-06-19T12:13:41.500Z,2026-06-19T12:02:25.000Z,2026-06-19 12:13:41,2026-06-19 12:18:11,3,15328.395340344081,11952.720761147328,11607.909566911396,1.5328395340344083e-05,17878.45627051902,17878.45627051902,7.0035,7.0035,39.0,23,Others,11952.720761147328,2026-06-19T12:13:41.209Z,2082.181700863351,13950.736527597932,,1.1671599133266137,<2x,0,0,0,0,0,,,,
7sjgj9278rm2aJVZQ6hkm7dZxC8pZX4K8WEBa6z6rMmz,SOL,Solana,newSignal,2026-06-19T12:24:31.941Z,2026-06-19T12:24:00.000Z,2026-06-19 12:24:31,2026-06-19 12:25:14,3,16064.58777806429,14532.048733882617,11879.034731276832,1.606458777806429e-05,21939.42416367975,21939.42416367975,6.2192,6.2192,92.0,59,Protocols,14532.048733882617,2026-06-19T12:24:31.653Z,1626.7928531610087,29643.25235780049,,2.0398536297696905,2x-5x,0,1,0,0,0,,,,
6hCVACCscjhknyM6nenA8Y5mvoexoVChT3FSm9RVM8Be,69,The Bottom,newSignal,2026-06-19T12:28:25.583Z,2026-06-19T12:24:56.000Z,2026-06-19 12:28:25,2026-06-19 12:28:25,1,18980.91676927777,12746.793810872861,12906.66075123935,1.898091676927777e-05,18089.09683781248,18089.09683781248,7.489,7.489,66.0,57,Meme,12746.793810872861,2026-06-19T12:28:25.344Z,2031.2983348483021,12746.793810872861,,1.0,<2x,0,0,0,0,0,,,,
5kuTkFHSha6Dc4po34fhHVYfUf9XzqFSGxRN41rmpump,Solana,SpongebobAnsemSonic69420wifInuAI,newSignal,2026-06-19T12:30:01.017Z,2026-06-19T12:26:58.000Z,2026-06-19 12:30:01,2026-06-19 13:53:58,3,17043.169636396025,12415.562787215009,12231.055245067122,1.7043169636396028e-05,33170.97352073874,33170.97352073874,7.1291,7.1291,150.0,112,Meme,12415.562787215009,2026-06-19T12:28:33.196Z,7389.227000953323,132477.67895509885,,10.670291892971491,10x-20x,0,1,1,1,1,,,,
7mLVwy9rcaV3dMcJ44vMqoFp6oUthiBx64LhNnHwpump,Murad,The Hodler,newSignal,2026-06-19T12:43:17.458Z,2026-06-19T12:37:00.000Z,2026-06-19 12:43:17,2026-06-19 12:43:17,1,15406.671130935056,12107.3880115233,11631.536246663189,1.5406671130935058e-05,23749.1895272824,23749.1895272824,6.1684,6.1684,47.0,40,Meme,12107.3880115233,2026-06-19T12:43:17.275Z,2007.426383986695,12496.72996151258,,1.0321573860207272,<2x,0,0,0,0,0,,,,
GrTuX8VAHTBisSozfp9VbnCfcN4UW6imdmMrhWhMpump,UP,OPERATION LEVEL UP,newSignal,2026-06-19T12:50:27.168Z,2026-06-19T12:47:35.000Z,2026-06-19 12:50:27,2026-06-19 12:50:33,2,19886.365274496962,13307.56854824608,13191.521103976631,1.988636527459329e-05,35023.0323875349,35023.0323875349,7.4859,7.4859,195.0,153,Meme,13307.56854824608,2026-06-19T12:48:15.381Z,2222.7579133366485,13307.56854824608,,1.0,<2x,0,0,0,0,0,,,,
81FShq9B4kfyvYPRnLyGE9psgY4vzqsUrAnJ7Tmwpump,Pepe,Пепе,newSignal,2026-06-19T12:53:44.638Z,2026-06-19T12:53:17.000Z,2026-06-19 12:53:44,2026-06-19 12:55:08,2,16224.200673496167,13542.44941258866,11926.532212605556,1.6224200673496167e-05,27983.914653744,27983.914653744,6.246,6.246,114.0,76,Meme,13542.44941258866,2026-06-19T12:53:31.773Z,2011.0652114914478,20442.142093751263,,1.509486317500943,<2x,0,0,0,0,0,,,,
CZg8qo6fAqVcVxZmgJFWxJqpGp3EHRvPTHaJafqNpump,Binface,Count Binface,newSignal,2026-06-19T13:01:55.022Z,2026-06-19T13:00:35.000Z,2026-06-19 13:01:55,2026-06-19 13:01:55,1,21630.266262765435,13772.409891830694,13816.358152808218,2.1630266262766106e-05,40342.3216971354,40342.3216971354,8.6626,8.6626,252.0,142,Others,13772.409891830694,2026-06-19T13:00:49.389Z,1640.0575181853987,30117.292910982156,,2.186784531358355,2x-5x,0,1,0,0,0,,,,
5pRpfMANzYDVgz4VBXTL1egkzXBZVuisrEJEAinoJVqk,NAVI,NAVI,newSignal,2026-06-19T13:06:16.236Z,2026-06-19T13:05:59.000Z,2026-06-19 13:06:16,2026-06-19 13:06:16,1,26138.054522763658,25505.606549536584,11252.506894562222,2.613805452276366e-05,46262.96376631875,46262.96376631875,9.2486,9.2486,117.0,69,Others,25505.606549536584,2026-06-19T13:06:16.021Z,1938.912300765024,25505.606549536584,,1.0,<2x,0,0,0,0,0,,,,
9zPnV3BDM3Ryph485gp5x5jpF5cTa76wT3Ttveuepump,Navi,Navi,newSignal,2026-06-19T13:18:13.200Z,2026-06-19T13:17:58.000Z,2026-06-19 13:18:13,2026-06-19 13:18:58,3,13992.81009829474,14233.857895801935,11111.784849907965,1.399281009829474e-05,16954.37034794622,16954.37034794622,5.946,5.946,75.0,57,Others,14233.857895801935,2026-06-19T13:18:12.805Z,2316.3461926074656,25137.194979850352,,1.7660141870085828,<2x,0,0,0,0,0,,,,
gAYuqKUgzEz11eQbpH3125GUc8Lvc21W4P31pXKpump,YOU,Your next opponent is,newSignal,2026-06-19T13:22:14.295Z,2026-06-19T13:14:41.000Z,2026-06-19 13:22:14,2026-06-19 13:26:59,3,17922.015948682612,12287.731296224347,12566.313562699086,1.7922015948803512e-05,22353.55094083248,22353.55094083248,7.9213,7.9213,35.0,17,Meme,12287.731296224347,2026-06-19T13:22:14.079Z,6989.491043935882,24227.667783203273,,1.9716957670329032,<2x,0,0,0,0,0,,,,
EeMWsbbcCi3Wyp1biDUqa93YAdEronW6i25czafpump,SPDR,Spider Robotics,newSignal,2026-06-19T13:33:19.916Z,2026-06-19T13:31:29.000Z,2026-06-19 13:33:19,2026-06-19 13:33:19,1,16655.222169353146,12735.359498967879,12121.1200040304,1.6655222169353148e-05,7036.19429012115,7036.19429012115,7.6016,7.6016,31.0,15,Others,12735.359498967879,2026-06-19T13:33:19.686Z,1985.2293982574304,12735.359498967879,,1.0,<2x,0,0,0,0,0,,,,
9TrRZM1xRzmDYExhBbTGruzMUZsYUvz2UY3cafjdpump,Jason,Jason Duval,newSignal,2026-06-19T13:33:27.889Z,2026-06-19T13:11:41.000Z,2026-06-19 13:33:27,2026-06-19 13:42:48,2,16718.39007782784,15723.986831305334,12144.082472339584,1.6718390077827842e-05,30013.41402051928,30013.41402051928,6.5801,6.5801,26.0,14,Gaming,15723.986831305334,2026-06-19T13:33:27.698Z,2374.8902557735005,19512.59315269219,,1.2409443840186898,<2x,0,0,0,0,0,,,,
C3jxjp95QFWNfRXq48J67WiuLBLgqL9YQ8pExkyNpump,5DAHH,GIMME MY 5 DAHH,newSignal,2026-06-19T13:37:24.890Z,2026-06-19T12:06:15.000Z,2026-06-19 13:37:24,2026-06-19 13:37:48,2,18998.495927654567,16053.51036868206,12949.464070486705,1.8998495927654567e-05,22065.73508327011,67966.18661138572,0.6785,8.0154,23.0,16,Meme,16053.51036868206,2026-06-19T13:37:24.651Z,7949.723202030409,24473.66267961607,,1.5245053647182636,<2x,0,0,0,0,0,,,,
H5gqAwecqhRueNjbNrdygDbs9VqmtzDFVJVgq1yDpump,Beatles,The Fab Four,newSignal,2026-06-19T13:42:35.441Z,2026-06-19T13:40:19.000Z,2026-06-19 13:42:35,2026-06-19 13:42:35,1,14648.23767690356,14154.382902204477,11428.653307643011,1.4648237676915542e-05,67252.67050406328,67252.67050406328,4.0645,4.0645,110.0,92,Others,14154.382902204477,2026-06-19T13:42:35.305Z,2694.2840526325353,14154.382902204477,,1.0,<2x,0,0,0,0,0,,,,
2bJLvamPNX7iTxZwtsu3SL2fLuSgejfB4rxtYeaipump,FATTOO,Fattoo Coin,newSignal,2026-06-19T14:13:27.957Z,2026-06-19T14:02:27.000Z,2026-06-19 14:13:27,2026-06-19 14:32:30,5,21933.577396225763,13318.432922346012,13965.565002143738,2.193357739622576e-05,22344.09134643642,22344.09134643642,9.5413,9.5413,51.0,30,Meme,13318.432922346012,2026-06-19T14:12:56.254Z,1599.4438080579373,71339.44108514584,,5.356444072744525,5x-10x,0,1,1,1,0,,,,
89SWf1zfiWSp3doPhM4vstqxjTF1iozs1EU8noN6pump,RICH,Get Rich Quick,newSignal,2026-06-19T14:16:29.426Z,2026-06-19T14:13:00.000Z,2026-06-19 14:16:29,2026-06-19 14:16:53,2,15355.540367146003,15042.359614415385,11670.813992223879,,16401.89620015698,16401.89620015698,8.3221,8.3221,21.0,16,Meme,15042.359614415385,2026-06-19T14:16:29.209Z,1342.9614445589264,37919.721676222754,,2.520862593916685,2x-5x,0,1,0,0,0,,,,
GT541LwRhAZFL149mpHtrEMTjZqm1r269eBfrq7Npump,DRIP,Bitcoin Drip,newSignal,2026-06-19T14:34:09.166Z,2026-06-19T14:28:08.000Z,2026-06-19 14:34:09,2026-06-19 14:34:09,1,15263.683329391186,13501.135333424767,11652.734728656833,1.5263683329391185e-05,21626.32302315048,21626.32302315048,6.5334,6.5334,20.0,21,Meme,13501.135333424767,2026-06-19T14:34:09.003Z,2232.0347520022715,15779.020652836043,,1.1687180569008826,<2x,0,0,0,0,0,,,,
E6Bh9FSsyY7qz7LBRtDuccn9VjhW9DYFBWXEKZL5pump,PIZZA,stable asset,newSignal,2026-06-19T14:38:58.396Z,2026-06-19T14:25:16.000Z,2026-06-19 14:38:58,2026-06-19 14:38:58,1,21854.085451504587,21976.1964269718,20064.393536864587,2.1854085451504587e-05,20356.08551322156,20356.08551322156,4.3147,4.3147,27.0,14,Others,21976.1964269718,2026-06-19T14:38:58.151Z,4124.216552053414,21976.1964269718,,1.0,<2x,0,0,0,0,0,,,,
9Rfs3myEp3c94G4vWWgKj42oynQbAZqkqPTAqCVapump,Buddy,The Nietzschean Cat,newSignal,2026-06-19T14:45:05.825Z,2026-06-19T14:42:49.000Z,2026-06-19 14:45:05,2026-06-19 14:46:53,3,16835.26240823255,12592.519019903455,12258.301276752647,1.683526240823255e-05,20927.0039906616,20927.0039906616,6.8967,6.8967,47.0,28,Animals,12592.519019903455,2026-06-19T14:45:05.689Z,1997.4799777885462,12592.519019903455,,1.0,<2x,0,0,0,0,0,,,,
4Uq4vLJb78d94XDGCnPqTeNy67TgcCoWnx8RHVoMpump,WARNED,you have been WARNED,newSignal,2026-06-19T14:45:44.132Z,2026-06-19T14:45:11.000Z,2026-06-19 14:45:44,2026-06-19 14:54:17,3,16776.144610667296,12702.733005771614,12236.28269206718,1.6776144610667296e-05,32077.13753154337,32077.13753154337,3.5563,3.5563,78.0,58,TikTok,12702.733005771614,2026-06-19T14:45:31.136Z,1999.7204225671824,15822.40895667638,,1.2455909251566029,<2x,0,0,0,0,0,,,,
BmNASdTTgXc1AhvMqFiPBKp3kwrPeHchn7LbbWeSpump,COLLECTABLE,Collectable Coin,newSignal,2026-06-19T14:54:21.496Z,2026-06-19T14:53:38.000Z,2026-06-19 14:54:21,2026-06-19 14:54:21,1,25839.05089644711,14780.048949713399,15181.034523755012,2.583905089644711e-05,20902.36690204818,20902.36690204818,11.0982,11.0982,73.0,55,Others,14780.048949713399,2026-06-19T14:54:15.997Z,104292.06376012396,117693.57816883909,,7.963003273485186,5x-10x,0,1,1,1,0,,,,
6adEzqnj9e4hrTyb9n7fgU4uQr9yWhETgHVCjZcpump,WOJTEK,WOJTEK,newSignalRay,2026-06-19T14:57:12.080Z,2026-06-19T14:55:45.000Z,2026-06-19 14:57:12,2026-06-19 14:57:12,1,52945.66763442344,53881.62455900891,16129.933792471365,5.2945667634423436e-05,62243.37562104186,62243.37562104186,25.8398,25.8398,86.0,35,Animals,53881.62455900891,2026-06-19T14:57:11.855Z,2521.669719995644,78529.8461525008,,1.4574513444095991,<2x,0,0,0,0,0,,,,
HbiGTMusSryVbR2ZReEz34By9NFHqZaahWnbQyQEpump,RICH,Get Rich Quick,newSignal,2026-06-19T15:02:25.610Z,2026-06-19T14:19:59.000Z,2026-06-19 15:02:25,2026-06-19 15:02:25,1,29091.617654585443,13596.33504822605,11887.538069759597,2.9091617654585443e-05,39215.04158707443,39215.04158707443,6.9493,6.9493,20.0,13,Meme,13596.33504822605,2026-06-19T14:20:17.518Z,4980.045775465115,13596.33504822605,,1.0,<2x,0,0,0,0,0,,,,
7dWh3zJ3bnrSN8rJUAL9zG78Acydqjh6GisTuGe7fnDc,TVB,Trump Vs Biden,newSignal,2026-06-19T15:05:26.247Z,2026-06-19T14:55:32.000Z,2026-06-19 15:05:26,2026-06-19 15:06:05,2,16038.020883051568,12592.379048810573,11941.212490392603,1.603802088305157e-05,35837.64865949112,35837.64865949112,5.8369,5.8369,79.0,59,Politics,12592.379048810573,2026-06-19T15:04:40.703Z,1987.2409043401658,17775.2064431789,,1.4115844491560057,<2x,0,0,0,0,0,,,,
AtPqyV5QRWQRpDsh1YJ2pB3dP1QKCMUcdZ13zFeFpump,OpiumChicken,Opium Chicken,newSignal,2026-06-19T15:10:46.692Z,2026-06-19T14:33:31.000Z,2026-06-19 15:10:46,2026-06-19 15:20:53,3,15404.116592797285,12143.890216417587,11702.215170492736,1.5404125099383415e-05,63420.9995350204,63420.9995350204,6.5285,6.5285,22.0,14,Animals,12143.890216417587,2026-06-19T14:40:41.523Z,3723.990805858975,24451.495700875195,,2.013481286895915,2x-5x,0,1,0,0,0,,,,
C62QnxGVAa9AV4br5BpUzonaKxXc8jAczp6hFL47pump,Horse,The Horse,newSignal,2026-06-19T15:28:28.726Z,2026-06-19T15:22:01.000Z,2026-06-19 15:28:28,2026-06-19 15:28:28,1,17038.199921593372,13615.023041460294,12299.131120004316,1.7038199921593374e-05,49583.5776257376,49583.5776257376,4.9081,4.9081,48.0,41,Animals,13615.023041460294,2026-06-19T15:28:28.411Z,2045.1952245573507,13615.023041460294,,1.0,<2x,0,0,0,0,0,,,,
97G3xuSATggNYUpXmHp8ZNcNYnZmtjdnqHytsFWxpump,elun,elun mesk,newSignal,2026-06-19T15:32:40.289Z,2026-06-19T15:32:13.000Z,2026-06-19 15:32:40,2026-06-19 15:57:29,4,30264.662380775757,18577.392508358345,12121.36227336418,3.0264662380775758e-05,25806.15175772816,25806.15175772816,12.8755,12.8755,139.0,90,Elon,18577.392508358345,2026-06-19T15:32:35.530Z,4995.228290818246,134695.89653580092,,7.25052756866705,5x-10x,0,1,1,1,0,,,,
2mdfssaGr9MAVNNpaCxxd3LuhhHKNShByT9RWjZBpump,CHADLON,chadlon musk,newSignal,2026-06-19T15:32:56.294Z,2026-06-19T15:32:19.000Z,2026-06-19 15:32:56,2026-06-19 15:32:56,1,22312.818684920792,14721.364359396252,14077.851452244924,,26074.31687274342,26074.31687274342,9.7643,9.7643,136.0,79,Elon,14721.364359396252,2026-06-19T15:32:51.774Z,1296.700450500895,14721.364359396252,,1.0,<2x,0,0,0,0,0,,,,
2CvqowBpUSGLWgU1p3k6KW87KHVzSCWD3ADX1pafpump,MUST,Elon Must,newSignal,2026-06-19T15:36:17.661Z,2026-06-19T15:33:49.000Z,2026-06-19 15:36:17,2026-06-19 15:38:37,2,17287.828721473248,12910.75142748588,12405.657200982407,1.728782872147325e-05,21959.56918113892,21959.56918113892,6.3292,6.3292,131.0,97,Elon,12910.75142748588,2026-06-19T15:36:09.285Z,1763.2285133538585,26188.559027568183,,2.028430271828717,2x-5x,0,1,0,0,0,,,,
Ct5ZGEs7TTwbV63e1gTDdhdves3xenJRe6gKW2pupump,HERO,Zero to Hero,newSignal,2026-06-19T15:39:37.999Z,2026-06-19T15:39:14.000Z,2026-06-19 15:39:37,2026-06-19 15:39:49,2,20053.390883973003,12725.610927599808,13370.006444242905,,14776.86948369216,14776.86948369216,11.5198,11.5198,66.0,45,Others,12725.610927599808,2026-06-19T15:39:32.970Z,1375.776676098616,14475.636001213545,,1.1375199260428601,<2x,0,0,0,0,0,,,,
7yVbC1eKmyxSe4rEauwdtSqhC8jUDF4jC2kFqkVipump,WOT,World of Trencher,newSignal,2026-06-19T15:46:44.537Z,2026-06-19T15:26:10.000Z,2026-06-19 15:46:44,2026-06-19 15:53:01,4,16286.348962689428,13745.515077587383,12058.541494738449,1.6286349338686935e-05,47868.80988433608,47868.80988433608,7.0814,7.0814,23.0,16,Gaming,13745.515077587383,2026-06-19T15:46:44.394Z,1300.9094791676157,29549.444870882347,,2.1497517338629173,2x-5x,0,1,0,0,0,,,,
Bk1ZX9zPw74gUGieWqEsXjwKwxNbKB1Z9V3tGa2upump,CAT,CatCoin,newSignal,2026-06-19T15:49:11.667Z,2026-06-19T15:48:56.000Z,2026-06-19 15:49:11,2026-06-19 15:49:37,2,16672.61150969675,14571.046614665078,17525.153083003683,1.667261150969675e-05,10967.963657131253,10967.963657131253,3.1064,3.1064,35.0,21,Cats,14571.046614665078,2026-06-19T15:49:04.988Z,4054.0541356419535,20563.376558185515,,1.411249109414655,<2x,0,0,0,0,0,,,,
EoHKjiNy8w2ZcizdGexxsHcTHvDZT44HVGJg7eDUpump,CEX,CEXcoin,newSignal,2026-06-19T15:52:16.139Z,2026-06-19T15:45:45.000Z,2026-06-19 15:52:16,2026-06-19 16:29:57,4,16019.24917936483,13096.340419676499,11952.547638095335,1.6019249181670496e-05,35998.37766585924,35998.37766585924,4.9596,4.9596,33.0,29,Others,13096.340419676499,2026-06-19T15:45:56.330Z,2440.1232859547977,28290.94574248655,,2.1602176513357145,2x-5x,0,1,0,0,0,,,,
gLK8xzV1FbccRw9CkqZngTqCwUezWvDSkKUCijbpump,BALLSACK,Ballsack Coin,newSignal,2026-06-19T15:52:16.914Z,2026-06-19T15:51:36.000Z,2026-06-19 15:52:16,2026-06-19 15:53:31,3,14603.648103817,12727.582291595701,11412.115406914683,1.4603648103817e-05,34441.67743576586,34441.67743576586,3.2422,3.2422,39.0,29,Meme,12727.582291595701,2026-06-19T15:52:16.800Z,12317.428544479115,13988.027177144217,,1.099032546533273,<2x,0,0,0,0,0,,,,
HDkd5H8NQZGRWXu7WShe5LhauD6oKiT9ogkVZF1Fc6QY,DONK,donk,newSignal,2026-06-19T16:00:56.502Z,2026-06-19T15:58:51.000Z,2026-06-19 16:00:56,2026-06-19 16:01:30,2,17952.547502754696,12167.933134705972,12653.208831900383,1.7952547502754698e-05,20711.55515104767,20711.55515104767,6.9464,6.9464,51.0,32,Meme,12167.933134705972,2026-06-19T16:00:56.362Z,1986.8435977584008,12396.219367105758,,1.0187612990532184,<2x,0,0,0,0,0,,,,
3dnqJMeEKNghTZVJc2ucABsbJfkCUMXbTJfggAjcpump,RonaldoAi,Ronaldo Ai slop,newSignal,2026-06-19T16:14:01.292Z,2026-06-19T16:11:03.000Z,2026-06-19 16:14:01,2026-06-19 16:14:01,1,17592.167864951007,12454.606515606687,12526.437147760958,1.7592167864951008e-05,14347.95182257416,14347.95182257416,6.7858,6.7858,86.0,74,AI Agents,12454.606515606687,2026-06-19T16:14:00.963Z,2425.339898523054,12454.606515606687,,1.0,<2x,0,0,0,0,0,,,,
8xKzNYHuoNeJ1cm1XP6xSPei7XYvdVXXMByAgf8bpump,WOJAK,Wojak Kowalski,newSignal,2026-06-19T16:15:20.681Z,2026-06-19T16:13:56.000Z,2026-06-19 16:15:20,2026-06-19 16:15:35,2,18715.132949584757,12400.145141820954,12919.911446997527,1.8715132949584755e-05,21426.65995934415,21426.65995934415,7.2828,7.2828,92.0,70,,12400.145141820954,2026-06-19T16:15:20.527Z,2233.8861528687266,18866.804165942456,,1.5214986558755614,<2x,0,0,0,0,0,,,,
8QAfLaNuyZhwg4LMomfe8CKX7XwYwSiGQDPUivkppump,MFGA,Make Farmers Great Again,newSignalRay,2026-06-19T16:18:03.674Z,2026-06-19T16:16:56.000Z,2026-06-19 16:18:03,2026-06-19 16:20:05,2,272612.55307789566,225752.67280980616,36761.87814675403,0.00027261255307789564,139455.88929487785,139455.88929487785,131.2155,131.2155,93.0,30,,225752.67280980616,2026-06-19T16:18:03.522Z,4820.751439168093,403564.2259816495,,1.7876387506678486,<2x,0,0,0,0,0,,,,
4PNfAxmCxJu5Hdd8Se9ET3weekBXS1nSJrM1RKuepump,Baki,Yujiro Trump,newSignal,2026-06-19T16:18:21.117Z,2026-06-19T16:15:22.000Z,2026-06-19 16:18:21,2026-06-19 16:18:21,1,14915.160106983443,13001.710816829715,11543.08015395742,1.4915160106983442e-05,16462.98910181632,16462.98910181632,6.1251,6.1251,45.0,33,,13001.710816829715,2026-06-19T16:18:20.823Z,1485.9075990715162,34181.03686424393,,2.6289645528801646,2x-5x,0,1,0,0,0,,,,
BqnRhTShq1NMEZdbaMWbE4NemKuSpQ3cRw8Eg9ckNuCy,Tranp,ドナルド トランプ,newSignal,2026-06-19T16:21:17.110Z,2026-06-19T16:20:45.000Z,2026-06-19 16:21:17,2026-06-19 16:21:27,2,21033.99214341184,13968.415928346672,13710.786488564761,2.103399214341184e-05,24034.36633503339,24034.36633503339,7.1505,7.1505,92.0,64,,13968.415928346672,2026-06-19T16:21:16.962Z,1997.3312620633656,13968.415928346672,,1.0,<2x,0,0,0,0,0,,,,
TzyyGEL7R5r2QrUzx8txqyWscvhnKKNqffYoYjNpump,SPRITE,Design A Sprite,newSignal,2026-06-19T16:23:04.688Z,2026-06-19T16:17:15.000Z,2026-06-19 16:23:04,2026-06-19 17:00:45,3,14938.880343666386,12719.061673327848,16588.94983476228,1.4938880343666385e-05,19990.82123563002,19990.82123563002,2.1742,2.1742,20.0,13,Gaming,12719.061673327848,2026-06-19T16:23:04.553Z,16730.212193541494,66290.8411110266,,5.2119285851125285,5x-10x,0,1,1,1,0,,,,
BwPLx7YTvskeVPnZDjy6EdFJvHmNCPky2FV8xcWnpump,grASS,Touch grASS,newSignal,2026-06-19T16:29:27.646Z,2026-06-19T16:26:44.000Z,2026-06-19 16:29:27,2026-06-19 16:29:47,2,18879.63229315656,12705.95690953577,12989.676453024613,1.887963229315656e-05,35777.64412317984,35777.64412317984,7.5976,7.5976,159.0,110,Meme,12705.95690953577,2026-06-19T16:27:55.843Z,2093.1830954501465,19205.39843300255,,1.5115271183226644,<2x,0,0,0,0,0,,,,
CwPoaq8GGF5i2RkiDyHsNsrnP5L1B4PnQZAEu3Xkpump,ELON,Comrade Elon,newSignal,2026-06-19T16:33:37.409Z,2026-06-19T16:28:59.000Z,2026-06-19 16:33:37,2026-06-19 16:34:33,3,16819.955525858262,14006.07395308547,12254.484545821817,1.6819955525858262e-05,27294.3913630311,27294.3913630311,7.5354,7.5354,44.0,30,Elon,14006.07395308547,2026-06-19T16:33:37.127Z,1992.3663393218185,22168.38888846948,,1.5827696585584492,<2x,0,0,0,0,0,,,,
Bz2JqnfKFL4oBgyhc217U4FLn111yrwfyNdNha2FJfXN,SOLAMANDERS,Solamanders,newSignal,2026-06-19T16:34:30.136Z,2026-06-19T16:24:08.000Z,2026-06-19 16:34:30,2026-06-19 16:36:05,2,16704.302142171495,14849.881613543037,12213.155504431188,1.6704302142171496e-05,23389.99722697002,23389.99722697002,6.3974,6.3974,26.0,14,Mascot,14849.881613543037,2026-06-19T16:34:29.927Z,1990.1023294141828,14849.881613543037,,1.0,<2x,0,0,0,0,0,,,,
7sqAcscdGpkbch35jQ4SB5S4VyKVHW5av4wQHng6tpLt,SonicMe,#SonicMe,newSignal,2026-06-19T16:38:17.430Z,2026-06-19T16:37:50.000Z,2026-06-19 16:38:17,2026-06-19 16:43:50,5,15599.483417757585,14797.270900874508,11798.11605187213,1.5599483417757583e-05,13149.86558567525,13149.86558567525,5.7931,5.7931,71.0,52,Meme,14797.270900874508,2026-06-19T16:38:17.215Z,3836.7221653633087,48902.17220508407,,3.304810227012468,2x-5x,0,1,1,0,0,,,,
87WB5qXyrS86YxoWTiRrMr53yrnnkNyYZJmeNxQ9pump,Elun,Elun Mesk,newSignal,2026-06-19T16:41:30.555Z,2026-06-19T16:37:01.000Z,2026-06-19 16:41:30,2026-06-19 16:43:01,3,14302.467867634594,12985.504271112244,11293.26188089587,1.4302467867634595e-05,31738.45399712127,31738.45399712127,6.4633,6.4633,57.0,43,Elon,12985.504271112244,2026-06-19T16:37:57.549Z,4118.941181124046,43661.57400879431,,3.362331804543358,2x-5x,0,1,1,0,0,,,,
6qNhu8hYbZE1L8dfG1K9CQ9LAWhZMHNpBLdAxGqYpump,BWARS,BLOXWARS,newSignal,2026-06-19T16:41:44.787Z,2026-06-19T16:36:52.000Z,2026-06-19 16:41:44,2026-06-19 16:41:44,1,15435.08672982432,12687.63509806619,11731.54930405137,1.543508672982432e-05,16082.63415187,16082.63415187,6.7329,6.7329,32.0,29,Gaming,12687.63509806619,2026-06-19T16:41:44.661Z,3756.57904175844,22983.908249598117,,1.8115202771792556,<2x,0,0,0,0,0,,,,
661HKCo3MfE7eeuGTXdUz4JUxiZecWg2cMXU6ACwGQNa,BLOB,Blob,newSignal,2026-06-19T16:47:27.983Z,2026-06-19T16:46:46.000Z,2026-06-19 16:47:27,2026-06-19 16:52:30,2,15640.030907881288,12602.20804059864,11804.05478755428,1.564003090788129e-05,15660.46492560814,15660.46492560814,5.5716,5.5716,69.0,52,Meme,12602.20804059864,2026-06-19T16:47:27.853Z,2000.9654066377245,12602.20804059864,,1.0,<2x,0,0,0,0,0,,,,
7bzbXiaNbPq9k9HVaTbwfNvuMMLTWxnttMeuk6i2pump,SS,Solana Summer,newSignal,2026-06-19T16:49:52.720Z,2026-06-19T16:48:35.000Z,2026-06-19 16:49:52,2026-06-19 16:49:52,1,18186.340111434478,13472.29830324644,12725.964143744373,1.8186340111434477e-05,10564.27280351611,10564.27280351611,8.2529,8.2529,68.0,46,Meme,13472.29830324644,2026-06-19T16:49:44.179Z,2043.1945626498493,13472.29830324644,,1.0,<2x,0,0,0,0,0,,,,
8oGoTGPstdxKqe7EHUsboWbz4rbkaPG4FFX38CKbpump,Cuakssant,Duck Croissant,newSignal,2026-06-19T16:54:18.936Z,2026-06-19T16:53:00.000Z,2026-06-19 16:54:18,2026-06-19 17:00:59,4,22129.269247438744,14395.14812350451,14027.861930303605,2.2129269247438744e-05,22683.61985186545,22683.61985186545,9.4914,9.4914,50.0,34,Animals,14395.14812350451,2026-06-19T16:54:18.560Z,1394.3974862751845,41868.39764707778,,2.9085075949107275,2x-5x,0,1,0,0,0,,,,
DGHLuAb9FD2eRodsgeQUprEfwBXspuHQtzYirPg3pump,Speedy,The Miracle Horse,newSignal,2026-06-19T17:03:33.205Z,2026-06-19T17:02:38.000Z,2026-06-19 17:03:33,2026-06-19 17:07:22,2,15874.09199481659,16703.719964582247,11849.862271960717,1.587409199481659e-05,25509.12882918639,25509.12882918639,6.2921,6.2921,103.0,78,Animals,16703.719964582247,2026-06-19T17:03:33.062Z,2131.2328583164885,16703.719964582247,,1.0,<2x,0,0,0,0,0,,,,
5efAXXmFBFrUiVziqexThCAUepyhBKG5gQJAt7RGQ4ux,Tsou,Nietzschean Schoolboy,newSignal,2026-06-19T17:13:14.845Z,2026-06-19T17:11:12.000Z,2026-06-19 17:13:14,2026-06-19 17:20:14,4,15910.554498014579,12990.187725792252,11868.69519886539,1.5910554498014577e-05,34553.84830177359,34553.84830177359,6.1063,6.1063,168.0,131,Religion,12990.187725792252,2026-06-19T17:13:14.501Z,2714.319014461169,21902.202977210236,,1.6860574642599673,<2x,0,0,0,0,0,,,,
ZW7hkfYCdfzoQxXwSf1DeFBCXCcbRfqucyKzjT1pump,PIP,Baby Squirrel,newSignal,2026-06-19T17:20:02.363Z,2026-06-19T17:19:49.000Z,2026-06-19 17:20:02,2026-06-19 17:20:02,1,14818.869774819641,13719.086804634626,8476.946079639129,1.4818869774819641e-05,51885.35480809944,51885.35480809944,6.256,6.256,67.0,54,Meme,13719.086804634626,2026-06-19T17:19:56.625Z,1349.0761579930538,20469.105660635796,,1.4920166299786701,<2x,0,0,0,0,0,,,,
8UxekN1DeMEsZc71LhJTJ39DJKGrkTTq17JYj4uG64GU,UP,only way is up,newSignal,2026-06-19T17:22:24.419Z,2026-06-19T17:22:11.000Z,2026-06-19 17:22:24,2026-06-19 17:23:53,3,18736.922263869234,15765.585081811923,12909.733065094462,1.8736922263869235e-05,26439.85669217775,26439.85669217775,8.1886,8.1886,100.0,50,Meme,15765.585081811923,2026-06-19T17:22:24.268Z,1441.6195124035496,38106.70011531609,,2.4170812511917585,2x-5x,0,1,0,0,0,,,,
GxsEZJbMRzc9BiKz79W1PrpEcBArVDa2DNvYZ6DKpump,ROOTS,Rooted Acres,newSignal,2026-06-19T17:27:23.817Z,2026-06-19T17:25:17.000Z,2026-06-19 17:27:23,2026-06-19 17:27:28,2,16795.157579287774,13140.330609708595,12217.154594873355,1.6795157579287774e-05,9876.73432865385,9876.73432865385,7.2541,7.2541,56.0,45,Others,13140.330609708595,2026-06-19T17:27:23.384Z,5703.544473884755,20904.091687586613,,1.5908345313733465,<2x,0,0,0,0,0,,,,
9Mskkmd9224FubrQdPZB4u2u4bDgY5q8BT3rK6UBpump,Mercury,The Patriotic Eagle,newSignal,2026-06-19T17:27:51.455Z,2026-06-19T17:27:06.000Z,2026-06-19 17:27:51,2026-06-19 17:28:24,2,23823.880622791392,16924.85997054563,14550.712109574579,2.3823880622791392e-05,38133.88841979815,38133.88841979815,10.2357,10.2357,77.0,57,Animals,16924.85997054563,2026-06-19T17:27:27.933Z,1406.134953674847,16924.85997054563,,1.0,<2x,0,0,0,0,0,,,,
6kN7YnZPoxVZxE4YWjAZyxX2KNweE8LbNJCQTz2ExmoT,Clutch,The Patriotic Eagle,newSignal,2026-06-19T17:29:36.292Z,2026-06-19T17:27:50.000Z,2026-06-19 17:29:36,2026-06-19 17:30:57,2,19935.78436521506,13072.127380098465,13297.991901147809,1.993578446775941e-05,41068.9363949848,41068.9363949848,8.031,8.031,233.0,149,Politics,13072.127380098465,2026-06-19T17:28:49.041Z,2013.4818597403214,13072.127380098465,,1.0,<2x,0,0,0,0,0,,,,
gJatUS5aQZ1whmuVLQzhReovStquUR91SXALV6Tpump,Shadow,Only UP Dog,newSignal,2026-06-19T17:31:15.261Z,2026-06-19T17:30:09.000Z,2026-06-19 17:31:15,2026-06-19 17:38:06,3,14002.373443214356,13018.4604391512,11149.81409869095,,37905.86712237346,37905.86712237346,5.5962,5.5962,158.0,101,Dogs,13018.4604391512,2026-06-19T17:31:15.120Z,2157.1164153924565,17625.50147620333,,1.3538852430812094,<2x,0,0,0,0,0,,,,
5yaqc8wVKUF7bPjGF2JWQyd1ppS2ddr5pf5GjXnkpump,FLORK,فلورک,newSignal,2026-06-19T17:39:22.617Z,2026-06-19T17:39:08.000Z,2026-06-19 17:39:22,2026-06-19 17:40:41,3,21144.614872646125,12632.725821655862,13719.038399852747,2.1144614872646125e-05,25679.88508259018,25679.88508259018,8.9453,8.9453,58.0,32,Others,12632.725821655862,2026-06-19T17:39:17.842Z,1422.4576775911144,17067.280872612148,,1.35103706939909,<2x,0,0,0,0,0,,,,
4QqHbW1KwxJ9yzv7vKdG53QqnvatBHjLemwUgB77536Q,FLORK,فلورك,newSignal,2026-06-19T17:41:09.107Z,2026-06-19T17:39:57.000Z,2026-06-19 17:41:09,2026-06-19 17:41:09,1,16129.408252193552,15505.45728964908,11983.836170361354,1.6129408252193747e-05,28827.04732503386,28827.04732503386,5.2569,5.2569,169.0,98,Others,15505.45728964908,2026-06-19T17:40:59.527Z,1343.3982544567393,15505.45728964908,,1.0,<2x,0,0,0,0,0,,,,
Mv47FV3DbDiyYmBLjaV8ezWpdiVSr4NwwQ8rzz5pump,ZALUMAN,Zaluman,newSignal,2026-06-19T17:43:10.645Z,2026-06-19T17:25:55.000Z,2026-06-19 17:43:10,2026-06-19 17:43:10,1,23200.74076203867,21530.94298821188,14381.0571865697,2.320074076203867e-05,23894.7929378496,23894.7929378496,10.2458,10.2458,25.0,16,Others,21530.94298821188,2026-06-19T17:43:10.422Z,9158.703688716765,21530.94298821188,,1.0,<2x,0,0,0,0,0,,,,
CdYU7QjUdbDmmPMuy8Mk7ZN5XiQXQdKBg4R1vyxZpump,DAUMEN,The Onboarder,newSignal,2026-06-19T17:45:43.662Z,2026-06-19T17:44:38.000Z,2026-06-19 17:45:43,2026-06-19 17:46:49,3,17673.40540438907,12230.864191227294,12556.202079154506,1.767340540438907e-05,26481.3805259587,26481.3805259587,7.0109,7.0109,125.0,83,Others,12230.864191227294,2026-06-19T17:45:12.768Z,1591.3958627924383,12230.864191227294,,1.0,<2x,0,0,0,0,0,,,,
F8LJ4c2cPF3K3h7BpDfrcfJdjNQnyyer6wbk96Qwpump,Jasper,Smug Cat,newSignal,2026-06-19T17:50:38.760Z,2026-06-19T17:50:29.000Z,2026-06-19 17:50:38,2026-06-19 17:53:06,3,16404.779021774782,14142.796761323127,12098.79999553425,1.6404779021774783e-05,35459.04581449888,35459.04581449888,2.9489,2.9489,30.0,25,Cats,14142.796761323127,2026-06-19T17:50:38.571Z,5821.918991405213,14142.796761323127,,1.0,<2x,0,0,0,0,0,,,,
48mrcoVfPKhCvG1rpJbUuohr8PvGRHLiJ2uiqq3Xpump,ANSEM,ANSEM,newSignalRay,2026-06-19T17:51:16.527Z,2026-06-19T17:50:14.000Z,2026-06-19 17:51:16,2026-06-19 17:51:16,1,195082.26904310499,132850.99613721063,30970.748787533183,0.00019508226904310497,47473.07997675883,47473.07997675883,24.7989,24.7989,111.0,50,Meme,132850.99613721063,2026-06-19T17:51:16.335Z,1279.680855973699,132850.99613721063,,1.0,<2x,0,0,0,0,0,,,,
9G4Z9wkL851RZfMFHQETQ6v5GSNqkUTXC5oBtUXcXw1W,bullieve,bullieve,newSignal,2026-06-19T17:59:44.729Z,2026-06-19T17:59:32.000Z,2026-06-19 17:59:44,2026-06-19 18:10:42,3,34865.82789469854,20906.579016620744,13095.407120233349,3.4865827894698535e-05,59682.60604734789,59682.60604734789,14.0029,14.0029,128.0,78,Meme,20906.579016620744,2026-06-19T17:59:44.528Z,259847.7902519308,448349.97209195566,,21.44540107377286,20x+,0,1,1,1,1,,,,
EanGUxSKacCVBRBvWTcSrj9pqkxSZC6HPghCt3Xrpump,Dooge,Top Dooge,newSignal,2026-06-19T18:03:23.762Z,2026-06-19T18:03:09.000Z,2026-06-19 18:03:23,2026-06-19 18:04:16,2,14422.326611210088,13231.858366989454,11340.958356962676,,15423.36597446281,15423.36597446281,5.1093,5.1093,54.0,40,Meme,13231.858366989454,2026-06-19T18:03:23.632Z,1327.2243387315862,19161.873222515973,,1.4481619052332504,<2x,0,0,0,0,0,,,,
BH6CqyjyPL5KSYRQhfXS9MPGvdoPFQPprvnErA6apump,SolSword,SolSword,newSignal,2026-06-19T18:19:08.051Z,2026-06-19T18:07:21.000Z,2026-06-19 18:19:08,2026-06-19 18:24:25,3,16470.082970886036,12326.597134542542,12111.481449662897,1.6470082970886038e-05,35347.6868151996,35347.6868151996,6.895,6.895,31.0,21,Gaming,12326.597134542542,2026-06-19T18:14:24.498Z,1482.642329368519,25381.011308714817,,2.059044441193765,2x-5x,0,1,0,0,0,,,,
HYf9XyMhaLU1su7RKy6bZAR5nAmunEEVqazfptg4pump,Callback,The Commodore Callback,newSignal,2026-06-19T18:19:52.141Z,2026-06-19T18:16:54.000Z,2026-06-19 18:19:52,2026-06-19 18:22:24,2,16650.74445494263,12809.113885525081,12176.850420131983,1.665074445494263e-05,32582.8243808826,32582.8243808826,6.4732,6.4732,80.0,66,Others,12809.113885525081,2026-06-19T18:19:08.648Z,2303.0946765647845,12809.113885525081,,1.0,<2x,0,0,0,0,0,,,,
81VTdBe1cZ11NNAGweAq4qAKZdJtQPCG7h5xrGjBpump,Derp,Derp,newSignal,2026-06-19T18:25:31.896Z,2026-06-19T18:19:57.000Z,2026-06-19 18:25:31,2026-06-19 18:31:18,3,16590.412479490285,12322.060265467686,12152.12855077655,1.6590412479490287e-05,15938.70602009475,15938.70602009475,6.2964,6.2964,23.0,17,Animals,12322.060265467686,2026-06-19T18:22:39.278Z,1458.1289599607642,22733.22985791951,,1.844921171310037,<2x,0,0,0,0,0,,,,
8eJrnMwC3cjGNNMWYBxfpf91AwzTVzgKUL7kQwwEpump,BWICK,bwick,newSignalRay,2026-06-19T18:27:22.138Z,2026-06-19T18:22:30.000Z,2026-06-19 18:27:22,2026-06-19 18:39:53,4,195015.66417935662,61948.15737624833,31005.788710691566,0.0001950156641793566,106763.16808831926,106763.16808831926,91.7956,91.7956,217.0,92,Others,61948.15737624833,2026-06-19T18:25:06.254Z,3136.811056650886,221354.33547740523,,3.5732190407696476,2x-5x,0,1,1,0,0,,,,
62nSJ2X461SB2MMi57DTgsLs9spNVS93JWaTM2SKpump,PETAL,KUSH PETAL,newSignal,2026-06-19T18:33:40.762Z,2026-06-19T18:26:04.000Z,2026-06-19 18:33:40,2026-06-19 18:36:46,3,15473.68466129962,12345.443653988068,11725.86458454967,1.547368466129962e-05,40969.48750027476,40969.48750027476,6.2616,6.2616,33.0,22,Others,12345.443653988068,2026-06-19T18:33:40.474Z,1577.2795937871604,12345.443653988068,,1.0,<2x,0,0,0,0,0,,,,
2vCwDJesf1CyHiexyT8nkd72gD1JuKDPGdmeoCX7pump,FDP,Frontdeploy,newSignal,2026-06-19T18:34:25.500Z,2026-06-19T17:40:40.000Z,2026-06-19 18:34:25,2026-06-19 18:34:25,1,14342.707930386518,13049.274700826205,11289.173664090667,1.4342707930386519e-05,24573.1883888465,24573.1883888465,6.2076,6.2076,28.0,18,Meme,13049.274700826205,2026-06-19T18:34:25.376Z,19459.56577327595,22283.12038087641,,1.7076137097079864,<2x,0,0,0,0,0,,,,
A7FYD3854T23r3dfNFtW9bFNjVN4kihodpSznQSnpump,HARRIUT,HARRIUT TUBMUN,newSignal,2026-06-19T18:48:51.716Z,2026-06-19T18:46:12.000Z,2026-06-19 18:48:51,2026-06-19 18:52:29,2,15401.346750942046,12482.526676768259,11687.39182116783,1.5401346750942047e-05,20259.45718983108,20259.45718983108,3.3996,3.3996,53.0,53,Politics,12482.526676768259,2026-06-19T18:48:51.561Z,1813.2797066593932,12482.526676768259,,1.0,<2x,0,0,0,0,0,,,,
7QgFgefj3NjfN1VJ8fc23Yq8qSTFPmydL6HztHJDpump,FISH,Fishing Valley,newSignal,2026-06-19T19:00:28.597Z,2026-06-19T17:39:54.000Z,2026-06-19 19:00:28,2026-06-19 19:00:28,1,16093.312754697203,16616.255049028954,11949.626939505815,1.6093312754697205e-05,15663.9623423889,32807.30606172246,0.7061,7.216,21.0,13,Gaming,16616.255049028954,2026-06-19T19:00:28.314Z,11547.274310139333,16692.14414861578,,1.0045671602513864,<2x,0,0,0,0,0,,,,
D49w9NyqPjRxXCYGSsm2cDiTDqHnjZKXefiqEQDKpump,Plankton,Scared Plankton,newSignal,2026-06-20T07:44:12.630Z,2026-06-20T07:39:01.000Z,2026-06-20 07:44:12,2026-06-20 08:22:10,3,15274.701547265375,12869.001570207696,11863.689732384124,1.5274701547265376e-05,76422.7863833758,76422.7863833758,4.8726,4.8726,39.0,26,Others,12869.001570207696,2026-06-20T07:40:56.466Z,2016.9548862657732,25174.11611846072,,1.9561825353056062,<2x,0,0,0,0,0,,,,
3wZWaSr7rLedLV9qFnZtp6n6JuXStXCNamxJXcLApump,LOOK,How you really look,newSignal,2026-06-20T07:51:43.186Z,2026-06-20T07:35:20.000Z,2026-06-20 07:51:43,2026-06-20 07:56:29,3,16022.763109542306,16859.998091575362,12152.244097309445,1.6022763109542306e-05,33622.27848023421,33622.27848023421,5.5066,5.5066,21.0,16,Meme,16859.998091575362,2026-06-20T07:51:42.564Z,3046.1476587874035,55595.041902546705,,3.297452443385895,2x-5x,0,1,1,0,0,,,,
3tHgBPkQQGy4kPU6HS9M6AUxSXdpip9TLptNopPGpump,Antimatter,Antimatter Coin,newSignal,2026-06-20T08:21:06.709Z,2026-06-20T08:20:05.000Z,2026-06-20 08:21:06,2026-06-20 09:29:17,4,15894.425248052348,14736.616753317574,12098.366412488134,1.5894425248052348e-05,29132.1801915036,29132.1801915036,6.3175,6.3175,52.0,44,Others,14736.616753317574,2026-06-20T08:21:06.559Z,67179.17846103484,72342.6157250917,,4.909038277649828,2x-5x,0,1,1,0,0,,,,
5NgDxD1en3YXvS9amAtgb15nc4oRfuGxomcAfu4wpump,glippy,Glippy (Official),newSignal,2026-06-20T08:28:53.635Z,2026-06-20T08:23:07.000Z,2026-06-20 08:28:53,2026-06-20 09:08:57,8,16123.277385478226,13428.5605071297,12185.353282682905,1.6123277385478225e-05,25984.4841525586,25984.4841525586,6.7906,6.7906,66.0,48,AI Agents,13428.5605071297,2026-06-20T08:25:17.347Z,261603.89108398466,734059.1177254226,,54.66402131007896,20x+,0,1,1,1,1,,,,
5idUx2E9eSqUBE8Gd1n2BEUhzUoB6WxYjQKTvmYCpump,will,will,newSignal,2026-06-20T09:04:24.200Z,2026-06-20T09:03:35.000Z,2026-06-20 09:04:24,2026-06-20 09:04:24,1,15301.869858802525,14054.232433269504,11854.93456828012,1.5301869858802526e-05,21910.97870414315,21910.97870414315,4.7689,4.7689,61.0,47,Others,14054.232433269504,2026-06-20T09:04:23.831Z,2092.6707231775467,14054.232433269504,,1.0,<2x,0,0,0,0,0,,,,
F9aCticvXxQNFWDiiMQK9zHvAz318DsqNhQGo1EtqmyV,WOJAK,Wojak,newSignal,2026-06-20T09:14:42.431Z,2026-06-20T07:44:41.000Z,2026-06-20 09:14:42,2026-06-20 09:15:25,2,20529.86871992379,20196.646327951472,13731.55789559779,2.0529868719923792e-05,14271.96804601502,21139.91350262209,8.4796,8.9476,20.0,11,Meme,20196.646327951472,2026-06-20T09:14:42.279Z,16893.110892444056,64574.3582135115,,3.1972812300100926,2x-5x,0,1,1,0,0,,,,
7KMBWX3gsi9PF7wcm6a56vNyeh8mWDar7rprWMRzpump,CCM,Collectible Capital Markets,newSignal,2026-06-20T09:26:39.840Z,2026-06-20T09:21:35.000Z,2026-06-20 09:26:39,2026-06-20 09:26:39,1,15159.017702550784,15401.834932107322,11792.023739454635,1.5159017702550785e-05,40916.62112992528,40916.62112992528,4.708,4.708,39.0,31,Others,15401.834932107322,2026-06-20T09:26:39.466Z,2137.9172891972653,15401.834932107322,,1.0,<2x,0,0,0,0,0,,,,
6Qt6kK9iwzaSHtebzAuCBV3gg4gthTgzjsaRzgbjpump,headroom,Headroom,newSignalRay,2026-06-20T09:52:49.917Z,2026-06-18T01:48:00.000Z,2026-06-20 09:52:49,2026-06-20 09:52:49,1,84464.24553664202,80948.05578153789,20967.720956564368,8.446488530515206e-05,58489.43936266485,253463.54741260246,3.9511,38.7125,59.0,21,Others,80948.05578153789,2026-06-20T09:52:49.754Z,2475.0957598391446,125054.9266568589,,1.5448786934964363,<2x,0,0,0,0,0,,,,
2L5aojM2AHs35aFMATM8Ju2DcNhC76aPWRV125cepump,VICTORY,ניצחון מוחלט,newSignal,2026-06-20T10:04:06.317Z,2026-06-20T10:02:32.000Z,2026-06-20 10:04:06,2026-06-20 10:16:27,4,14898.876000124472,13268.47251441394,11709.766898808713,1.4898876000124471e-05,24984.4441401063,24984.4441401063,5.3908,5.3908,108.0,77,Religion,13268.47251441394,2026-06-20T10:03:44.965Z,1994.6193294264565,44311.43776778437,,3.33960353911481,2x-5x,0,1,1,0,0,,,,
5HnWzWswzEcTWi3GKcZXXrL2YxDgAdq9fx6QjKb3pump,Lars,Justice For Lars Andersen,newSignal,2026-06-20T10:26:07.126Z,2026-06-20T10:19:43.000Z,2026-06-20 10:26:07,2026-06-20 10:33:47,2,15838.706851499524,13356.04846144116,12077.145994782808,1.5838706851499526e-05,34463.9473742932,34463.9473742932,5.7892,5.7892,20.0,18,Meme,13356.04846144116,2026-06-20T10:26:06.823Z,5349.029558243667,16298.304444981672,,1.220293898456178,<2x,0,0,0,0,0,,,,
2GNbTeLgmH2Bn2ncxfFWoQyt3gvSnJgLcQvhMUWVpump,Skye,skyeagnt,newSignal,2026-06-20T10:32:07.432Z,2026-06-20T10:30:47.000Z,2026-06-20 10:32:07,2026-06-20 10:34:25,2,17912.124739335875,13342.90859906342,12843.345102209709,1.7912124739335876e-05,18774.2224413944,18774.2224413944,7.1525,7.1525,109.0,69,AI Agents,13342.90859906342,2026-06-20T10:32:07.294Z,1614.8965036117518,70515.42784884862,,5.2848617919632845,5x-10x,0,1,1,1,0,,,,
8pFNX35yYB5LoM1pjRbjoMJNNPb7s8ZisgCbhRYGpump,SOYJAK,Ethically Modified Soyjak,newSignal,2026-06-20T10:35:26.690Z,2026-06-20T10:34:07.000Z,2026-06-20 10:35:26,2026-06-20 10:41:27,4,15280.26238355893,12862.137852662963,11863.1515938356,1.528026238355893e-05,20799.08113458642,20799.08113458642,5.9537,5.9537,75.0,57,Meme,12862.137852662963,2026-06-20T10:35:26.509Z,2927.5407858170843,19835.051576925045,,1.5421271179128606,<2x,0,0,0,0,0,,,,
DxtwfeWaeroAj4WjEs67sT9jwyHPUxH13rUeqPGFpump,GABRIELA,Gabriela Chiquin,newSignal,2026-06-20T10:54:07.727Z,2026-06-20T10:53:09.000Z,2026-06-20 10:54:07,2026-06-20 10:54:07,1,29199.303305443886,18926.39077960762,16398.068308779344,2.9199303305443887e-05,29883.84620089248,29883.84620089248,12.7002,12.7002,124.0,84,Others,18926.39077960762,2026-06-20T10:53:55.923Z,3935.1596527011766,24249.92493793862,,1.2812757181399257,<2x,0,0,0,0,0,,,,
2DdwEtt8qyjMCDHyoQ7tR5kXPRU1xjDB4876jyJQpump,LIGMA,Ligma Balls,newSignal,2026-06-20T10:54:09.822Z,2026-06-20T10:51:26.000Z,2026-06-20 10:54:09,2026-06-20 13:24:01,3,19541.605904363416,16345.766158076953,13414.81096423806,1.9541605904363413e-05,20727.81261150264,20727.81261150264,7.5925,7.5925,78.0,60,Meme,16345.766158076953,2026-06-20T10:54:09.682Z,105790.09291240435,283572.2960529614,,17.34836368699912,10x-20x,0,1,1,1,1,,,,
Bta52rEw1mmFSXB7VUSPTTcvzi94gZtHLc2gyiSwpump,BILLIONS,Billions,newSignal,2026-06-20T11:01:05.815Z,2026-06-20T11:00:49.000Z,2026-06-20 11:01:05,2026-06-20 11:01:10,2,12960.334943264512,12561.245144519084,10930.12229437285,1.2960334943264513e-05,18335.08970766778,18335.08970766778,4.55,4.55,47.0,27,Others,12561.245144519084,2026-06-20T11:01:05.510Z,2274.3619785812725,15018.59310920097,,1.195629329450203,<2x,0,0,0,0,0,,,,
BEXFEjrXQviyK6BaRF4NgwEXWQf9kmCBuoj91R62pump,GABRIELA,Vice baby,newSignal,2026-06-20T11:08:33.152Z,2026-06-20T11:06:20.000Z,2026-06-20 11:08:33,2026-06-20 11:22:19,4,14691.969508849488,17739.64927301692,11636.650313170814,1.4691969508849488e-05,21501.0711585458,21501.0711585458,5.7214,5.7214,68.0,34,Others,17739.64927301692,2026-06-20T11:08:33.009Z,2348.7356650024203,17739.64927301692,,1.0,<2x,0,0,0,0,0,,,,
C86CfVQZgbQGP1NoxVYfmn2q1Mqhqv3sg6z9bYhJpump,SWIMBAPPÉ,The Oracle Goldfish,newSignal,2026-06-20T11:14:57.819Z,2026-06-20T11:02:19.000Z,2026-06-20 11:14:57,2026-06-20 11:44:56,4,16264.595254410377,14469.365647287259,12231.587867734503,1.6264595254466146e-05,69150.42645235929,69150.42645235929,5.9796,5.9796,61.0,34,Animals,14469.365647287259,2026-06-20T11:14:57.670Z,22898.896162310186,24858.761640374014,,1.7180270542844824,<2x,0,0,0,0,0,,,,
9Xy1CfEovkNgmtX54kqhVVpZnFNxh23jNQNdLc8ipump,Gabriela,GTA6 GIRL,newSignal,2026-06-20T11:23:03.819Z,2026-06-20T11:22:07.000Z,2026-06-20 11:23:03,2026-06-20 11:23:27,2,15669.848619518421,13585.291989303341,12005.88504269933,1.5669848619518422e-05,12403.4419355888,12403.4419355888,5.9428,5.9428,50.0,32,Gaming,13585.291989303341,2026-06-20T11:23:03.517Z,2104.458769349539,14274.02968237323,,1.0506973051158695,<2x,0,0,0,0,0,,,,
HhM9E6uU9WQk2r3umKpiXLTCTEFQ1bDL8xE3sjYKpump,SAIWA,SAIWA,newSignal,2026-06-20T11:32:01.715Z,2026-06-20T11:31:05.000Z,2026-06-20 11:32:01,2026-06-20 11:35:13,3,16273.052318901679,15232.839576013834,12241.620365179253,1.6273052318901678e-05,15919.11636166774,15919.11636166774,6.8346,6.8346,24.0,20,Others,15232.839576013834,2026-06-20T11:32:01.523Z,1456.0028953226886,15858.6282080647,,1.0410815481203028,<2x,0,0,0,0,0,,,,
2YWdTTAtstPEDZEgqCwWdhzy12Qk5r3RQ3fhAQgMpump,TAG,TAG WARS,newSignal,2026-06-20T11:52:26.727Z,2026-06-20T11:46:21.000Z,2026-06-20 11:52:26,2026-06-20 11:59:04,2,14394.098227473301,14163.809185237387,11536.530531938413,,36746.57688580768,36746.57688580768,5.5428,5.5428,21.0,15,Meme,14163.809185237387,2026-06-20T11:52:26.392Z,15519.563605371646,15912.354443591212,,1.1234516248761874,<2x,0,0,0,0,0,,,,
GcaAmjhhVWKv4UrLaZp3GdKGkkpoeiCi4LNJzFwepump,LOTTO,Web3 Lotto,newSignal,2026-06-20T11:58:56.903Z,2026-06-20T11:55:36.000Z,2026-06-20 11:58:56,2026-06-20 12:04:48,3,15668.38659071497,12824.024028887767,12037.401453574555,1.566838659071497e-05,19492.7190789114,19492.7190789114,6.7302,6.7302,29.0,24,Gambling,12824.024028887767,2026-06-20T11:58:56.763Z,1666.138387938827,33255.73864190119,,2.5932373931137644,2x-5x,0,1,0,0,0,,,,
8zvx2PQmwMY6G8nbjGf9DuLBgZyY136KKBbRZpRoLx9H,AnsemBot,ansem.bot,newSignal,2026-06-20T12:13:34.621Z,2026-06-20T12:12:18.000Z,2026-06-20 12:13:34,2026-06-20 12:13:34,1,16095.325632648517,14488.322354920057,12197.54281833439,1.609532563264852e-05,18469.62246075219,18469.62246075219,5.8733,5.8733,93.0,59,Meme,14488.322354920057,2026-06-20T12:13:23.912Z,2485.344866478958,14488.322354920057,,1.0,<2x,0,0,0,0,0,,,,
7v4dAuQ44yTQGuKX86UJiMP4eRjzq3YKm7GBVtkSpump,libtard,libtard boomer,newSignal,2026-06-20T12:32:59.498Z,2026-06-20T12:29:58.000Z,2026-06-20 12:32:59,2026-06-20 12:43:08,5,15432.105263357798,12795.917145884834,11934.440723893904,1.5432105263357798e-05,20970.95630508032,20970.95630508032,5.942,5.942,70.0,56,Politics,12795.917145884834,2026-06-20T12:32:59.194Z,1441.6573191435666,27634.561260266757,,2.1596389649298433,2x-5x,0,1,0,0,0,,,,
AuTUKS9PCP8YQuBdqSXfBRoz79USEKX8EnTkx6Wnpump,Riona,Riona Ai Agent,newSignal,2026-06-20T12:38:39.317Z,2026-06-20T12:05:59.000Z,2026-06-20 12:38:39,2026-06-20 12:51:07,5,16832.646139408527,16934.665750546123,12460.089393801427,1.6832646139408526e-05,21875.64269411968,21875.64269411968,6.754,6.754,21.0,16,AI Agents,16934.665750546123,2026-06-20T12:38:38.951Z,12576.57856765445,107470.1695754498,,6.346164202974247,5x-10x,0,1,1,1,0,,,,
CUKM69nPUo4soNimeKKMxoAvhidrore8jA6u2DY4pump,Residence,Residence,newSignal,2026-06-20T12:52:48.376Z,2026-06-20T12:41:12.000Z,2026-06-20 12:52:48,2026-06-20 12:52:48,1,15137.946823446422,14545.841386681228,11802.840522662249,1.5137946823446438e-05,19666.21315462724,19666.21315462724,6.4039,6.4039,37.0,36,Others,14545.841386681228,2026-06-20T12:52:48.158Z,2231.988497982354,14545.841386681228,,1.0,<2x,0,0,0,0,0,,,,
9gQ19UDVExbLxXrBgZpN7exB963CTBhVZJCM9wjQpump,Memeplex,One Ring Memeplex,newSignal,2026-06-20T12:56:35.559Z,2026-06-20T12:51:28.000Z,2026-06-20 12:56:35,2026-06-20 12:58:53,2,15021.567587491392,13182.915891466713,11754.077003696271,1.5021567587491393e-05,41842.1624771865,41842.1624771865,5.7358,5.7358,45.0,36,Meme,13182.915891466713,2026-06-20T12:56:35.187Z,2279.386683099119,13182.915891466713,,1.0,<2x,0,0,0,0,0,,,,
67zriVjAaGcwZddhaPZHj4FwjhT5VAefSpKBvAEZpump,PROTECTOR,The Baby Protector,newSignal,2026-06-20T13:16:53.730Z,2026-06-20T13:13:36.000Z,2026-06-20 13:16:53,2026-06-20 13:21:37,3,18323.942299229995,13639.57539169634,12983.77811845874,1.8323942299229995e-05,25522.0285215406,25522.0285215406,6.8705,6.8705,70.0,50,,13639.57539169634,2026-06-20T13:16:53.513Z,2213.668843005941,26931.856620603794,,1.974537758484746,<2x,0,0,0,0,0,,,,
7QuYbCwnKmyS9x67ezYfrpo5rQzQ98sSBTN68ZYNpump,BTC,Bitcoin,newSignal,2026-06-20T13:39:12.863Z,2026-06-20T13:32:11.000Z,2026-06-20 13:39:12,2026-06-20 13:42:20,3,17145.02123300468,12837.992711204108,12514.269870415608,1.7145021233154492e-05,28139.37373784576,28139.37373784576,6.3685,6.3685,64.0,42,Others,12837.992711204108,2026-06-20T13:39:12.552Z,2338.6686948323104,23299.643614883236,,1.8148977132966375,<2x,0,0,0,0,0,,,,
4hgzvvPbBxagKwpqWTfZK95BbP8oE1LVco5DeHbZpump,STIMMY,STIMMY,newSignalRay,2026-06-20T21:59:52.294Z,2026-06-20T21:44:54.000Z,2026-06-20 21:59:52,2026-06-20 21:59:52,1,132839.63525659268,72976.902291367,26494.766936659158,0.0001328405497863727,280601.10188698507,280601.10188698507,61.6529,61.6529,66.0,32,Meme,19427.40634480111,2026-06-20T21:34:03.526Z,72243.71688240417,129167.27709429248,,6.64871443989014,5x-10x,0,1,1,1,0,,,,
2Tp3WU4BYvRJEYwRGjgqmSeHoYnUczJERqwAh4NWpump,cat,cat,newSignal,2026-06-20T22:06:42.243Z,2026-06-20T22:00:54.000Z,2026-06-20 22:06:42,2026-06-20 22:09:09,2,16613.630164892962,16522.053900995874,12440.624924482207,1.6613630164892963e-05,20468.87795317716,20468.87795317716,6.7891,6.7891,21.0,20,Cats,16522.053900995874,2026-06-20T22:06:42.107Z,2232.262886245826,16775.827935677687,,1.0153597147305347,<2x,0,0,0,0,0,,,,
EwswnwrzzhFq5wpWMUu7rHhDm8WxpytC3Goim1Jbpump,TRENCHES,PlayTrenches,newSignal,2026-06-20T22:10:47.613Z,2026-06-20T22:10:14.000Z,2026-06-20 22:10:47,2026-06-20 22:10:47,1,15892.659651548525,14865.355554498501,12172.750597652552,,39595.23715016758,39595.23715016758,14.3038,14.3038,76.0,54,Gambling,14865.355554498501,2026-06-20T22:10:47.476Z,51488.76514631421,51488.76514631421,,3.463675319271651,2x-5x,0,1,1,0,0,,,,
