mint,symbol,name,alert_rows,alert_count_distinct,first_alert_at,last_alert_at,call_mc,current_mc,ath_mc,max_multiple,outcome_bucket,rugged,next_milestone,outcome_updated_at
EpVHyKK8oxcLmp2C2NhAos1oDxgBNriw3wSLSozYpump,GTAVI,Grand Theft Auto VI,11,11,2026-06-18T13:05:36.000Z,2026-06-18T13:05:36.000Z,14520.65346676719,1237733.7789749058,1414308.3017841163,97.3997695779315,20x+,0,100.0,2026-06-19T13:05:44.644984+00:00
4gZ8BDrhDcRjw9gDWEGeTyLT4iFejVoxVxdQFYsGpump,OGFLOKI,The Original Floki,8,8,2026-06-16T20:20:42.000Z,2026-06-16T20:20:42.000Z,13434.208194466528,291786.3251358499,525597.336360026,39.12380460029766,20x+,0,40.0,2026-06-17T19:39:55.917643+00:00
5NgDxD1en3YXvS9amAtgb15nc4oRfuGxomcAfu4wpump,glippy,Glippy (Official),8,8,2026-06-20T08:23:07.000Z,2026-06-20T08:23:07.000Z,13428.5605071297,261603.89108398466,734059.1177254226,54.66402131007896,20x+,0,75.0,2026-06-20T22:14:36.709386+00:00
4wNsn7WNtct8kAhRyPX1qTovYPjFBiJFfoktDWt4pump,ALBERT,Albert the Monkey,7,7,2026-06-16T22:57:36.000Z,2026-06-16T22:57:36.000Z,14693.225673600062,8057.405939370478,36995.58513870837,2.517866802058305,2x-5x,0,3.0,2026-06-17T22:57:57.515092+00:00
6fVn7Eiiw1mTKcSYU1kVErEUqfdJ9f11FsyyjtN1pump,parsec,parsec,7,7,2026-06-16T08:02:20.000Z,2026-06-16T08:02:20.000Z,15904.411441044964,2245.7778984874317,167840.73288853065,10.553092989997689,10x-20x,0,20.0,2026-06-17T08:00:24.451816+00:00
9h66V2NiHU3PpviwceSg4KZ7xqStLTDej58o5pdhpump,Vort,Vort,7,7,2026-06-18T15:32:19.000Z,2026-06-18T15:32:19.000Z,13205.560122046025,154017.62799674712,409512.436584487,31.010607107897403,20x+,0,40.0,2026-06-19T15:32:57.840147+00:00
GYLwtKNmTKSChXCK8C5u1SJev32mN6u7nTTVnHh5pump,Pekachu,Pekachu,7,7,2026-06-17T18:46:49.000Z,2026-06-17T18:46:49.000Z,14533.632290888825,24730.7542630519,160127.9359305591,11.01775060257605,10x-20x,0,20.0,2026-06-18T18:49:00.657630+00:00
3XhQa9baZzP9CVHBSnryqUSwJsiS2RiYozNT1kEYpump,Cheetah,チータ,6,6,2026-06-18T00:42:15.000Z,2026-06-18T00:42:15.000Z,13859.627632484826,7538.525221223194,113629.11330080159,8.19856898856882,5x-10x,0,10.0,2026-06-19T00:30:52.354981+00:00
6L1cuzAKJ2jepALuX24iWPfQZPXWBXaWMa1jDBddpump,Hobbes,Ansem's Cat,6,6,2026-06-16T20:59:43.000Z,2026-06-16T20:59:43.000Z,17668.800892808405,10590.377650821953,161902.36430060334,9.163177811715633,5x-10x,0,10.0,2026-06-18T04:17:38.816253+00:00
6TotVaoKJYtAFnJikVofZkg1PxLNTvoq8XvTSKcZpump,petin,vlodimor petin,6,6,2026-06-16T09:24:42.000Z,2026-06-16T09:24:42.000Z,13469.601202540616,66300.05405697244,104773.17080480217,7.778490931493948,5x-10x,0,10.0,2026-06-17T09:23:59.759711+00:00
6gw2o1xB9rfQRi1nNPyhMewSqEAFkqLeaoa1AFSCpump,rich,"if you can't hold, you won't be",6,6,2026-06-17T05:29:08.000Z,2026-06-17T05:29:08.000Z,13153.1884139315,4060.282931286711,65348.49513858497,4.9682626814172,2x-5x,0,5.0,2026-06-18T05:37:45.045563+00:00
9ZY7aKNXaNqxvKNPKCnFcEb5j68aEoaEw9pN5RmJEg7f,AYE SOLANA,Solana Song,6,6,2026-06-18T10:16:51.000Z,2026-06-18T10:16:51.000Z,13328.54933860806,4000.578951371228,198459.196743281,14.889782203710302,10x-20x,0,20.0,2026-06-19T10:16:12.655015+00:00
9udqGc6dTxhn8Krdu675mcEAiSZ6BjnE77omqL1xpump,Kelsey,The Solo Rower,6,6,2026-06-18T05:05:21.000Z,2026-06-18T05:05:21.000Z,13133.489751389905,86931.91968073668,188929.1920892173,14.385300149887664,10x-20x,0,20.0,2026-06-19T05:01:34.670669+00:00
CCNN1WcqyhZntkSEb4fX6ARNT9TWoQNJ4SvoZxYzBAGS,trilly,trilly,6,6,2026-06-17T03:00:28.000Z,2026-06-17T03:00:28.000Z,801540.7615820915,1467355.6225618878,6334106.773819379,7.9024137977924385,5x-10x,0,10.0,2026-06-18T02:59:40.794629+00:00
DsCJ6KNe3xXhbrGxm2HKyiescEisyo81pSrf38rT7iRF,Roscoe,Propeller Hat Dog,6,6,2026-06-17T18:44:14.000Z,2026-06-17T18:44:14.000Z,13030.730338496203,15864.254772119864,43646.76392888372,3.3495255288907106,2x-5x,0,4.0,2026-06-18T18:38:19.054565+00:00
GW637WykoW4cnzKsyxSUhHEZQLU5Vq9ev7d5kdzYpump,OBI,OBI,6,6,2026-06-18T17:14:32.000Z,2026-06-18T17:14:32.000Z,68131.14504034305,1499139.9721179379,2714753.0502600796,39.84599185368998,20x+,0,40.0,2026-06-19T17:14:15.470155+00:00
wF4Cdd3h7TYtyKdHN2KD5xmxPasmuMEcLAyqHWVpump,SPDR,Spider Robotics,6,6,2026-06-18T20:50:30.000Z,2026-06-18T20:50:30.000Z,12697.410815848218,62367.110611544726,211870.72280428448,16.686135927793952,10x-20x,0,20.0,2026-06-19T18:55:06.804982+00:00
2SMH5d728QGNJCigAZPWJiQR3jmbpXjdNoNZD7FDpump,GTAIFY,GTAification,5,5,2026-06-18T13:46:41.000Z,2026-06-18T13:46:41.000Z,15021.087751833778,11798.843178525858,48684.91401390772,3.241104427205297,2x-5x,0,4.0,2026-06-19T14:21:28.551860+00:00
2bJLvamPNX7iTxZwtsu3SL2fLuSgejfB4rxtYeaipump,FATTOO,Fattoo Coin,5,5,2026-06-19T14:02:27.000Z,2026-06-19T14:02:27.000Z,13318.432922346012,1599.4438080579373,71339.44108514584,5.356444072744525,5x-10x,0,10.0,2026-06-20T13:45:08.665635+00:00
2ev3K9xuLAU9cZXB3nkbRcgnvZBgpWuJzrEnoNcApump,PENALDO,Crustieno Penaldo,5,5,2026-06-17T19:05:45.000Z,2026-06-17T19:05:45.000Z,13123.478231096928,3343.652032843747,53169.507934809924,4.05147987435384,2x-5x,0,5.0,2026-06-18T19:05:51.840088+00:00
4k6WBtxobSHRrEEkTDQkrpjS9nZnXfpNrGkaZivmpump,币安之死,Binance Death,5,5,2026-06-16T19:35:39.000Z,2026-06-16T19:35:39.000Z,17909.770474630608,2246.309481164373,47952.576708115565,2.677453447884267,2x-5x,0,3.0,2026-06-18T04:13:26.006669+00:00
4m9pDBsHKi3cAfeyZreCNqTYN2KxQHhe5CwkVxczpump,VIMS,5imulites,5,5,2026-06-17T22:32:12.000Z,2026-06-17T22:32:12.000Z,15813.591381763768,19873.654036659802,72523.886498802,4.586174307149263,2x-5x,0,5.0,2026-06-18T22:32:30.366639+00:00
5Czp7KA5GFY15UmNxfb82PhaEnvdYYmk2cvzB1pcpump,SHITCOIN,SHIT,5,5,2026-06-18T19:58:23.000Z,2026-06-18T19:58:23.000Z,12958.531144578872,2393.343088292335,87052.89583355004,6.717805811653902,5x-10x,0,10.0,2026-06-19T18:58:39.754450+00:00
7pTYZTeAQ76Hg59WrrSnAsbK8mBPQGfNh6tUahbKpump,INU,PSA10 INU,5,5,2026-06-17T17:15:53.000Z,2026-06-17T17:15:53.000Z,12955.667149952269,6674.353391288809,43498.86830776087,3.357516660801303,2x-5x,0,4.0,2026-06-18T17:16:47.766379+00:00
7sqAcscdGpkbch35jQ4SB5S4VyKVHW5av4wQHng6tpLt,SonicMe,#SonicMe,5,5,2026-06-19T16:37:50.000Z,2026-06-19T16:37:50.000Z,14797.270900874508,3836.7221653633087,48902.17220508407,3.304810227012468,2x-5x,0,4.0,2026-06-20T13:45:05.870028+00:00
7v4dAuQ44yTQGuKX86UJiMP4eRjzq3YKm7GBVtkSpump,libtard,libtard boomer,5,5,2026-06-20T12:29:58.000Z,2026-06-20T12:29:58.000Z,12795.917145884834,1441.6573191435666,27634.561260266757,2.1596389649298433,2x-5x,0,3.0,2026-06-20T22:14:33.719285+00:00
7zEx1WSB93S4yghYVPwZwy9LoVoLMgYXRFopykNBpump,LOOP,LoopCoin,5,5,2026-06-16T08:53:16.000Z,2026-06-16T08:53:16.000Z,13612.206748455561,1564.0497261349537,40526.393618061535,2.9772096741521836,2x-5x,0,3.0,2026-06-18T04:19:01.765405+00:00
86xF689hT7NQuBfs7fqGag8pxeV1pgABSJ1nQdzbW4eq,GPTS,GPT Strategy,5,5,2026-06-18T18:14:03.000Z,2026-06-18T18:14:03.000Z,12788.301204660278,1658.203131565743,34378.356850792734,2.6882661192140724,2x-5x,0,3.0,2026-06-19T18:14:46.726822+00:00
ATA7qqjkSPDwAempd5MyEJoCnxRKvmyTgGC8fxkkpump,くまきち,Kumakichi,5,5,2026-06-18T19:26:21.000Z,2026-06-18T19:26:21.000Z,12043.021463490932,4561.9267265861745,74337.69267042872,6.1726779193898675,5x-10x,0,10.0,2026-06-19T18:58:50.159499+00:00
AuTUKS9PCP8YQuBdqSXfBRoz79USEKX8EnTkx6Wnpump,Riona,Riona Ai Agent,5,5,2026-06-20T12:05:59.000Z,2026-06-20T12:05:59.000Z,16934.665750546123,12576.57856765445,107470.1695754498,6.346164202974247,5x-10x,0,10.0,2026-06-20T22:14:34.008880+00:00
BoEo2Jh85ZduGxMx36ZzxiSnNjwLJSqqnPWE1WKEpump,CS,chicken shrimp,5,5,2026-06-17T21:03:20.000Z,2026-06-17T21:03:20.000Z,12807.992453907433,3990.51677504647,115324.28447185205,9.004087477945788,5x-10x,0,10.0,2026-06-18T20:51:25.091642+00:00
C5tcc5ppr9FMBoRCgAPn4w4qQ2vQzRYepdzsfPfxpump,cooking,got something cooking,5,5,2026-06-18T02:01:31.000Z,2026-06-18T02:01:31.000Z,14183.794829441757,3721.945956105892,105503.18205004225,7.4382901979832585,5x-10x,0,10.0,2026-06-19T02:00:59.336397+00:00
CeSQAsN3WLSHCuRHDrhaL5iXRfFLiWXcfbjSFStipump,WESLEY,The Messi Goat,5,5,2026-06-17T14:27:17.000Z,2026-06-17T14:27:17.000Z,20456.67359117254,44043.22150757911,140009.31196536642,6.844187611508022,5x-10x,0,10.0,2026-06-18T14:27:39.068061+00:00
EVVtxoxCaWBVhDdFgo18P1trkG6h8AEvDxnau6YLpump,GOAT,Messi the GOAT,5,5,2026-06-17T13:54:36.000Z,2026-06-17T13:54:36.000Z,12780.274210140076,16703.14328119088,160621.46067396962,12.567919751403295,10x-20x,0,20.0,2026-06-18T13:52:36.035562+00:00
EzwHGpsACpzubwzCmaenibFBGqxQ7LFE7x3U36ASBAGS,INFINITE,Infinite Machine,5,5,2026-06-17T18:38:38.000Z,2026-06-17T18:38:38.000Z,447614.6492406127,39894.86048732648,853189.6968665886,1.9060808182083453,<2x,0,2.0,2026-06-18T18:38:21.403290+00:00
GABHHgioMnxWfnCSdubyLG4CJ4ZrHHH74Cq59XnRpump,WARSHIE,kevun warshie,5,5,2026-06-18T04:21:57.000Z,2026-06-18T04:21:57.000Z,13416.161309944482,9051.06023892707,97749.9123259866,7.285982187284174,5x-10x,0,10.0,2026-06-19T04:21:44.512390+00:00
HQwN1mRj5ekntMbzJSLo9x9FY6GTDAh6eadkioQxpump,MOOSE,Elon's Dog,5,5,2026-06-17T17:17:30.000Z,2026-06-17T17:17:30.000Z,13955.87263819364,1589.2136161997382,59448.109403202725,4.259719971971406,2x-5x,0,5.0,2026-06-18T17:16:45.228553+00:00
HzsHZPiqizPA8jqJz2QubtwU3DiZiGf9HFyzUfQ8pump,THING,Thing,5,5,2026-06-18T04:01:07.000Z,2026-06-18T04:01:07.000Z,13210.230936962029,2460.7231674364093,68594.07552278106,5.192496319716551,5x-10x,0,10.0,2026-06-19T03:59:39.298132+00:00
mHbBQMh3ExWvFz8NUp7iPHe3Gs3SvUxdcrHRtbSpump,CCM,Collectible Capital Markets,5,5,2026-06-17T09:36:07.000Z,2026-06-17T09:36:07.000Z,13067.139856134263,4350.074862066285,73110.1294087589,5.594960351973117,5x-10x,0,10.0,2026-06-18T09:37:36.573416+00:00
tungXo9vjMeyxRcXMRvejsiAWpCBBD64VNVi8KYX4Ar,TUNGTARDIO,tungtardio,5,5,2026-06-17T00:19:56.000Z,2026-06-17T00:19:56.000Z,13376.393022613005,1508.1101451031386,13376.393022613005,1.0,<2x,0,1.5,2026-06-18T04:12:14.792317+00:00
2L5aojM2AHs35aFMATM8Ju2DcNhC76aPWRV125cepump,VICTORY,ניצחון מוחלט,4,4,2026-06-20T10:02:32.000Z,2026-06-20T10:02:32.000Z,13268.47251441394,1994.6193294264565,44311.43776778437,3.33960353911481,2x-5x,0,4.0,2026-06-20T22:14:33.851085+00:00
2SoWK76yqZHmagS9t78vwxnn7EBadYhWnCFt9VmrtrDw,Pip,The Baby Squirrel,4,4,2026-06-16T20:31:47.000Z,2026-06-16T20:31:47.000Z,15269.19369376713,1542.7047449052484,56441.04383610685,3.6963997554858463,2x-5x,0,4.0,2026-06-18T04:14:57.774352+00:00
3HwB3NUsH4qmDrLo7c1gvEjpWMybrrvxHnmvadPEpump,Memecoin,My Meme Coin,4,4,2026-06-17T18:21:15.000Z,2026-06-17T18:21:15.000Z,13619.883857659943,1401.149737080373,52582.45476518343,3.860712419776663,2x-5x,0,4.0,2026-06-18T18:24:56.485608+00:00
3dc5cX8QBBa71SdP1uS78cqRo9PLAtyHMVhK3KLxpump,COIN,"Hi, i'm Coin",4,4,2026-06-17T12:49:28.000Z,2026-06-17T12:49:28.000Z,16124.83893989146,4757.504940134155,24535.547414827408,1.5215995338799062,<2x,0,2.0,2026-06-18T13:26:49.701395+00:00
3tHgBPkQQGy4kPU6HS9M6AUxSXdpip9TLptNopPGpump,Antimatter,Antimatter Coin,4,4,2026-06-20T08:20:05.000Z,2026-06-20T08:20:05.000Z,14736.616753317574,67179.17846103484,72342.6157250917,4.909038277649828,2x-5x,0,5.0,2026-06-20T22:14:32.811987+00:00
3xqDG39sMvtMYzLuqn6Wp32zbhQhScsYb92aZqaMpump,Miaowtocracy,Miaowtocracy,4,4,2026-06-16T06:55:48.000Z,2026-06-16T06:55:48.000Z,14480.29614936443,1630.5686982076238,38338.890628053705,2.6476592904307745,2x-5x,0,3.0,2026-06-17T06:52:31.744709+00:00
42ZzQ2vczbV9xHQSW5aUZuRdkJMdZpyuq1ts9tTxpump,SHILL,Shill Coin,4,4,2026-06-18T08:44:52.000Z,2026-06-18T08:44:52.000Z,13520.312819759136,1933.769612142955,21273.41703565969,1.5734411858111637,<2x,0,2.0,2026-06-19T08:45:10.452247+00:00
4ZQhcqhZ8knh5KAcgC8Tmq3QJ2uzk8TPL3cVkjLopump,ball,ball hat cult,4,4,2026-06-17T17:43:23.000Z,2026-06-17T17:43:23.000Z,12942.904032635392,1700.5019428160736,27266.332387752005,2.1066626407026,2x-5x,0,3.0,2026-06-18T17:48:37.695356+00:00
5QgYwFEhukBNxjpCdjyjGxLbC3K6JUtaUEmhMNvppump,THONG,King Thong,4,4,2026-06-19T04:27:47.000Z,2026-06-19T04:27:47.000Z,12118.064405213567,2439.1991810020972,25743.10082864763,2.124357485472032,2x-5x,0,3.0,2026-06-19T18:58:47.641179+00:00
5XdHFpMFuS2aYKeibRrXYtjJTpJk61z9NKd3edDppump,Isopod,The Nietzschean Isopod,4,4,2026-06-16T09:01:45.000Z,2026-06-16T09:01:45.000Z,15017.873929370753,2006.9877370407573,15017.873929370753,1.0,<2x,0,1.5,2026-06-18T04:13:57.502223+00:00
5YnWQvZvZvGHh2DW2GL4vah1AgspmDvbXuNBM351pump,Ramen,Instant-ramen,4,4,2026-06-18T10:40:27.000Z,2026-06-18T10:40:27.000Z,14717.196555585051,4582.771275837317,25649.926777193858,1.742854128523542,<2x,0,2.0,2026-06-19T10:39:34.466004+00:00
5bhGTVxZARAnqtWckrT7r9SxWHRyf1tkXUdmgUGQpump,Hero,HeroChickenNuggetCookie,4,4,2026-06-18T10:04:21.000Z,2026-06-18T10:04:21.000Z,12830.381828674674,1967.5708318795157,41724.18540193487,3.251983141194233,2x-5x,0,4.0,2026-06-19T10:06:11.684469+00:00
5cuqEojgPHvJAQhe9QGqBPEBUQNwPgGPqsVYXXxGYQu4,RUSSELL,Russell,4,4,2026-06-16T19:32:53.000Z,2026-06-16T19:32:53.000Z,15149.971600935742,4064.740602091665,15149.971600935742,1.0,<2x,0,1.5,2026-06-17T19:34:23.379632+00:00
5efAXXmFBFrUiVziqexThCAUepyhBKG5gQJAt7RGQ4ux,Tsou,Nietzschean Schoolboy,4,4,2026-06-19T17:11:12.000Z,2026-06-19T17:11:12.000Z,12990.187725792252,2714.319014461169,21902.202977210236,1.6860574642599673,<2x,0,2.0,2026-06-20T13:45:06.262392+00:00
5fpyepC8W4wv5Qu2su3yXMHpSZpbb5roDi6nxwrApump,PVMP,Pvmpcraft,4,4,2026-06-17T18:18:15.000Z,2026-06-17T18:18:15.000Z,13325.912916689887,1366.297263495223,25370.396754113637,1.9038393026220946,<2x,0,2.0,2026-06-18T18:18:20.118495+00:00
5kZowpTbxTHFdoQBZWbiGvkCu4XTcFcrmdoarAvCpump,PumpFund,PumpFund,4,4,2026-06-18T20:02:03.000Z,2026-06-18T20:02:03.000Z,12525.837936546723,3021.4362025780274,110911.76827059966,8.854638614394942,5x-10x,0,10.0,2026-06-19T18:58:34.572731+00:00
6KfBX8voJNBQtv3p5U9H2GYFfUadhiJYKWFCQzzVpump,NiKa,妮卡,4,4,2026-06-16T18:16:26.000Z,2026-06-16T18:16:26.000Z,13801.713578473851,1912.5658254928733,80020.74038250263,5.797884438589477,5x-10x,0,10.0,2026-06-18T04:18:06.966775+00:00
6NEydsVoQp45wpWHSSf4WPBJHwUwcC3HFXhHgFpBpump,AGC,AI Gambling Club,4,4,2026-06-17T21:30:30.000Z,2026-06-17T21:30:30.000Z,12710.95341409121,2035.3535886384348,27750.85535050239,2.1832237477747443,2x-5x,0,3.0,2026-06-18T22:00:07.152657+00:00
6QcoDFzkjjaE3PFp7Z6aqGpTLrBouAHoXVocim7apump,THUG,Thug Life,4,4,2026-06-18T14:54:51.000Z,2026-06-18T14:54:51.000Z,14387.148203115721,5943.546344784594,50893.437219054285,3.5374235741891265,2x-5x,0,4.0,2026-06-19T14:37:54.914594+00:00
6XK8TGpSTKbugQfssfkLXtyVd68AYjF5v2iNk9Dpump,GOATSE,меметик agent,4,4,2026-06-16T23:25:43.000Z,2026-06-16T23:25:43.000Z,14802.423966341496,2396.6618456690926,14802.423966341496,1.0,<2x,0,1.5,2026-06-18T04:12:28.883483+00:00
6vAt3dpvZmV7xTXS8LKTQNyvG2bdprh4gs63fCy1pump,Margot,The Surf Dog,4,4,2026-06-18T17:10:23.000Z,2026-06-18T17:10:23.000Z,13646.799460601784,1390.7595257433045,28014.42064424622,2.0528198369972137,2x-5x,0,3.0,2026-06-19T17:14:18.185634+00:00
73snVp4q4D6GQHn9TXpNTVwbKJnGTm1Lo27vFJyspump,ARTIFICIAL,Artificial,4,4,2026-06-19T10:21:19.000Z,2026-06-19T10:21:19.000Z,11944.405942424615,2107.7590899579823,20331.85359897324,1.7022071835952726,<2x,0,2.0,2026-06-20T10:18:43.454555+00:00
7Sk7AcCS6gLo9xVMi5zSSTqdjtaRGehHHbpFuxNtpump,KWILL,Kwill,4,4,2026-06-16T18:59:04.000Z,2026-06-16T18:59:04.000Z,14665.747586902706,2065.384691308418,35979.17138671694,2.453279055399007,2x-5x,0,3.0,2026-06-18T04:13:38.639952+00:00
7cVnXmKUJzxsU9Xyo6FJfdw5EmWmZAxHVBtfd24kpump,새우튀김,shrimp,4,4,2026-06-18T07:02:49.000Z,2026-06-18T07:02:49.000Z,16117.716965383339,3007.4398651986535,25243.601796814834,1.5662020775666627,<2x,0,2.0,2026-06-19T07:02:43.385243+00:00
7iCgk23ZssY7UM7pPwsftFWcqrZz6jSaFxGnj2NBpump,PICKLES,Grillo's Pickles,4,4,2026-06-16T06:12:04.000Z,2026-06-16T06:12:04.000Z,13100.718295802762,2034.0765515356632,13100.718295802762,1.0,<2x,0,1.5,2026-06-18T04:14:11.737531+00:00
7nSXuyYJm47YHqFjtFm4dCMAaFzSSnhwR5M4XubCpump,RUNNER,Homestar Runner,4,4,2026-06-16T20:08:13.000Z,2026-06-16T20:08:13.000Z,16022.543689554363,1626.266828757675,32234.678189411552,2.0118327535238008,2x-5x,0,3.0,2026-06-18T04:13:16.936738+00:00
7qBmpyMu6BfDhtkraq4BYByH45PWAD3BkEroYvuRpump,Dez,sleepyPanda2324,4,4,2026-06-18T09:11:42.000Z,2026-06-18T09:11:42.000Z,12906.323487800157,2169.8989260418216,70562.73603962139,5.467299506813198,5x-10x,0,10.0,2026-06-19T09:08:32.457144+00:00
7yVbC1eKmyxSe4rEauwdtSqhC8jUDF4jC2kFqkVipump,WOT,World of Trencher,4,4,2026-06-19T15:26:10.000Z,2026-06-19T15:26:10.000Z,13745.515077587383,1300.9094791676157,29549.444870882347,2.1497517338629173,2x-5x,0,3.0,2026-06-20T13:45:08.861634+00:00
82KvpruHhPixh1viBix4LFrgtEREkPnTjioMq2qBpump,OGPEPE,El Sapo Pepe,4,4,2026-06-17T05:52:13.000Z,2026-06-17T05:52:13.000Z,13325.79002829635,2031.781596214539,26570.020522219354,1.9938795723030185,<2x,0,2.0,2026-06-18T05:57:02.066431+00:00
8EGQdxX582SyXquriHKYegKmjdds86NbiowQtYiTpump,Ronaldough,Ronaldough,4,4,2026-06-17T19:33:10.000Z,2026-06-17T19:33:10.000Z,13668.379614902655,1947.3913830762929,13668.379614902655,1.0,<2x,0,1.5,2026-06-18T19:36:47.570279+00:00
8SXeSRLStHf4DfzJ5J6yMhmKq4BPCfJVewARvhpEpump,TISM,ThisInvestmentSimplyMoons,4,4,2026-06-16T21:32:09.000Z,2026-06-16T21:32:09.000Z,13543.748000299329,2092.453941451732,13543.748000299329,1.0,<2x,0,1.5,2026-06-18T04:12:53.217933+00:00
8US4UWzFwq62p3HtQ45WQdnySCftyM42xzy1bXSxpump,MBGA,Make Bagworking Great Again,4,4,2026-06-16T17:42:50.000Z,2026-06-16T17:42:50.000Z,13161.5656434487,1708.7671674488229,43356.00916630212,3.2941376687873762,2x-5x,0,4.0,2026-06-18T04:13:49.804103+00:00
8ZqZUHfAfLV2CzazJ3e5GpJWqUwxE8fkwyvzxjr3pump,Mutsuki,むつき,4,4,2026-06-19T08:49:11.000Z,2026-06-19T08:49:11.000Z,12570.835956303808,8203.071854944505,34511.47774243114,2.745360599914989,2x-5x,0,3.0,2026-06-20T08:49:19.775399+00:00
8eJrnMwC3cjGNNMWYBxfpf91AwzTVzgKUL7kQwwEpump,BWICK,bwick,4,4,2026-06-19T18:22:30.000Z,2026-06-19T18:22:30.000Z,61948.15737624833,3136.811056650886,221354.33547740523,3.5732190407696476,2x-5x,0,4.0,2026-06-20T13:45:05.221322+00:00
8nnFZQgwvxxMparw5Dr626CYS6GMbb73Pg7f43JApump,Messi,Leo Messi,4,4,2026-06-17T04:19:15.000Z,2026-06-17T04:19:15.000Z,14377.183050799567,6221.873115715742,102045.05394802058,7.0977084723384305,5x-10x,0,10.0,2026-06-18T04:20:02.167813+00:00
8oGoTGPstdxKqe7EHUsboWbz4rbkaPG4FFX38CKbpump,Cuakssant,Duck Croissant,4,4,2026-06-19T16:53:00.000Z,2026-06-19T16:53:00.000Z,14395.14812350451,1394.3974862751845,41868.39764707778,2.9085075949107275,2x-5x,0,3.0,2026-06-20T13:45:07.229649+00:00
8pFNX35yYB5LoM1pjRbjoMJNNPb7s8ZisgCbhRYGpump,SOYJAK,Ethically Modified Soyjak,4,4,2026-06-20T10:34:07.000Z,2026-06-20T10:34:07.000Z,12862.137852662963,2927.5407858170843,19835.051576925045,1.5421271179128606,<2x,0,2.0,2026-06-20T22:14:34.394341+00:00
8vreH8zd6wKEkqEtaWanKZAcyjjrx4SfT42f5Sqppump,Day,Good Day,4,4,2026-06-17T18:31:30.000Z,2026-06-17T18:31:30.000Z,13514.7911194725,2379.883400123282,54664.58835605904,4.0447971317364075,2x-5x,0,5.0,2026-06-18T18:31:48.498625+00:00
8x7LJbFzGN7JUfJGHQTh1JhpPKduNWfvSQapQNUCpump,Scooter,Imperooterxbt,4,4,2026-06-16T20:37:38.000Z,2026-06-16T20:37:38.000Z,13318.464766206014,6070.002377712546,75911.84736030325,5.699744579639565,5x-10x,0,10.0,2026-06-18T04:18:16.850137+00:00
912oBRDUjxKsm5U8xRCZUGqSJSCRpmyv7M47y2hgpump,VALOR,VALOR,4,4,2026-06-18T07:18:42.000Z,2026-06-18T07:18:42.000Z,12538.553242961001,1921.4621580478256,19435.117841405154,1.5500287365542595,<2x,0,2.0,2026-06-19T07:19:37.963616+00:00
97G3xuSATggNYUpXmHp8ZNcNYnZmtjdnqHytsFWxpump,elun,elun mesk,4,4,2026-06-19T15:32:13.000Z,2026-06-19T15:32:13.000Z,18577.392508358345,4995.228290818246,134695.89653580092,7.25052756866705,5x-10x,0,10.0,2026-06-20T13:41:51.847810+00:00
9JmruaWd8Dscxs1GBVbnckGWWsoVdJwg9DDFGFW9pump,GC,gamercat,4,4,2026-06-17T09:00:45.000Z,2026-06-17T09:00:45.000Z,13070.456347529667,1810.421492081661,25117.493083954567,1.9216997797251207,<2x,0,2.0,2026-06-18T08:53:06.843466+00:00
A1aAXj2jWDzzPTv2LEWVBiXUahGVnGwDmivN7YWEpump,SHILL,The Shill Coin,4,4,2026-06-17T23:37:39.000Z,2026-06-17T23:37:39.000Z,15485.19906517909,1341.5538190888576,15485.19906517909,1.0,<2x,0,1.5,2026-06-18T23:37:59.040080+00:00
A5tu2Wh5ZkXirf5yAYsPgXqbetGBNNnSrWMjehuZbonk,DARE,dare market,4,4,2026-06-16T19:40:56.000Z,2026-06-16T19:40:56.000Z,37656.23567051471,24093.853597391226,37656.23567051471,1.0,<2x,0,1.5,2026-06-17T19:40:04.550562+00:00
A81BtTKJ9bnnugRdkFyn8czmk7Li5wrd7MNMN8k5pump,Trump,特朗普,4,4,2026-06-17T03:18:19.000Z,2026-06-17T03:18:19.000Z,13037.481746505568,2596.593611002108,76192.82371105511,5.844136558923816,5x-10x,0,10.0,2026-06-18T04:18:02.661869+00:00
AfmhVXwgcmDxntzQVHoLoXsfEeKiwRw9SPM5gaEipump,Pepe,Пепе,4,4,2026-06-17T09:18:07.000Z,2026-06-17T09:18:07.000Z,13729.832591664619,1320.4503185261954,18911.785198031248,1.3774228543407436,<2x,0,1.5,2026-06-18T09:21:41.996809+00:00
BEXFEjrXQviyK6BaRF4NgwEXWQf9kmCBuoj91R62pump,GABRIELA,Vice baby,4,4,2026-06-20T11:06:20.000Z,2026-06-20T11:06:20.000Z,17739.64927301692,2348.7356650024203,17739.64927301692,1.0,<2x,0,1.5,2026-06-20T22:14:34.496178+00:00
BNaf755XNgUvoXPVeSYrSdkS1ATpQyAgSGDvnUAHpump,claudine,claudine,4,4,2026-06-18T20:37:56.000Z,2026-06-18T20:37:56.000Z,15671.37422653362,1621.6084762653848,79347.57804371255,5.063217615553271,5x-10x,0,10.0,2026-06-19T18:55:13.830772+00:00
Bh77MrPYg8RRQPZ8kxRUyCCa5VrQzFzqLzdFtBgwpump,Helium,Only Goes Up,4,4,2026-06-18T05:54:39.000Z,2026-06-18T05:54:39.000Z,13911.462435687428,2008.8970259361856,23357.82415714116,1.6790344124583725,<2x,0,2.0,2026-06-19T06:04:18.947013+00:00
C86CfVQZgbQGP1NoxVYfmn2q1Mqhqv3sg6z9bYhJpump,SWIMBAPPÉ,The Oracle Goldfish,4,4,2026-06-20T11:02:19.000Z,2026-06-20T11:02:19.000Z,14469.365647287259,22898.896162310186,24858.761640374014,1.7180270542844824,<2x,0,2.0,2026-06-20T22:14:32.565824+00:00
CRtJcETFwVeh3ufQyXd42YGdwwJ1xQoJBBeTmYCrpump,youngin,youngin,4,4,2026-06-18T01:20:28.000Z,2026-06-18T01:20:28.000Z,12961.297418073365,164566.59158031736,257476.09593189484,19.864994037778004,10x-20x,0,20.0,2026-06-19T00:30:50.923107+00:00
Ctv6tiNS9f5KpajmqPwDo2We2J7zVfZ1A3ufHLeLpump,KSTR,Kins Strategy,4,4,2026-06-18T18:52:15.000Z,2026-06-18T18:52:15.000Z,70492.9406621657,97671.09093166431,294544.9968217972,4.178361606921622,2x-5x,0,5.0,2026-06-19T18:51:13.578291+00:00
D8bmt1ZNv1sZyi9Y6rXcX1Wo5WcpqzEVVxGUv3okpump,Loria,Loria,4,4,2026-06-16T07:52:25.000Z,2026-06-16T07:52:25.000Z,14579.259740099118,1614.292177099608,42124.36506157687,2.889334973964219,2x-5x,0,3.0,2026-06-17T07:49:45.840768+00:00
DNooXfXUBTQA93nsQ3yb49EaVLtrJ8vGakW5WyXUpump,Sergeevna,Сергеевна,4,4,2026-06-18T11:25:07.000Z,2026-06-18T11:25:07.000Z,13589.063587975597,2419.5914361851064,28295.051239366258,2.082192864591743,2x-5x,0,3.0,2026-06-19T11:42:01.426555+00:00
ENYwSZtusdXf69tdfiEuop9FZ8FxBrhncQWRWjjvpump,DOVE,The Dove,4,4,2026-06-18T11:08:55.000Z,2026-06-18T11:08:55.000Z,12945.039915015619,1906.9556316760218,44140.865282458624,3.409867066632785,2x-5x,0,4.0,2026-06-19T11:13:51.117974+00:00
EhYBNftDgsCMDucwWDQzVtvAoJBeZFJe3tbs376sDdsf,BMC,boomercoin,4,4,2026-06-17T22:13:52.000Z,2026-06-17T22:13:52.000Z,12863.373483898577,1552.156897464653,21182.70591542824,1.646745773334125,<2x,0,2.0,2026-06-18T22:13:08.764998+00:00
EmfAFkiXqHqN6j1yGkxShnMLaHLpm7kFdzZzhbtupump,DAWN,Dawn The Scottish Duck,4,4,2026-06-18T23:37:02.000Z,2026-06-18T23:37:02.000Z,12359.9554002156,82921.82726539069,107352.50943677714,8.685509450536086,5x-10x,0,10.0,2026-06-19T18:55:11.274344+00:00
EoHKjiNy8w2ZcizdGexxsHcTHvDZT44HVGJg7eDUpump,CEX,CEXcoin,4,4,2026-06-19T15:45:45.000Z,2026-06-19T15:45:45.000Z,13096.340419676499,2440.1232859547977,28290.94574248655,2.1602176513357145,2x-5x,0,3.0,2026-06-20T13:45:04.056750+00:00
FJVis6jGFFiizZ1NSyNdKYHSTnqUWHmM5P3nyco5pump,Meepcat,Meepcat,4,4,2026-06-16T23:19:35.000Z,2026-06-16T23:19:35.000Z,13081.774101199904,55201.578663541346,867587.9995214477,66.32036242254554,20x+,0,75.0,2026-06-18T04:14:08.849051+00:00
FXcKm6Sifct3mFtccvaETBtjkGCrpsRQLFtmbV2hpump,Ponyo,ポニョ,4,4,2026-06-17T11:14:51.000Z,2026-06-17T11:14:51.000Z,13312.944823006608,3392.190700691655,30448.636878118872,2.287145127011976,2x-5x,0,3.0,2026-06-18T11:13:12.109417+00:00
FbBzPWxRZ1TBC4kKPKkmNCA2fNP5xFvkqQqHPubSpump,ANSEM,The Black Bear,4,4,2026-06-18T19:03:05.000Z,2026-06-18T19:03:05.000Z,12525.735126666172,4996.819611604911,38345.917700986574,3.061370635193422,2x-5x,0,4.0,2026-06-19T18:58:44.414935+00:00
Fcgu5EyF4xAwZx9QiG9WcLTUg93xkMe2asb9cX49pump,Deflation,Deflationary Coin,4,4,2026-06-16T19:13:20.000Z,2026-06-16T19:13:20.000Z,13006.282739336697,1631.1484226764146,13006.282739336697,1.0,<2x,0,1.5,2026-06-18T04:13:34.398674+00:00
Fvk8E2KUx2CNeuLzh1tWSwLzWDE5xZHTzHjcGjUopump,BOSS,I'm the boss,4,4,2026-06-17T10:03:32.000Z,2026-06-17T10:03:32.000Z,14562.43469530878,2245.4025955168245,41273.483957389704,2.8342433680190693,2x-5x,0,3.0,2026-06-18T10:03:14.351535+00:00
FzKQXsikKy2NzoBmfxEGDwMaRaDzTQxHGVs7p2ijMusk,MUSK,the most valuable sack,4,4,2026-06-16T18:46:00.000Z,2026-06-16T18:46:00.000Z,15282.415709950146,2080.436276643105,15282.415709950146,1.0,<2x,0,1.5,2026-06-18T04:13:40.412327+00:00
GKPio535WcAG2xqeJvQeY2PkRswdbX3UgJMdscyGpump,Fansem,sleepyPanda2324,4,4,2026-06-18T09:18:29.000Z,2026-06-18T09:18:29.000Z,12942.830775639377,1794.7456691773718,27298.549927705582,2.1091637834812866,2x-5x,0,3.0,2026-06-19T09:21:59.078599+00:00
GQLo3D8LzH1FLRqwRuBQEWqQvzPu2AiwcdABwoUupump,TARDS,WE TARDS,4,4,2026-06-18T20:57:08.000Z,2026-06-18T20:57:08.000Z,12656.491890650026,1420.2330497114717,25748.050224622188,2.0343749632268593,2x-5x,0,3.0,2026-06-19T18:55:09.605103+00:00
GckkAuTAA4WZFFnYiJ3yB25uERQJ7ogax5qHc3LPpump,ByQ,ByQ,4,4,2026-06-18T14:38:36.000Z,2026-06-18T14:38:36.000Z,21478.930737806688,1585.0982603953605,117267.67895483361,5.45966092941591,5x-10x,0,10.0,2026-06-19T14:34:26.054139+00:00
GeYVEudE3LfnTdbqTpJHWENTfTft1uQydD7tw26mpump,Fang,Sabertooth Tiger,4,4,2026-06-18T18:24:27.000Z,2026-06-18T18:24:27.000Z,12522.952001187668,1453.172716848199,36865.14172558142,2.94380603887048,2x-5x,0,3.0,2026-06-19T18:21:44.337943+00:00
GkLoFk3ya6qg9HP1mcwtfdoySjnayPbp7tDUfYEcpump,Zeus,Ansems Dog,4,4,2026-06-16T21:15:12.000Z,2026-06-16T21:15:12.000Z,14366.253834828727,4215.423145857167,40243.36237347342,2.801242608975049,2x-5x,0,3.0,2026-06-18T04:15:29.172000+00:00
GoyCwEkFkKqHprFbM5EU92ipS5fR3Y8EYm2NcSYRpump,CGH,Chill Gorilla House,4,4,2026-06-18T07:20:47.000Z,2026-06-18T07:20:47.000Z,13269.791148524226,1498.8042465108576,25886.059610194956,1.9507510947580984,<2x,0,2.0,2026-06-19T07:19:32.497137+00:00
H2cxSwXWvfHSNubCz3nTe8np2Jx9rRETYn6Cqicrpump,bully,bully,4,4,2026-06-16T09:49:14.000Z,2026-06-16T09:49:14.000Z,14181.431239417445,8402.158855982436,64530.465683531715,4.5503492979022155,2x-5x,0,5.0,2026-06-17T10:00:32.377468+00:00
HAtpoqBKEL2Kv1iQMKbAyoRafUp6MjaRQ189PzCLpump,Thaïs,Justice for Thaïs d'Escufon,4,4,2026-06-17T13:00:03.000Z,2026-06-17T13:00:03.000Z,14675.435241269895,14408.42764277085,65082.5039973554,4.434792081282332,2x-5x,0,5.0,2026-06-18T12:58:13.717821+00:00
HPVwjSr4Bx3uyqYbKsJ82T7BTwH5hMATM7NZZrdupump,Jorge,The Thinking Monkey,4,4,2026-06-19T02:43:16.000Z,2026-06-19T02:43:16.000Z,12684.643344823124,3226.0221925455016,30180.132126119825,2.3792653293982435,2x-5x,0,3.0,2026-06-19T18:55:05.834062+00:00
Hb4ah2Vr4NzuQb8NhyB8a6ZFBSFWGSHBa3axpqwbpump,Rescue,Rescue Pack,4,4,2026-06-16T18:04:51.000Z,2026-06-16T18:04:51.000Z,13553.475356724457,1362.9318535466148,13553.475356724457,1.0,<2x,0,1.5,2026-06-17T18:17:40.832584+00:00
Hfgj64CwJrxQwKbxQo1jAYW9g9cdwNrJTCE9KPfNpump,ASS,AYE SOLANA SOLANA,4,4,2026-06-18T10:33:16.000Z,2026-06-18T10:33:16.000Z,13446.040338706936,1439.9035542063255,41668.7768953322,3.0989626570865516,2x-5x,0,4.0,2026-06-19T10:32:57.259587+00:00
HgjjhWAfjrJP5v2i2RATJ9AVg9JJ9Xhdpb9PFZ5vbank,POKEBANK,Pokebank,4,4,2026-06-18T20:36:23.000Z,2026-06-18T20:36:23.000Z,12602.724243372691,4000.790584435362,16532.04834097564,1.3117837081668462,<2x,0,1.5,2026-06-19T18:59:04.945032+00:00
J2mLV4MPVE8dQRKeRBKraPRT8nqiPJyKRmXQ9Xk5pump,HAM,Hero Archetype Meme,4,4,2026-06-17T09:56:31.000Z,2026-06-17T09:56:31.000Z,13964.7860662813,2133.9687614702448,21879.043531815336,1.5667295888365538,<2x,0,2.0,2026-06-18T09:56:43.987440+00:00
J8tHnmyXeo74pyXGcs1pAfQiJbThAb3xu1E8EyNQpump,BOG,ogpepe,4,4,2026-06-16T21:56:45.000Z,2026-06-16T21:56:45.000Z,13263.98457694224,2569.029922512739,78222.71791773503,5.897377026034494,5x-10x,0,10.0,2026-06-18T04:17:58.043326+00:00
MXQcb928CL59NrZoV1u5VoLnX3RFUGFdn3NssXApump,#1,#1,4,4,2026-06-19T03:24:20.000Z,2026-06-19T03:24:20.000Z,13810.799941610585,2060.959708966132,23963.839507064135,1.7351521713715827,<2x,0,2.0,2026-06-19T18:58:41.292519+00:00
SEAT94f87htprjQ6H929XfHNk8SE3HUAcuinRk4Xs28,SEATd,SEATd,4,4,2026-06-18T20:34:54.000Z,2026-06-18T20:34:54.000Z,78230.62879125163,94136.80119722601,267151.64473118883,3.4149239097137856,2x-5x,0,4.0,2026-06-19T18:59:06.172487+00:00
iaGJA8Yg2KS4Cf9JirGzXXn6pPBfVoDrSrFHXkspump,HAWK,The Hawk,4,4,2026-06-17T18:13:39.000Z,2026-06-17T18:13:39.000Z,13479.198763726592,2757.430552413875,18994.681198468166,1.4091847394953547,<2x,0,1.5,2026-06-18T18:14:55.962972+00:00
m5HoubAkSxBn5P2ccdv8Pbn5e99dUdLSwcspUwXpump,CHUD,CHUD,4,4,2026-06-17T08:34:07.000Z,2026-06-17T08:34:07.000Z,12938.181169967005,1729.2991658335857,47188.00993167187,3.6471903826179153,2x-5x,0,4.0,2026-06-18T08:33:47.610074+00:00
qvm1XFQAUMYg3UzhoNt9AxAhrbvph93jnYDguMNg9Yc,VOYAGER,the sprite voyager,4,4,2026-06-18T23:04:39.000Z,2026-06-18T23:04:39.000Z,13699.395704674103,3896.8628464283556,96682.7288412028,7.057444789934462,5x-10x,0,10.0,2026-06-19T18:55:13.779719+00:00
2ByLqiPoVzecXvHtrwx67EPkBDavyLA13CkbeRzLpump,YEAH,OH YEAH,3,3,2026-06-18T14:04:50.000Z,2026-06-18T14:04:50.000Z,14040.494256457845,2006.0318607868912,25283.87263480026,1.800782235509344,<2x,0,2.0,2026-06-19T14:05:00.760147+00:00
2DdwEtt8qyjMCDHyoQ7tR5kXPRU1xjDB4876jyJQpump,LIGMA,Ligma Balls,3,3,2026-06-20T10:51:26.000Z,2026-06-20T10:51:26.000Z,16345.766158076953,105790.09291240435,283572.2960529614,17.34836368699912,10x-20x,0,20.0,2026-06-20T22:14:36.363772+00:00
2FLy8ya4Knk8n66LuqNtVuWZGDYdwUQDKXpw6zDMpump,ASDF,Asdf character,3,3,2026-06-17T22:56:06.000Z,2026-06-17T22:56:06.000Z,14669.572134080028,1414.374675674717,46696.16191175314,3.183198629445343,2x-5x,0,4.0,2026-06-18T22:55:24.377249+00:00
2GNjBTa9E1HSsj4y4djEas9BwqewDnpM6Es3GcTopump,bread,"market's dead, send this bread",3,3,2026-06-18T21:47:34.000Z,2026-06-18T21:47:34.000Z,13611.03154490106,2007.5636127418468,15543.507658474771,1.141978666877578,<2x,0,1.5,2026-06-19T18:59:07.980066+00:00
2Ng9FaSUmeQw2UY8CjiJJnKdqV1obKPMVLSEPfPbpump,JITO,JITO,3,3,2026-06-16T22:49:40.000Z,2026-06-16T22:49:40.000Z,13619.264982864015,2032.5266994510605,13619.264982864015,1.0,<2x,0,1.5,2026-06-17T22:54:35.394972+00:00
2ePgWCNZ2t5ofLYhNVYdjoY8YxamdR7GMVm3oweCpump,HAL,hal medina,3,3,2026-06-18T05:11:54.000Z,2026-06-18T05:11:54.000Z,13563.406795871926,1979.2165972715102,13563.406795871926,1.0,<2x,0,1.5,2026-06-19T05:15:39.876754+00:00
2w6zuEB1qarSnoZKT65JASN4hh1HVnrFKVzmBAUhpump,YOSHI,YOSHI,3,3,2026-06-18T01:16:42.000Z,2026-06-18T01:16:42.000Z,14917.35126145869,3039.853980062418,23569.890544478098,1.5800318790759185,<2x,0,2.0,2026-06-19T00:23:26.996820+00:00
3ALxU164ur3NtAaMKsPyLm29YLneP2tanw6X6MNSpump,GOOGLE,Google Coin,3,3,2026-06-16T22:53:36.000Z,2026-06-16T22:53:36.000Z,14275.23523199268,1712.6877496448542,32795.62815880989,2.2973791763032088,2x-5x,0,3.0,2026-06-17T22:54:24.228874+00:00
3CfrMh1YK42FWq1eayNdNBRTpPNQduRsVqJVcsPMBAGS,speedrun,fastest speedrun to 10m,3,3,2026-06-17T08:01:18.000Z,2026-06-17T08:01:18.000Z,349295.7222267078,37114.42327200518,506615.340368128,1.4503909098529213,<2x,0,1.5,2026-06-18T07:58:44.303950+00:00
3KtvNALV5LcUaTdKNKaT5mRVGdkrDVvaqQQkTCrFpump,PAB,Pabbo,3,3,2026-06-16T22:28:40.000Z,2026-06-16T22:28:40.000Z,14812.74480918618,2243.550133070945,14812.74480918618,1.0,<2x,0,1.5,2026-06-17T22:26:52.174741+00:00
3LW7r3jPYr9k8BsHBCEKwSfnRJuJk3hZjA9pyy6rpump,sob,sob,3,3,1781546018,1781546018,13245.828412816894,4022.6013605743683,23047.66768196664,1.7399944317310734,<2x,0,2.0,2026-06-18T04:19:35.288373+00:00
3QwSbYMieVftAJr4SHJBwQUcXP4KgErpdHYKgR59pump,PIP,Pip the Baby Squirrel,3,3,2026-06-16T23:07:40.000Z,2026-06-16T23:07:40.000Z,13181.672091379365,4308.737380142657,39429.72327397039,2.991253537535416,2x-5x,0,3.0,2026-06-17T23:08:07.888153+00:00
3d86NDe7yraaTxWTXdiay3QZYKEqTdXMzUnMhL1qpump,WEED,Weed Farm,3,3,2026-06-17T16:07:36.000Z,2026-06-17T16:07:36.000Z,13886.751888370365,2091.4274225107097,19716.215352486204,1.4197859593788664,<2x,0,1.5,2026-06-18T16:06:33.673431+00:00
3pTCFu1NBLfn1WkUVxpGiZWK7JRQ87HJQST9Riw5pump,Yeat,Million Dollar Minion,3,3,2026-06-17T23:21:56.000Z,2026-06-17T23:21:56.000Z,13580.999469073693,1801.6069340955014,20046.386532740788,1.4760612117237697,<2x,0,1.5,2026-06-18T23:21:13.007987+00:00
3wMNHtTmRjXr8PQC5vEfpLPXoFXbqs9uFjzk41hApump,Sneed,Sneed,3,3,2026-06-17T06:55:47.000Z,2026-06-17T06:55:47.000Z,12870.217142888872,2089.4404344462228,20799.68923070827,1.616110202320917,<2x,0,2.0,2026-06-18T06:57:49.444065+00:00
3wZWaSr7rLedLV9qFnZtp6n6JuXStXCNamxJXcLApump,LOOK,How you really look,3,3,2026-06-20T07:35:20.000Z,2026-06-20T07:35:20.000Z,16859.998091575362,3046.1476587874035,55595.041902546705,3.297452443385895,2x-5x,0,4.0,2026-06-20T22:14:33.467637+00:00
44d8uZdzcke7w1uBs2Xst3tEpzv6NpR9ehNcgMBqpump,WHILOM,Whilom,3,3,2026-06-18T02:30:25.000Z,2026-06-18T02:30:25.000Z,15431.88931007015,1564.2214232994756,26074.852234482772,1.6896733582366683,<2x,0,2.0,2026-06-19T02:28:29.500467+00:00
4DyYTyBHY6aNjXaKhFq3SEZd9k1QsiscinNmd9cfpump,sydney,#FreeSydney,3,3,2026-06-17T07:13:17.000Z,2026-06-17T07:13:17.000Z,14107.572444181431,2168.4837994071904,18875.84178793303,1.3379936103548586,<2x,0,1.5,2026-06-18T07:13:43.647599+00:00
4GG4SGDwyfqA9A2G2DFBRCqqsYyGFHnbUnhkmg5PPVqF,HAM,Hero Archetype Meme,3,3,2026-06-17T03:35:55.000Z,2026-06-17T03:35:55.000Z,14169.395035755206,2246.248281102611,15438.065687109947,1.0895359786464676,<2x,0,1.5,2026-06-18T04:12:09.523356+00:00
4HbyyHvSt7GUcUo5GGMH95ngaPLEht29mQhgE1bspump,Egg,Egg,3,3,2026-06-16T07:06:46.000Z,2026-06-16T07:06:46.000Z,13582.654446980414,2424.1393089367702,30858.52964332365,2.271907141846185,2x-5x,0,3.0,2026-06-17T07:07:59.000883+00:00
4UUbr6JC5ysZnR45tyc6GAm7WNdGSNbphNwGrqvvpump,大黄,Big Yellow,3,3,2026-06-19T07:39:44.000Z,2026-06-19T07:39:44.000Z,12644.853793039874,6094.980237284159,28648.403004305987,2.2656175763831268,2x-5x,0,3.0,2026-06-19T18:58:44.496957+00:00
4Uq4vLJb78d94XDGCnPqTeNy67TgcCoWnx8RHVoMpump,WARNED,you have been WARNED,3,3,2026-06-19T14:45:11.000Z,2026-06-19T14:45:11.000Z,12702.733005771614,1999.7204225671824,15822.40895667638,1.2455909251566029,<2x,0,1.5,2026-06-20T13:45:05.749806+00:00
4c6ZF1uxisXoupJ9e9MoupcC3wVXfth1LA1U6RxnhbAG,evolve,I will evolve until I die,3,3,2026-06-17T12:49:33.000Z,2026-06-17T12:49:33.000Z,15980.837959655826,6607.4877297154935,25930.557632816213,1.6226031262114538,<2x,0,2.0,2026-06-18T12:51:49.463975+00:00
4hVQ29D8JEfyBS6rrHxhHDv4McA6uMVJn1jXmSXtpump,Elon,1 Elon Can Change Your Life,3,3,2026-06-17T11:27:38.000Z,2026-06-17T11:27:38.000Z,14621.350977726144,1507.6539566620686,32968.39562444015,2.2548118620956097,2x-5x,0,3.0,2026-06-18T11:29:04.674742+00:00
4xS3WYaHUuPMew6dS1ewr9XRBB3xkbGtDnNBDVTTpump,Please,Please Grok,3,3,2026-06-18T12:23:22.000Z,2026-06-18T12:23:22.000Z,19931.817658772678,1978.0967422485708,48981.06817472086,2.457431078954438,2x-5x,0,3.0,2026-06-19T12:22:37.753354+00:00
5BFtthSpPiD34zZpdbbSzvkFKDkqzCbpKXjrLFrapump,GTAify,GTAification,3,3,2026-06-18T14:11:45.000Z,2026-06-18T14:11:45.000Z,17403.42919325022,2176.7036071149632,79402.62211374022,4.562469915097875,2x-5x,0,5.0,2026-06-19T14:14:46.104418+00:00
5PUkK1xyJrqw42XtY1RWqY5uvf3bBEi6MzhRaf4tpump,LSTR,Lester Coin,3,3,2026-06-18T14:19:00.000Z,2026-06-18T14:19:00.000Z,13851.918673082899,4977.638694580581,21481.243451404494,1.5507774741088343,<2x,0,2.0,2026-06-19T14:24:34.085245+00:00
5U7XtJL252qdFUXu9H9auKpKkABTrcjomwoq18CNpump,Anna,The Meme Commander,3,3,2026-06-18T21:26:39.000Z,2026-06-18T21:26:39.000Z,17162.5861051866,1405.776406187827,24441.8630714656,1.4241363697560225,<2x,0,1.5,2026-06-19T18:55:29.172891+00:00
5USeCZxs9qWkPDZVpTbSdZRDKwnBy7jj6QPLNRYppump,Pilly,Pilly,3,3,2026-06-17T13:20:30.000Z,2026-06-17T13:20:30.000Z,15521.52444003393,2384.0525187958883,20724.98865429101,1.3352418272032631,<2x,0,1.5,2026-06-18T13:20:28.601114+00:00
5WCwSjeQ84xXLfHYdbvUYbX2spzSFrTaG3omnnvKpump,ELBAF,elbaf0,3,3,2026-06-17T00:26:37.000Z,2026-06-17T00:26:37.000Z,14107.494961270077,1954.2512070814187,15193.375476304567,1.076971887497788,<2x,0,1.5,2026-06-18T00:25:00.547472+00:00
5iTps5Rwsrc6ER7wNh46KRpqUhXZGs2u1T7WkyX7pump,Iris,Iris,3,3,2026-06-16T05:30:56.000Z,2026-06-16T05:30:56.000Z,13116.850213172336,1598.8717865891565,26526.692831989338,2.022337100819405,2x-5x,0,3.0,2026-06-17T05:29:34.813160+00:00
5kuTkFHSha6Dc4po34fhHVYfUf9XzqFSGxRN41rmpump,Solana,SpongebobAnsemSonic69420wifInuAI,3,3,2026-06-19T12:26:58.000Z,2026-06-19T12:26:58.000Z,12415.562787215009,7389.227000953323,132477.67895509885,10.670291892971491,10x-20x,0,20.0,2026-06-20T12:26:19.821229+00:00
5nX54hyoDV1tYBAMA6ohZPLPs1TpScRG58xvDhzapump,w/w,ward&weave,3,3,2026-06-18T19:58:06.000Z,2026-06-18T19:58:06.000Z,12664.556906280877,1713.7031197308495,51991.67867531068,4.105289988434246,2x-5x,0,5.0,2026-06-19T18:55:09.829176+00:00
5yaqc8wVKUF7bPjGF2JWQyd1ppS2ddr5pf5GjXnkpump,FLORK,فلورک,3,3,2026-06-19T17:39:08.000Z,2026-06-19T17:39:08.000Z,12632.725821655862,1422.4576775911144,17067.280872612148,1.35103706939909,<2x,0,1.5,2026-06-20T13:45:07.678715+00:00
62nSJ2X461SB2MMi57DTgsLs9spNVS93JWaTM2SKpump,PETAL,KUSH PETAL,3,3,2026-06-19T18:26:04.000Z,2026-06-19T18:26:04.000Z,12345.443653988068,1577.2795937871604,12345.443653988068,1.0,<2x,0,1.5,2026-06-20T13:45:07.483899+00:00
67zriVjAaGcwZddhaPZHj4FwjhT5VAefSpKBvAEZpump,PROTECTOR,The Baby Protector,3,3,2026-06-20T13:13:36.000Z,2026-06-20T13:13:36.000Z,13639.57539169634,2213.668843005941,26931.856620603794,1.974537758484746,<2x,0,2.0,2026-06-20T22:14:36.596905+00:00
6LBqdG61d2xvKdhz6tAyx5hw7Jt1tjRZfXjctgvMpump,kibble,kibble,3,3,2026-06-18T06:42:43.000Z,2026-06-18T06:42:43.000Z,12569.734784121916,3733.6623108324115,67138.70119557827,5.341298153751648,5x-10x,0,10.0,2026-06-19T06:49:06.946423+00:00
6QukiGJwyy33YAVewFyh5XfQTFLkCmrRKWGB8dgYpump,Bitcointalk,Bitcointalk Coin,3,3,2026-06-16T22:33:38.000Z,2026-06-16T22:33:38.000Z,13389.688935326816,4021.0501816201568,13389.688935326816,1.0,<2x,0,1.5,2026-06-17T22:33:51.939960+00:00
6Rk48rZ5DBBAMx5AZtibw2uAZf3iUUKnECaE9ALspump,RTG,return to gambling,3,3,2026-06-16T18:52:54.000Z,2026-06-16T18:52:54.000Z,14618.564332918218,1438.883188701979,14618.564332918218,1.0,<2x,0,1.5,2026-06-17T18:50:40.034842+00:00
6WYHSxTFpf5vkSNgz1qBdX3jopAHat1Hx8oXWSNpump,Ego,Egocoin,3,3,2026-06-16T23:44:46.000Z,2026-06-16T23:44:46.000Z,14110.842904225348,1497.7034396462366,32914.174749897946,2.332544907012049,2x-5x,0,3.0,2026-06-17T23:39:08.071355+00:00
6e51hsM5uKykTb4szPa1rZGboeeU74DEK4pBnpc4pump,greg,greg the low quality chicken,3,3,2026-06-18T22:06:35.000Z,2026-06-18T22:06:35.000Z,12810.370984728748,1751.946852193129,32925.839689706496,2.570248724955539,2x-5x,0,3.0,2026-06-19T18:58:41.449423+00:00
6qkTpztRauSeKsPCrVMpnVosjsEnFWbnnYf8ieUzpump,COD,Cat On Duty,3,3,2026-06-18T15:49:11.000Z,2026-06-18T15:49:11.000Z,14036.050601621075,1352.9211449329653,32484.549091680437,2.31436534490184,2x-5x,0,3.0,2026-06-19T15:55:56.360537+00:00
6r7HZhjd27fJgzH57wXouKoUvL8vdvqG718aHCiVpump,CHEEMS,Cheems,3,3,2026-06-17T04:42:57.000Z,2026-06-17T04:42:57.000Z,19247.86915630252,4107.642226363442,28434.93865042864,1.4773031975395525,<2x,0,1.5,2026-06-18T04:41:21.333556+00:00
6rUpVFQXUmoFxhNSrzrnhade2XWUyceD4eKqSKPapump,SOLCITY,SolCity,3,3,2026-06-18T19:55:35.000Z,2026-06-18T19:55:35.000Z,13780.521157373703,1804.3893760235649,26623.439592121245,1.9319617370113418,<2x,0,2.0,2026-06-19T18:58:46.891809+00:00
6snUbikeEfoenoF3eTp91ENg3ZnkDp4wUhy1fiwBpump,CASHEW,Cashew Coin,3,3,2026-06-17T12:29:11.000Z,2026-06-17T12:29:11.000Z,13184.018949639089,2793.8881810946837,23815.245830035416,1.8063722390726202,<2x,0,2.0,2026-06-18T12:29:28.596045+00:00
78ubN8UemFzJrW2RiBByednStMtoDCm454hGhrN3pump,BLAZE,Blaze Royale,3,3,2026-06-18T21:19:31.000Z,2026-06-18T21:19:31.000Z,13001.175899698397,25355.25284617905,35338.924971897606,2.7181329784729242,2x-5x,0,3.0,2026-06-19T18:58:39.176146+00:00
7AzKrvig6QMKCjwGG2kb9TJmBdb54XWV7Vdf3baHpump,Unkirkify,Unkirkifification,3,3,2026-06-16T17:34:07.000Z,2026-06-16T17:34:07.000Z,13991.004364313376,1368.864047578072,45078.712544817696,3.221978306275082,2x-5x,0,4.0,2026-06-18T04:15:16.842919+00:00
7QuYbCwnKmyS9x67ezYfrpo5rQzQ98sSBTN68ZYNpump,BTC,Bitcoin,3,3,2026-06-20T13:32:11.000Z,2026-06-20T13:32:11.000Z,12837.992711204108,2338.6686948323104,23299.643614883236,1.8148977132966375,<2x,0,2.0,2026-06-20T22:14:34.562968+00:00
7S46je3svS3dXBkT89mLjd85WBRJdQLb8TPTfkHSpump,SCANNER,Midjourney Scanner,3,3,2026-06-18T10:46:10.000Z,2026-06-18T10:46:10.000Z,12465.821788207926,7024.14322564356,21150.669672844542,1.6966927678087032,<2x,0,2.0,2026-06-19T10:52:58.440201+00:00
7SDxdZSdx9RjvVoz2dmvptbx2rnMG3QuvWqQTrfRpump,Fruit,Fruitification,3,3,2026-06-16T19:22:03.000Z,2026-06-16T19:22:03.000Z,13475.528215863473,2381.5896472279264,13475.528215863473,1.0,<2x,0,1.5,2026-06-17T19:18:07.994402+00:00
7fAWyzhRSvrhbTc8QJdfYixEvmmHyxBcRPMpRDmiBAGS,ANSEM,ansem coin,3,3,2026-06-17T16:11:57.000Z,2026-06-17T16:11:57.000Z,360151.0007243348,31908.863635496436,710383.5532361813,1.9724603063922066,<2x,0,2.0,2026-06-18T16:13:00.427052+00:00
7g1VjtbBGps9hmfkMoTw2fD5i3Q8Qbx5ypCMNRq8pump,MSTR,Meme Strategy,3,3,2026-06-18T17:50:57.000Z,2026-06-18T17:50:57.000Z,12322.71560285671,1938.3276512948141,23046.94750257778,1.8702815390168486,<2x,0,2.0,2026-06-19T17:46:13.311646+00:00
7g77FMGJPH6fAGzXtCHRtLymuZCH6bisR3z71XXNwDAe,X,X Coin,3,3,2026-06-17T09:21:57.000Z,2026-06-17T09:21:57.000Z,12849.342511765617,3705.9722407262057,15740.387337175442,1.2249955453177945,<2x,0,1.5,2026-06-18T09:28:05.131357+00:00
7ijG8L4b7cG5uAuZdZoNn7aEUCPgDDEJLLP5CDhhpump,MONOPOLY,We Buy The World,3,3,2026-06-17T23:46:30.000Z,2026-06-17T23:46:30.000Z,12810.499418318303,2005.9668737170684,20617.504034040216,1.6094223465291548,<2x,0,2.0,2026-06-18T23:45:32.130362+00:00
7oDa7STX3iHL2QViVyNR5FXzCct9TcjrbfaquGSwpump,WANDER,Wanderaround,3,3,2026-06-16T07:01:39.000Z,2026-06-16T07:01:39.000Z,18545.96366073998,7146.7286454390605,18545.96366073998,1.0,<2x,0,1.5,2026-06-17T07:18:18.884757+00:00
7rqm8G9ZjGpr3RmP2UNc1syCPbJBRCUk5ZVKDu9spump,LeWine,Sipping on LeWine,3,3,2026-06-18T06:41:30.000Z,2026-06-18T06:41:30.000Z,13081.869625794718,1920.783821543648,20848.79947422596,1.5937171115905695,<2x,0,2.0,2026-06-19T06:45:58.176584+00:00
7sjgj9278rm2aJVZQ6hkm7dZxC8pZX4K8WEBa6z6rMmz,SOL,Solana,3,3,2026-06-19T12:24:00.000Z,2026-06-19T12:24:00.000Z,14532.048733882617,1626.7928531610087,29643.25235780049,2.0398536297696905,2x-5x,0,3.0,2026-06-20T12:23:06.365286+00:00
81VTdBe1cZ11NNAGweAq4qAKZdJtQPCG7h5xrGjBpump,Derp,Derp,3,3,2026-06-19T18:19:57.000Z,2026-06-19T18:19:57.000Z,12322.060265467686,1458.1289599607642,22733.22985791951,1.844921171310037,<2x,0,2.0,2026-06-20T13:45:05.614218+00:00
84JwffevVW4McuAiTBm5avGA7WXQWTfiTtJTzkgSpump,Cate,Catecoin,3,3,2026-06-18T12:08:17.000Z,2026-06-18T12:08:17.000Z,13193.971650146426,1347.549407597092,19093.69467464097,1.44715292566428,<2x,0,1.5,2026-06-19T12:09:30.163719+00:00
87WB5qXyrS86YxoWTiRrMr53yrnnkNyYZJmeNxQ9pump,Elun,Elun Mesk,3,3,2026-06-19T16:37:01.000Z,2026-06-19T16:37:01.000Z,12985.504271112244,4118.941181124046,43661.57400879431,3.362331804543358,2x-5x,0,4.0,2026-06-20T13:45:07.345255+00:00
8Ed8BUEffgNvhA3H8euhbAGvkEvvEQQeYR6zqDXMpump,SATURN,ꜱᴀᴛᴜʀɴ ᴛʜᴇᴏʀʏ,3,3,2026-06-18T17:07:23.000Z,2026-06-18T17:07:23.000Z,12344.924539876085,1237.6339633580508,26607.268222010916,2.1553204425077834,2x-5x,0,3.0,2026-06-19T17:07:29.729629+00:00
8UxekN1DeMEsZc71LhJTJ39DJKGrkTTq17JYj4uG64GU,UP,only way is up,3,3,2026-06-19T17:22:11.000Z,2026-06-19T17:22:11.000Z,15765.585081811923,1441.6195124035496,38106.70011531609,2.4170812511917585,2x-5x,0,3.0,2026-06-20T13:45:09.966173+00:00
8ZjwoMot9CVkSTZgxQ18t8H8FFpZ1B7hoxh8WBzmpump,Optimi,The Legion Of Optimi,3,3,2026-06-17T06:15:39.000Z,2026-06-17T06:15:39.000Z,14254.60242646083,1515.6628471958506,26625.267658658937,1.867836566892559,<2x,0,2.0,2026-06-18T06:16:11.992197+00:00
8dcu4FX92FirAUiZjVdzhmQmk5i5MjtynCMQFuqpump,CZ,CollectorsZone,3,3,2026-06-19T05:12:38.000Z,2026-06-19T05:12:38.000Z,12199.5535204559,30425.70971799159,46579.68054351216,3.818146333421837,2x-5x,0,4.0,2026-06-19T18:55:06.477851+00:00
8eZXqAKedWw8XvUutBmYtn6cCiL2FThfnDYiMwZspump,NPC,Non Playable Corporation,3,3,2026-06-18T18:17:48.000Z,2026-06-18T18:17:48.000Z,19362.432225972556,1315.604100029493,50909.7560775203,2.6293058373746305,2x-5x,0,3.0,2026-06-19T18:18:32.391703+00:00
8j3AkvsuXXPcqQjScTPY8qXo91Ntd8Udz6gz2zMCpump,Pup,World Pup,3,3,2026-06-17T16:00:35.000Z,2026-06-17T16:00:35.000Z,13694.871525339417,1393.244813153505,13694.871525339417,1.0,<2x,0,1.5,2026-06-18T16:00:13.000045+00:00
8sqZY92AXaPqafE1Qz2Lu146nChzHKh2YkrLtKvzpump,Perro,El Perro,3,3,2026-06-17T15:28:59.000Z,2026-06-17T15:28:59.000Z,14398.512188885828,2399.70787579402,24053.162059765986,1.670531076004683,<2x,0,2.0,2026-06-18T15:41:05.682877+00:00
92tW8BbWytcJ5jGadZftbSadEfSy9jqjDHVZodyipump,POKEWORLD,PokeWorld,3,3,2026-06-18T18:58:04.000Z,2026-06-18T18:58:04.000Z,12579.736294501621,2161.085520779038,12579.736294501621,1.0,<2x,0,1.5,2026-06-19T18:58:45.014612+00:00
97k2pRofhBrEhHo7k8mnYVGRLb3CW3ToDF3X9Zxkpump,Perori,ぺろりちゃん,3,3,2026-06-17T23:50:26.000Z,2026-06-17T23:50:26.000Z,21730.86942874213,2096.1936489787854,59241.51947811062,2.7261458485298973,2x-5x,0,3.0,2026-06-19T00:23:21.570879+00:00
9G4Z9wkL851RZfMFHQETQ6v5GSNqkUTXC5oBtUXcXw1W,bullieve,bullieve,3,3,2026-06-19T17:59:32.000Z,2026-06-19T17:59:32.000Z,20906.579016620744,259847.7902519308,448349.97209195566,21.44540107377286,20x+,0,30.0,2026-06-20T13:45:08.453160+00:00
9KNoVkNKSx6GrMcF4TbMu9LL2X61CaBxBAaQhQuipump,BADUSSY,Badussy Coin,3,3,2026-06-18T08:04:18.000Z,2026-06-18T08:04:18.000Z,14793.773977729674,1577.6517681689638,35442.8840940313,2.395797323075673,2x-5x,0,3.0,2026-06-19T08:14:56.886102+00:00
9LCZgbzGPVDgoFCZueNYt7Ks5pHYCZ3YDNhtK7N8pump,AI,AI Coin,3,3,2026-06-18T07:29:10.000Z,2026-06-18T07:29:10.000Z,14362.040472768347,2035.5666168993291,18546.902507781582,1.2913835288897904,<2x,0,1.5,2026-06-19T07:32:57.531530+00:00
9NKbxNRp9ZqVnh9ck2tiygi7RRRz2morZ9DmbXcKpump,Frost,Saber-Tooth Tiger,3,3,2026-06-18T01:02:59.000Z,2026-06-18T01:02:59.000Z,14543.400275669954,2303.171890712074,56868.85037722937,3.9102857171831267,2x-5x,0,4.0,2026-06-19T00:30:52.112931+00:00
9Rfs3myEp3c94G4vWWgKj42oynQbAZqkqPTAqCVapump,Buddy,The Nietzschean Cat,3,3,2026-06-19T14:42:49.000Z,2026-06-19T14:42:49.000Z,12592.519019903455,1997.4799777885462,12592.519019903455,1.0,<2x,0,1.5,2026-06-20T13:45:06.362462+00:00
9W9ML53KohjgodwGTf76tKoHHLvqdvdKzifiofiXpump,MOON,Millionaires Out Of Nowhere,3,3,2026-06-17T20:20:34.000Z,2026-06-17T20:20:34.000Z,12684.530257885228,74935.30291878319,392195.97956466605,30.91923560360943,20x+,0,40.0,2026-06-18T20:20:55.923845+00:00
9ey7zGjpgQ9a4R5YxdEnv6y99xWeNFUNRow48dyfpump,Percy,Elon's Dog,3,3,2026-06-18T23:38:34.000Z,2026-06-18T23:38:34.000Z,12721.855745682615,1800.4910609667045,78041.428184198,6.13443743933999,5x-10x,0,10.0,2026-06-19T18:51:21.116909+00:00
9msS65PmF3AdBDzqDwgTpU155B3N8Q2WpS8VTvoJpump,CRAB,尼采式的螃蟹,3,3,2026-06-17T08:16:33.000Z,2026-06-17T08:16:33.000Z,14346.235834061777,2047.1497242416128,16175.270084629881,1.127492275445904,<2x,0,1.5,2026-06-18T08:24:19.370404+00:00
9sunKMkrMquqw5om5sAzXj2BJcUMvvbGuGNXCbBmDC9S,Yeat,The Yeat Minion,3,3,2026-06-17T23:20:32.000Z,2026-06-17T23:20:32.000Z,14146.773149436975,1722.6055087687926,35424.68291891488,2.504082206218507,2x-5x,0,3.0,2026-06-18T23:21:09.136093+00:00
9vfRMTdHQMHnQ5MiFN33xg6GLwLXnTAW4tbjS2mypump,Runechain,Runechain,3,3,2026-06-18T20:29:07.000Z,2026-06-18T20:29:07.000Z,14383.656514555707,28221.39554645694,65706.42062718244,4.568130541819465,2x-5x,0,5.0,2026-06-19T18:55:02.153814+00:00
9zPnV3BDM3Ryph485gp5x5jpF5cTa76wT3Ttveuepump,Navi,Navi,3,3,2026-06-19T13:17:58.000Z,2026-06-19T13:17:58.000Z,14233.857895801935,2316.3461926074656,25137.194979850352,1.7660141870085828,<2x,0,2.0,2026-06-20T13:15:45.215453+00:00
A1srGG2jZFyzT79ksrdZKrz3xFNzA2ckb9FncmtWpump,Boss,Congo Final Boss,3,3,2026-06-17T20:07:51.000Z,2026-06-17T20:07:51.000Z,15764.508274709413,2660.4559610692213,16238.877786873996,1.030090980568395,<2x,0,1.5,2026-06-18T20:24:06.535491+00:00
A2R6WLJV67K6TVCHNWbEULcWzYobHYPdwe5beC2Rpump,NEGRITO,Qué Pasó Negrito?,3,3,2026-06-18T08:09:42.000Z,2026-06-18T08:09:42.000Z,12663.310185347005,11301.308364592072,24522.566859274015,1.9365052660282789,<2x,0,2.0,2026-06-19T08:21:39.473822+00:00
AAewLLCEer9RWGyRnPaiErvuJnFWgjoSx7cWeFXrpump,trenchpacks,trenchpacks,3,3,2026-06-17T17:27:20.000Z,2026-06-17T17:27:20.000Z,14344.117667039258,1961.286758323551,14344.117667039258,1.0,<2x,0,1.5,2026-06-18T17:26:19.381357+00:00
ALuE5NpQCLuEBC9PeFcfMgrsq5YB6d9LwirQv7RJpump,SIDNEY,#FreeSidney,3,3,2026-06-17T07:05:40.000Z,2026-06-17T07:05:40.000Z,12995.564924797593,1646.6067143041928,29844.37293898275,2.2965044699238097,2x-5x,0,3.0,2026-06-18T07:07:20.591871+00:00
AW6RZek3j6UzNrHKbkw2zfPnaHg4ywtPyWukLj6Gpump,Grumpy,Grumpy Cat,3,3,2026-06-18T06:14:32.000Z,2026-06-18T06:14:32.000Z,14012.35521404525,1965.1400367446608,17268.89330068815,1.2324047625754389,<2x,0,1.5,2026-06-19T06:08:00.204361+00:00
AWvgKkGymGqupAxS7uufhzTis9XEoLMgBZhctimxpump,VOYAGER,The Sprite Voyager,3,3,2026-06-18T23:12:33.000Z,2026-06-18T23:12:33.000Z,12832.712013558414,3686.420638691173,36382.585203966664,2.8351439014236903,2x-5x,0,3.0,2026-06-19T18:55:29.680185+00:00
AdAPS4FvJb3NHCnrwJLc51QsaTx5PVZTo3QhTem3pump,Megashiba,Megashiba,3,3,2026-06-18T09:53:25.000Z,2026-06-18T09:53:25.000Z,14549.433482329157,1804.661076095339,26982.74940307337,1.8545567039324897,<2x,0,2.0,2026-06-19T09:59:30.539161+00:00
AtPqyV5QRWQRpDsh1YJ2pB3dP1QKCMUcdZ13zFeFpump,OpiumChicken,Opium Chicken,3,3,2026-06-19T14:33:31.000Z,2026-06-19T14:33:31.000Z,12143.890216417587,3723.990805858975,24451.495700875195,2.013481286895915,2x-5x,0,3.0,2026-06-20T13:45:09.835842+00:00
BCmGa9zRiPuQHZs6vj6KFXzJdcAPn4W7aJNjTQX1pump,LID,Russian Lid Memes,3,3,2026-06-18T09:40:54.000Z,2026-06-18T09:40:54.000Z,13559.680912102229,2917.664790593688,17884.436803591478,1.3189423054660037,<2x,0,1.5,2026-06-19T09:45:36.576712+00:00
BH6CqyjyPL5KSYRQhfXS9MPGvdoPFQPprvnErA6apump,SolSword,SolSword,3,3,2026-06-19T18:07:21.000Z,2026-06-19T18:07:21.000Z,12326.597134542542,1482.642329368519,25381.011308714817,2.059044441193765,2x-5x,0,3.0,2026-06-20T13:45:08.113586+00:00
BeSgv6xHNqDdZNRVo7zzXGApHCVNuNW7GqJ9FJqkpump,NARUTO,Naruto TCG,3,3,2026-06-18T16:16:57.000Z,2026-06-18T16:16:57.000Z,12407.003635643576,3568.575341386712,24977.974165056097,2.013215672259327,2x-5x,0,3.0,2026-06-19T16:16:56.478869+00:00
BnUyJZQHPXBazxZYBPJzhGfDA94mv1oeNJ8rxFhtpump,PILLY,Pump Sprite,3,3,2026-06-19T05:43:18.000Z,2026-06-19T05:43:18.000Z,12048.783234286837,2063.271481186231,23636.703812803,1.9617502741306514,<2x,0,2.0,2026-06-19T18:58:44.327535+00:00
BohiYrLdvMgsqtzHz9azWPT3xa8fK8FmRtF3Tt5Fpump,PLEDRA,Pledra Protocol,3,3,2026-06-19T11:07:05.000Z,2026-06-19T11:07:05.000Z,12562.024315622062,48886.49083683561,83117.30869884005,6.616553718613315,5x-10x,0,10.0,2026-06-20T11:13:59.548845+00:00
Bpvk1h5qvSzi2tmfzNT5E8GSNp21znmTuAc4kjUkpump,Prince,Le Petit Prince,3,3,2026-06-17T07:34:40.000Z,2026-06-17T07:34:40.000Z,15314.471334514135,1427.58264183016,15314.471334514135,1.0,<2x,0,1.5,2026-06-18T07:39:24.040236+00:00
Brb2MMdagu9eANtjgyNimqzZmnEmJVm7ivrD1wkupump,clitcoin,clitcoin,3,3,2026-06-18T19:59:36.000Z,2026-06-18T19:59:36.000Z,12151.320892606733,4000.934022041629,20510.47467974341,1.6879214087929044,<2x,0,2.0,2026-06-19T18:58:37.755601+00:00
BtrBwRSAgXELXP27Y7AkKgZjJdAsCbYyVAMJjdmppump,MACROHARD,MACROHARD,3,3,2026-06-16T23:49:50.000Z,2026-06-16T23:49:50.000Z,12914.146181476177,2166.8427629326193,12914.146181476177,1.0,<2x,0,1.5,2026-06-17T23:49:56.712605+00:00
BxfMvw4uQKbAoepzyV1kC8JxQqw3zWfEmYx83HEfpump,says,when she says,3,3,2026-06-16T20:18:11.000Z,2026-06-16T20:18:11.000Z,13246.86869104128,2002.4358419258162,13246.86869104128,1.0,<2x,0,1.5,2026-06-18T04:13:12.379008+00:00
Byhn38dY4bXyEVJFzidPZ6W9Ey6qtgVW3mGbTaepump,Jirachi,Wish Upon a Jirachi,3,3,2026-06-18T06:30:41.000Z,2026-06-18T06:30:41.000Z,16713.552114643662,5467.496626296765,44235.66190516686,2.6466942276387533,2x-5x,0,3.0,2026-06-19T06:29:07.810988+00:00
C1mg2ddme7Hpwjmxngr1AfrwRSmLqL1CVHPzUmapEory,FLKR,FalkorDB,3,3,2026-06-18T11:48:26.000Z,2026-06-18T11:48:26.000Z,68936.43136318617,1368572.5584200316,1903676.934597519,27.614962030281877,20x+,0,30.0,2026-06-19T12:19:14.219027+00:00
CBzk6f1Hog9R37CEX2ybKNA74CQXy7qBzDkG8WN3pump,KART,Solana Kart,3,3,2026-06-17T03:24:43.000Z,2026-06-17T03:24:43.000Z,15454.061486851562,2270.3042789201677,22509.041588883294,1.4565130084433897,<2x,0,1.5,2026-06-18T02:56:30.152154+00:00
CLDBh5rHpc7gVAs8jSJtQ7KCqvjdfVbvfvM3omCpump,BERM,berm,3,3,2026-06-16T21:28:42.000Z,2026-06-16T21:28:42.000Z,17051.534171380106,2127.8826531431946,42113.98491927888,2.469806206057662,2x-5x,0,3.0,2026-06-17T21:54:19.359016+00:00
CSxQ6HZPCaGz4S6ocDPnnarad1afvUDBePQAiU8rpump,MILE,Mile The Pony,3,3,2026-06-17T20:57:07.000Z,2026-06-17T20:57:07.000Z,13344.153439755144,1953.2026646472002,13344.153439755144,1.0,<2x,0,1.5,2026-06-18T20:51:16.132215+00:00
CTcx4vevbntjHsw1X9bsehmWebMzuxr1bAfWLVFhpump,CATE,CateCoin,3,3,2026-06-19T06:05:16.000Z,2026-06-19T06:05:16.000Z,13276.503207561997,2068.259373048289,13276.503207561997,1.0,<2x,0,1.5,2026-06-19T18:58:35.283252+00:00
CVJ9sQrxSUL75YjNjZReLLP6XWHBUNCWBgLFvURipump,p,p is everything,3,3,2026-06-16T21:12:19.000Z,2026-06-16T21:12:19.000Z,14611.66819907461,1976.322628592331,89837.65662945958,6.14835044195359,5x-10x,0,10.0,2026-06-17T19:45:32.082649+00:00
CaSx7szwjZtxrb468o5LPZbW3GDVnrYZZowYHzdupump,PILLY,Pump Sprite,3,3,2026-06-19T06:16:35.000Z,2026-06-19T06:16:35.000Z,13284.164551330188,2452.380363993475,26862.31080543177,2.0221302364657894,2x-5x,0,3.0,2026-06-19T18:58:35.060127+00:00
CdYU7QjUdbDmmPMuy8Mk7ZN5XiQXQdKBg4R1vyxZpump,DAUMEN,The Onboarder,3,3,2026-06-19T17:44:38.000Z,2026-06-19T17:44:38.000Z,12230.864191227294,1591.3958627924383,12230.864191227294,1.0,<2x,0,1.5,2026-06-20T13:41:56.358103+00:00
CwPoaq8GGF5i2RkiDyHsNsrnP5L1B4PnQZAEu3Xkpump,ELON,Comrade Elon,3,3,2026-06-19T16:28:59.000Z,2026-06-19T16:28:59.000Z,14006.07395308547,1992.3663393218185,22168.38888846948,1.5827696585584492,<2x,0,2.0,2026-06-20T13:45:06.070949+00:00
CziTZbTtaXymxCZJshBjorYgYGrvueH1br5Nz5SKpump,pisi,pisi,3,3,2026-06-18T12:56:43.000Z,2026-06-18T12:56:43.000Z,14153.439033388815,3755.3280116368833,53273.63550175538,3.7640064281253247,2x-5x,0,4.0,2026-06-19T12:55:41.278408+00:00
D49w9NyqPjRxXCYGSsm2cDiTDqHnjZKXefiqEQDKpump,Plankton,Scared Plankton,3,3,2026-06-20T07:39:01.000Z,2026-06-20T07:39:01.000Z,12869.001570207696,2016.9548862657732,25174.11611846072,1.9561825353056062,<2x,0,2.0,2026-06-20T22:14:35.184655+00:00
DBLxkVArH21e7n385R7uzuJ1vz487jZjUgmJFC1pump,SKY,Sky Haven,3,3,2026-06-16T18:10:26.000Z,2026-06-16T18:10:26.000Z,13220.17121041943,1469.767276924929,34215.210424742145,2.5881064534002065,2x-5x,0,3.0,2026-06-17T18:06:52.913713+00:00
DCaoXH6QoxgFQ5phtpR18aTXJ6nsidDt5Ri2bTELpump,Pilly,Pilly,3,3,2026-06-17T13:13:04.000Z,2026-06-17T13:13:04.000Z,14764.586786968986,2006.764555742556,17869.26903137044,1.210278979642126,<2x,0,1.5,2026-06-18T13:11:02.217964+00:00
DGUL7kW9qJzvxMqP5rQK2FwycSAko1AuqGsMy96apump,hold,The holding experiment,3,3,2026-06-18T23:11:25.000Z,2026-06-18T23:11:25.000Z,14716.61432168984,1641.4863888426612,24501.67950428839,1.6648992063464618,<2x,0,2.0,2026-06-19T18:55:12.869899+00:00
DJdxHeEMjRZksgcHqwxNZekw7SiBQqzmEBPqvBDtpump,Jirachi,Wish Upon a Jarachi,3,3,2026-06-18T06:28:53.000Z,2026-06-18T06:28:53.000Z,12649.690033226303,1925.0352966050525,12649.690033226303,1.0,<2x,0,1.5,2026-06-19T06:29:14.666124+00:00
DVHgojPLRzRRkFg713NeUryiAdyyoXWzXyHLakejpump,CORGI,The Original Doge,3,3,2026-06-16T21:16:57.000Z,2026-06-16T21:16:57.000Z,15449.730137432136,1994.994714560707,15449.730137432136,1.0,<2x,0,1.5,2026-06-18T04:12:54.749402+00:00
Db6wHqzE2zUbWPebMJNSAzWRNSbxfZPRi1srJm7tpump,RUSSELL,Russell,3,3,2026-06-16T19:31:56.000Z,2026-06-16T19:31:56.000Z,13067.933391691366,2032.2132660840027,13067.933391691366,1.0,<2x,0,1.5,2026-06-18T04:13:29.306564+00:00
DgVJZqmccrew2HySCA34pzkfyu54ZCkkZw6aKibYpump,Rebel,Rebel Mode,3,3,2026-06-18T12:29:49.000Z,2026-06-18T12:29:49.000Z,12577.114052908593,1456.3117246608106,23993.404002323165,1.9077034605386625,<2x,0,2.0,2026-06-19T12:29:07.427832+00:00
DicbCpQUfJgBeDHZvcLur6RcF2HgDWagrGkjiXoGpump,Alon,Alon Card,3,3,2026-06-17T10:23:43.000Z,2026-06-17T10:23:43.000Z,13263.117347393912,1476.053556740086,16501.279632837974,1.244147902836759,<2x,0,1.5,2026-06-18T10:19:11.185733+00:00
Dm7UPvDdQgmCLo5Fx21Thh7pUWGJYbYUp9m3yKm8pump,SoL,State of Leonida,3,3,2026-06-18T13:15:43.000Z,2026-06-18T13:15:43.000Z,15765.939762296415,2592.8017996044873,24717.507923055593,1.5677789142748393,<2x,0,2.0,2026-06-19T13:15:37.560199+00:00
DqYyE6unoAYp7Kueoo16vU1RCLQYLeasQ4oUKnPXpump,Firefighter,The Lone FireFighter,3,3,2026-06-17T23:14:47.000Z,2026-06-17T23:14:47.000Z,14489.850797368872,1952.7251507009064,14489.850797368872,1.0,<2x,0,1.5,2026-06-18T23:14:46.691106+00:00
EFUtSY7W5Q5s7MvF6n4dFRsfdauNNwGEpTaiBKtrpump,CRASH,Crash Bandicoot,3,3,2026-06-18T17:09:04.000Z,2026-06-18T17:09:04.000Z,15474.182299267199,3108.76103089015,156380.2085023908,10.105878648579473,10x-20x,0,20.0,2026-06-19T17:07:26.276770+00:00
ENJByQZaQ6hhz54raVPNo8WvnuvN4Zd6uuzB8qSYpump,NA,North America,3,3,2026-06-19T12:02:25.000Z,2026-06-19T12:02:25.000Z,11952.720761147328,2082.181700863351,13950.736527597932,1.1671599133266137,<2x,0,1.5,2026-06-20T12:09:49.848605+00:00
EPgkue45xCdPaghryjBNNPXhfExQo9uXEt2291DJpump,Gentaro,ゲンタロウ,3,3,2026-06-17T14:06:37.000Z,2026-06-17T14:06:37.000Z,13076.68242499934,2142.372587923286,13235.78194570745,1.0121666578370023,<2x,0,1.5,2026-06-18T14:02:09.764495+00:00
EQKKq6hz8SStoeJ5v1JBkdkPEnri5xpdoiAq7MBAPkbz,SBF,OFFICIAL SBF COIN,3,3,2026-06-17T04:50:08.000Z,2026-06-17T04:50:08.000Z,14680.652260370895,1465.8230553743867,35801.136286854984,2.4386611474680144,2x-5x,0,3.0,2026-06-18T04:51:06.626734+00:00
ER2hhTpLnV9xgL2hAJmMvYwpFobwYXPkuYNQb9Wopump,Juanita,Merlin's Girlfriend,3,3,2026-06-18T23:52:56.000Z,2026-06-18T23:52:56.000Z,13445.481899412998,10002.83880882411,18446.00468562349,1.3719110124590481,<2x,0,1.5,2026-06-19T18:55:09.065284+00:00
EXXZDh1CzomtLwixWvZ947frkwyMGDygw3CWkeRTpump,MCAT,Mayhem Cat,3,3,2026-06-19T03:29:22.000Z,2026-06-19T03:29:22.000Z,107308.40866776225,137357.56418200684,674344.7676565545,6.284174521163522,5x-10x,0,10.0,2026-06-19T18:54:59.535841+00:00
EbpXudrV5P3ThwkqzmUBXkdt7AL47noptiZXLMpdpump,p,p is everything,3,3,2026-06-16T23:15:05.000Z,2026-06-16T23:15:05.000Z,13686.498023044642,155980.00309912843,210472.21950910322,15.37809154355779,10x-20x,0,20.0,2026-06-18T04:17:15.710960+00:00
EgYVDhUQgLQvcowhoNPukdXNnZmcRSiMSuMoiVkupump,DURRR,Durrr Market,3,3,2026-06-16T21:40:48.000Z,2026-06-16T21:40:48.000Z,13189.000201564957,2001.9851212913818,13189.000201564957,1.0,<2x,0,1.5,2026-06-18T04:12:46.165413+00:00
Es1Dz2URMGzQFky12hftC1DEapvvraTJ1zg8PcEPpump,mdm,million dollar minion,3,3,2026-06-16T19:55:54.000Z,2026-06-16T19:55:54.000Z,13676.232962135295,2183.8438497726174,13676.232962135295,1.0,<2x,0,1.5,2026-06-18T04:13:19.865435+00:00
F8LJ4c2cPF3K3h7BpDfrcfJdjNQnyyer6wbk96Qwpump,Jasper,Smug Cat,3,3,2026-06-19T17:50:29.000Z,2026-06-19T17:50:29.000Z,14142.796761323127,5821.918991405213,14142.796761323127,1.0,<2x,0,1.5,2026-06-20T13:45:05.499799+00:00
FKxbCh3egLotiMNFAEMLw8MDQjAVmmEA1LLq7mFvpump,Monaka,もなか,3,3,2026-06-17T09:03:01.000Z,2026-06-17T09:03:01.000Z,15939.395527124296,3051.6319137639,36230.24581116803,2.2729999860731547,2x-5x,0,3.0,2026-06-18T09:09:03.124857+00:00
FMG8uGf9ewX31bop9EJxDS8L9xVb2jtrHGSgFdF1pump,Fatou,Fatou,3,3,2026-06-16T06:49:13.000Z,2026-06-16T06:49:13.000Z,14001.39966762347,2070.9031979738984,14001.39966762347,1.0,<2x,0,1.5,2026-06-17T06:57:36.861189+00:00
FS6jUBaKSEjynnVXYVixU16Au2ahHqoT6xQMk2QQpump,CHAN,MEMECHAN,3,3,2026-06-17T18:24:48.000Z,2026-06-17T18:24:48.000Z,13952.397782225435,2173.1077237072036,13952.397782225435,1.0,<2x,0,1.5,2026-06-18T18:28:24.440927+00:00
FbroMwessM4peLrkLcEYU8WJbFPk7FRAdrvnNRaJpump,DIALOG,The Dialog Society,3,3,2026-06-16T21:58:22.000Z,2026-06-16T21:58:22.000Z,15050.325168743868,6890.096153254378,31513.867272229916,2.0938994286766053,2x-5x,0,3.0,2026-06-17T22:01:56.164236+00:00
FpBYNrhzBV487ss9paCKoF6xbKFCHMpviZcbZNYjpump,MOG,Generational Mog,3,3,2026-06-19T08:21:36.000Z,2026-06-19T08:21:36.000Z,12569.505341650916,2357.713094760241,27043.826144783936,2.151542595329525,2x-5x,0,3.0,2026-06-20T08:19:45.447564+00:00
Fq8c4GcVpMjNz3KiV4tGi7s5iKcoVGGRXup3RNcApump,AGI,Artificial Glaze Intelligence,3,3,2026-06-17T15:27:33.000Z,2026-06-17T15:27:33.000Z,14725.721518693636,1969.9138263088983,14725.721518693636,1.0,<2x,0,1.5,2026-06-18T15:28:17.740661+00:00
FtGf422SGcLN9apk6T9STEFS536kLHbgf581vpR4pump,MEEP,MEEP CAT,3,3,2026-06-17T06:27:37.000Z,2026-06-17T06:27:37.000Z,14496.738261911882,1685.5912460585776,25636.995948810458,1.7684664981617293,<2x,0,2.0,2026-06-18T06:29:00.056064+00:00
FxceNEQ6aMFY1UF3X3GPxb9f9zz1ULC6g1Zr8rCCpump,落ちる猫,Falling Cat,3,3,2026-06-17T09:11:41.000Z,2026-06-17T09:11:41.000Z,14626.255012203606,2403.5379972470605,22248.07427652311,1.5211053176606137,<2x,0,2.0,2026-06-18T09:12:14.063098+00:00
G9QiASU1UxaXXvfJmZ911MDd8pFTjk5cYR5DWMH6pump,MCAT,Mayhem Cat,3,3,2026-06-19T03:28:54.000Z,2026-06-19T03:28:54.000Z,14613.943354597772,1410.7330145225799,20279.385837726324,1.3876737678298252,<2x,0,1.5,2026-06-19T18:55:03.331354+00:00
GBse64zcyGmPDjS2UseqHCHE2gfCV53cSmvh9axMpump,DIH,dih,3,3,2026-06-17T16:45:54.000Z,2026-06-17T16:45:54.000Z,14229.930303244306,2226.710833465776,29087.215724277903,2.0440870126852455,2x-5x,0,3.0,2026-06-18T16:44:55.547871+00:00
GE4V2aoWts4zP9QHBi8qjAxoEab6bhuV1qYX52NXpump,FAP,Fried Apple Pie,3,3,2026-06-16T18:06:38.000Z,2026-06-16T18:06:38.000Z,15565.825683655905,2551.730059303865,15565.825683655905,1.0,<2x,0,1.5,2026-06-18T04:13:48.305739+00:00
GXB3aNL2ABERkqg8jDkGFnbtuZd2ohnk3fC7sqDZpump,DogTrain,DogTrain,3,3,2026-06-17T16:00:03.000Z,2026-06-17T16:00:03.000Z,13003.566174258975,1948.5945433079207,13003.566174258975,1.0,<2x,0,1.5,2026-06-18T16:00:11.428941+00:00
GcaAmjhhVWKv4UrLaZp3GdKGkkpoeiCi4LNJzFwepump,LOTTO,Web3 Lotto,3,3,2026-06-20T11:55:36.000Z,2026-06-20T11:55:36.000Z,12824.024028887767,1666.138387938827,33255.73864190119,2.5932373931137644,2x-5x,0,3.0,2026-06-20T22:14:32.726137+00:00
GhniVibenk22RoQQkeeKGmwWDSVmP7rD68tZfkHwpump,TOPPS,Unpack The Magic,3,3,2026-06-17T12:05:35.000Z,2026-06-17T12:05:35.000Z,16267.308699341173,1376.609001900121,16267.308699341173,1.0,<2x,0,1.5,2026-06-18T12:07:09.908802+00:00
Gn2SDa53t9zegwdKX71ywUVZbjJZDXnBBkGP3T2Apump,COMOS,ComputeOS,3,3,2026-06-18T16:48:32.000Z,2026-06-18T16:48:32.000Z,13541.96043731449,110814.28706145151,148789.79165545895,10.98731548834487,10x-20x,0,20.0,2026-06-19T16:45:24.177718+00:00
GwrZ7JmFmRLbztGxgrA95ipHuVhCF7hfPi6WuBfPpump,DRONE,Drone,3,3,2026-06-17T18:11:03.000Z,2026-06-17T18:11:03.000Z,13827.001771903506,1368.6646345226752,17622.47580061891,1.274497254815416,<2x,0,1.5,2026-06-18T18:15:01.931524+00:00
H2wiDucfS8tq7kE3dnimVYGSsSy5tYjoV8MmVdWFBAGS,BAG,doginbag,3,3,2026-06-17T08:29:28.000Z,2026-06-17T08:29:28.000Z,659789.8667525882,64228.96318379382,1963974.0157107501,2.9766659275584364,2x-5x,0,3.0,2026-06-18T08:27:25.977544+00:00
H4HHCabuv9q8JBA8DKbVjhH1K9xhQTTqtrsKstYipump,says,when she says,3,3,2026-06-16T20:18:35.000Z,2026-06-16T20:18:35.000Z,16814.486014800525,1648.9007929315967,16814.486014800525,1.0,<2x,0,1.5,2026-06-18T04:13:15.114324+00:00
H4U66SohL6XN6LuNN6CN2Cz3TpGK6xdr1rMzaAmFpump,楚德,The Chud Dog,3,3,2026-06-19T07:16:07.000Z,2026-06-19T07:16:07.000Z,13103.20207777975,1370.2667022395458,18382.664846142725,1.4029139394343786,<2x,0,1.5,2026-06-19T18:58:40.189250+00:00
H4oM947yrUoa3NEAXA83vw2bghNc14ymzb8nWTgapump,Accelerate,Accelerate Solana,3,3,2026-06-16T06:19:01.000Z,2026-06-16T06:19:01.000Z,13761.617423785498,1680.127124027562,36774.649244888205,2.672262141318296,2x-5x,0,3.0,2026-06-18T04:14:08.202950+00:00
HGMw5B2wx4oMuGVk6xYtbg6hFbxDry11MtiwqJAVpump,SYDNEY,#FreeSydney,3,3,2026-06-17T07:18:34.000Z,2026-06-17T07:18:34.000Z,16817.15156519113,2459.4576538924143,41786.12669915165,2.484732716903283,2x-5x,0,3.0,2026-06-18T07:20:10.049637+00:00
HWd4LGj4AGtNhpMpiJBkjp6w271t36vuvTxx8r6QBAGS,1B,Speedrun To 1 BIllion,3,3,2026-06-17T02:54:25.000Z,2026-06-17T02:54:25.000Z,108043.81354748826,31961.426575376434,495238.8355306766,4.583685259434177,2x-5x,0,5.0,2026-06-18T02:53:03.119346+00:00
Hdda1yxF4e31hxvRExfQRcMvRVFk8VhzuCk6f2mxpump,QWANT,The Qwant,3,3,2026-06-19T09:10:15.000Z,2026-06-19T09:10:15.000Z,12449.241558397398,2120.3150428225244,22547.21645337384,1.811131734219186,<2x,0,2.0,2026-06-20T09:09:21.709099+00:00
HhM9E6uU9WQk2r3umKpiXLTCTEFQ1bDL8xE3sjYKpump,SAIWA,SAIWA,3,3,2026-06-20T11:31:05.000Z,2026-06-20T11:31:05.000Z,15232.839576013834,1456.0028953226886,15858.6282080647,1.0410815481203028,<2x,0,1.5,2026-06-20T22:14:34.982639+00:00
HkxGeftPi2MKzSysaUhpxixBnn7tWospcRSbnDTTpump,LECHATON,LECHATONCHAIN,3,3,2026-06-17T21:12:38.000Z,2026-06-17T21:12:38.000Z,12834.319895138213,2225.8085509983316,12834.319895138213,1.0,<2x,0,1.5,2026-06-18T21:09:15.869431+00:00
HsgV7ehjamv7wPpmWuGbTUBvnmparxgnCasFuWRRnTEi,CGH,Chill Gorilla House,3,3,2026-06-18T07:21:37.000Z,2026-06-18T07:21:37.000Z,15580.391058871388,1316.8281238447626,21755.213338216596,1.3963201087837458,<2x,0,1.5,2026-06-19T07:26:08.055194+00:00
HtLJZPKoMFcP8BrYkqFAjWZfgeLkb4sM5U1zJHmopump,dream,dream,3,3,2026-06-19T06:51:35.000Z,2026-06-19T06:51:35.000Z,12218.449172381383,1910.7383726097582,32229.88472585844,2.637804869599242,2x-5x,0,3.0,2026-06-19T18:55:05.968071+00:00
HxXve5u46BNutV2QLyYW7jZFfrSrp1e7pGCvKKN1pump,WUF,Just Wuf,3,3,2026-06-17T20:04:45.000Z,2026-06-17T20:04:45.000Z,12902.506780479207,1704.050610805869,12902.506780479207,1.0,<2x,0,1.5,2026-06-18T20:10:39.292922+00:00
HzL2M7ZwkcCkRxodo7QHaU2PYMSePpYfq7pKjTkjpump,AYESOL,Aye Solana,3,3,2026-06-18T10:21:09.000Z,2026-06-18T10:21:09.000Z,13246.882165905887,1216.6393258005924,27338.691343176633,2.0637830850144865,2x-5x,0,3.0,2026-06-19T10:22:48.360430+00:00
J9uiX5CLZ8x9Dk1QDDnDFC8Fw3UZQDnnL8RK3GJGpump,Villager,The villager,3,3,2026-06-18T06:46:31.000Z,2026-06-18T06:46:31.000Z,12642.029328772456,2237.862889137075,19721.40727901732,1.5599874645230136,<2x,0,2.0,2026-06-19T06:49:09.255484+00:00
Jm7FXQSGE18mnL2GuNScDxjcH23zix2uBBfm5ABpump,Cap,Self-Hosted CAPTCHA,3,3,2026-06-19T10:06:04.000Z,2026-06-19T10:06:04.000Z,12106.786985691811,1578.0087711539493,28822.864190583172,2.3807195273731137,2x-5x,0,3.0,2026-06-20T10:44:32.877323+00:00
Nn1eM2aRiP6LCmBVnSPiB37mytdDUfiwnqEBg4rpump,クマキチ,Kumakichi,3,3,2026-06-18T19:35:04.000Z,2026-06-18T19:35:04.000Z,14666.892782234538,1234.6648254803388,15883.141464276645,1.0829247680541652,<2x,0,1.5,2026-06-19T18:55:00.085962+00:00
Rzd3U1qcQpDMG7C3CkdhFgocNPxijC2P3rjR5f3pump,FIFA,FIFA Coin,3,3,2026-06-17T21:34:44.000Z,2026-06-17T21:34:44.000Z,12865.013267216555,1384.6297374288786,17474.28110630524,1.3582792915444801,<2x,0,1.5,2026-06-18T21:36:20.004239+00:00
SLVTKDwzZ4GRBwDxaAA9biL29YZepQX8aWTX7paBpzx,SOLVATARS,Solvatars.com,3,3,2026-06-17T17:09:54.000Z,2026-06-17T17:09:54.000Z,14575.617373990584,13175.085655588558,20762.199599837062,1.4244473538998152,<2x,0,1.5,2026-06-18T17:07:12.582511+00:00
TzyyGEL7R5r2QrUzx8txqyWscvhnKKNqffYoYjNpump,SPRITE,Design A Sprite,3,3,2026-06-19T16:17:15.000Z,2026-06-19T16:17:15.000Z,12719.061673327848,16730.212193541494,66290.8411110266,5.2119285851125285,5x-10x,0,10.0,2026-06-20T13:45:10.362114+00:00
UhHp5yN9DKQTCrjtBkpoWUNDHztWfxJ1GqzteMVpump,1ELON,1ELON,3,3,2026-06-17T09:24:25.000Z,2026-06-17T09:24:25.000Z,15549.124637040335,2149.011811255865,67153.35216043498,4.318786666643965,2x-5x,0,5.0,2026-06-18T11:48:13.251099+00:00
cY435H7F4wcZ4NgWQFM3wUjBDffdb3qdsQST2EVpump,SPEEDYCAT,Speedycat,3,3,2026-06-18T19:44:57.000Z,2026-06-18T19:44:57.000Z,13310.01663358081,15988.594926007492,32438.12110051871,2.437121003942115,2x-5x,0,3.0,2026-06-19T18:55:02.693910+00:00
gAYuqKUgzEz11eQbpH3125GUc8Lvc21W4P31pXKpump,YOU,Your next opponent is,3,3,2026-06-19T13:14:41.000Z,2026-06-19T13:14:41.000Z,12287.731296224347,6989.491043935882,24227.667783203273,1.9716957670329032,<2x,0,2.0,2026-06-20T13:19:09.702971+00:00
gJatUS5aQZ1whmuVLQzhReovStquUR91SXALV6Tpump,Shadow,Only UP Dog,3,3,2026-06-19T17:30:09.000Z,2026-06-19T17:30:09.000Z,13018.4604391512,2157.1164153924565,17625.50147620333,1.3538852430812094,<2x,0,1.5,2026-06-20T13:45:10.511577+00:00
gLK8xzV1FbccRw9CkqZngTqCwUezWvDSkKUCijbpump,BALLSACK,Ballsack Coin,3,3,2026-06-19T15:51:36.000Z,2026-06-19T15:51:36.000Z,12727.582291595701,12317.428544479115,13988.027177144217,1.099032546533273,<2x,0,1.5,2026-06-20T13:45:07.075156+00:00
hUTHZAtjZ23QqBs9seaxR9ToQ9v744T2FmVMRCcpump,PACKS,Pump Packs,3,3,2026-06-18T00:58:19.000Z,2026-06-18T00:58:19.000Z,15129.348050217513,2114.31133026193,22244.364413422776,1.4702791118023735,<2x,0,1.5,2026-06-19T00:30:41.424677+00:00
pQ7VeXJGCE8LEBLUUoLGFqiLNJJfJH6Pj2vRPj8pump,GWF,Gamble With Friends,3,3,2026-06-19T03:15:02.000Z,2026-06-19T03:15:02.000Z,12900.50296225485,1339.347369716611,27155.013902503113,2.1049577665270154,2x-5x,0,3.0,2026-06-19T18:58:44.163935+00:00
sBRr1CwcRYW2cE9WFNEhHRam5TVWq2pb8YgMHAFpump,GRIND,Grindscape,3,3,2026-06-18T23:55:40.000Z,2026-06-18T23:55:40.000Z,13863.213797037304,6035.463299270387,40198.71700405655,2.899667969677232,2x-5x,0,3.0,2026-06-19T18:59:05.250125+00:00
siVs14QAPvUMP4sEvvAs8uEu8RvX3uQEbQ5AsEdpump,NTC,Net Cash,3,3,2026-06-18T05:40:20.000Z,2026-06-18T05:40:20.000Z,12527.35547455334,1389.917222934208,42789.575182351546,3.415690986758496,2x-5x,0,4.0,2026-06-19T05:33:26.356756+00:00
12z7AWnW5Q8mAS9qFtCWnnMdhNvqScZHe8w627EfEASY,VSK,Varsko Intelligence,2,2,2026-06-18T15:24:52.000Z,2026-06-18T15:24:52.000Z,65666.98574341489,155381.9821214968,283015.0597371528,4.309853064415001,2x-5x,0,5.0,2026-06-19T15:29:38.035386+00:00
1HzvfoqESQMaRz7hBYpAYNutp4kdXSZnB3HCfFNLoop,LOOP,LOOP,2,2,2026-06-17T20:08:35.000Z,2026-06-17T20:08:35.000Z,16215.56305606241,12055.303255802053,49848.42603491973,3.07411009180364,2x-5x,0,4.0,2026-06-18T20:17:21.089164+00:00
21cispdHbn5bCPCRWZ3WJKeEEqxYvTG1umdyyKTSpump,BASED,BasedBaldBrianIAmGayBlueInu,2,2,2026-06-16T19:39:11.000Z,2026-06-16T19:39:11.000Z,14638.520388838717,2034.7004288765795,14638.520388838717,1.0,<2x,0,1.5,2026-06-17T19:34:37.508185+00:00
28GijvEV2F95aKcUtm1H8ZxzmezXe5eEKyGCzRtKpump,Elgatito,The Exploding Cat,2,2,2026-06-16T08:47:00.000Z,2026-06-16T08:47:00.000Z,13564.303781949042,2563.222262932203,13564.303781949042,1.0,<2x,0,1.5,2026-06-17T08:47:19.376663+00:00
2CvqowBpUSGLWgU1p3k6KW87KHVzSCWD3ADX1pafpump,MUST,Elon Must,2,2,2026-06-19T15:33:49.000Z,2026-06-19T15:33:49.000Z,12910.75142748588,1763.2285133538585,26188.559027568183,2.028430271828717,2x-5x,0,3.0,2026-06-20T13:45:08.257936+00:00
2GNbTeLgmH2Bn2ncxfFWoQyt3gvSnJgLcQvhMUWVpump,Skye,skyeagnt,2,2,2026-06-20T10:30:47.000Z,2026-06-20T10:30:47.000Z,13342.90859906342,1614.8965036117518,70515.42784884862,5.2848617919632845,5x-10x,0,10.0,2026-06-20T22:14:35.621146+00:00
2SGbksug7gfx5iPCyRJ255ZXEcyu97TzdxqAdM2dpump,FOMO,Fear of Missing Out,2,2,2026-06-19T02:27:06.000Z,2026-06-19T02:27:06.000Z,13165.683247793106,2458.936899972997,25283.617382268363,1.920418174006011,<2x,0,2.0,2026-06-19T18:55:10.260452+00:00
2Tp3WU4BYvRJEYwRGjgqmSeHoYnUczJERqwAh4NWpump,cat,cat,2,2,2026-06-20T22:00:54.000Z,2026-06-20T22:00:54.000Z,16522.053900995874,2232.262886245826,16775.827935677687,1.0153597147305347,<2x,0,1.5,2026-06-20T22:14:36.082830+00:00
2Vr2YRq957Bmtpp7FoHLVqu35qbZf9NNJvWRPXEzpump,HOBL,Hodl and Believe,2,2,2026-06-17T06:00:58.000Z,2026-06-17T06:00:58.000Z,14417.946213147048,7256.181412472907,36148.19526045041,2.5071667438659584,2x-5x,0,3.0,2026-06-18T06:06:35.774898+00:00
2YWdTTAtstPEDZEgqCwWdhzy12Qk5r3RQ3fhAQgMpump,TAG,TAG WARS,2,2,2026-06-20T11:46:21.000Z,2026-06-20T11:46:21.000Z,14163.809185237387,15519.563605371646,15912.354443591212,1.1234516248761874,<2x,0,1.5,2026-06-20T22:14:34.916427+00:00
2ZYT2onVuqaSf121sz3u3YjDAV1seKPPu2WXpMn5pump,Robert,justice for Robert Kuzovkov,2,2,2026-06-16T09:22:54.000Z,2026-06-16T09:22:54.000Z,13788.093081725732,3311.626775559401,13788.093081725732,1.0,<2x,0,1.5,2026-06-17T09:34:26.024097+00:00
2b7TqTfTW3Mo9AUunUADFtRxGqcDDZryHJg69MRPpump,JIN,Aladdin X Jin,2,2,2026-06-18T17:49:36.000Z,2026-06-18T17:49:36.000Z,17527.076216881025,1343.1077617238986,17527.076216881025,1.0,<2x,0,1.5,2026-06-19T17:45:57.371109+00:00
2dkKiShdYvHy58fP5UsxZQDUA2YZAnsKFhMMTqCqpump,SPCX,Shit Penis Cum Index,2,2,2026-06-16T18:29:09.000Z,2026-06-16T18:29:09.000Z,14281.790793970682,2003.8343963040015,14281.790793970682,1.0,<2x,0,1.5,2026-06-18T04:13:45.281183+00:00
2ifzrbHmRRrDKRgcdvBRRDeFE1iuxQSCiEDwAT8mpump,ARFUR,Arfur Grok,2,2,2026-06-19T01:50:24.000Z,2026-06-19T01:50:24.000Z,13500.277931051258,18644.675397183128,32812.52096039029,2.430507070148533,2x-5x,0,3.0,2026-06-19T18:55:00.495372+00:00
2nkh9CkXPwmYAM7cmiTxLswgpnNvisXiCfVrF7hnpump,Unbroken,The Unbroken Duck,2,2,2026-06-16T21:49:23.000Z,2026-06-16T21:49:23.000Z,14302.793269643631,2888.2454954338045,14302.793269643631,1.0,<2x,0,1.5,2026-06-17T21:54:11.392119+00:00
2ycd6NX7ur1pqvW5qe8gfd4vzJCoX3zcg8F2gxZFpump,👍🏼,👍🏼,2,2,2026-06-18T11:10:56.000Z,2026-06-18T11:10:56.000Z,13098.480277851411,2024.2394486253954,22637.695868424224,1.7282688822078802,<2x,0,2.0,2026-06-19T11:17:24.469340+00:00
31e5p5ZNwX3DfkT8DTRucdyzEdeLZNwYXuzK7FJzpump,ANSEM,The Black Bull,2,2,2026-06-16T18:34:52.000Z,2026-06-16T18:34:52.000Z,14384.96279797919,1397.8036981672087,14384.96279797919,1.0,<2x,0,1.5,2026-06-18T04:13:43.521162+00:00
32UUZNDi4hhd6NYCkTBkrTtxcQyMzwcjDTeX7Jhypump,ANSUM,ansum,2,2,2026-06-18T09:27:32.000Z,2026-06-18T09:27:32.000Z,12966.623852051829,1957.1650133263563,15077.04228710229,1.1627577431974714,<2x,0,1.5,2026-06-19T09:25:25.003875+00:00
3C8Hz8sqdwn4gUJaWek23PsRfvyDsVZhaqoKooNMpump,Arnold,Arnold The Psychic Armadillo,2,2,2026-06-17T14:47:53.000Z,2026-06-17T14:47:53.000Z,14457.237065945708,1368.2832618136679,14457.237065945708,1.0,<2x,0,1.5,2026-06-18T15:28:18.373779+00:00
3LQGitBLtCWmCZUPMZgyJFonzrHhKAu8VJPpvyEFpump,GLM-5.2,GLM 5.2,2,2,2026-06-16T21:53:23.000Z,2026-06-16T21:53:23.000Z,13174.750813941491,7004.5459344576475,29097.797585668006,2.208603259112634,2x-5x,0,3.0,2026-06-17T21:54:16.037109+00:00
3MTLAC7jfkAFytG7rGdStNpJjLwB9Qtcjbj73rBmpump,4,Justice For The 4 Kittens,2,2,2026-06-18T07:53:16.000Z,2026-06-18T07:53:16.000Z,12615.715773417654,1914.4468998100083,12615.715773417654,1.0,<2x,0,1.5,2026-06-19T07:53:23.417602+00:00
3MuboDr1XiSNVz4UuqQEV1eNyFpDxikK3g3eEdPLpump,NUT,NUT,2,2,2026-06-17T19:30:01.000Z,2026-06-17T19:30:01.000Z,18816.387241042827,2203.6279075093616,27611.25845976827,1.4674048799092434,<2x,0,1.5,2026-06-18T19:53:59.325499+00:00
3NMQuwg7WGqzqjqwUnR3Ciwo3AoVE39yYQnTqK49pump,TRENCHES,Trenches Tokens,2,2,2026-06-18T20:41:39.000Z,2026-06-18T20:41:39.000Z,100753.08247188728,121544.47368600329,434922.65915396455,4.316718143837627,2x-5x,0,5.0,2026-06-19T18:59:04.986061+00:00
3NUEBLBewVeRYYGmZ75Ht6DhAEKwpLNnS6ZkW8rjpump,MINICAR,Run It Back Turbo,2,2,2026-06-17T10:39:18.000Z,2026-06-17T10:39:18.000Z,12824.742002971174,1989.2147163978113,15294.423218714837,1.1925716100309465,<2x,0,1.5,2026-06-18T10:47:43.505859+00:00
3P9p3R2fXMcJQXUqrv1hnyiWiBhGArVgrwzujRgbpump,Fetch,The Robodog,2,2,2026-06-18T16:22:44.000Z,2026-06-18T16:22:44.000Z,12222.141944385148,2584.2964328056914,21466.214250600784,1.7563381564605673,<2x,0,2.0,2026-06-19T16:27:23.883877+00:00
3oX9emrqYRGzFEDPP3jA6tYnUBML4QSr3DfgD2r5pump,滑る猫,Sliding Cat,2,2,2026-06-17T09:13:31.000Z,2026-06-17T09:13:31.000Z,18044.547030051082,305055.56743809493,352059.6875166828,19.510586047428543,10x-20x,0,20.0,2026-06-18T09:44:01.038820+00:00
3rPcJKq3jybz2Yn9fx3RCvVVFPkJqgnjZY5SygXTpump,DEGEN,The Financial Nihilist,2,2,2026-06-17T14:21:45.000Z,2026-06-17T14:21:45.000Z,14259.689498567515,2661.011850210437,14603.867371458846,1.0241364212682125,<2x,0,1.5,2026-06-18T14:21:17.901574+00:00
3wSoTGhiLnoRwbqKQiVHajYwrxpn2KEzCYK2Pgwmpump,rich,"if you can't hold, you won't be",2,2,2026-06-17T05:26:03.000Z,2026-06-17T05:26:03.000Z,13171.534858862753,2014.8666363227971,18372.21734775837,1.3948425559073114,<2x,0,1.5,2026-06-18T05:24:05.746105+00:00
47dofk383AxA9hbngWfNo8PQcTRSQ8uwqzBi5SG9pump,BOBBLEHEAD,BOBBLEHEAD,2,2,2026-06-17T20:31:55.000Z,2026-06-17T20:31:55.000Z,13143.483783276342,1962.4443160416904,13143.483783276342,1.0,<2x,0,1.5,2026-06-18T20:27:40.133919+00:00
499VCKsyodqpovLGRMmodxLgRYmPuqo9KjSFdUVNpump,SOLANA,AYE SOLANA SOLANA,2,2,2026-06-18T10:28:52.000Z,2026-06-18T10:28:52.000Z,16005.355189159129,1274.2580505717215,16005.355189159129,1.0,<2x,0,1.5,2026-06-19T10:26:13.337118+00:00
4F1id46kLCxhpwszcRFRXvj3uzk3eEG5ycXuN5S4pump,FISH,FISH,2,2,2026-06-18T14:38:20.000Z,2026-06-18T14:38:20.000Z,13015.867304975047,3156.034015196404,19785.072920344213,1.520073342541052,<2x,0,2.0,2026-06-19T14:37:48.812797+00:00
4HBWUYs5GXkv9J1JQS17tjPZEAetoe1rqkPbVkYupump,Appreciation,Token Of Appreciation,2,2,2026-06-18T11:48:33.000Z,2026-06-18T11:48:33.000Z,13329.84908586802,2028.3289629355384,13329.84908586802,1.0,<2x,0,1.5,2026-06-19T11:45:19.554241+00:00
4Hit6q5DE5nGfnVnnjsKtTMCC9qFHdGT1uV7SELDpump,Cuakssant,Cuakssant,2,2,2026-06-19T02:56:24.000Z,2026-06-19T02:56:24.000Z,12234.62244992116,3085.900993705837,20243.26761364145,1.6545886639740073,<2x,0,2.0,2026-06-19T18:58:47.185313+00:00
4U8rhtC8p9wnmofM8spjuuBrYSaJjG1cM66Cgqa6pump,小橘猫,Xiaojucat,2,2,2026-06-18T19:31:00.000Z,2026-06-18T19:31:00.000Z,12555.462034297261,2059.9333133387377,17374.21535062532,1.3837973706714146,<2x,0,1.5,2026-06-19T18:55:04.086629+00:00
4UcBUpwBLhv1sapu5iy7Wy7jBfdLVEgSp5tEmmTbpump,WEEB,WeebCoin,2,2,2026-06-17T22:31:15.000Z,2026-06-17T22:31:15.000Z,13615.495042534803,1393.5268212206745,22640.613593076487,1.6628564383701963,<2x,0,2.0,2026-06-18T22:32:34.839029+00:00
4XRCJkkqYZXhMLu2chJ2Sdw3wR6dYZTu9aTS222Kpump,LOOPY,Loopy Agent,2,2,2026-06-16T23:34:05.000Z,2026-06-16T23:34:05.000Z,13566.094577106725,2332.3338230779323,40870.534580591586,3.0126971582198823,2x-5x,0,4.0,2026-06-18T04:12:27.343515+00:00
4tY3WSKcKXio57oBoT25vLHXKEparqkX1QgX4wxgpump,Shrek,Shrek 5 Memes,2,2,2026-06-17T11:28:07.000Z,2026-06-17T11:28:07.000Z,12671.899656608379,3005.4853753969855,19098.738088795188,1.5071724529348858,<2x,0,2.0,2026-06-18T11:32:13.840609+00:00
4wHCJ3Wp2KsFRHs1AdFLFuDqUrxuZwDcTxVmCypwpump,Lemmon,John Lemmon,2,2,2026-06-19T06:34:51.000Z,2026-06-19T06:34:51.000Z,13991.649254721717,2331.1020829348163,14315.418520769885,1.0231401788419552,<2x,0,1.5,2026-06-19T18:55:07.631099+00:00
57RVBHbo98xpAr5TVkjBBHDgiFyULqfTDLUo6GHZpump,BIDI,BiDi,2,2,2026-06-18T21:55:31.000Z,2026-06-18T21:55:31.000Z,12524.412461194754,2912.8675673286107,19908.21299880579,1.589552648516549,<2x,0,2.0,2026-06-19T18:58:50.101494+00:00
5HDE96XQ5STmSGfYC61ZHVXuNtDjqm5r3J3GdxaFBAGS,FIHLLIONS,ten million dollar fih,2,2,2026-06-17T08:28:55.000Z,2026-06-17T08:28:55.000Z,335064.07735125907,29661.00959743622,443400.11299630423,1.3233293061478293,<2x,0,1.5,2026-06-18T08:24:14.173357+00:00
5HnWzWswzEcTWi3GKcZXXrL2YxDgAdq9fx6QjKb3pump,Lars,Justice For Lars Andersen,2,2,2026-06-20T10:19:43.000Z,2026-06-20T10:19:43.000Z,13356.04846144116,5349.029558243667,16298.304444981672,1.220293898456178,<2x,0,1.5,2026-06-20T22:11:55.209740+00:00
5LuTk9UC6Fv4Ssafmy2JZTBzXyR3DCT3ZHoLnYJcpump,nuts,nuts,2,2,1781543739,1781543739,14919.06309384774,2323.4141745918932,166853.05609535894,11.183882998937452,10x-20x,0,20.0,2026-06-18T04:14:27.887565+00:00
5NUcvdbSbcK41wi3myADHdME7xmLFXDKkar9zZG8pump,MEEPCAT,Official Meepcat,2,2,2026-06-17T06:29:46.000Z,2026-06-17T06:29:46.000Z,13763.286281455128,2033.6488117600975,20953.87818816541,1.5224473108867176,<2x,0,2.0,2026-06-18T06:29:00.130490+00:00
5NvBaMvCbcmq71JTdh1BMT2CDx2geH8AZkXHy4mFpump,Sergeyevna,Сергеевна,2,2,2026-06-18T11:45:01.000Z,2026-06-18T11:45:01.000Z,12770.287139988925,1973.5763955166028,12770.287139988925,1.0,<2x,0,1.5,2026-06-19T11:45:21.708316+00:00
5RZNR9rLVP2kn5MFtZcroCsrCft1fNhh8k43jPrSpump,Khamis,The Side Eye,2,2,2026-06-17T17:04:40.000Z,2026-06-17T17:04:40.000Z,13736.70470231946,1952.6803522408593,13736.70470231946,1.0,<2x,0,1.5,2026-06-18T17:04:01.455393+00:00
5VgC4VrCr1nmgbmtnB8fhpG5vLJhrQZHYap5Gzj4pump,gang,gang,2,2,2026-06-16T05:52:07.000Z,2026-06-16T05:52:07.000Z,13574.69233919741,1993.2853198640112,13574.69233919741,1.0,<2x,0,1.5,2026-06-18T04:14:13.127495+00:00
5XGHP7Kxe5xzMairhGhBgFHo51qwomGwaiHhMBXLpump,Yuji,Yuji naka,2,2,2026-06-18T16:02:39.000Z,2026-06-18T16:02:39.000Z,12498.777174157281,2004.3395023893502,25600.621422408527,2.048250086043687,2x-5x,0,3.0,2026-06-19T16:02:47.817778+00:00
5bH582VAgUgEqQ9FBZVYynn1eLuSr2Yd9U8yLuuppump,Elon-Chan,Kyousuke Kousaka,2,2,2026-06-17T22:41:24.000Z,2026-06-17T22:41:24.000Z,12937.525439909028,2270.720464784449,14862.72214297646,1.1488071820232857,<2x,0,1.5,2026-06-18T22:42:20.832320+00:00
5cvEH5ZFD4ofVrALJmTujL2rymCKNvyqjLPSewuCpump,Renuldo,Crustieno Renuldo,2,2,2026-06-17T18:59:25.000Z,2026-06-17T18:59:25.000Z,12955.180191977817,1968.2858341228452,16744.22248939392,1.2924731452027487,<2x,0,1.5,2026-06-18T19:02:33.967910+00:00
5fpzRu2kSs2FJQePw4dSqigxW4bWpvTRTLrJv7eqpump,CHUD,Chud Cat,2,2,2026-06-18T02:26:49.000Z,2026-06-18T02:26:49.000Z,15021.742374761841,2417.7668660072336,28752.12895335858,1.9140342202689669,<2x,0,2.0,2026-06-19T02:38:14.884782+00:00
5hK1DCN1ZrsA6fY5tBgDa3kozy8721nAjfm8ot7rpump,COLLECTOR,Collector Strategy,2,2,2026-06-17T16:32:00.000Z,2026-06-17T16:32:00.000Z,13478.79877071027,4205.290800909247,47469.455296688866,3.5217867781987406,2x-5x,0,4.0,2026-06-18T16:32:04.575177+00:00
5hqh2gFzYLiU6yCkjAkHGhRE1Ts1r6dX2YtotuYipump,Alain,The Surf Dog,2,2,2026-06-18T09:03:23.000Z,2026-06-18T09:03:23.000Z,13059.514827713985,5322.87720431155,88163.4635536114,6.750898843999709,5x-10x,0,10.0,2026-06-19T09:05:11.723830+00:00
661HKCo3MfE7eeuGTXdUz4JUxiZecWg2cMXU6ACwGQNa,BLOB,Blob,2,2,2026-06-19T16:46:46.000Z,2026-06-19T16:46:46.000Z,12602.20804059864,2000.9654066377245,12602.20804059864,1.0,<2x,0,1.5,2026-06-20T13:45:09.047064+00:00
666YnA6VPQ8soy9c5zzKV64LwsqzftuuqQhL1fpTpump,GRIFFIN,Official Griffin Musk,2,2,2026-06-19T01:55:44.000Z,2026-06-19T01:55:44.000Z,12673.005076097232,1943.8904171283198,12673.005076097232,1.0,<2x,0,1.5,2026-06-19T18:55:10.219457+00:00
6CwV5pQGoqQbDfVYAB93k848MLWPS5sGX76UtmAguhEM,GTA6,Grand Theft Auto VI,2,2,2026-06-18T13:05:09.000Z,2026-06-18T13:05:09.000Z,21917.81057146394,3743.045771197471,54446.019903837885,2.4840993915114997,2x-5x,0,3.0,2026-06-19T13:02:27.481778+00:00
6LXTvmj6bma6noTEa9WBHpfwBqrqyJZDnG3H11y5pump,PokerFun,PokerFun,2,2,2026-06-16T20:35:39.000Z,2026-06-16T20:35:39.000Z,14841.089494986954,1446.571289061905,61701.465047331556,4.157475437916682,2x-5x,0,5.0,2026-06-17T19:45:31.969141+00:00
6VCRczotz9NoDnQ4RiCsK3FRX7GHxMJVW2wWbVbepump,PULLS,Collector Pulls,2,2,2026-06-17T17:20:52.000Z,2026-06-17T17:20:52.000Z,16896.574861141922,1931.3043443463048,16896.574861141922,1.0,<2x,0,1.5,2026-06-18T17:19:58.703630+00:00
6aMWJdUjAhXN1jtZq2hgcT3Ev284P6ymPYgP8vX4pump,ESPEJO,El Perro,2,2,2026-06-17T15:46:44.000Z,2026-06-17T15:46:44.000Z,13402.16773226403,2710.1994312839834,13402.16773226403,1.0,<2x,0,1.5,2026-06-18T15:57:07.279737+00:00
6dwpotLnFRMcWH2Ti6BaSNsF7hAhk1cGs1zVoKi9BAGS,DYMO,Daimyo,2,2,2026-06-18T20:09:35.000Z,2026-06-18T20:09:35.000Z,996400.3808532716,27180.08955623422,1345936.1012279927,1.3507984612324162,<2x,0,1.5,2026-06-19T18:58:44.289371+00:00
6fvsrsyi3pJxo2rdwN8dzVndqPwRpkEovZDNS9mupump,Oggie,Oggie The Frog,2,2,2026-06-16T21:22:39.000Z,2026-06-16T21:22:39.000Z,13186.767252405902,2021.7954818709618,13186.767252405902,1.0,<2x,0,1.5,2026-06-17T19:39:55.210053+00:00
6h9LYVfxer8jqPx5jgza3qof8c5iNhUByzA5McYXpump,BREAD,Bread Tycoon,2,2,2026-06-16T21:07:20.000Z,2026-06-16T21:07:20.000Z,19110.216303412773,191270.46934697355,221341.08660539502,11.582343344060794,10x-20x,0,20.0,2026-06-17T19:39:58.712418+00:00
6j4YfmhrqKxEHMLHn8CKBr3hVAUEk9e6yzfu9ADbpump,spucs,spucs,2,2,2026-06-17T12:19:22.000Z,2026-06-17T12:19:22.000Z,13858.841967445287,2732.497755700811,17639.21300998263,1.2727768345593027,<2x,0,1.5,2026-06-18T12:29:27.636354+00:00
6kN7YnZPoxVZxE4YWjAZyxX2KNweE8LbNJCQTz2ExmoT,Clutch,The Patriotic Eagle,2,2,2026-06-19T17:27:50.000Z,2026-06-19T17:27:50.000Z,13072.127380098465,2013.4818597403214,13072.127380098465,1.0,<2x,0,1.5,2026-06-20T13:45:03.952657+00:00
6p7ijQRsaMKUW8hAEGqq7cpYbcDeVyb5XYPFUvxjpump,11,Justice For 11,2,2,2026-06-18T20:45:20.000Z,2026-06-18T20:45:20.000Z,12777.301469341739,1764.1053243466931,28771.449989883356,2.2517626322677353,2x-5x,0,3.0,2026-06-19T18:55:28.907638+00:00
6qBvcmFT7K8hJHvHrpqzfbGTjjQnyK13GsLjswoGpump,TAY,TAY KEITH FUCK THESE NIGGAS UP,2,2,2026-06-18T21:15:35.000Z,2026-06-18T21:15:35.000Z,13664.749268024127,2038.3466152660349,14873.836804970964,1.0884822336093742,<2x,0,1.5,2026-06-19T18:58:42.136848+00:00
6qpxKfBBrMttxmfFBRnNitazxoGDWQa3NTqNDBbiqgXK,ODDS,Against all odds,2,2,2026-06-16T23:33:32.000Z,2026-06-16T23:33:32.000Z,16285.555124659068,3376.5887449107618,47734.48552313985,2.9310935462593974,2x-5x,0,3.0,2026-06-17T23:28:41.031075+00:00
74qtu3i2fuiJ5cQEeZM4HvwJFAQzZG8r3YAgxcDvpump,Elonjak,Elonjak,2,2,2026-06-16T07:28:10.000Z,2026-06-16T07:28:10.000Z,15482.368861546496,2390.217295907725,15482.368861546496,1.0,<2x,0,1.5,2026-06-18T04:14:06.742118+00:00
7BxRGHcmxY1nkCsjiyvjaHDBHecYta7TtE2LEmgEpump,ANIMALS,World Cup Animals,2,2,2026-06-17T14:54:36.000Z,2026-06-17T14:54:36.000Z,13203.815679254672,2495.9598746023175,19665.08195480099,1.4893484150720167,<2x,0,1.5,2026-06-18T14:56:26.137018+00:00
7Q6MQQiXKmfxPaQuvFAu5YVkHCggWkLZYKJhooYWpump,SBF,OFFICIAL SBF,2,2,2026-06-18T11:55:20.000Z,2026-06-18T11:55:20.000Z,13762.502872890633,1251.04483976759,13762.502872890633,1.0,<2x,0,1.5,2026-06-19T11:45:20.273879+00:00
7XT2MCDGwEUa3U9MA6DDV9QeJ1uXM6iBhkj8GPTpump,Trump,特朗普,2,2,2026-06-17T04:13:58.000Z,2026-06-17T04:13:58.000Z,14098.31601317703,2303.5485888073804,14304.255987828214,1.0146074165495158,<2x,0,1.5,2026-06-18T04:14:14.514388+00:00
7dWh3zJ3bnrSN8rJUAL9zG78Acydqjh6GisTuGe7fnDc,TVB,Trump Vs Biden,2,2,2026-06-19T14:55:32.000Z,2026-06-19T14:55:32.000Z,12592.379048810573,1987.2409043401658,17775.2064431789,1.4115844491560057,<2x,0,1.5,2026-06-20T13:41:52.400720+00:00
7iuTToHkV5cdFMXYu4ftMT9obcMgbiRttxF5cXDypump,WOC,World of Crypto,2,2,2026-06-18T14:14:33.000Z,2026-06-18T14:14:33.000Z,12843.088191971869,14201.476496182348,17953.981837203242,1.3979489643640508,<2x,0,1.5,2026-06-19T14:14:56.249555+00:00
7mZcXekUTXUSpCq4hVzRcsCHNxwP3fjXfjWghfMQpump,money,get the fucking money,2,2,2026-06-17T18:08:40.000Z,2026-06-17T18:08:40.000Z,13684.22593046195,1922.9752134775906,13684.22593046195,1.0,<2x,0,1.5,2026-06-18T18:15:04.243901+00:00
7qhL2SAx1w27sCo686JhTr7AoTyULBQL5GRF1fphpump,obuma,stupid son of a bitch,2,2,2026-06-17T10:57:38.000Z,2026-06-17T10:57:38.000Z,13777.29113757698,2046.398397673166,13810.27382911266,1.002393989588107,<2x,0,1.5,2026-06-18T10:57:23.844893+00:00
7vJsvnjm58GK3Qq7Svs5doxPEV27kQvmTrMgzzUQZBWC,gary,gary the snail,2,2,2026-06-19T01:33:48.000Z,2026-06-19T01:33:48.000Z,24671.104539904165,32302.084733783304,250789.87540235088,10.165328228280657,10x-20x,0,20.0,2026-06-19T18:59:04.615904+00:00
7zUZ3wGsSj2ndCMK9hPScqfrTYvWRVRtbBrsefGmpump,MechaMusk,MechaMusk,2,2,2026-06-16T06:04:29.000Z,2026-06-16T06:04:29.000Z,20736.499228791785,2600.3083077433234,20736.499228791785,1.0,<2x,0,1.5,2026-06-17T06:26:36.354081+00:00
81FShq9B4kfyvYPRnLyGE9psgY4vzqsUrAnJ7Tmwpump,Pepe,Пепе,2,2,2026-06-19T12:53:17.000Z,2026-06-19T12:53:17.000Z,13542.44941258866,2011.0652114914478,20442.142093751263,1.509486317500943,<2x,0,2.0,2026-06-20T12:52:53.905031+00:00
867NwVrvf1gZGNo9frV6HebkNYnLeNAzMjTkRjJBpump,CELEBRITY,CELEBRITY,2,2,2026-06-17T20:00:22.000Z,2026-06-17T20:00:22.000Z,14605.645195990524,2006.6221125163067,14605.645195990524,1.0,<2x,0,1.5,2026-06-18T20:00:41.394243+00:00
89SWf1zfiWSp3doPhM4vstqxjTF1iozs1EU8noN6pump,RICH,Get Rich Quick,2,2,2026-06-19T14:13:00.000Z,2026-06-19T14:13:00.000Z,15042.359614415385,1342.9614445589264,37919.721676222754,2.520862593916685,2x-5x,0,3.0,2026-06-20T13:41:53.372208+00:00
8CAkocNsLSeBZcpqGj5cLeHitvzmxu3VuSh16EAWpump,groktoken,groktoken,2,2,2026-06-18T12:26:36.000Z,2026-06-18T12:26:36.000Z,14180.672742708999,1349.749881224447,14180.672742708999,1.0,<2x,0,1.5,2026-06-19T12:22:37.150074+00:00
8L3GUPw4vpJKCvts2VJe3W1w2b2WDjuk1NZgr7DCpump,COGE,Coge Coin,2,2,2026-06-19T06:02:40.000Z,2026-06-19T06:02:40.000Z,16156.138990297162,1934.3284991188734,16156.138990297162,1.0,<2x,0,1.5,2026-06-19T18:58:44.804475+00:00
8PFLdCjSUpfvTiNRxasLcHGgsmY6LZ42mjf1gq29pump,DPAD,Dpad Gaming,2,2,2026-06-18T16:31:15.000Z,2026-06-18T16:31:15.000Z,13499.143247456921,6580.149940813206,16938.307765598176,1.2547690957194009,<2x,0,1.5,2026-06-19T17:14:22.158791+00:00
8QAfLaNuyZhwg4LMomfe8CKX7XwYwSiGQDPUivkppump,MFGA,Make Farmers Great Again,2,2,2026-06-19T16:16:56.000Z,2026-06-19T16:16:56.000Z,225752.67280980616,4820.751439168093,403564.2259816495,1.7876387506678486,<2x,0,2.0,2026-06-20T13:45:07.548459+00:00
8ZkRj5aHf7aPF8xyRjzXYvv7pvRM4uLsbXX8J3Hdpump,kami,kami,2,2,2026-06-17T20:53:54.000Z,2026-06-17T20:53:54.000Z,20936.600948048683,1409.5349715458358,20936.600948048683,1.0,<2x,0,1.5,2026-06-18T20:47:54.243625+00:00
8jg4V1378f5vCdhj7z2DMSheWk5E6S4PakmxC1dYpump,Nala,Nala Grok Companion,2,2,2026-06-16T22:39:53.000Z,2026-06-16T22:39:53.000Z,15193.106124885944,12184.818597396039,30482.494490198682,2.006337232139061,2x-5x,0,3.0,2026-06-18T04:12:34.677657+00:00
8ns6sUJwLQa6AsvKGy4nraJB25BPKaEpKLEvKhijpump,ansum,ansum,2,2,2026-06-16T21:24:59.000Z,2026-06-16T21:24:59.000Z,13652.689762125228,2059.156235090252,13652.689762125228,1.0,<2x,0,1.5,2026-06-18T04:12:49.440858+00:00
8sxW7Yh8RMfukMu4r4JDw71vM1zg4NUBcexn7Phjpump,GTA,Gacha Theft Auto,2,2,2026-06-18T16:30:40.000Z,2026-06-18T16:30:40.000Z,20551.16374735408,1982.841705383131,22720.541270323323,1.1055598383448502,<2x,0,1.5,2026-06-19T16:31:03.479767+00:00
8ueGMjWFAgoUYq4ZqiTQpE6YCX8AXyrvz4tmZHBPpump,SOLBBA,Play Solbba,2,2,2026-06-19T05:52:30.000Z,2026-06-19T05:52:30.000Z,13638.505145743446,1945.6978700207292,13638.505145743446,1.0,<2x,0,1.5,2026-06-19T18:55:05.488886+00:00
8xKzNYHuoNeJ1cm1XP6xSPei7XYvdVXXMByAgf8bpump,WOJAK,Wojak Kowalski,2,2,2026-06-19T16:13:56.000Z,2026-06-19T16:13:56.000Z,12400.145141820954,2233.8861528687266,18866.804165942456,1.5214986558755614,<2x,0,2.0,2026-06-20T13:45:06.183128+00:00
94CdDjBAzEEi3waMbD3YKXcKaBkuMvpNSbp5HHaLpump,X,X Coin,2,2,2026-06-18T00:32:29.000Z,2026-06-18T00:32:29.000Z,12919.489760703751,2217.2480426793522,22379.57157622001,1.7322333923968332,<2x,0,2.0,2026-06-19T00:30:50.021754+00:00
96rbFsE5jawtCNwXhRSKW8SkvKNsDZUidkW6TEX2pump,SKI,Ski Mask Dog,2,2,2026-06-18T17:16:43.000Z,2026-06-18T17:16:43.000Z,12259.878086590174,2020.6148921051301,12259.878086590174,1.0,<2x,0,1.5,2026-06-19T17:24:47.026711+00:00
9KKDeJy7mk79A26kv56jXwxBJyGfy3yfEKNjAaBBpump,GUNVOX,GUNVOX,2,2,2026-06-17T16:35:23.000Z,2026-06-17T16:35:23.000Z,13509.746795353169,11877.029174335064,18763.421779195465,1.388880344200778,<2x,0,1.5,2026-06-18T17:00:50.104433+00:00
9Mskkmd9224FubrQdPZB4u2u4bDgY5q8BT3rK6UBpump,Mercury,The Patriotic Eagle,2,2,2026-06-19T17:27:06.000Z,2026-06-19T17:27:06.000Z,16924.85997054563,1406.134953674847,16924.85997054563,1.0,<2x,0,1.5,2026-06-20T13:45:07.887869+00:00
9NXV4xRwubmrKRqWaH7jBvmUoNLgp6uMbZNL1XBapump,MTRG,Micro Tragedy,2,2,2026-06-18T17:47:42.000Z,2026-06-18T17:47:42.000Z,12890.082677681161,1937.2923450124115,37893.95492197835,2.939775940117959,2x-5x,0,3.0,2026-06-19T17:46:19.087916+00:00
9TrRZM1xRzmDYExhBbTGruzMUZsYUvz2UY3cafjdpump,Jason,Jason Duval,2,2,2026-06-19T13:11:41.000Z,2026-06-19T13:11:41.000Z,15723.986831305334,2374.8902557735005,19512.59315269219,1.2409443840186898,<2x,0,1.5,2026-06-20T13:32:16.514711+00:00
9Xy1CfEovkNgmtX54kqhVVpZnFNxh23jNQNdLc8ipump,Gabriela,GTA6 GIRL,2,2,2026-06-20T11:22:07.000Z,2026-06-20T11:22:07.000Z,13585.291989303341,2104.458769349539,14274.02968237323,1.0506973051158695,<2x,0,1.5,2026-06-20T22:14:33.334958+00:00
9Yyv1whbUfmyqFj5d5esvfmViQP8DRcDxTWTcQ3zpump,Pitoco,The Patriotic Dog,2,2,2026-06-17T06:46:49.000Z,2026-06-17T06:46:49.000Z,13092.619524726975,25143.227588373542,98698.52794221429,7.538485919934535,5x-10x,0,10.0,2026-06-18T06:48:14.539815+00:00
9cRCn9rGT8V2imeM2BaKs13yhMEais3ruM3rPvTGpump,ANSEM,The Black Bull,2,2,2026-06-16T21:05:48.000Z,2026-06-16T21:05:48.000Z,102948.16714117743,203553.8961206952,768964.5798501631,7.469434388235854,5x-10x,0,10.0,2026-06-17T19:40:04.987489+00:00
9gQ19UDVExbLxXrBgZpN7exB963CTBhVZJCM9wjQpump,Memeplex,One Ring Memeplex,2,2,2026-06-20T12:51:28.000Z,2026-06-20T12:51:28.000Z,13182.915891466713,2279.386683099119,13182.915891466713,1.0,<2x,0,1.5,2026-06-20T22:14:34.331415+00:00
9gVWVw7kfMaUoF7Qx2MFs7VJk3o35YG8sUG6pec7pump,ELONGOAT,Elon The GOAT,2,2,2026-06-18T14:29:25.000Z,2026-06-18T14:29:25.000Z,16843.66002763646,23799.60941115343,25338.627411726742,1.5043421305198545,<2x,0,2.0,2026-06-19T14:37:53.264758+00:00
9nCVrJcYDZX8QfJDZ22pMPNtdZkDijj3H4Fc3sZMpump,ARTIFICIAL,Artificial,2,2,2026-06-19T10:26:41.000Z,2026-06-19T10:26:41.000Z,13128.936115021439,2039.3574589117432,13128.936115021439,1.0,<2x,0,1.5,2026-06-20T10:31:25.067287+00:00
9pM5VDY9tQE6DrFNicTq7W9TXe3umHK2grnjsMP5pump,Ansem,blknoiz06,2,2,2026-06-16T21:07:17.000Z,2026-06-16T21:07:17.000Z,15253.36023608882,1995.7743148350326,15253.36023608882,1.0,<2x,0,1.5,2026-06-18T04:13:01.952359+00:00
9tFUaADms9caDR4v8iYpfSwPbuzDJYfdj4Aknmxxpump,Unkirkify,Unkirkification,2,2,2026-06-16T17:36:30.000Z,2026-06-16T17:36:30.000Z,14917.909317351001,1446.7368476611825,31058.043051547604,2.0819300071373967,2x-5x,0,3.0,2026-06-17T17:33:44.876770+00:00
A3pSvCXGcdvicHn8cR7PinrTjpuPLXcsTBZQTkTjpump,DINNER,Chicken Dinner,2,2,2026-06-18T18:19:18.000Z,2026-06-18T18:19:18.000Z,12784.435638477036,2921.8581360331086,31210.97862764082,2.4413262744039965,2x-5x,0,3.0,2026-06-19T18:36:38.416259+00:00
A7FYD3854T23r3dfNFtW9bFNjVN4kihodpSznQSnpump,HARRIUT,HARRIUT TUBMUN,2,2,2026-06-19T18:46:12.000Z,2026-06-19T18:46:12.000Z,12482.526676768259,1813.2797066593932,12482.526676768259,1.0,<2x,0,1.5,2026-06-20T13:45:08.396603+00:00
AByfnzEYM9YCqrWSQsdCNfnRu5PSycd88kVBpK59pump,Worm,Crypto Clipper Worm,2,2,2026-06-19T11:35:42.000Z,2026-06-19T11:35:42.000Z,12009.50673776959,2051.200637513756,17283.48257100366,1.4391500790492544,<2x,0,1.5,2026-06-20T11:40:26.119482+00:00
AHRLbSdsMYdW6wcwBas5SgUkVq5GKgtz1pkqfLjCpump,luck,lucky launch,2,2,2026-06-18T23:40:23.000Z,2026-06-18T23:40:23.000Z,16493.039485673227,1812.7789240310128,16493.039485673227,1.0,<2x,0,1.5,2026-06-19T18:58:42.429649+00:00
AKTm2hNrwNh1Mt7Sq7jJDuGEBXESxQW45KPS4GHTpump,PIP,Pump Improvement Protocol,2,2,2026-06-16T22:25:11.000Z,2026-06-16T22:25:11.000Z,15982.415284625333,2294.226836660816,15982.415284625333,1.0,<2x,0,1.5,2026-06-17T22:23:19.808794+00:00
AMeNn9JyarXX3qg7Yimijh6WusF8Gq3ffLaRafPhbonk,XYZ,XYZ coin,2,2,2026-06-16T15:44:51.000Z,2026-06-16T15:44:51.000Z,61001.46484176453,6517.31095670552,131313.07268005944,2.1526216299998784,2x-5x,0,3.0,2026-06-17T16:50:19.725313+00:00
ANSEMXz1hgHdGcnY7cgpDxPy6owAjWwk4wGYUq85dzBd,ansem,ansem,2,2,2026-06-18T16:40:06.000Z,2026-06-18T16:40:06.000Z,14492.352970093518,2046.0187659293508,14492.352970093518,1.0,<2x,0,1.5,2026-06-19T16:38:26.355048+00:00
AUcHUfXcz9hWLcaRahA6MWWGNPJ1dXw9rAqJHTr5pump,QWANT,Le Qwant,2,2,2026-06-19T09:11:59.000Z,2026-06-19T09:11:59.000Z,12322.392593994555,2346.7655015951127,46435.93513767186,3.768418737145487,2x-5x,0,4.0,2026-06-20T09:09:20.668407+00:00
AhVk15JiZtUuWEsGpSBhm2nyPWuNjn3o6NtqVDqsBAGS,STONKS,Stonks,2,2,2026-06-17T23:01:41.000Z,2026-06-17T23:01:41.000Z,940963.5936110498,87075.38250215101,2865531.722309405,3.04531625002899,2x-5x,0,4.0,2026-06-19T00:09:30.571424+00:00
Ak2LkrMS1LgrrE7B2p5eUT2Pz2ph65wErP5SfhmKd9P5,BMC,boomercoin,2,2,2026-06-17T22:13:17.000Z,2026-06-17T22:13:17.000Z,13167.096413502873,1514.200701283238,62920.98814355368,4.778653255628031,2x-5x,0,5.0,2026-06-18T22:13:03.024389+00:00
AtevSt5DFkLan3RdZQWnGVGB94P8esp4sYrMEwS8pump,PLAY,SOLPLAY,2,2,2026-06-18T12:16:45.000Z,2026-06-18T12:16:45.000Z,18385.225959635787,93555.6039941495,137471.75764533077,7.47729497299331,5x-10x,0,10.0,2026-06-19T12:42:27.865253+00:00
Az1sNBBe6H97oNVi4zXDosgFHN8hWnCf1QsDDJDjpump,JOE,EmotiGuy,2,2,2026-06-16T19:17:12.000Z,2026-06-16T19:17:12.000Z,293489.3549812442,228705.10741480856,588658.3374162086,2.0057229586873007,2x-5x,0,3.0,2026-06-17T19:45:48.683711+00:00
BPQw227L44JsgfPPVnHTEAoebvYsfN5PVxQpZVyK5aoA,Livaković,Dominik Livaković,2,2,2026-06-17T21:23:52.000Z,2026-06-17T21:23:52.000Z,13129.705490871422,1961.7566504899723,13129.705490871422,1.0,<2x,0,1.5,2026-06-18T21:22:42.821354+00:00
BVQ4ni3izbRVjuneG16tkc4mCTqHpQJZRQ5Wm7aPpump,PEPE,Nietzschean Pepe,2,2,2026-06-16T18:53:11.000Z,2026-06-16T18:53:11.000Z,19175.880383809435,2943.910700635443,19175.880383809435,1.0,<2x,0,1.5,2026-06-17T18:50:35.519778+00:00
BWPA8hVRxr37FYW6vzkRW2Q2n9VZZNYxPvC9v4t4pump,Jorge,RIP Jorge Messi,2,2,2026-06-18T15:55:50.000Z,2026-06-18T15:55:50.000Z,15756.38572753087,2123.336385256748,15756.38572753087,1.0,<2x,0,1.5,2026-06-19T16:09:44.366961+00:00
BeX7eutrnKL1Ar4ekTpzbCAE8WHETGQxmXeGNRE2BAGS,POOP,POOPCOIN,2,2,2026-06-17T06:33:09.000Z,2026-06-17T06:33:09.000Z,255791.75516981125,53235.162304118276,614563.9108815027,2.402594682825156,2x-5x,0,3.0,2026-06-18T06:35:25.289047+00:00
BfChhbvFEvjHUXZGC58coM3WnV9JtG1nBCHQ2oY3pump,Yore Coproces,YORO,2,2,2026-06-16T23:09:58.000Z,2026-06-16T23:09:58.000Z,17789.493721655344,1537.1836606349038,17789.493721655344,1.0,<2x,0,1.5,2026-06-17T23:25:16.303173+00:00
Bk1ZX9zPw74gUGieWqEsXjwKwxNbKB1Z9V3tGa2upump,CAT,CatCoin,2,2,2026-06-19T15:48:56.000Z,2026-06-19T15:48:56.000Z,14571.046614665078,4054.0541356419535,20563.376558185515,1.411249109414655,<2x,0,1.5,2026-06-20T13:41:59.156788+00:00
BqnRhTShq1NMEZdbaMWbE4NemKuSpQ3cRw8Eg9ckNuCy,Tranp,ドナルド トランプ,2,2,2026-06-19T16:20:45.000Z,2026-06-19T16:20:45.000Z,13968.415928346672,1997.3312620633656,13968.415928346672,1.0,<2x,0,1.5,2026-06-20T13:45:09.921270+00:00
BtSDBUYiCnnnC4sN52b1Xiti4ZWsthHVtTCyfYnvzGjE,COLLECTR,collectr.fun,2,2,2026-06-11T10:20:19.000Z,2026-06-11T10:20:19.000Z,54422.548812854366,22105.811852123254,63868.24290404867,1.1735621410102584,<2x,0,1.5,2026-06-19T15:59:05.414565+00:00
Bta52rEw1mmFSXB7VUSPTTcvzi94gZtHLc2gyiSwpump,BILLIONS,Billions,2,2,2026-06-20T11:00:49.000Z,2026-06-20T11:00:49.000Z,12561.245144519084,2274.3619785812725,15018.59310920097,1.195629329450203,<2x,0,1.5,2026-06-20T22:14:35.920282+00:00
BtcsR6NbtRPoKNNKpS1ZPkk3sYASC83fgmtQJDvdpump,gary,Gary VI,2,2,2026-06-19T01:38:29.000Z,2026-06-19T01:38:29.000Z,13546.663609667768,1926.755750586844,13546.663609667768,1.0,<2x,0,1.5,2026-06-19T18:58:42.509811+00:00
BtxrZt4dCraySXzxmQpBY5cJtYvXx36MxdhpcC3U78Du,NOETIC,The Noetic Order,2,2,2026-06-17T08:47:34.000Z,2026-06-17T08:47:34.000Z,14088.77060738871,2171.4448525017297,14118.361098028947,1.0021002890503958,<2x,0,1.5,2026-06-18T08:53:06.659596+00:00
BwLS1TLvwb771PyNuyktWyxUDdxpziZ5oGYKgQfNpump,QUACKSSANT,Quackssant,2,2,2026-06-19T10:36:09.000Z,2026-06-19T10:36:09.000Z,12098.057458803778,14341.98093977858,17933.107513079092,1.4823129724870945,<2x,0,1.5,2026-06-20T10:37:58.293504+00:00
BwPLx7YTvskeVPnZDjy6EdFJvHmNCPky2FV8xcWnpump,grASS,Touch grASS,2,2,2026-06-19T16:26:44.000Z,2026-06-19T16:26:44.000Z,12705.95690953577,2093.1830954501465,19205.39843300255,1.5115271183226644,<2x,0,2.0,2026-06-20T13:45:04.452337+00:00
Bz2JqnfKFL4oBgyhc217U4FLn111yrwfyNdNha2FJfXN,SOLAMANDERS,Solamanders,2,2,2026-06-19T16:24:08.000Z,2026-06-19T16:24:08.000Z,14849.881613543037,1990.1023294141828,14849.881613543037,1.0,<2x,0,1.5,2026-06-20T13:45:03.905894+00:00
C3jxjp95QFWNfRXq48J67WiuLBLgqL9YQ8pExkyNpump,5DAHH,GIMME MY 5 DAHH,2,2,2026-06-19T12:06:15.000Z,2026-06-19T12:06:15.000Z,16053.51036868206,7949.723202030409,24473.66267961607,1.5245053647182636,<2x,0,2.0,2026-06-20T13:35:33.765391+00:00
CPh3doM9cPhgzKSEhuRGjUf1kYdby19C9JHSANwrpump,SOLG,Sol Garden,2,2,2026-06-17T02:46:27.000Z,2026-06-17T02:46:27.000Z,18545.286438028314,41442.12475851176,84583.72789990672,4.56092863178766,2x-5x,0,5.0,2026-06-18T02:59:37.811076+00:00
CSoNZkgfFNgXcLj6q4uYx2JauKejVE4xEwTRCn9Zpump,SPCX6900,SPCX6900,2,2,2026-06-17T23:26:35.000Z,2026-06-17T23:26:35.000Z,259701.5690482261,29742.340110958947,395350.89313841524,1.5223277032454097,<2x,0,2.0,2026-06-18T23:27:41.684707+00:00
CSzHjHF8zLTmWatEZoLYmEnoXPrGhJ8mPe52CoVmpump,AGAIN,"AH SHIT, HERE WE GO AGAIN",2,2,2026-06-18T13:25:44.000Z,2026-06-18T13:25:44.000Z,16121.556821956108,22768.73639305394,71579.3184094145,4.439975568112002,2x-5x,0,5.0,2026-06-19T13:35:25.983656+00:00
CVXrRZc3RSrtF72N6869gxcNAnX5CeryrqLcVRUpump,DRIPZ,dripz,2,2,2026-06-18T19:40:42.000Z,2026-06-18T19:40:42.000Z,14680.929896819798,5578.880722482672,45809.41024338399,3.1203343770006886,2x-5x,0,4.0,2026-06-19T18:58:41.542009+00:00
CbjenziwZgpgvqytUzMZimRqxFEmpyWQurC3Y9ESBAGS,INFINITE,Infinite Machine,2,2,2026-06-17T18:39:55.000Z,2026-06-17T18:39:55.000Z,491472.2086230759,30310.8391209785,491472.2086230759,1.0,<2x,0,1.5,2026-06-18T18:38:21.477827+00:00
CdsYoJ8PZrRVxLkYUFReGsJ6p5MQ8TCPf6E2qANxpump,Fatou,Fatou,2,2,2026-06-16T22:15:51.000Z,2026-06-16T22:15:51.000Z,13539.887907838429,2015.6433585278442,13539.887907838429,1.0,<2x,0,1.5,2026-06-18T04:12:36.945563+00:00
CfbVyNSBuV1tNj68vY1JZADLkiYSAT5FKK6RELtPpump,PIP,The Baby Squirrel,2,2,2026-06-16T20:36:33.000Z,2026-06-16T20:36:33.000Z,13514.462974781942,1304.3350842094512,13514.462974781942,1.0,<2x,0,1.5,2026-06-18T04:13:08.486553+00:00
CfhLX5uAgK1DZTt3AqaYPN1Pxr9mhP3oruzQ4AYXpump,Onlyclaw,Onlyclaw,2,2,2026-06-17T20:33:58.000Z,2026-06-17T20:33:58.000Z,14282.800312264759,6088.220992753179,16897.165336991333,1.183042888479061,<2x,0,1.5,2026-06-18T20:41:16.849289+00:00
CikB2JgHPDi7ZUBBgBto865DmqwrBWNHFSng2gzTpump,PAQ,Peaceful Alien Quant,2,2,2026-06-17T23:33:32.000Z,2026-06-17T23:33:32.000Z,13002.18442156132,2835.498241816564,52147.6753863236,4.010685719843192,2x-5x,0,5.0,2026-06-18T23:37:59.451436+00:00
CjEVKFx9MZeKcqiZUMBiV817h2F6y7ogqDGuqSsopump,CHEESE,CHEESE,2,2,2026-06-18T22:51:15.000Z,2026-06-18T22:51:15.000Z,191458.57978688274,47629.98350286591,196681.3145197501,1.0272786664284301,<2x,0,1.5,2026-06-19T18:58:50.759947+00:00
CoAEHRi6JpiBHmmT9EXaAXnZ8xjoXnFSML3pTePjpump,FootballX,Football Twitter,2,2,2026-06-18T01:14:26.000Z,2026-06-18T01:14:26.000Z,14153.292936893966,3263.3536876872163,25315.720047751784,1.788680567881151,<2x,0,2.0,2026-06-19T00:30:49.548192+00:00
CpzZ2N6p6B48o8zWouwMs2BXFm4nZjh4tzFHpg6tpump,OGAI,Open Generative Ai,2,2,2026-06-17T22:59:41.000Z,2026-06-17T22:59:41.000Z,15894.62280402989,2476.8786295017026,17919.304146768292,1.1273815281873232,<2x,0,1.5,2026-06-18T23:31:04.928670+00:00
CsWnH9msTEqswGPfNjkSRF3dnf7Y3QYCxXdcSgfhWU9S,Thaïs,Justice for Thaïs d'Escufon,2,2,2026-06-17T13:51:43.000Z,2026-06-17T13:51:43.000Z,12920.749374611523,2123.307817687481,17244.369821257613,1.3346261367116785,<2x,0,1.5,2026-06-18T13:49:31.088030+00:00
Ct5ZGEs7TTwbV63e1gTDdhdves3xenJRe6gKW2pupump,HERO,Zero to Hero,2,2,2026-06-19T15:39:14.000Z,2026-06-19T15:39:14.000Z,12725.610927599808,1375.776676098616,14475.636001213545,1.1375199260428601,<2x,0,1.5,2026-06-20T13:45:09.473264+00:00
Cx83EqERns2VuiKrkwHegTuECVqZebsNhJ3dCU8CucWG,ANSEM,The Black Bull,2,2,2026-06-16T20:59:27.000Z,2026-06-16T20:59:27.000Z,276164.515409915,2781.2329723409352,276164.515409915,1.0,<2x,0,1.5,2026-06-17T19:45:46.614447+00:00
D5UbiydvQRQtjYb1ktXchR7uS8sQWNdbVeJx2rfspump,CENTER,Card Center,2,2,2026-06-18T16:29:41.000Z,2026-06-18T16:29:41.000Z,14459.931405012554,1944.7246560115066,14459.931405012554,1.0,<2x,0,1.5,2026-06-19T16:27:19.551561+00:00
D8Xaa5kWjptEs9wjByZjs37WWdNNQExmtiiraMyppump,TIT,Titcoin,2,2,2026-06-18T16:21:03.000Z,2026-06-18T16:21:03.000Z,92478.26923628012,114890.19822069007,208411.72815519632,2.2536292025828093,2x-5x,0,3.0,2026-06-19T18:58:40.258994+00:00
DESCgSHHD9VXdVUDQ1teyfwqkfZbVNxe2KJGKSypump,Epsztin,Mohamed Epsztin,2,2,2026-06-17T11:02:24.000Z,2026-06-17T11:02:24.000Z,12979.14147605551,2011.7634892473327,12979.14147605551,1.0,<2x,0,1.5,2026-06-18T11:03:40.828767+00:00
DGHLuAb9FD2eRodsgeQUprEfwBXspuHQtzYirPg3pump,Speedy,The Miracle Horse,2,2,2026-06-19T17:02:38.000Z,2026-06-19T17:02:38.000Z,16703.719964582247,2131.2328583164885,16703.719964582247,1.0,<2x,0,1.5,2026-06-20T13:41:57.392903+00:00
DTZhKWmpnf7DKgVPhHpkMQi5Zhg9dg8sUVetNhUbpump,ansemconzimp,ansemconzimp,2,2,2026-06-16T21:02:33.000Z,2026-06-16T21:02:33.000Z,16697.39342575026,5737.531588266916,16697.39342575026,1.0,<2x,0,1.5,2026-06-18T04:13:03.579707+00:00
DVWZVVLCjYjtnEnSpBBBUTwQ8ta73hFADiitnKthpump,ANSEM,Coldest Nigga Breathing,2,2,2026-06-16T20:59:58.000Z,2026-06-16T20:59:58.000Z,16134.330966762736,1894.5776765202272,40937.782019738246,2.5373089286485726,2x-5x,0,3.0,2026-06-17T19:45:35.011073+00:00
DZAvVcKVx1ZZRqz4efHegRc9ZKS1MWnQ8R5KP4bYpump,BOBBLEHEAD,Bobblehead,2,2,2026-06-17T10:40:14.000Z,2026-06-17T10:40:14.000Z,13573.805529465608,3044.315582697892,14401.130263044894,1.0609500947824362,<2x,0,1.5,2026-06-18T10:38:14.391764+00:00
Dc8nWu2cPyiHKv3ZGXZ3GhyCXzE9ierMKEHg5X8ppump,HUC,HunterCoin,2,2,1781541302,1781541302,14906.167086482532,2039.2669685787107,22989.30446133321,1.5422679973969142,<2x,0,2.0,2026-06-18T04:14:25.058223+00:00
DgqGqHuth3fxmVGpUfgnLXJEVPUkeZRtXe8reiUWBAGS,ELON,Speedrun to an Elon,2,2,2026-06-17T16:51:54.000Z,2026-06-17T16:51:54.000Z,1899941.9065836158,691706.9850966927,2284963.1152450275,1.2026489374897458,<2x,0,1.5,2026-06-18T16:51:18.399600+00:00
DhoWF1FdsSHbAWonp3b5q5Bjrr8wb3eMpbXN82wHpump,MORTGAGE,Mortgage Coin,2,2,2026-06-18T22:56:05.000Z,2026-06-18T22:56:05.000Z,13523.729394841812,4012.588896523884,16790.03656487374,1.241524144314641,<2x,0,1.5,2026-06-19T18:58:45.241059+00:00
Dig6UdRdW3PjzvR1brBXSWSoAoWALS9na9qWTwUUpump,pickles,grillo's pickles,2,2,2026-06-16T06:06:04.000Z,2026-06-16T06:06:04.000Z,13449.033413985104,5546.941463657795,13449.033413985104,1.0,<2x,0,1.5,2026-06-18T04:14:10.243833+00:00
DnhotKtoCfJaAY2CStf73cCB2A3d5mZEHiCwbKXfpump,Greg,Greg The Gator,2,2,2026-06-18T14:52:47.000Z,2026-06-18T14:52:47.000Z,13555.652805674667,4073.2015210088457,13555.652805674667,1.0,<2x,0,1.5,2026-06-19T14:37:50.528434+00:00
DogsYb9MWKMYm5BtoZCWCm4oQ3GB34R17JfxQoFBHuuV,Dog,The Dog Project,2,2,2026-06-16T07:38:45.000Z,2026-06-16T07:38:45.000Z,13552.827185412449,2105.926511603464,13552.827185412449,1.0,<2x,0,1.5,2026-06-18T04:14:03.531409+00:00
DoiUxH86YEV7XQTgQpeCt53uvhWebRvJQhNpsSrqpump,KEY,Key Perps,2,2,2026-06-17T13:09:04.000Z,2026-06-17T13:09:04.000Z,13230.794882525475,2017.3331355302585,13230.794882525475,1.0,<2x,0,1.5,2026-06-18T13:26:50.745861+00:00
DqQ6vpwrkKweG2wrxwpMVHixNwgRvn5aNftuc7VUpump,WAIFU,WaifuCoin,2,2,2026-06-19T07:24:19.000Z,2026-06-19T07:24:19.000Z,18396.89424131504,1387.2493430211896,21949.205753630707,1.193093000683671,<2x,0,1.5,2026-06-19T18:59:05.178571+00:00
DrAQUhCLErvvZVxiZDBf9gYMCYKiEWyoyRY4cYaBpump,Kardashev,Kardashev scale,2,2,2026-06-16T23:35:30.000Z,2026-06-16T23:35:30.000Z,14297.602094257962,2190.1111605880455,14297.602094257962,1.0,<2x,0,1.5,2026-06-17T23:35:34.030601+00:00
E2ccc6bnFwXaeVmToQ7nuyaQfMZvNbE2toBJcCNKpump,LANDS,PLOTLANDS,2,2,2026-06-17T10:37:43.000Z,2026-06-17T10:37:43.000Z,13098.65480749438,2253.3790527689985,17969.974580979648,1.3718946598011077,<2x,0,1.5,2026-06-18T10:38:17.325776+00:00
E4Q3iSqNi4Jh5XdDg4r8wfccpzQvntnx5ZMbmLPwpump,DIGS,Diggers,2,2,2026-06-17T00:01:23.000Z,2026-06-17T00:01:23.000Z,15041.386912085014,1305.048036651185,15041.386912085014,1.0,<2x,0,1.5,2026-06-18T04:12:25.783770+00:00
ET81rtsY83XrdRbUTjtbFPLywPG1TLyX24dSMxGeBAGS,SPCX,specex,2,2,2026-06-17T11:09:57.000Z,2026-06-17T11:09:57.000Z,683889.9262170653,243359.8384057112,2145729.402549193,3.137536203257573,2x-5x,0,4.0,2026-06-18T11:13:16.459672+00:00
ETtABB3uDgZonCLohMv87zD1DQ74w1en2XEGMwNtpump,SCF,Smoking Chicken Fish,2,2,2026-06-18T19:25:26.000Z,2026-06-18T19:25:26.000Z,12561.406427920152,1946.0988517168882,14499.649180015387,1.1543014122835096,<2x,0,1.5,2026-06-19T18:58:38.090501+00:00
EZamyy5m45D6j4BN3Vu4Qbkzw3dZtVe7yPafX6DApump,NeGa,那个,2,2,2026-06-19T00:07:02.000Z,2026-06-19T00:07:02.000Z,14046.76504400952,1423.156111372633,35270.1473061451,2.510908895794954,2x-5x,0,3.0,2026-06-19T18:58:43.775035+00:00
EZkVNB14BcwaLryUWDddezDj9efDofkmkJDnf5h9pump,Wursh,Kevun,2,2,2026-06-18T04:19:00.000Z,2026-06-18T04:19:00.000Z,12559.2283077628,2687.269549598126,19821.613025136758,1.5782508717422639,<2x,0,2.0,2026-06-19T04:18:12.534474+00:00
EanGUxSKacCVBRBvWTcSrj9pqkxSZC6HPghCt3Xrpump,Dooge,Top Dooge,2,2,2026-06-19T18:03:09.000Z,2026-06-19T18:03:09.000Z,13231.858366989454,1327.2243387315862,19161.873222515973,1.4481619052332504,<2x,0,1.5,2026-06-20T13:45:05.704004+00:00
EbLK3YpxoNevdM7C3BVXxM2fPviVFsh9GvCEW4Lbpump,TTWO,Take Two Interactive Software,2,2,2026-06-18T13:42:32.000Z,2026-06-18T13:42:32.000Z,13416.097471562765,1996.1546312947019,14347.277750438707,1.0694076858676456,<2x,0,1.5,2026-06-19T13:45:19.383084+00:00
EcHyVfqYvVtbMNyQbadwHTyMhCJDEWSXYLtVJDEoCaMC,cooked,cooked,2,2,2026-06-17T19:28:46.000Z,2026-06-17T19:28:46.000Z,12758.080694217919,3358.555632548756,12758.080694217919,1.0,<2x,0,1.5,2026-06-18T19:26:13.755989+00:00
Ed3kkY1zUkNv5HoABewgzS7DVfVf1cfuVnPfJm7fbonk,BONKGUY,The Saviour,2,2,2026-06-16T17:53:09.000Z,2026-06-16T17:53:09.000Z,394386.1133363069,69432.170142147,394386.1133363069,1.0,<2x,0,1.5,2026-06-17T17:50:36.435047+00:00
EhuobbLHWas7L3zV2VbgxcFtrBkBUsZJN5mNv99qBAGS,ELON,Speedrun to 1 elon,2,2,2026-06-17T11:42:11.000Z,2026-06-17T11:42:11.000Z,405631.2453938783,110319.78734289098,405631.2453938783,1.0,<2x,0,1.5,2026-06-18T11:41:45.394872+00:00
EkrnLXAyAryizTvGicA2vvwXexDqy6sTTRhYeBfGpump,muffin,just a chill cat,2,2,2026-06-18T09:03:42.000Z,2026-06-18T09:03:42.000Z,13755.159523365497,1925.2611310317523,13755.159523365497,1.0,<2x,0,1.5,2026-06-19T09:11:56.339714+00:00
EnLvyd1VnE2xmk7UVRwJXtXV7rQTmQbfkwsfKy3Mpump,NAILSCOIN,NAILS,2,2,2026-06-18T13:13:27.000Z,2026-06-18T13:13:27.000Z,31579.609571957142,6044.207306377997,53959.654472052614,1.7086865608360486,<2x,0,2.0,2026-06-19T13:12:12.195949+00:00
EpPytnMzfZdPhMyp8Ak8FmPhZNFPULXDGXiyqrJ8pump,CryptoBandits,CryptoBandits,2,2,2026-06-19T11:07:05.000Z,2026-06-19T11:07:05.000Z,12478.490734290031,5241.235915479962,61219.510400552565,4.90600279345687,2x-5x,0,5.0,2026-06-20T11:07:27.255762+00:00
EvCtT2DFU1Z9aq9pcRqeioUCU14Vygo3z6h5uSwjpump,Ronaldo,Ronaldo Patriotic Dog,2,2,2026-06-17T14:23:46.000Z,2026-06-17T14:23:46.000Z,12911.980029651397,1994.4537026915407,17314.185759424498,1.340939632780082,<2x,0,1.5,2026-06-18T14:24:28.284296+00:00
EvFZj7rVA4ttaCtx7NTb5euv2zB61soqJ9UcMiZdpump,AYOUB,Justice For Ayoub,2,2,2026-06-18T18:30:04.000Z,2026-06-18T18:30:04.000Z,14677.792497595125,1936.9123522746308,16568.68406011786,1.1288266994394796,<2x,0,1.5,2026-06-19T18:32:26.649780+00:00
F2GLrmimZgFAqakEVkcfdWGnnBgn9Sfj3xN7VmDwBAGS,ASTEROID,Asteroid The Space Shiba Inu,2,2,2026-06-17T03:04:18.000Z,2026-06-17T03:04:18.000Z,500375.7524539823,29344.313132656993,500375.7524539823,1.0,<2x,0,1.5,2026-06-18T18:14:52.641879+00:00
F4ypv6LYwFFw2rXuzFtQ3PuYxHksQsmRer7UmWkqpump,KARMA,GOOD KARMA,2,2,2026-06-16T22:41:13.000Z,2026-06-16T22:41:13.000Z,14301.63499358176,7454.809089587483,40624.3558160333,2.840539269409726,2x-5x,0,3.0,2026-06-18T04:15:25.133491+00:00
F5x2MoFMKF1NNyXznnFfxm7647SW3w2gp8yFB3AVpump,TRACEY,The Crocodile Hero,2,2,2026-06-19T09:11:39.000Z,2026-06-19T09:11:39.000Z,12308.289275275674,4991.479925428901,57894.46057318283,4.703696775268238,2x-5x,0,5.0,2026-06-20T09:18:52.866019+00:00
F871NCYLqnKM3mwaYnMbHrj1MUn6sAytt83Cb7yapump,nfodor,The Uber Coder,2,2,2026-06-16T21:57:59.000Z,2026-06-16T21:57:59.000Z,14056.115810888768,51453.92814880019,146978.08758057188,10.456522239715273,10x-20x,0,20.0,2026-06-18T04:17:33.178566+00:00
F9aCticvXxQNFWDiiMQK9zHvAz318DsqNhQGo1EtqmyV,WOJAK,Wojak,2,2,2026-06-20T07:44:41.000Z,2026-06-20T07:44:41.000Z,20196.646327951472,16893.110892444056,64574.3582135115,3.1972812300100926,2x-5x,0,4.0,2026-06-20T22:14:34.749602+00:00
FLV5dyWooZCcQvPXDtUZscT8CFkFKdyaEtRakM3fpump,CHAT,Hey Chat,2,2,2026-06-18T22:00:53.000Z,2026-06-18T22:00:53.000Z,12776.555305745731,2184.9168906480954,12776.555305745731,1.0,<2x,0,1.5,2026-06-19T18:55:03.176079+00:00
FQqnRAD8vASS4NZTHTUNbQbTwVTNV2EtDMxMr6obpump,Niggamon,Niggamon,2,2,2026-06-17T19:57:42.000Z,2026-06-17T19:57:42.000Z,13401.82892550282,1977.5725546991703,13401.82892550282,1.0,<2x,0,1.5,2026-06-18T19:57:18.173629+00:00
FUYFqC4DM8SL2gnmzCmgkNcJprhM9hLbBguDyvEJBAGS,ASTEROID,Asteroid Shiba,2,2,2026-06-18T22:07:26.000Z,2026-06-18T22:07:26.000Z,1608283.4771856978,195336.43862934754,3999136.3974503907,2.4865867579814958,2x-5x,0,3.0,2026-06-19T18:55:29.795633+00:00
FXsUoxWMENpigXp4Rdpp74TGubsNoHfjECcvoWN2pump,404,Coin Not Found,2,2,2026-06-18T15:42:11.000Z,2026-06-18T15:42:11.000Z,12900.651136253346,1948.887468444611,17547.946589318843,1.360237278256885,<2x,0,1.5,2026-06-19T15:42:51.506981+00:00
FaNP3LYqaBKNPpk1r7bPcaTGS4DC5pz2jVuegT4kpump,GOTCHI,GotchiPets,2,2,2026-06-19T07:20:17.000Z,2026-06-19T07:20:17.000Z,12736.157925620588,8519.792470693914,68489.79219955535,5.377586600255515,5x-10x,0,10.0,2026-06-19T18:58:41.961295+00:00
FhhDi7qyJqn2Gjt6k3574NrVi4awHqH2gKt1WJe9pump,WAR,WAR,2,2,2026-06-19T12:11:38.000Z,2026-06-19T12:11:38.000Z,22193.190976871854,1735.3889874134852,45365.72246776468,2.044127972180367,2x-5x,0,3.0,2026-06-20T12:09:42.254913+00:00
Fjyn8W8PK9kfcMNuibAhG9SXNXFQ2xE7y65hZNhppump,Pilly,Pilly,2,2,2026-06-17T13:16:22.000Z,2026-06-17T13:16:22.000Z,13967.562497154517,1619.740731407798,30026.382431147307,2.149722432762646,2x-5x,0,3.0,2026-06-18T13:14:11.395233+00:00
Fk5TidwF6UH5PRV5sBkyg5KLV9XBt9SfVc977JvQpump,OG,Original Gainers,2,2,2026-06-17T00:02:35.000Z,2026-06-17T00:02:35.000Z,21049.484435687315,2782.027008628153,21049.484435687315,1.0,<2x,0,1.5,2026-06-18T04:12:24.191649+00:00
FnCMizjxJzKWk9KCy48K62jZXM9Zua27KvPyJQympump,coedoctopus41,coedoctopus4165,2,2,2026-06-16T21:00:20.000Z,2026-06-16T21:00:20.000Z,13774.018527647986,2015.1458121256935,13774.018527647986,1.0,<2x,0,1.5,2026-06-18T04:13:05.356661+00:00
FpJfSLANsaPJkRFuFroPqPkYJGyNbXdQ194P499spump,mohammad,mohammad Something,2,2,2026-06-17T16:26:16.000Z,2026-06-17T16:26:16.000Z,15329.259627849535,1968.3021474826548,25186.51712185973,1.6430354585489542,<2x,0,2.0,2026-06-18T16:28:59.376645+00:00
FyGmxqqt6Vit6WhXg9rpedyvury8Vt7NNQZwGR5Jpump,DARK,Dark And Darker,2,2,2026-06-18T12:12:44.000Z,2026-06-18T12:12:44.000Z,23530.74660211445,1483.5782151267306,51337.54375338255,2.181721839151904,2x-5x,0,3.0,2026-06-19T12:12:44.305242+00:00
G4fjJVJudj3fadE5DfcQS4v7DkmYFPsAnRwgvq1JyWcQ,PNUTEROID,Pnut Asteroid,2,2,2026-06-18T18:03:28.000Z,2026-06-18T18:03:28.000Z,12127.067759490457,1361.26858867927,42119.621150123254,3.473190880554047,2x-5x,0,4.0,2026-06-19T18:04:10.202185+00:00
G7pzH1i6A3A9Drj92mgnU3khHkJD4NohME8Vgphwpump,KOHEN,Justice for Kohen Wiley,2,2,2026-06-16T09:20:48.000Z,2026-06-16T09:20:48.000Z,19758.790456801333,2040.882342075433,19758.790456801333,1.0,<2x,0,1.5,2026-06-17T09:18:42.239553+00:00
GWTWRZ4mdPyDyFqnCvg5VzD2fzTZXNM5Ag5vPEgipump,CLAWBUCKS,Lobsters Inc.,2,2,2026-06-18T13:40:09.000Z,2026-06-18T13:40:09.000Z,12694.050624180378,2399.0831881051427,25408.880941490188,2.0016369631526323,2x-5x,0,3.0,2026-06-19T13:42:00.400522+00:00
Ga4NC8pM5s11fGtkxmtkgKEHZrvgySb2dh1Rd92Zpump,Donny,Donny the Scottish duck,2,2,2026-06-18T21:49:17.000Z,2026-06-18T21:49:17.000Z,18815.849867627738,5509.571861114815,46700.876471998585,2.4819966571027137,2x-5x,0,3.0,2026-06-19T18:58:50.538073+00:00
GcAQw7vWYWqP8DXAKxUVM82dhz5YUVd7kzq3Ue1ipump,WIF,MessiWifHat,2,2,2026-06-17T02:42:30.000Z,2026-06-17T02:42:30.000Z,13400.039459509258,2014.5544966626137,23229.797108254734,1.7335618434891882,<2x,0,2.0,2026-06-18T04:15:50.026332+00:00
Gd343z31qUT57uKBHjzaNrtis3q2qVujwSktyWREpump,Dropper,Dropper,2,2,2026-06-17T03:38:54.000Z,2026-06-17T03:38:54.000Z,13023.999238748554,2186.4553575385535,17505.639340122867,1.3441062932528967,<2x,0,1.5,2026-06-18T04:09:01.063136+00:00
GeBxTNrdan9NSA6kC84ATxh4tM2QUKjni81p7jV2pump,COZUMEL,Cozumel Fox,2,2,2026-06-18T04:50:01.000Z,2026-06-18T04:50:01.000Z,13436.957270108724,1997.5326775894027,16520.874925846165,1.2295101185294226,<2x,0,1.5,2026-06-19T04:50:24.923772+00:00
GgubXNj1AfutmuYvKhwXnG1fHfENurXW4go1nPjqpump,WESLEY,The Patriotic Goat,2,2,2026-06-17T14:26:50.000Z,2026-06-17T14:26:50.000Z,14260.953185729351,2372.2282913006934,14260.953185729351,1.0,<2x,0,1.5,2026-06-18T14:24:32.474797+00:00
Gpwny7K4hQbgbCf5sA2ty9tq3c2tWJ22reJbqHsgpump,Nong Sompoi,น้องส้มป่อ,2,2,2026-06-16T10:05:49.000Z,2026-06-16T10:05:49.000Z,13293.585918319166,6550.844711566347,13293.585918319166,1.0,<2x,0,1.5,2026-06-17T10:00:30.531808+00:00
GrSHdnPQjF8bp4x89oBNV47gd1awdApzeYZ9Q3HTpump,FCAT,Falling Cat,2,2,2026-06-16T18:03:34.000Z,2026-06-16T18:03:34.000Z,13063.737668029928,4875.218555643675,41298.57193454069,3.161313628917099,2x-5x,0,4.0,2026-06-17T18:06:47.870119+00:00
GrTuX8VAHTBisSozfp9VbnCfcN4UW6imdmMrhWhMpump,UP,OPERATION LEVEL UP,2,2,2026-06-19T12:47:35.000Z,2026-06-19T12:47:35.000Z,13307.56854824608,2222.7579133366485,13307.56854824608,1.0,<2x,0,1.5,2026-06-20T12:46:12.931136+00:00
Gt2JiwSH9FE27dCmLoYKwX2RxxNoGQqfpB6HXeKxpump,XLife,X Life,2,2,2026-06-17T13:37:59.000Z,2026-06-17T13:37:59.000Z,12699.13905900403,1799.70414645648,19566.016197629167,1.5407356441030808,<2x,0,2.0,2026-06-18T13:36:45.988787+00:00
Gxa4tU6Vsq1Cv1pawzUEVufUGsymosu4HbFX9seipump,Sergeyevna,Сергеевна,2,2,2026-06-18T11:56:24.000Z,2026-06-18T11:56:24.000Z,12647.723563772432,1957.330994000041,18157.365960337473,1.435623246253311,<2x,0,1.5,2026-06-19T11:56:16.530461+00:00
GxsEZJbMRzc9BiKz79W1PrpEcBArVDa2DNvYZ6DKpump,ROOTS,Rooted Acres,2,2,2026-06-19T17:25:17.000Z,2026-06-19T17:25:17.000Z,13140.330609708595,5703.544473884755,20904.091687586613,1.5908345313733465,<2x,0,2.0,2026-06-20T13:41:59.928206+00:00
H5pRCo5YkNrXVTGA8b3wQbAuesYgdePEXzCHsY6YBAGS,EXPERIMENT,THE 24 HOUR EXPERIMENT,2,2,2026-06-17T10:49:58.000Z,2026-06-17T10:49:58.000Z,306873.54090441397,110470.10152082228,1215045.3106473885,3.9594332801271226,2x-5x,0,4.0,2026-06-18T10:50:58.073172+00:00
H8sfJ3n9Pbv8rvzZRiGntjBTwThkSfCFz9nr3RqYpump,Turbo,Turbo The Snail,2,2,2026-06-17T06:58:57.000Z,2026-06-17T06:58:57.000Z,13407.653089113353,2447.2347472985425,13407.653089113353,1.0,<2x,0,1.5,2026-06-18T07:04:11.925527+00:00
HA57ZhNgdoVT2HAjaKMgkomSVZbWusWCByXxrswGpump,Asteroid,Asteroid the Shiba,2,2,2026-06-18T21:37:20.000Z,2026-06-18T21:37:20.000Z,12764.612982796167,2267.7933636665125,12764.612982796167,1.0,<2x,0,1.5,2026-06-19T18:55:29.238737+00:00
HDkd5H8NQZGRWXu7WShe5LhauD6oKiT9ogkVZF1Fc6QY,DONK,donk,2,2,2026-06-19T15:58:51.000Z,2026-06-19T15:58:51.000Z,12167.933134705972,1986.8435977584008,12396.219367105758,1.0187612990532184,<2x,0,1.5,2026-06-20T13:45:04.711742+00:00
HYf9XyMhaLU1su7RKy6bZAR5nAmunEEVqazfptg4pump,Callback,The Commodore Callback,2,2,2026-06-19T18:16:54.000Z,2026-06-19T18:16:54.000Z,12809.113885525081,2303.0946765647845,12809.113885525081,1.0,<2x,0,1.5,2026-06-20T13:45:05.123018+00:00
HdifyLNtMwRj5KDmief3zfdwq4ucjFCUoPnNc4rLpump,GoodDay,Good Day,2,2,2026-06-17T18:31:46.000Z,2026-06-17T18:31:46.000Z,16588.49794943657,1559.6600321425456,20381.77437553333,1.2286690716458508,<2x,0,1.5,2026-06-18T18:31:39.354422+00:00
Hkb3kxi9VuCGfXME4LFo8HCfJhhnMj6RV1VGTbjmpump,motion,motion,2,2,2026-06-18T01:32:33.000Z,2026-06-18T01:32:33.000Z,15152.757699069703,2078.884703913947,22240.298685755595,1.4677393466880968,<2x,0,1.5,2026-06-19T01:40:02.535040+00:00
HnMurnqedgVPuHhcMV9T2kbgPU9N1j4wnXGhqpMSYkVC,SHHPE,shhpe,2,2,2026-06-16T05:42:01.000Z,2026-06-16T05:42:01.000Z,14961.479428652114,1484.4034119336511,14961.479428652114,1.0,<2x,0,1.5,2026-06-17T05:40:00.273008+00:00
HpHcPyBzmbXx2Tp4VAALW3SxB6fHSd4vGtYWoKkWpump,miniontcg,minion TCG,2,2,2026-06-17T17:51:33.000Z,2026-06-17T17:51:33.000Z,21566.27116199695,7918.875184242127,47450.19577156797,2.2002039858973133,2x-5x,0,3.0,2026-06-18T20:03:56.220473+00:00
JAZYu8Kz7epcKeKtCW2mbkwYf1rkaqKZqZgoPFg4pump,MBGA,Make Bagworking Great Again,2,2,2026-06-16T17:43:12.000Z,2026-06-16T17:43:12.000Z,15208.147754589105,2067.494047366589,15208.147754589105,1.0,<2x,0,1.5,2026-06-18T04:13:51.429624+00:00
JBXSxKhCCgjyCRCAKFYctCUQQjiWRjNZPT7pCFahpump,yns,young niggas,2,2,2026-06-19T04:42:02.000Z,2026-06-19T04:42:02.000Z,12083.177372443683,2083.6087612090673,17171.64792686216,1.421120239948062,<2x,0,1.5,2026-06-19T18:55:01.821340+00:00
JDE87hhU9rw2uUf2K8kkah4JW9Lp9CbyNMk9pW8Tpump,Jane,The Prediction Chimp,2,2,2026-06-17T12:01:12.000Z,2026-06-17T12:01:12.000Z,12709.974218087264,2004.8929596933885,12709.974218087264,1.0,<2x,0,1.5,2026-06-18T12:03:54.406071+00:00
VES7YdEc6YMBGSgfeWawdxofnSLLJ9QdvzLA2QVpump,WIF,dogwifhat,2,2,2026-06-16T21:05:04.000Z,2026-06-16T21:05:04.000Z,14016.541783220702,2188.164322471023,14301.921262322101,1.0203601918015919,<2x,0,1.5,2026-06-17T19:40:04.795342+00:00
a3PUpweSGZv4848NyzbSQg73NbJBbUq8RnH8Erspump,CLAW,The Claw Is The Law,2,2,2026-06-17T21:06:02.000Z,2026-06-17T21:06:02.000Z,18298.326933590193,1390.985241470563,37047.96963502253,2.024664318736904,2x-5x,0,3.0,2026-06-18T22:52:05.206097+00:00
cbAhbADA5yxN4gbECXfhomvr4nEFpBFyFCenqNepump,HAM,Hero Archetype Meme,2,2,2026-06-17T03:36:15.000Z,2026-06-17T03:36:15.000Z,13983.404962812927,5135.560301143991,60196.839112749236,4.304877050534903,2x-5x,0,5.0,2026-06-18T04:18:30.441668+00:00
hQrnw6SscDqSoDxH4fquStmsTFucTd1GoKNTaGqpump,JarJar,JarJarBinks,2,2,2026-06-17T00:02:12.000Z,2026-06-17T00:02:12.000Z,21616.889564655263,2027.3732089353111,21616.889564655263,1.0,<2x,0,1.5,2026-06-18T00:07:46.545782+00:00
oLQXV7Z2RY9GsRsM6Gp9Y7dT7Fd24QhD6JZtY94BAGS,Elon,Speedrun to an Elon,2,2,2026-06-17T11:37:12.000Z,2026-06-17T11:37:12.000Z,376044.98915122956,30395.76947224274,376044.98915122956,1.0,<2x,0,1.5,2026-06-18T11:35:25.644841+00:00
ooMnSRKs3d8zrw39MAFHij7JP8skRFA3dihionMpump,Clitcoin,Clitcoin,2,2,2026-06-18T18:55:41.000Z,2026-06-18T18:55:41.000Z,14478.82138698843,1953.2590732338165,16638.781353697013,1.1491806486852347,<2x,0,1.5,2026-06-19T18:55:11.181338+00:00
qZqCSzKHrQiUgp34H3NSeCrJAFPzaG9mCyWgB9upump,MUTUMBO,MUTUMBO,2,2,2026-06-16T22:38:57.000Z,2026-06-16T22:38:57.000Z,18075.564211376062,2570.7289190440297,18075.564211376062,1.0,<2x,0,1.5,2026-06-17T22:40:25.237640+00:00
qyTCUucHzAs9ZLou5BG4aFwFNGHDGdWUZsgnqZwpump,SON,Son😭🥀,2,2,2026-06-17T16:44:55.000Z,2026-06-17T16:44:55.000Z,13646.200743022562,1932.7222992991244,13646.200743022562,1.0,<2x,0,1.5,2026-06-18T16:48:05.032712+00:00
13zLVUHkQpnLKMqf8aWtVy4w45eEdrw9B4z8AhwLpump,Tie,The Blue Tie,1,1,2026-06-17T18:38:07.000Z,2026-06-17T18:38:07.000Z,13282.910062416886,1919.2734482815354,13282.910062416886,1.0,<2x,0,1.5,2026-06-18T18:45:42.665645+00:00
1GeyzSHQBzo6K4snM9fTf6VHHDPVNbVsL2NYCEgpump,GAMER,Gamer Street,1,1,1781535801,1781535801,16565.936371013766,3185.558198728772,54925.65524636222,3.3155780643023802,2x-5x,0,4.0,2026-06-18T04:15:13.379932+00:00
1eMHNCWBs35e9xqqHZ1WsbWCzqySBkpiTwzCaMTpump,1000000,1 Million Speedrun,1,1,2026-06-17T03:03:46.000Z,2026-06-17T03:03:46.000Z,16407.142189943173,2143.3388769107733,16407.142189943173,1.0,<2x,0,1.5,2026-06-18T02:56:31.172599+00:00
21vBTF7Kwg17j2m2tpSejgNzwqgz5nQBf54aSVBnpump,Stonks,Stonks Street,1,1,2026-06-16T21:46:34.000Z,2026-06-16T21:46:34.000Z,18758.566645411636,1549.3731264862452,37914.652444534884,2.021191339467765,2x-5x,0,3.0,2026-06-17T19:45:48.295711+00:00
29Bhih4PhiMkq6PnbS9NDQstc8n2AXBxCm38uh9Xpump,DAWN,Dawn The Scottish Duck,1,1,2026-06-18T21:57:24.000Z,2026-06-18T21:57:24.000Z,14104.236635323332,2685.768816911562,47284.61570886614,3.3525115134869665,2x-5x,0,4.0,2026-06-19T18:55:05.641658+00:00
2AoPFVJm9TEHso3apMFyGzZxrsAoUfmC8cAbDKygpump,croc,croc,1,1,2026-06-17T20:33:58.000Z,2026-06-17T20:33:58.000Z,14005.235069539849,1985.7967080941278,14005.235069539849,1.0,<2x,0,1.5,2026-06-18T20:44:41.122041+00:00
2ChXKPRmEGT9xvHQccEUSpRg1LueVfZDg8gx1JAxpump,币安之死,Binance Death,1,1,2026-06-16T17:14:12.000Z,2026-06-16T17:14:12.000Z,13844.01322647313,2589.5178688712485,13844.01322647313,1.0,<2x,0,1.5,2026-06-17T17:39:38.712665+00:00
2GYbMPSsW2Dm59rXpHySaZfbTqmxs6P7kres4uq2BAGS,X,X Coin,1,1,2026-06-17T16:59:52.000Z,2026-06-17T16:59:52.000Z,164333.0014903836,48136.221211896474,164333.0014903836,1.0,<2x,0,1.5,2026-06-18T17:00:54.292963+00:00
2NJ9SZNmJkAZZ2zP4koEQ5M4LpRoXgQ3tyv29HowBAGS,SPCX,SpaceX,1,1,2026-06-17T19:11:21.000Z,2026-06-17T19:11:21.000Z,204963.59860422017,27770.43761294183,204963.59860422017,1.0,<2x,0,1.5,2026-06-18T19:09:21.560778+00:00
2Uoqp16nkqm1x8GiNyAWZaWyB3h9GNnQbi2SioCypump,SOMPOI,ส้มป่อย,1,1,2026-06-16T10:01:12.000Z,2026-06-16T10:01:12.000Z,15435.865333013744,2001.5131948362496,15435.865333013744,1.0,<2x,0,1.5,2026-06-18T04:13:55.753012+00:00
2XfSoA6HtnLS8p1Vva9yCFUww2ypxWd4gsY2khbfBAGS,trilly,trilly,1,1,2026-06-17T03:08:19.000Z,2026-06-17T03:08:19.000Z,533890.6677617786,43430.60103950671,533890.6677617786,1.0,<2x,0,1.5,2026-06-18T02:56:26.523257+00:00
2YW7BsxxWktDHT6AtWXUkPwL8GwHu5XMVJqsGfuRpump,Nothing,Nothing Tech,1,1,2026-06-19T11:45:24.000Z,2026-06-19T11:45:24.000Z,13084.259161954682,2032.7561483999411,13240.192721928815,1.0119176453205347,<2x,0,1.5,2026-06-20T11:40:24.980020+00:00
2fHqck8fyk9NciRWvRHCnNqLjBbz3n1tjNEoSzhapump,X,X Coin,1,1,2026-06-17T03:53:14.000Z,2026-06-17T03:53:14.000Z,14551.063728324194,2208.2348550311917,14551.063728324194,1.0,<2x,0,1.5,2026-06-18T02:56:25.869403+00:00
2kzUqtKR47EwQRYJLPQn2fPrxhtxoZJDtsGGPex4pump,Ronaldo,Ronaldo,1,1,2026-06-17T14:23:27.000Z,2026-06-17T14:23:27.000Z,12919.50777014467,2053.817342083605,12919.50777014467,1.0,<2x,0,1.5,2026-06-18T14:24:26.258454+00:00
2mdfssaGr9MAVNNpaCxxd3LuhhHKNShByT9RWjZBpump,CHADLON,chadlon musk,1,1,2026-06-19T15:32:19.000Z,2026-06-19T15:32:19.000Z,14721.364359396252,1296.700450500895,14721.364359396252,1.0,<2x,0,1.5,2026-06-20T13:41:51.516626+00:00
2mnRiRvi5NvWEYB3SBcCdFuiGB37CrvU6zm7spyKEeS9,$WIF,dogwifhat,1,1,2026-06-16T20:59:58.000Z,2026-06-16T20:59:58.000Z,13247.587677830958,1363.048140331307,13247.587677830958,1.0,<2x,0,1.5,2026-06-17T19:40:09.517598+00:00
2o3u2NXmDXgr4MSee4tPfYFF1NB9SuJmPmURKZUNpump,DIALOG,The Dialog Society,1,1,2026-06-16T21:46:54.000Z,2026-06-16T21:46:54.000Z,14671.140529523467,2115.6107894535985,14671.140529523467,1.0,<2x,0,1.5,2026-06-17T19:45:46.636866+00:00
2ozinNKNKHfxbhEXMQ3JVyXfzE3SSuQC1QK9L4aZpump,what,Guess what,1,1,2026-06-17T02:28:36.000Z,2026-06-17T02:28:36.000Z,13243.94924579057,1854.1290057585975,32405.5259526269,2.446817437247927,2x-5x,0,3.0,2026-06-18T02:32:44.838371+00:00
2pGdxH9gV8Ajwr5GrbFLzva4AbwPze4GCywP1EzRpump,Kirk,Kirk The Sprite,1,1,2026-06-17T21:53:42.000Z,2026-06-17T21:53:42.000Z,19777.943128071995,1946.8084949242163,19777.943128071995,1.0,<2x,0,1.5,2026-06-18T21:53:15.167544+00:00
2vCwDJesf1CyHiexyT8nkd72gD1JuKDPGdmeoCX7pump,FDP,Frontdeploy,1,1,2026-06-19T17:40:40.000Z,2026-06-19T17:40:40.000Z,13049.274700826205,19459.56577327595,22283.12038087641,1.7076137097079864,<2x,0,2.0,2026-06-20T13:45:07.137433+00:00
2wc8dLNPNCZYtFJf2P5PBLZsk2nhjVjmVPz4ZiUcpump,BELLS,BELLSCOIN,1,1,2026-06-16T00:08:41.000Z,2026-06-16T00:08:41.000Z,21982.62097833249,17337.293689340542,61590.98601579799,2.801803573673317,2x-5x,0,3.0,2026-06-17T00:06:52.319650+00:00
2xoiUVRXV9YnJzLwjBBfpZtSjMPuJoB3aihuzjWUpump,GOATS,Ronaldo and messi,1,1,2026-06-17T14:49:39.000Z,2026-06-17T14:49:39.000Z,18797.515782517978,2001.906841021626,18797.515782517978,1.0,<2x,0,1.5,2026-06-18T14:37:10.473368+00:00
3Bizspecy45G42iyCHramF1cSVdZx6Jkgs2RW2w9pump,Fish,Fishcoin,1,1,2026-06-17T16:53:10.000Z,2026-06-17T16:53:10.000Z,13806.53558221995,2159.9120310707417,13806.53558221995,1.0,<2x,0,1.5,2026-06-18T16:51:19.493032+00:00
3FfN9vJQyVbNDhPJ6cc6DzPTwuDUdz7zG2PQakVhBAGS,BAG,Dog Wif Bag,1,1,2026-06-18T18:46:19.000Z,2026-06-18T18:46:19.000Z,11878746.660668975,4816944.1457585525,11878746.660668975,1.0,<2x,0,1.5,2026-06-19T18:55:28.991953+00:00
3KrFi5Mnc483rzs9LmeYyE7a7F7FW89dT8hZaGwVBAGS,STARGRACE,Liv's Stargrace Foundation,1,1,2026-06-17T18:13:37.000Z,2026-06-17T18:13:37.000Z,131178.24120230353,27897.45308416201,131178.24120230353,1.0,<2x,0,1.5,2026-06-18T18:14:52.649555+00:00
3MyvmhME3kzxgEv7v6FcYANMZ9TY9NRtybMAHspqpump,IDIOT,Elon Musk's Idiot Index,1,1,1781533090,1781533090,92489.20904487079,3754.54245761027,121469.87407242492,1.31334104082882,<2x,0,1.5,2026-06-18T04:14:35.998821+00:00
3NM6eyKwURUuYfor6Kj4tBo1zJt2StMWAszjGbQzpump,RETIRE,I will Retire Before This Game,1,1,2026-06-18T15:11:47.000Z,2026-06-18T15:11:47.000Z,15753.335747906402,2006.0338155899622,15753.335747906402,1.0,<2x,0,1.5,2026-06-19T15:06:18.464104+00:00
3PZQAKazQ2KMXDrW5ykMeLWqhtrqaxo5PcGo71Phpump,GTA,GREAT TIMES AHEAD,1,1,2026-06-18T21:19:45.000Z,2026-06-18T21:19:45.000Z,12198.4824621816,1994.6984528228431,17622.55976352243,1.4446518096129457,<2x,0,1.5,2026-06-19T18:55:10.033501+00:00
3Q4mDLfCrMViTC79VybKarm12q8Dbxf1RDXggXukpump,SBF,Sam Bankman-Fried,1,1,2026-06-16T23:02:29.000Z,2026-06-16T23:02:29.000Z,13699.165359179324,1416.6777120395475,13699.165359179324,1.0,<2x,0,1.5,2026-06-17T23:01:18.712301+00:00
3RQKHzM2JwTx1no1XEnBJtpDEePUvs3BTgQuEkf1riTD,VALOR,Valor,1,1,2026-06-18T07:17:44.000Z,2026-06-18T07:17:44.000Z,18293.946913801163,2010.2123898392988,18293.946913801163,1.0,<2x,0,1.5,2026-06-19T07:16:08.468347+00:00
3V3h9aSABvopyu1kKT6t2k3MMdQ6Wz8zQFfJQ2TKBAGS,INDEX,INDEX,1,1,2026-06-17T08:43:24.000Z,2026-06-17T08:43:24.000Z,303120.69409725454,29988.081559700466,303120.69409725454,1.0,<2x,0,1.5,2026-06-18T08:43:25.266834+00:00
3VU3TG3Mj45Hy3Yo9N9BEyPSkdKxrJsoPV2Auj2Rpump,Gentaro,セクシーなゴリラ,1,1,2026-06-17T14:07:04.000Z,2026-06-17T14:07:04.000Z,12951.805520058722,2007.1467469119304,12951.805520058722,1.0,<2x,0,1.5,2026-06-18T14:05:20.691977+00:00
3dnqJMeEKNghTZVJc2ucABsbJfkCUMXbTJfggAjcpump,RonaldoAi,Ronaldo Ai slop,1,1,2026-06-19T16:11:03.000Z,2026-06-19T16:11:03.000Z,12454.606515606687,2425.339898523054,12454.606515606687,1.0,<2x,0,1.5,2026-06-20T13:41:54.457933+00:00
3fUZnhQkRJSACCgJL5uWJwj9DZz95NA1f7DwhKNDpump,AIRY,AIRY,1,1,2026-06-16T22:07:26.000Z,2026-06-16T22:07:26.000Z,24397.740469891574,1304.2074450311864,24397.740469891574,1.0,<2x,0,1.5,2026-06-17T22:06:46.249031+00:00
3iVyAEWJxNSG4Qof9jYGrYPhRdhEPx4jxkkGHm8XEHfX,SHITTER,AI Shitter,1,1,2026-06-17T10:17:55.000Z,2026-06-17T10:17:55.000Z,13477.641795920905,2187.8574246956177,13638.944591263844,1.0119681764647996,<2x,0,1.5,2026-06-18T10:19:06.606836+00:00
3kFK8vV2S2nNgLg5aaATE9VksgixpGkWpoDCHbXKpump,Ballerina,Ballerina Cappuccina,1,1,2026-06-18T22:43:29.000Z,2026-06-18T22:43:29.000Z,12960.222740265139,14079.209905254482,54353.82540240592,4.193895930008836,2x-5x,0,5.0,2026-06-19T18:59:07.627959+00:00
3q6AA6e5QvxSXZ3sA4kSmZk9phq8M3vxrB9zf5d1pump,STAX,stax,1,1,2026-06-17T00:39:53.000Z,2026-06-17T00:39:53.000Z,14660.75494504304,1995.898365806616,14660.75494504304,1.0,<2x,0,1.5,2026-06-18T00:38:59.340513+00:00
3sPxGyKxwCrAebxZsFb56GsNd7mjK7jZAng5uJtPpump,SPROUT,Sprout Valley,1,1,2026-06-17T14:36:16.000Z,2026-06-17T14:36:16.000Z,13597.036749686897,3471.666528613081,46904.103144989225,3.4495827295656385,2x-5x,0,4.0,2026-06-18T14:37:13.289258+00:00
46bogbQqk32gPe4eYnbK5jL7tTmW4Dco46dTZFmkpump,vibes,vibe shift,1,1,2026-06-16T21:41:55.000Z,2026-06-16T21:41:55.000Z,13455.836561503023,4008.9227078861527,13455.836561503023,1.0,<2x,0,1.5,2026-06-18T04:12:47.954311+00:00
48mrcoVfPKhCvG1rpJbUuohr8PvGRHLiJ2uiqq3Xpump,ANSEM,ANSEM,1,1,2026-06-19T17:50:14.000Z,2026-06-19T17:50:14.000Z,132850.99613721063,1279.680855973699,132850.99613721063,1.0,<2x,0,1.5,2026-06-20T13:45:06.005803+00:00
4BEtUQCjNymApZSwhSizJQATghnkn4Pm84QX7EUJ8MLM,NALA,Nala,1,1,2026-06-16T22:51:04.000Z,2026-06-16T22:51:04.000Z,14980.130598296972,2190.8250783754697,14980.130598296972,1.0,<2x,0,1.5,2026-06-17T22:51:01.255071+00:00
4CCiNMmqfBNRrheZKFVVdnnr4u5c9VwK5iyHxDsspump,RAN,RANLANDS,1,1,2026-06-19T09:32:31.000Z,2026-06-19T09:32:31.000Z,22706.70217446335,2446.8377543160614,34046.51066541071,1.4994035859465515,<2x,0,1.5,2026-06-20T09:34:49.683030+00:00
4PNfAxmCxJu5Hdd8Se9ET3weekBXS1nSJrM1RKuepump,Baki,Yujiro Trump,1,1,2026-06-19T16:15:22.000Z,2026-06-19T16:15:22.000Z,13001.710816829715,1485.9075990715162,34181.03686424393,2.6289645528801646,2x-5x,0,3.0,2026-06-20T13:45:03.724941+00:00
4QqHbW1KwxJ9yzv7vKdG53QqnvatBHjLemwUgB77536Q,FLORK,فلورك,1,1,2026-06-19T17:39:57.000Z,2026-06-19T17:39:57.000Z,15505.45728964908,1343.3982544567393,15505.45728964908,1.0,<2x,0,1.5,2026-06-20T13:42:00.080380+00:00
4ViYJXfeoMbXhz69VxDrTqpKMxWBhakvpfcAKKzhpump,SBF,Sam Bankman-Fried,1,1,2026-06-16T23:04:53.000Z,2026-06-16T23:04:53.000Z,14523.295620367118,2010.2573526014057,14523.295620367118,1.0,<2x,0,1.5,2026-06-17T23:04:37.746716+00:00
4bg9ZVW6GSz4CLTmS8UGfXmVYxWbGavhNfTHEwXQpump,PBANK,Pokemon Bank,1,1,2026-06-18T09:04:11.000Z,2026-06-18T09:04:11.000Z,15663.08399248271,2006.032499352826,16045.747175166149,1.0244308964228943,<2x,0,1.5,2026-06-19T09:05:05.292645+00:00
4ccm6bP9obG1y67kbZt5P2iuYet6sj3JSVfm9w6Ypump,OPAQUE,OpaquePay,1,1,2026-06-18T18:35:46.000Z,2026-06-18T18:35:46.000Z,19456.85245175266,7642.929253379492,24483.115499345455,1.2583286818901704,<2x,0,1.5,2026-06-19T18:40:06.099620+00:00
4hgzvvPbBxagKwpqWTfZK95BbP8oE1LVco5DeHbZpump,STIMMY,STIMMY,1,1,2026-06-20T21:44:54.000Z,2026-06-20T21:44:54.000Z,19427.40634480111,72243.71688240417,129167.27709429248,6.64871443989014,5x-10x,0,10.0,2026-06-20T22:14:36.144776+00:00
4iQ2sRWLbsC5ERTLzNb6yeB1DeL5rToVPaY4mmMXBAGS,COAL,COAL,1,1,2026-06-17T19:00:07.000Z,2026-06-17T19:00:07.000Z,405425.51991414744,28139.555383770366,405425.51991414744,1.0,<2x,0,1.5,2026-06-18T18:59:08.425878+00:00
4rHgkXnfYMZa8eEoFbqmzxMZwyQy5VaKWsPpbM6Upump,ARTIFACTS,ARTIFACTS,1,1,2026-06-16T23:15:38.000Z,2026-06-16T23:15:38.000Z,24908.602127027283,1666.2491228574556,56588.22306763845,2.2718345565541367,2x-5x,0,3.0,2026-06-17T23:14:48.843586+00:00
51nbVohGhNqVHw9Eh2u4VZ4DnWN8cKtXuY9YiQCapump,@grok,Please Grok,1,1,2026-06-18T12:21:27.000Z,2026-06-18T12:21:27.000Z,12905.864755343357,2138.7219917105886,13836.097366176362,1.072078285993805,<2x,0,1.5,2026-06-19T12:19:12.815382+00:00
5AoXC37JQsvLCmZGhqwHxaf1vPfE8myrmsaWrqBMpump,SUPERSTACK,Superstack,1,1,1781535322,1781535322,17883.573931260322,3808.470895296808,28232.03103151979,1.5786571040014803,<2x,0,2.0,2026-06-18T04:19:53.536298+00:00
5DBuPWsSbbTSZf5PzAgHyryKjNjatyB3ze6huYZJpump,提米,Meepcat,1,1,2026-06-17T03:12:00.000Z,2026-06-17T03:12:00.000Z,14112.83087352296,2028.1523541240051,14112.83087352296,1.0,<2x,0,1.5,2026-06-18T02:56:28.302958+00:00
5Dv3voRfE5PDEbTKzzy4V42gyxj65wTmEPqvWeLUpump,WCA,World Cup Anime,1,1,2026-06-19T10:21:14.000Z,2026-06-19T10:21:14.000Z,20337.772060288757,15601.176610986548,46195.5940405736,2.271418614764321,2x-5x,0,3.0,2026-06-20T10:44:31.807060+00:00
5EhA27vzmz95U375QhKfmQday63csjjyHjXYYp18pump,wif,frogwifgrenade,1,1,2026-06-17T22:59:57.000Z,2026-06-17T22:59:57.000Z,20155.84988279869,2479.8732062235313,48635.90319408319,2.4129919341972186,2x-5x,0,3.0,2026-06-18T23:17:57.923961+00:00
5WrhAdqrtaBqzjoPEQ4bVkukQGCmR9mrcKeeifCKpump,Chaton,Le gros chaton,1,1,1781517146,1781517146,12572.961029200247,58647.93617010373,866668.3431534258,68.93112458875996,20x+,0,75.0,2026-06-18T04:17:10.963916+00:00
5a7eJm2YkVnFuuYCFCrfHpZYDzFRLX3qHHmwPSUxpump,BT,Brazil Twitter,1,1,2026-06-18T00:33:44.000Z,2026-06-18T00:33:44.000Z,14193.796243083554,2835.7104873385515,17563.72615187411,1.237422733923821,<2x,0,1.5,2026-06-19T00:26:54.819741+00:00
5idUx2E9eSqUBE8Gd1n2BEUhzUoB6WxYjQKTvmYCpump,will,will,1,1,2026-06-20T09:03:35.000Z,2026-06-20T09:03:35.000Z,14054.232433269504,2092.6707231775467,14054.232433269504,1.0,<2x,0,1.5,2026-06-20T22:14:33.650531+00:00
5om52eVYYAXXTei9JkgnvK7CbX1B3QFQ1mEg3zaFpump,farticle,farticle,1,1,2026-06-17T01:59:14.000Z,2026-06-17T01:59:14.000Z,13429.898848291841,3085.2630692854386,90761.06451193246,6.758134632077026,5x-10x,0,10.0,2026-06-18T02:05:16.208047+00:00
5pRpfMANzYDVgz4VBXTL1egkzXBZVuisrEJEAinoJVqk,NAVI,NAVI,1,1,2026-06-19T13:05:59.000Z,2026-06-19T13:05:59.000Z,25505.606549536584,1938.912300765024,25505.606549536584,1.0,<2x,0,1.5,2026-06-20T13:05:51.816728+00:00
5yVdBZD1rUeNweniDqDhKVrsM4Te3TpG4f5ssYvrpump,SHHH,shhh,1,1,2026-06-16T05:42:03.000Z,2026-06-16T05:42:03.000Z,22016.436446068925,2070.4310380214665,22016.436446068925,1.0,<2x,0,1.5,2026-06-17T05:40:01.060571+00:00
693xCikv65F6ttv4PiYJaNQGQQvv8i7JTPY42VUdpump,DAWN,Dawn The Duck,1,1,2026-06-18T21:57:05.000Z,2026-06-18T21:57:05.000Z,16757.35855559941,1965.1187389181691,16757.35855559941,1.0,<2x,0,1.5,2026-06-19T18:55:09.350548+00:00
69wqXrrF2x9F5gnmcRxwgrWSPyAXmjfnQ6463uVVpump,daemon,daemon,1,1,2026-06-18T20:44:25.000Z,2026-06-18T20:44:25.000Z,126019.37906149245,1615.59787084033,307920.0722470464,2.443434291933732,2x-5x,0,3.0,2026-06-19T18:55:13.674711+00:00
6GBrXU8NQaKedkuPWGMKXsuqye4YeXFbwmoj7ZbVpump,𝕏LIFE,𝕏 Life,1,1,2026-06-17T13:39:57.000Z,2026-06-17T13:39:57.000Z,13752.6621860901,1991.4700981281683,13752.6621860901,1.0,<2x,0,1.5,2026-06-18T13:39:56.108365+00:00
6NZdkXL6CTcPtjtCxPwzeLwEd9mUPvYWrWPuk3tVpump,gary,gary the snail,1,1,2026-06-19T01:37:07.000Z,2026-06-19T01:37:07.000Z,12408.091502697616,1927.2857452746603,12408.091502697616,1.0,<2x,0,1.5,2026-06-19T18:58:50.492563+00:00
6QYddd82wVasozCk9gV61yyEvJyM9JwvGEK9nfcRpump,Jane,The Mystic Chimp,1,1,2026-06-17T12:00:32.000Z,2026-06-17T12:00:32.000Z,18325.290231729465,3263.5421839372175,18325.290231729465,1.0,<2x,0,1.5,2026-06-18T12:00:50.355901+00:00
6Qt6kK9iwzaSHtebzAuCBV3gg4gthTgzjsaRzgbjpump,headroom,Headroom,1,1,2026-06-18T01:48:00.000Z,2026-06-18T01:48:00.000Z,80948.05578153789,2475.0957598391446,125054.9266568589,1.5448786934964363,<2x,0,2.0,2026-06-20T22:14:34.228612+00:00
6T6JMUGEWh5siqzaYB2wRtx3Z9MAvZrd8ZbCb1Jnpump,#fairs,#fairs,1,1,2026-06-17T10:52:37.000Z,2026-06-17T10:52:37.000Z,12672.274672005467,2101.5693789908287,12672.274672005467,1.0,<2x,0,1.5,2026-06-18T10:54:04.975902+00:00
6adEzqnj9e4hrTyb9n7fgU4uQr9yWhETgHVCjZcpump,WOJTEK,WOJTEK,1,1,2026-06-19T14:55:45.000Z,2026-06-19T14:55:45.000Z,53881.62455900891,2521.669719995644,78529.8461525008,1.4574513444095991,<2x,0,1.5,2026-06-20T13:41:54.516652+00:00
6bLjvVnLRB8T3kJW1Ld3zFxgThCoCbPUKakjkaQiBAGS,RECORD,World Record Coin,1,1,2026-06-17T03:32:16.000Z,2026-06-17T03:32:16.000Z,267578.83330369985,41566.29730000546,601918.7203146566,2.2495005037692337,2x-5x,0,3.0,2026-06-18T02:56:29.907520+00:00
6bZKdLxmc6PKnWakoJzd9NUFwEG1kYazN7eduSRZpump,Hunch,Hunch,1,1,2026-06-18T18:00:12.000Z,2026-06-18T18:00:12.000Z,67764.68075974299,1598.6049971729751,67764.68075974299,1.0,<2x,0,1.5,2026-06-19T18:00:33.792606+00:00
6bZsryBMSGBYnwGtESgeGE5APtSSJX2BQrx7tBEfpump,Junior,The Psychic Dog,1,1,2026-06-19T10:13:45.000Z,2026-06-19T10:13:45.000Z,12747.374459167375,2100.12973742105,13547.003403026982,1.0627289130338953,<2x,0,1.5,2026-06-20T10:15:35.861416+00:00
6fJxSDFFqdfYwki8xPR6USZ1qotd3yyqmxEkDAFpump,NYXOS,Nyxos,1,1,2026-06-17T15:48:03.000Z,2026-06-17T15:48:03.000Z,55279.381488490224,1476.0203717888078,55279.381488490224,1.0,<2x,0,1.5,2026-06-18T15:47:25.724265+00:00
6gPq8XzXcATeW3pAM4dfLT7MFAaLByWPgTBLeWaspump,SKILL,SkillBetz,1,1,2026-06-17T19:42:29.000Z,2026-06-17T19:42:29.000Z,15216.987640963505,5424.28870752567,15216.987640963505,1.0,<2x,0,1.5,2026-06-18T19:36:44.884576+00:00
6hCVACCscjhknyM6nenA8Y5mvoexoVChT3FSm9RVM8Be,69,The Bottom,1,1,2026-06-19T12:24:56.000Z,2026-06-19T12:24:56.000Z,12746.793810872861,2031.2983348483021,12746.793810872861,1.0,<2x,0,1.5,2026-06-20T12:26:18.248558+00:00
6qNhu8hYbZE1L8dfG1K9CQ9LAWhZMHNpBLdAxGqYpump,BWARS,BLOXWARS,1,1,2026-06-19T16:36:52.000Z,2026-06-19T16:36:52.000Z,12687.63509806619,3756.57904175844,22983.908249598117,1.8115202771792556,<2x,0,2.0,2026-06-20T13:41:56.250001+00:00
6xJDACBqAcrCk2sjWo1yYKcBikCPiLfNPY2G3yGRpump,NOVA,Pokémon Nova,1,1,2026-06-17T14:15:25.000Z,2026-06-17T14:15:25.000Z,14449.097777666957,1670.925027381309,25399.092344856115,1.757832408339977,<2x,0,2.0,2026-06-18T14:24:24.097461+00:00
71se67vdGmGaB2yxuHKphM8AfECy4AK4DAqUkxgzpump,gary,gary the snail,1,1,2026-06-19T01:34:25.000Z,2026-06-19T01:34:25.000Z,12303.646386361974,1347.5125612018041,12303.646386361974,1.0,<2x,0,1.5,2026-06-19T18:55:09.773384+00:00
7D7h4N12D7isELWdxrrqU8hdGCokQVhpYRnEK55xBAGS,$22M,22M DOLLARS IN 3 FUCKING HOURS,1,1,2026-06-17T08:08:41.000Z,2026-06-17T08:08:41.000Z,456900.7229562176,28425.961784874766,456900.7229562176,1.0,<2x,0,1.5,2026-06-18T08:08:11.728090+00:00
7DkQ6a1znhnYGdx6tpDJrYL7eVXRKE4wHkhdWwXVpump,Nobody,Nobody is coming to save you,1,1,1781537202,1781537202,13688.716097589073,2062.4385959576484,29955.822331997097,2.188358799936911,2x-5x,0,3.0,2026-06-18T04:19:27.147040+00:00
7FYmPDzi86kSPySNgNeGz3mrgx4cTWKEBaFt9pFLpump,Grok,GrokCoin,1,1,2026-06-18T12:20:20.000Z,2026-06-18T12:20:20.000Z,13423.257498564582,1915.844719489846,13423.257498564582,1.0,<2x,0,1.5,2026-06-19T12:19:18.175323+00:00
7Fukjtom4jZibD9FXs74N2CEVWdtXeN4ijCuZ7rGpump,GCM,Gaming Capital Markets,1,1,1781544925,1781544925,63812.7784568128,5169.349995987958,81183.589129215,1.2722152379583098,<2x,0,1.5,2026-06-18T04:14:50.358450+00:00
7HGLh4X7zJdCwNYoUaqijVE1ghpzmuqiBaC45hswpump,Nothing,Nothing Tech,1,1,2026-06-19T11:42:21.000Z,2026-06-19T11:42:21.000Z,12608.818263950798,2307.979385658948,12608.818263950798,1.0,<2x,0,1.5,2026-06-20T11:47:00.978023+00:00
7KMBWX3gsi9PF7wcm6a56vNyeh8mWDar7rprWMRzpump,CCM,Collectible Capital Markets,1,1,2026-06-20T09:21:35.000Z,2026-06-20T09:21:35.000Z,15401.834932107322,2137.9172891972653,15401.834932107322,1.0,<2x,0,1.5,2026-06-20T22:14:32.678898+00:00
7LGUVymedpGu1Xh2eKxRogrMovzLBJqjLxqMark3pump,Bella,The Blissful Dog,1,1,1781540435,1781540435,13859.53336818627,22129.019780213395,91274.04427656805,6.585650602500237,5x-10x,0,10.0,2026-06-18T04:17:53.559427+00:00
7QgFgefj3NjfN1VJ8fc23Yq8qSTFPmydL6HztHJDpump,FISH,Fishing Valley,1,1,2026-06-19T17:39:54.000Z,2026-06-19T17:39:54.000Z,16616.255049028954,11547.274310139333,16692.14414861578,1.0045671602513864,<2x,0,1.5,2026-06-20T13:41:58.852935+00:00
7S7adXnXwfmSo4HRrdG8W5XBkwan89gr5kGKas4Apump,MiiGPT,MiiGPT,1,1,2026-06-19T07:02:19.000Z,2026-06-19T07:02:19.000Z,14395.387135511764,1504.9771373606495,29174.116767624484,2.0266295371560585,2x-5x,0,3.0,2026-06-19T18:55:07.472908+00:00
7V4AH8TY89FH8Q8DWNWwYc3TCinf69XU8MVzniPkpump,PEEK,TokenPeek,1,1,2026-06-19T04:05:10.000Z,2026-06-19T04:05:10.000Z,12593.247789886025,10804.53118871223,19791.334001865573,1.5715829889220891,<2x,0,2.0,2026-06-19T18:58:42.272055+00:00
7VjMt2Q3fsdejV28tvXBnqnhzoizSZeqwAAjZmWMpump,BLACKMAN,The Reasonable Blackman,1,1,2026-06-16T16:32:11.000Z,2026-06-16T16:32:11.000Z,16443.21184481579,17368.427943774688,123023.33089024738,7.4817092944669525,5x-10x,0,10.0,2026-06-17T16:29:03.970907+00:00
7b7J18jeuacV4r9vnUoZ5t97jPLzCnKKhNGTEhDspump,MYLAND,MyLand,1,1,2026-06-16T21:22:29.000Z,2026-06-16T21:22:29.000Z,19779.708258918483,10355.335334397227,79476.9694141021,4.018106251808173,2x-5x,0,5.0,2026-06-17T19:40:12.634222+00:00
7bzbXiaNbPq9k9HVaTbwfNvuMMLTWxnttMeuk6i2pump,SS,Solana Summer,1,1,2026-06-19T16:48:35.000Z,2026-06-19T16:48:35.000Z,13472.29830324644,2043.1945626498493,13472.29830324644,1.0,<2x,0,1.5,2026-06-20T13:41:50.237688+00:00
7eLYwhsZvT1HxXk1HGQsT172Jt7fpBfrdHBvd7Copump,STRETEGY,Stretegy,1,1,2026-06-18T15:21:03.000Z,2026-06-18T15:21:03.000Z,12696.01456320147,4450.803224701,20583.548156144967,1.621260597463788,<2x,0,2.0,2026-06-19T15:19:47.915456+00:00
7fzfugMT8RdnPNoPpG7zKeMhJhmLUqhkfi88b35zEhuF,AI,American Ingenuity,1,1,2026-06-17T19:03:42.000Z,2026-06-17T19:03:42.000Z,20063.379124933534,1579.36197405229,20063.379124933534,1.0,<2x,0,1.5,2026-06-18T19:02:27.138457+00:00
7gzNqPqDPRHznnDMMB6Cyj3G5N8ApGbqzt4xtwesBAGS,SPCX,SpaceX,1,1,2026-06-18T02:10:07.000Z,2026-06-18T02:10:07.000Z,4416975.086061266,722709.0705706198,4480023.422879477,1.0142740983568537,<2x,0,1.5,2026-06-19T02:11:20.207061+00:00
7io8XEMRMoQoCvD3phKR2QR5EeoMmJnYM1dsjVdYpump,AUTO,Auton ai,1,1,2026-06-16T18:25:43.000Z,2026-06-16T18:25:43.000Z,29117.02485500028,88660.47185120895,153611.58161434668,5.275662001159672,5x-10x,0,10.0,2026-06-17T19:45:34.721065+00:00
7mLVwy9rcaV3dMcJ44vMqoFp6oUthiBx64LhNnHwpump,Murad,The Hodler,1,1,2026-06-19T12:37:00.000Z,2026-06-19T12:37:00.000Z,12107.3880115233,2007.426383986695,12496.72996151258,1.0321573860207272,<2x,0,1.5,2026-06-20T12:42:53.783337+00:00
7oZAd7ypGMyQqEpbP9quSgwiWNkJepKmMgoi2HZE3Lum,RSTAR,ROCKSTAR COIN,1,1,2026-06-18T13:57:41.000Z,2026-06-18T13:57:41.000Z,13502.092334585683,2005.714423693821,15044.18285064824,1.11421122577517,<2x,0,1.5,2026-06-19T14:01:43.040783+00:00
7qwqqWqxSUBzEz9afCQMRYaeCMw4eioVB4wrqaA2pump,RESIDENCE,RESIDENCE,1,1,2026-06-17T16:28:13.000Z,2026-06-17T16:28:13.000Z,20126.232120536562,1935.159886782557,20126.232120536562,1.0,<2x,0,1.5,2026-06-18T16:35:15.498603+00:00
7sXmXJEKLRQ3ZJ68g6fdsJMV2R9fXDbem1nS2d9apump,TIDE,Tidal Fishing,1,1,2026-06-17T05:10:57.000Z,2026-06-17T05:10:57.000Z,15260.36553145969,18944.84872914395,25417.948445335594,1.6656185851469776,<2x,0,2.0,2026-06-18T05:11:08.126455+00:00
7u1KL6tSGHCmvjq1Cgo4XUnHhEnUPPVRXUd4b2p9pump,EYEZ,EYEZ,1,1,2026-06-17T21:40:28.000Z,2026-06-17T21:40:28.000Z,308678.36076958495,5658.938929004009,335540.77512962656,1.0870239633677894,<2x,0,1.5,2026-06-19T00:30:41.238981+00:00
81w76iZ5pTvNV77o4MjoZqkarcz3nVX7izc1rjwtpump,Ronaldo,Cristiano Ronaldo,1,1,2026-06-17T04:29:01.000Z,2026-06-17T04:29:01.000Z,13227.907762971558,2146.64433497171,13227.907762971558,1.0,<2x,0,1.5,2026-06-18T04:35:00.592074+00:00
831Legx9vRQTQhkDr3QsYfmTS6nVkFEpia6fbBLtBAGS,DORAEMON,ドラえもん,1,1,2026-06-18T21:44:05.000Z,2026-06-18T21:44:05.000Z,166786.04887457757,28915.406978597704,166786.04887457757,1.0,<2x,0,1.5,2026-06-19T18:58:48.728384+00:00
83eFTE24Mgde1kmwDRYstcJd5JW9rvgfauw4Kaxkpump,Curiosity,Curiosity,1,1,1781546945,1781546945,15782.783383256392,1989.893014768495,15782.783383256392,1.0,<2x,0,1.5,2026-06-18T04:14:19.688793+00:00
8B5jEwgEhbVCGvzdHrs5bAg7w48TZ3GXw3ajFx1fpump,SBF,OFFICIAL SBF COIN,1,1,2026-06-17T04:57:35.000Z,2026-06-17T04:57:35.000Z,13387.817413574867,2036.029841167392,13387.817413574867,1.0,<2x,0,1.5,2026-06-18T04:57:42.394226+00:00
8DzvCVewDXkbPCLgtkrYjSifUgXrQaabezMwPe6hpump,BPURK,Baby Purple Wojak,1,1,2026-06-17T21:42:11.000Z,2026-06-17T21:42:11.000Z,62221.05113171472,120217.22131943572,179771.89987267822,2.8892456267272317,2x-5x,0,3.0,2026-06-18T21:43:01.801735+00:00
8F9bYsEuk98unhYsp9GkUk3qXPAAf4NoyU7N11i4pump,CLV,CLAWVille,1,1,2026-06-18T18:37:03.000Z,2026-06-18T18:37:03.000Z,20003.24352564352,1455.3391917181716,42438.072434944,2.121559555106138,2x-5x,0,3.0,2026-06-19T18:36:00.812749+00:00
8H9umb6ABnSUpb11yBVWT3AJ9oAxxXyfVjFYr9bpBAGS,B100,B100,1,1,2026-06-17T08:54:24.000Z,2026-06-17T08:54:24.000Z,373973.5728472209,31921.446166762802,373973.5728472209,1.0,<2x,0,1.5,2026-06-18T08:59:27.330675+00:00
8P3z2LNkdVMANNGZxM4CiA2dSDbmRqcWcw97go6Cpump,TOWER,Tower Survivor,1,1,2026-06-17T15:31:03.000Z,2026-06-17T15:31:03.000Z,13303.492909166782,2193.336604502336,15248.58310901449,1.1462089853490613,<2x,0,1.5,2026-06-18T15:31:32.379162+00:00
8WMAKbe2FhKLnUTXd347vZr9WR85i8TARpCjqNpfpump,HER,Her Persistence,1,1,2026-06-18T14:34:21.000Z,2026-06-18T14:34:21.000Z,16103.524177123587,11705.463042189509,19179.72789860426,1.191026739715191,<2x,0,1.5,2026-06-19T15:59:05.664286+00:00
8aiK3hHFurN9UdbWqdr3WWeoEXYNRPm6XBD8gQeUBAGS,TOPO,TOPOLOGIE,1,1,2026-06-18T21:21:23.000Z,2026-06-18T21:21:23.000Z,275837.7044078661,27610.43784954475,275837.7044078661,1.0,<2x,0,1.5,2026-06-19T18:58:45.094362+00:00
8eZWTc2ddGHHcoknyoD6KtwK4D9LqgdVRs5g9J72pump,GTA,GTAfication,1,1,2026-06-18T19:04:01.000Z,2026-06-18T19:04:01.000Z,14788.833085143682,4242.597172999153,14788.833085143682,1.0,<2x,0,1.5,2026-06-19T18:55:29.054810+00:00
8fGjW58g5VdDFeGijjUE9UpT5xv4Bg8QGmmxJvyrpump,Luis,ドン・ルイス,1,1,2026-06-18T10:55:51.000Z,2026-06-18T10:55:51.000Z,14306.782976019724,1967.6484833441457,14306.782976019724,1.0,<2x,0,1.5,2026-06-19T11:03:28.780039+00:00
8iziwdWtVK1N44FkbhyvmobEZStYbtyqhCvzBoC6pump,KART,Solkart,1,1,2026-06-18T21:35:51.000Z,2026-06-18T21:35:51.000Z,14653.72946117447,2147.286941225773,18574.353856002163,1.267551301886357,<2x,0,1.5,2026-06-19T18:58:41.386576+00:00
8jUdZnsJSMMf7RCwFwgqJiGUyUdXJXNcS6wuPBQRpump,Elon-kun,Kyosuke Kosaka,1,1,2026-06-18T05:48:50.000Z,2026-06-18T05:48:50.000Z,14123.650384531136,1976.7938023011036,14123.650384531136,1.0,<2x,0,1.5,2026-06-19T05:57:29.590259+00:00
8oUDXJf7LLL5xwuB969Fu5XKkpffCxDrsqQMb2Jrpump,OR,Obelisk Rising,1,1,2026-06-16T06:07:17.000Z,2026-06-16T06:07:17.000Z,12912.062889491757,2305.9512077320055,12912.062889491757,1.0,<2x,0,1.5,2026-06-17T06:11:05.836013+00:00
8wcSHMoC29kMnuGhXVHjjTxgMRvs1KK2pUGs3b78pump,redacted,redacted,1,1,2026-06-18T02:40:59.000Z,2026-06-18T02:40:59.000Z,12912.30130700688,1968.531342206561,12912.30130700688,1.0,<2x,0,1.5,2026-06-19T02:41:30.255730+00:00
8z6P5j8SY5fHp9pXMzTgvRqvYNjLwdXMfVMasvvvpump,Jasper,Сat Wif Glasses,1,1,2026-06-18T17:34:25.000Z,2026-06-18T17:34:25.000Z,12755.757275755199,4654.9046233805,17461.577676142355,1.3689173679505084,<2x,0,1.5,2026-06-19T17:42:30.914636+00:00
8zvx2PQmwMY6G8nbjGf9DuLBgZyY136KKBbRZpRoLx9H,AnsemBot,ansem.bot,1,1,2026-06-20T12:12:18.000Z,2026-06-20T12:12:18.000Z,14488.322354920057,2485.344866478958,14488.322354920057,1.0,<2x,0,1.5,2026-06-20T22:14:36.005064+00:00
947JxfuQfFb5zepo9rZFbcjQd856muoGmf28T3usBAGS,FLYWHEEL,FLYWHEEL,1,1,2026-06-17T19:38:34.000Z,2026-06-17T19:38:34.000Z,582137.2853024519,26956.739390879495,582137.2853024519,1.0,<2x,0,1.5,2026-06-18T19:36:43.250034+00:00
9DE6jYP1uBrt8EwYj2ErTtCSNCLz2rvAzqkA7czxpump,TURBO,TurboRace,1,1,2026-06-18T22:04:47.000Z,2026-06-18T22:04:47.000Z,25979.068599543516,1251.2621763180337,31221.713908803795,1.2018026662184647,<2x,0,1.5,2026-06-19T18:51:52.656042+00:00
9KYHoKbNss2Mi1EiHugQ2vsNGdNJP4iyRhe64Bdfpump,YoungBob,Justice for Youngbob,1,1,2026-06-16T09:30:53.000Z,2026-06-16T09:30:53.000Z,13977.166580970725,2369.708926941109,13977.166580970725,1.0,<2x,0,1.5,2026-06-17T09:34:21.129535+00:00
9Mk9Nycuj6RAL8ah2mQGoMqVqJSAyoKqP2DGQinRBAGS,SQUEEZE,The Great Squeeze,1,1,2026-06-17T11:46:37.000Z,2026-06-17T11:46:37.000Z,1315241.522960221,472651.6573034326,1315241.522960221,1.0,<2x,0,1.5,2026-06-18T11:45:00.786510+00:00
9SwT7SmkAYGoFTL8D4XseHLxAmVgubeFPKZEyv4jpump,Cookout,The Cookout,1,1,2026-06-19T06:29:42.000Z,2026-06-19T06:29:42.000Z,12476.112322890014,1965.4629486661236,14026.045316772677,1.124232048715928,<2x,0,1.5,2026-06-19T18:55:00.128662+00:00
9UgQrXsbXVqEjFDFH8ScAiEDmD1The37VgTFCcuNpump,Kohen,Justice for Kohen Wiley,1,1,2026-06-16T03:33:16.000Z,2026-06-16T03:33:16.000Z,13379.322622419239,14082.994799336768,53227.833542416185,3.978365351114582,2x-5x,0,4.0,2026-06-17T03:31:48.015467+00:00
9eQDmmm2VU7czhTWFwpQcr8oURg7VUoF4bTj1Eoqpump,Paz,Drinking Cat,1,1,2026-06-18T08:31:25.000Z,2026-06-18T08:31:25.000Z,12873.267581901642,2538.9414298778593,12914.249393701786,1.0031834817026377,<2x,0,1.5,2026-06-19T08:34:57.903892+00:00
9evCye9diSxD6aG1Dn7veRbvoMBCfWGApcEa2Gxhpump,RAUL,CRYPTO MOGUL,1,1,2026-06-18T13:13:17.000Z,2026-06-18T13:13:17.000Z,13046.21795616818,2646.592701568937,13732.982929373691,1.0526409244052841,<2x,0,1.5,2026-06-19T13:48:29.348674+00:00
9hBVKX5bEn3pDhWYCzacFrhSoQCPdkYZj3DdhoUZpump,POKEWORLD,PokeWorld,1,1,2026-06-17T20:49:25.000Z,2026-06-17T20:49:25.000Z,13014.005410377835,1956.0583494458178,13014.005410377835,1.0,<2x,0,1.5,2026-06-18T20:48:02.879289+00:00
9hgbjVxihuEm6wrHPpDgJ9kxU7Cpr7ypz3kfg45xpump,CENTER,Card Center,1,1,2026-06-18T19:18:53.000Z,2026-06-18T19:18:53.000Z,12843.44933632531,1927.6182342356558,12843.44933632531,1.0,<2x,0,1.5,2026-06-19T18:58:39.391558+00:00
9n8rpiJqKuCh8CZAfe3DK5232a4KMdY5UK97BH3spump,AOAS,American Oil Asset Supply,1,1,2026-06-17T04:44:03.000Z,2026-06-17T04:44:03.000Z,27511.851315812455,434703.9806828939,438039.9953404089,15.921865464889493,10x-20x,0,20.0,2026-06-18T04:51:05.115076+00:00
9oivhRMQVbofmBuTZyeyWYTKTxfeHbXmLWH8dptKpump,POTA,POTA,1,1,2026-06-17T17:17:00.000Z,2026-06-17T17:17:00.000Z,16833.06445726325,2044.866993462255,16833.06445726325,1.0,<2x,0,1.5,2026-06-18T17:16:48.162664+00:00
9qYjeVYArMTE5tRQe4G7fuE9nDQYdeUU32wDGqXcpump,SHT,SHITCOIN,1,1,2026-06-18T20:15:35.000Z,2026-06-18T20:15:35.000Z,12868.228199211002,1976.2823643495765,13961.391298265149,1.084950552798028,<2x,0,1.5,2026-06-19T18:55:13.877983+00:00
9qwxahBxcgKyn5X7kZvkN7qxKZg6pkVD8Lo4URtopump,CS,chicken shrimp,1,1,2026-06-17T20:53:12.000Z,2026-06-17T20:53:12.000Z,26242.95428433893,207208.01729622422,309522.9191727256,11.794515046556336,10x-20x,0,20.0,2026-06-18T21:56:41.803028+00:00
9rNQ5oCh5Ujb3NkkhLUA5kGDbgYV5qB4JjT5gsnMpump,WHATIF,What If We Buy And Never Sell,1,1,2026-06-16T19:07:42.000Z,2026-06-16T19:07:42.000Z,13461.53078425174,2035.7300768633384,13461.53078425174,1.0,<2x,0,1.5,2026-06-18T04:13:36.844430+00:00
9sNUvE8gB4aRTFw5u96pg1ZtXQN3r71iGdmEsCrNBAGS,ASTEROID,ASTEROID,1,1,2026-06-17T18:14:07.000Z,2026-06-17T18:14:07.000Z,438670.33022968634,28386.047697080558,438670.33022968634,1.0,<2x,0,1.5,2026-06-18T18:11:39.657284+00:00
9tgdsnV61nBdcZFqzLSQdJEt5ZfMmEgCP6rjxirgpump,IMG,Infinite Money Glitch,1,1,2026-06-18T13:53:13.000Z,2026-06-18T13:53:13.000Z,13074.412543616289,2137.47731785007,18159.57303420823,1.3889398834271007,<2x,0,1.5,2026-06-19T13:55:09.448511+00:00
9xixk71Wfqr8gA43gHeeSWUUgMrYDGnrYjm1NRZhpump,SBF,OFFICIAL SBF COIN,1,1,2026-06-17T05:07:55.000Z,2026-06-17T05:07:55.000Z,14308.341874671185,1984.1315882936567,14308.341874671185,1.0,<2x,0,1.5,2026-06-18T05:07:57.822023+00:00
A2xbyhjEsdEBF89WYAo6GyRok5mgw2SLNw1RPh2fBAGS,DECOIN,Decentralized Coin,1,1,2026-06-17T19:16:40.000Z,2026-06-17T19:16:40.000Z,137087.64740431923,29207.61774151749,137087.64740431923,1.0,<2x,0,1.5,2026-06-18T19:16:02.344445+00:00
A5KGkmizjton39YXYptuyYRBbgFAwbdVq6aAz3Wwpump,CHEESE,Cheese Game,1,1,2026-06-18T02:38:32.000Z,2026-06-18T02:38:32.000Z,19781.940452888106,1944.2973591245154,19781.940452888106,1.0,<2x,0,1.5,2026-06-19T02:38:18.980773+00:00
AAe2ZauoJYV3L2z4tja82MJuw21SrTkjEQDBidwepump,TBC,THE BORING COMPANY,1,1,2026-06-19T08:33:56.000Z,2026-06-19T08:33:56.000Z,12584.054742540775,2141.2444181790684,12584.054742540775,1.0,<2x,0,1.5,2026-06-20T08:39:05.035746+00:00
ABq9niaH28GhGzZXbG78TT43tqoz5nNrBDp68nBMpump,POKESTRAT,POKESTRAT,1,1,2026-06-19T01:24:57.000Z,2026-06-19T01:24:57.000Z,23984.023722667498,1358.9048112919352,36892.735521154704,1.53822127378431,<2x,0,2.0,2026-06-19T18:55:03.051306+00:00
ADA9mtno4BVknoSefbqdh7aMPg4wwxZHKByRpJNTpump,RIZZMAS,Rizzmas,1,1,2026-06-16T18:15:59.000Z,2026-06-16T18:15:59.000Z,497208.4148687229,676526.0172936578,806349.2098823613,1.6217529425668717,<2x,0,2.0,2026-06-17T18:17:47.063973+00:00
AHGnx8kuzyKKTecwmoxZtVQ9ySVosMo677dgrBcgpump,HOE,Horizon of Eternity,1,1,2026-06-19T01:40:23.000Z,2026-06-19T01:40:23.000Z,294214.2392484629,7373.514863940923,363428.31512624305,1.2352505985250057,<2x,0,1.5,2026-06-19T18:55:11.128204+00:00
AXGXsUwJjZb3rZ9ks2qAxf5cN85kec3dAYRNBHbtpump,WATER,trade this and make water,1,1,2026-06-17T19:51:03.000Z,2026-06-17T19:51:03.000Z,13338.014418745326,1973.4450514717164,13338.014418745326,1.0,<2x,0,1.5,2026-06-18T19:50:29.029571+00:00
Aa9AjzPJx7VdDuHXj3yKJxtcSWJsRJhNk1a6fv5TBAGS,BAGWORK,BAGWORK,1,1,2026-06-17T09:02:17.000Z,2026-06-17T09:02:17.000Z,165018.060995023,29799.706452569422,165018.060995023,1.0,<2x,0,1.5,2026-06-18T09:02:42.102113+00:00
AbSKMeQ3RAUKxjDij4SvLhCdv3AnoQgZ2jHQWo5ypump,SKY,Skytopia,1,1,2026-06-19T10:01:17.000Z,2026-06-19T10:01:17.000Z,12856.816283056436,2057.460026227429,15701.15531891631,1.2212319887940168,<2x,0,1.5,2026-06-20T10:03:02.759316+00:00
Ado8pBCmHfgt27Q9MZE9zSELUDraDhdSQx4zEdPjZpQB,SDS,Solana Derangement Syndrome,1,1,2026-06-16T17:58:31.000Z,2026-06-16T17:58:31.000Z,12906.635570601155,2070.9440807623178,12906.635570601155,1.0,<2x,0,1.5,2026-06-17T17:55:51.034703+00:00
Ago3xFUD36gvQUYkxx1zjRWtTbfhy23cR79SPFPzpump,Minimi,Minimi The Squirrel,1,1,1781520210,1781520210,13719.360390297803,11024.755394357053,79447.65333163655,5.790915251983697,5x-10x,0,10.0,2026-06-18T04:18:11.465994+00:00
AnZYRKWeKPbnmDtQL2wNXrjjpP2xA98HAMdDksAhBAGS,FENN,Fenn Begs,1,1,2026-06-18T22:08:46.000Z,2026-06-18T22:08:46.000Z,972413.4066275455,110799.48062500356,972413.4066275455,1.0,<2x,0,1.5,2026-06-19T18:58:39.130013+00:00
Ay8nkpct7adFmxj32ezcCGSg16XUeRY6ivSt1JJ4pump,Thing,Thing,1,1,2026-06-18T03:55:26.000Z,2026-06-18T03:55:26.000Z,12860.474691915766,1790.9847869606392,46615.70275315845,3.6247264482750072,2x-5x,0,4.0,2026-06-19T03:55:44.265315+00:00
B3o6jw34AfFwtEdjeMw6pFZjgZAniH11sqKrVM6Fpump,TAKE,Take P,1,1,2026-06-17T06:18:27.000Z,2026-06-17T06:18:27.000Z,14014.75749711983,2206.0314117116445,16933.079609643275,1.2082320805852822,<2x,0,1.5,2026-06-18T06:16:14.421767+00:00
BAJtBf226aoDN5wDgJByxyspfUrxdDtqvnbSNBRupump,SPRITE,design a sprite,1,1,2026-06-17T15:09:12.000Z,2026-06-17T15:09:12.000Z,24525.103936337717,11232.909802663304,24749.153096139205,1.0091355029680231,<2x,0,1.5,2026-06-18T16:06:37.602664+00:00
BBigotCNXbM14JqKjgbnRiKU6BLfgFv7FNPqEDHKpump,1ELON,1ELON,1,1,2026-06-17T11:46:24.000Z,2026-06-17T11:46:24.000Z,14493.308637439159,1987.3105179500935,14493.308637439159,1.0,<2x,0,1.5,2026-06-18T11:48:12.332521+00:00
BJDChs7Cvh1wgcgRN9Bh4jB6shMaa2zTDM8izndopump,FRANTZVE,Frantzvefication,1,1,2026-06-16T17:45:31.000Z,2026-06-16T17:45:31.000Z,13929.433368055747,2065.237876306526,13929.433368055747,1.0,<2x,0,1.5,2026-06-17T17:39:35.217617+00:00
BW7dRJs7Cz1ga86cq2dxav9pMuX9VPVoya4RQbaRBAGS,$22M,22M DOLLARS IN 3 FUCKING HOURS,1,1,2026-06-17T08:09:46.000Z,2026-06-17T08:09:46.000Z,355140.142173846,33976.901315324656,355140.142173846,1.0,<2x,0,1.5,2026-06-18T08:05:05.779353+00:00
BaRmbJUCrKt7m7FLN7Gwgd2TDCtoQmo1iG14ZzCApump,Amore,Joby's Dog,1,1,2026-06-18T12:28:59.000Z,2026-06-18T12:28:59.000Z,15817.635667003296,14674.226568337572,54750.25395603542,3.4613424603177774,2x-5x,0,4.0,2026-06-19T12:35:49.759510+00:00
BaYJ9uTr7h7qfWhHSNffW41ZQnSbmidFwny9ETYfpump,DJBOOM,SpaceX Seal,1,1,2026-06-16T04:44:31.000Z,2026-06-16T04:44:31.000Z,13767.404358376574,2939.1459760370594,76852.83402201321,5.582231190533257,5x-10x,0,10.0,2026-06-17T04:50:47.848902+00:00
Bdzme2Jm8XdsAmQXhkgkqy8XNuEigogRct34mypoBAGS,ELON,Speedrun to an Elon,1,1,2026-06-17T11:37:46.000Z,2026-06-17T11:37:46.000Z,491858.3571579949,29856.278813158482,496943.6187108278,1.0103388739437427,<2x,0,1.5,2026-06-18T11:35:28.767359+00:00
Bh4to2KQyUuZWmn4h7FpTUVQJ3Lc2vhACMaTzbbGpump,TRUNP,Trunp,1,1,2026-06-19T00:57:28.000Z,2026-06-19T00:57:28.000Z,20850.08049550718,26548.82849552349,54609.863205803296,2.619167979594647,2x-5x,0,3.0,2026-06-19T18:55:02.545873+00:00
BmNASdTTgXc1AhvMqFiPBKp3kwrPeHchn7LbbWeSpump,COLLECTABLE,Collectable Coin,1,1,2026-06-19T14:53:38.000Z,2026-06-19T14:53:38.000Z,14780.048949713399,104292.06376012396,117693.57816883909,7.963003273485186,5x-10x,0,10.0,2026-06-20T13:41:56.059606+00:00
BndTSuJSqfKQ5kchNBKUxBibYWtmDWkNmE4ET22Upump,OATF,Official American Trust Fund,1,1,2026-06-18T00:41:27.000Z,2026-06-18T00:41:27.000Z,26982.41316541133,32733.40793991884,34711.453309574215,1.2864473276271196,<2x,0,1.5,2026-06-19T00:26:52.323928+00:00
BnfJQKjttnbayTv3YHFuP8Qz2FptdEnV1baUVH9qBAGS,INFINITE,Infinite Machine,1,1,2026-06-17T18:45:36.000Z,2026-06-17T18:45:36.000Z,306179.3718475713,28108.29381740066,306179.3718475713,1.0,<2x,0,1.5,2026-06-18T18:45:33.353983+00:00
Bt3XP4gAZJcfNSBbseNbypEAu6JkGHvkZ3dJW1gspump,NARC,NoelClaw Arcade,1,1,2026-06-17T23:36:40.000Z,2026-06-17T23:36:40.000Z,12759.805397502221,15061.273671836172,28178.790865537954,2.2084028703959744,2x-5x,0,3.0,2026-06-19T00:16:03.931082+00:00
ByYAq5QmKLkrj7BrHVAZRncLRDiFX3WHNBs3Fug2pump,Tagoh,Tagoh,1,1,2026-06-17T16:21:04.000Z,2026-06-17T16:21:04.000Z,14326.941914585346,1935.136412725448,14326.941914585346,1.0,<2x,0,1.5,2026-06-18T16:19:24.080075+00:00
C1GMeaQk7cxqH4nRiGiiDixJhPpMmxFSw9PWEhjMgQFh,GTA6,Grand Theft Auto VI,1,1,2026-06-18T13:04:50.000Z,2026-06-18T13:04:50.000Z,16161.716578752665,1917.752315178151,16161.716578752665,1.0,<2x,0,1.5,2026-06-19T13:02:27.301184+00:00
C62QnxGVAa9AV4br5BpUzonaKxXc8jAczp6hFL47pump,Horse,The Horse,1,1,2026-06-19T15:22:01.000Z,2026-06-19T15:22:01.000Z,13615.023041460294,2045.1952245573507,13615.023041460294,1.0,<2x,0,1.5,2026-06-20T13:45:09.159420+00:00
C85z75rjVDM7ibrMC1BwJLb84cvdNcXDwXqEFKJGpump,MOONTROLL,MOONTROLL,1,1,2026-06-16T19:59:06.000Z,2026-06-16T19:59:06.000Z,20064.834968976873,6274.140984314881,20064.834968976873,1.0,<2x,0,1.5,2026-06-17T19:45:33.230361+00:00
CAhc23UwNgpaNigajHgrKwk4HLNQjtn5buMLTGV4BAGS,CNTBAGWORK,CNTbagwork,1,1,2026-06-18T19:20:38.000Z,2026-06-18T19:20:38.000Z,265343.1831352435,27473.75422825037,265343.1831352435,1.0,<2x,0,1.5,2026-06-19T18:58:34.797661+00:00
CB6DadqnWqipcuTCYTUdaRPfkZZ2Fq6FeXNrQJevpump,HYPOMNEMATA,Hypomnemata,1,1,2026-06-17T23:38:03.000Z,2026-06-17T23:38:03.000Z,13691.575878106582,1582.1099222677108,18397.15960594992,1.3436845962609585,<2x,0,1.5,2026-06-18T23:38:04.056741+00:00
CFpfvwCRMydgQPqvazc9EZL4meuDg4qUKBhWnyoppump,Kyu,きゅう,1,1,2026-06-18T15:39:35.000Z,2026-06-18T15:39:35.000Z,15989.367325494422,2338.307598905704,15989.367325494422,1.0,<2x,0,1.5,2026-06-19T15:46:01.560652+00:00
CUKM69nPUo4soNimeKKMxoAvhidrore8jA6u2DY4pump,Residence,Residence,1,1,2026-06-20T12:41:12.000Z,2026-06-20T12:41:12.000Z,14545.841386681228,2231.988497982354,14545.841386681228,1.0,<2x,0,1.5,2026-06-20T22:14:33.272672+00:00
CZg8qo6fAqVcVxZmgJFWxJqpGp3EHRvPTHaJafqNpump,Binface,Count Binface,1,1,2026-06-19T13:00:35.000Z,2026-06-19T13:00:35.000Z,13772.409891830694,1640.0575181853987,30117.292910982156,2.186784531358355,2x-5x,0,3.0,2026-06-20T12:59:20.008829+00:00
CaQWZ4epMiPEsDZqDia5BfSee4h3czLAduJ4PmrPpump,GRUMPY,Grumpy cat,1,1,2026-06-18T06:03:43.000Z,2026-06-18T06:03:43.000Z,15454.644781937679,1704.1419535419607,18512.117247722214,1.1978351821685282,<2x,0,1.5,2026-06-19T06:00:44.240888+00:00
Cg3oJcnK3EQkngr66GnMHfrA2HoCm4aRZnNj44tLrkNz,SNIF,Sniffles,1,1,2026-06-17T22:07:58.000Z,2026-06-17T22:07:58.000Z,14068.689207449946,7064.499114487349,25136.79064378898,1.7867187392609414,<2x,0,2.0,2026-06-18T22:19:31.478030+00:00
CgJ4itfGDWcCU7ZX8USPwDHvBP1X7qwuECMpmmeipump,YN,young nigga,1,1,2026-06-19T04:41:23.000Z,2026-06-19T04:41:23.000Z,15408.363271668175,1435.7442656679991,15408.363271668175,1.0,<2x,0,1.5,2026-06-19T18:51:23.726799+00:00
CjUsokpKJ2js9eNm8fCbiktKVTqLKAx14AmPjdKbpump,MEMEOPOLY,MEMEOPOLY,1,1,2026-06-16T20:17:13.000Z,2026-06-16T20:17:13.000Z,13486.874748630617,2059.403557179666,13486.874748630617,1.0,<2x,0,1.5,2026-06-17T19:40:12.528973+00:00
CsTkBg1w2L76EMoKaiQbXtrfSb95rNzquWueMXx9pump,FIH,Justice For Fih,1,1,2026-06-16T05:32:28.000Z,2026-06-16T05:32:28.000Z,13445.724033981427,2620.800650539185,13445.724033981427,1.0,<2x,0,1.5,2026-06-17T06:11:07.112954+00:00
CszvPGwxpXsJX9ghRUpEGotu2c4stu4v7Gx3i6tpump,DRIPZ,Dripz,1,1,2026-06-18T17:46:25.000Z,2026-06-18T17:46:25.000Z,13887.680045742885,1983.360102805062,13887.680045742885,1.0,<2x,0,1.5,2026-06-19T17:45:54.546124+00:00
CtNC5wuHcGBDMEYHMnpnqFi63gJpxhnPuRSX8SH2pump,USOT,United States Oil Trust,1,1,2026-06-19T10:54:16.000Z,2026-06-19T10:54:16.000Z,22541.00111242136,162705.0547167009,166833.89091374062,7.401352321561519,5x-10x,0,10.0,2026-06-20T11:04:11.771942+00:00
D3jnVDrA9H9E9K9ztLk62iYZXJsKTG1vfX9L6ADqpump,Percy,Elon' Dog,1,1,2026-06-17T20:27:47.000Z,2026-06-17T20:27:47.000Z,13915.591737562687,2007.3175821996417,13915.591737562687,1.0,<2x,0,1.5,2026-06-18T20:27:37.486099+00:00
D9KNgVoYGE1iG9bSxRvigDhAr7QNoFK4qenrKbwppump,elon,1 Elon can change your life,1,1,2026-06-17T11:32:18.000Z,2026-06-17T11:32:18.000Z,14060.28220749563,1992.3812419002707,14060.28220749563,1.0,<2x,0,1.5,2026-06-18T11:35:25.597525+00:00
DUGqUGBrcZS7ZGmjkYVbTrsAFE1AWV3EmD2pbF9Jpump,EDC,ElonDongCoin,1,1,2026-06-16T22:07:34.000Z,2026-06-16T22:07:34.000Z,13014.203941854832,2025.6645255888125,13014.203941854832,1.0,<2x,0,1.5,2026-06-18T04:12:41.085350+00:00
DWF2TFVHzDdsqXwtxJphpwDHrQfjuRSLkDup6a1bBAGS,TURTLE,TheMisterTurtle,1,1,2026-06-17T02:52:17.000Z,2026-06-17T02:52:17.000Z,425332.0317717399,29859.880023268324,425332.0317717399,1.0,<2x,0,1.5,2026-06-18T02:49:40.805185+00:00
DXbWYHDscBqR2J3APznFNJKeaX7fRCxuJK1zV7R6pump,VOYAGER,the voyager sprite,1,1,2026-06-18T23:02:50.000Z,2026-06-18T23:02:50.000Z,13192.65910820647,1967.5641174271368,16206.533518071945,1.228450866890868,<2x,0,1.5,2026-06-19T18:58:49.806812+00:00
DYiM38A1bGivRNAqhFUDXKamJyKTmSBRorefom9vpump,BILLBOARD,Billboard coin,1,1,2026-06-18T18:55:31.000Z,2026-06-18T18:55:31.000Z,13108.188907327953,1937.3941444478353,13108.188907327953,1.0,<2x,0,1.5,2026-06-19T18:44:02.396862+00:00
DbPoMfgEdHvad7GbCUQqsjA2YCNGB9h4B7LGvCsTpump,Thomas,Justice for Thomas,1,1,2026-06-17T10:54:05.000Z,2026-06-17T10:54:05.000Z,16645.02901306184,2169.0333241735657,16645.02901306184,1.0,<2x,0,1.5,2026-06-18T10:54:10.359105+00:00
DhxZUSSg9TQpSaLkk434pTRVYEpWBMbUGP7LCvpApump,Hearth,Hearth,1,1,2026-06-16T22:16:24.000Z,2026-06-16T22:16:24.000Z,13043.186604017317,2016.3166408592137,13043.186604017317,1.0,<2x,0,1.5,2026-06-17T22:23:23.929293+00:00
DkjxLSuEfNScz9X1aj9nsBSP4qUZz53ZTuQvhkhQpump,Specsy,Specsy the Alien,1,1,2026-06-19T00:15:23.000Z,2026-06-19T00:15:23.000Z,12767.580559323938,5888.4067380425495,29371.71658282514,2.300491972331868,2x-5x,0,3.0,2026-06-19T18:59:06.392687+00:00
DrkxWKNSZecBY4MhMThGW5531ZUNnYFktBMeYrAYBAGS,10M,10M Before GTA VI,1,1,2026-06-18T14:01:49.000Z,2026-06-18T14:01:49.000Z,137952.25744566054,36900.3927347427,137952.25744566054,1.0,<2x,0,1.5,2026-06-19T14:01:43.932834+00:00
Ds6KuboW1eVuVioNvSdMy54VPm6hgHLfSdfPNMRZBAGS,1B,Speedrun To 1 Billion,1,1,2026-06-18T03:31:30.000Z,2026-06-18T03:31:30.000Z,1931268.1763306723,2046620.8598188497,17265235.21299561,8.939843479323947,5x-10x,0,10.0,2026-06-19T03:45:09.106991+00:00
DwL2vQEuNgPcECPaPASboE8NhfRqbGdXe2CbxHT4bonk,BOINKS,Boinks,1,1,2026-06-18T18:50:45.000Z,2026-06-18T18:50:45.000Z,12099.409767133311,2900.3367635426184,12099.409767133311,1.0,<2x,0,1.5,2026-06-19T18:51:20.564634+00:00
DxP24NfUZZZE4sNUWDKdvd76yGCeZ6DsuSojn2Kwanon,anon,anon,1,1,2026-06-18T18:15:46.000Z,2026-06-18T18:15:46.000Z,12218.248339728616,2123.524712318214,12218.248339728616,1.0,<2x,0,1.5,2026-06-19T18:39:49.866089+00:00
DxtwfeWaeroAj4WjEs67sT9jwyHPUxH13rUeqPGFpump,GABRIELA,Gabriela Chiquin,1,1,2026-06-20T10:53:09.000Z,2026-06-20T10:53:09.000Z,18926.39077960762,3935.1596527011766,24249.92493793862,1.2812757181399257,<2x,0,1.5,2026-06-20T22:14:32.950484+00:00
Dzun8Xo5b5E1bHTNMbsLFiRqSMGUdNt2qxj2Pkqvpump,Plip,Plip Pet,1,1,2026-06-17T18:43:23.000Z,2026-06-17T18:43:23.000Z,17539.534527445445,2009.4242693437131,17539.534527445445,1.0,<2x,0,1.5,2026-06-18T18:38:20.205264+00:00
E6Bh9FSsyY7qz7LBRtDuccn9VjhW9DYFBWXEKZL5pump,PIZZA,stable asset,1,1,2026-06-19T14:25:16.000Z,2026-06-19T14:25:16.000Z,21976.1964269718,4124.216552053414,21976.1964269718,1.0,<2x,0,1.5,2026-06-20T13:41:55.187719+00:00
E76Ud732NghAsFBcsFdru4xb394NbWjPoT3no3uqpump,Epsztin,Mohamed Epsztin,1,1,2026-06-17T11:26:45.000Z,2026-06-17T11:26:45.000Z,16397.05186011798,2373.6914322647917,16397.05186011798,1.0,<2x,0,1.5,2026-06-18T12:10:16.566651+00:00
E8UXwqhNiiMwVRRV4F81rUBUYXNUd4bA78ZxpQxZpump,JAMESON,Justice For Jameson The Doodle,1,1,1781535655,1781535655,18069.1329601974,176982.05846164076,206581.2703644976,11.432826955203321,10x-20x,0,20.0,2026-06-18T04:17:23.540162+00:00
E8jatirZnb6SqBmJxeq4vQnvJozv7yJTgAyKkyJkjgQT,Longchu,Pikaman,1,1,2026-06-17T10:02:14.000Z,2026-06-17T10:02:14.000Z,13279.192904395777,2008.607381087819,13279.192904395777,1.0,<2x,0,1.5,2026-06-18T10:06:23.831802+00:00
EAnc2dLzmUjuyvvhx7MLZPDM8tQRq4RDfqdymjNfBAGS,SPCX,SpaceX,1,1,2026-06-17T02:53:35.000Z,2026-06-17T02:53:35.000Z,295234.7366206859,177643.960456911,506900.59254436556,1.716940893698513,<2x,0,2.0,2026-06-18T02:52:56.746454+00:00
EByQ7EqHEhARCnFsNFePZ2r7VgCHjKnzY2JC97atpump,INDIEGEN,Indie Generator,1,1,2026-06-18T23:34:55.000Z,2026-06-18T23:34:55.000Z,15665.61724373925,1375.6905657066907,15665.61724373925,1.0,<2x,0,1.5,2026-06-19T18:59:05.118895+00:00
EJaTyzGWEbZA3cqUnWghxpGXsAWYUDRD3ucK8Vkfpump,GSF,Grove Street Families,1,1,2026-06-18T23:32:04.000Z,2026-06-18T23:32:04.000Z,14490.314919465734,2333.631824526271,14490.314919465734,1.0,<2x,0,1.5,2026-06-19T18:58:39.346921+00:00
EKsUYQL6tQMjySmDWmE8PGuTZNM5xGw61Nufsffepump,Whitewhale,WhiteWhaleDropper,1,1,2026-06-16T17:53:42.000Z,2026-06-16T17:53:42.000Z,13187.495508034039,2193.8166721905823,13187.495508034039,1.0,<2x,0,1.5,2026-06-17T17:55:51.439559+00:00
EMNCR4iKCgR7F1RUY4Za6SzSpJwULQGYZmzZkdwNpump,infinity,infinity,1,1,2026-06-18T19:26:21.000Z,2026-06-18T19:26:21.000Z,26873.678520579895,21384.52006907159,53416.63116984737,1.9876933159314552,<2x,0,2.0,2026-06-19T18:58:47.082495+00:00
ETMeUUWoSzkF4cvibs6k2kRUn3xAuKX6VHYYyvKZpump,ANSEM,Nigger By Matt Furie,1,1,2026-06-16T21:29:49.000Z,2026-06-16T21:29:49.000Z,13016.922773516091,2154.625822845267,13016.922773516091,1.0,<2x,0,1.5,2026-06-18T04:12:51.755482+00:00
EXUZxPJwAM56rzEnVhNSjMAbvQgfykY2VqqNSh6Dpump,WAIFU,WaifuCoin,1,1,2026-06-19T07:27:06.000Z,2026-06-19T07:27:06.000Z,12170.633657636534,1937.7116872892727,20936.704852962037,1.720264157308291,<2x,0,2.0,2026-06-19T18:58:40.640324+00:00
EXk6HJh7dYoMnX7En1apVcdw91PqsbNMaF5KiBuhpump,FATOU,RIP FATOU,1,1,2026-06-16T06:45:38.000Z,2026-06-16T06:45:38.000Z,13912.811600115772,2076.2607102852517,13912.811600115772,1.0,<2x,0,1.5,2026-06-17T06:52:28.437215+00:00
Ebv9RGybF848qVAtko1gW7u2RSs65v2kXSHUTQHCTRiX,POOKU,POOKU,1,1,2026-06-19T00:02:06.000Z,2026-06-19T00:02:06.000Z,10229.497837412398,4168.180434807609,11389.796455745653,1.1134267426197293,<2x,0,1.5,2026-06-19T18:55:07.089156+00:00
Ee59eiwnaYWWPe588Er7qwy7HhJAFXb9nE8NGAempire,EMPIRE,AIge of Empires,1,1,2026-06-16T23:00:08.000Z,2026-06-16T23:00:08.000Z,16911.42302423179,2054.9956259581804,16911.42302423179,1.0,<2x,0,1.5,2026-06-17T22:57:53.370917+00:00
EeMWsbbcCi3Wyp1biDUqa93YAdEronW6i25czafpump,SPDR,Spider Robotics,1,1,2026-06-19T13:31:29.000Z,2026-06-19T13:31:29.000Z,12735.359498967879,1985.2293982574304,12735.359498967879,1.0,<2x,0,1.5,2026-06-20T13:32:20.568609+00:00
EmAnkHTaPNmHVn59Dkf3of6ZKGq1UKbHtEpi6hRXpump,ANSEM,Ansem The Wise,1,1,2026-06-16T21:26:11.000Z,2026-06-16T21:26:11.000Z,13150.04891849963,2026.607033847365,13150.04891849963,1.0,<2x,0,1.5,2026-06-17T19:39:55.216642+00:00
ErFUkwEzKuqsikBkMxFwnTQ4zLZXGUnot5Ewvnr5pump,CENTER,Card Center,1,1,2026-06-18T00:37:15.000Z,2026-06-18T00:37:15.000Z,16428.92226179678,1240.982107313562,16428.92226179678,1.0,<2x,0,1.5,2026-06-19T00:30:32.689876+00:00
Es9ManscSwzmfBjiYqDrojLgzhc9PmRn68ufASBHpump,CHAIR,Empty CHAIR,1,1,2026-06-16T17:24:36.000Z,2026-06-16T17:24:36.000Z,27446.550884352127,2066.7042889868603,27446.550884352127,1.0,<2x,0,1.5,2026-06-17T17:22:49.459337+00:00
EuE8uFkJKSRRzsLcxbzyR6QEdN8dKgFMhBQ1E5iApump,BLACKMAN,The Reasonable Blackman,1,1,2026-06-17T00:00:37.000Z,2026-06-17T00:00:37.000Z,13158.508392652724,2080.410811507907,13158.508392652724,1.0,<2x,0,1.5,2026-06-18T00:04:18.784442+00:00
EwswnwrzzhFq5wpWMUu7rHhDm8WxpytC3Goim1Jbpump,TRENCHES,PlayTrenches,1,1,2026-06-20T22:10:14.000Z,2026-06-20T22:10:14.000Z,14865.355554498501,51488.76514631421,51488.76514631421,3.463675319271651,2x-5x,0,4.0,2026-06-20T22:14:33.007238+00:00
Exj9Tiww7X4F3LxuSCGsqs2k7TbB5mQz6SvieUzspump,SENT,Sentient,1,1,2026-06-18T14:13:53.000Z,2026-06-18T14:13:53.000Z,13734.500403772954,3699.4271582323963,15976.930355728804,1.1632698595530886,<2x,0,1.5,2026-06-19T14:14:51.774663+00:00
F4rBqiXHkr6GrBx7yYefEoLhWP3Q21dr9JUE7cs5hsrY,Grok,Official Grok Coin,1,1,2026-06-18T12:26:37.000Z,2026-06-18T12:26:37.000Z,14664.579310405974,1915.3661351796381,14664.579310405974,1.0,<2x,0,1.5,2026-06-19T12:25:55.998476+00:00
FGxuX4ji2uV81PniqW5MLWtCT6icXsrFwfyVAii9BAGS,MIM,magic internet money,1,1,2026-06-17T18:46:54.000Z,2026-06-17T18:46:54.000Z,283112.634760229,29137.369950178967,283112.634760229,1.0,<2x,0,1.5,2026-06-18T18:45:42.139422+00:00
FdUCnpoTktJrmct55L3Rfpk9NDbd3KZpicwUXA9Bpump,Sheba,The Human Chimp,1,1,2026-06-18T17:03:55.000Z,2026-06-18T17:03:55.000Z,13432.674873484559,2278.9155281142343,23172.512616833636,1.7250854974964844,<2x,0,2.0,2026-06-19T17:31:28.381193+00:00
Fgxx5TmkW9MDs2quLB7sYQwJYNMDprdt4kHyWe8ypump,PIP,Pip The Baby Squirrel,1,1,2026-06-16T21:23:19.000Z,2026-06-16T21:23:19.000Z,13227.914411012125,2026.7167260548156,13227.914411012125,1.0,<2x,0,1.5,2026-06-17T19:45:33.211435+00:00
FhbaGHu5ZhBqyigtqWasJrHyGQoFenrgcroVMTCNpump,topc,trenches of pumpcraft,1,1,2026-06-16T23:08:35.000Z,2026-06-16T23:08:35.000Z,13076.954394793047,2257.2224396656516,13076.954394793047,1.0,<2x,0,1.5,2026-06-17T23:07:58.943912+00:00
FidreAFHsPkgNdZgyRcu2EhFF3R7roA9KuYUM6tZpump,prutzker,prutzker,1,1,2026-06-17T15:51:22.000Z,2026-06-17T15:51:22.000Z,13205.916205271475,2368.350309756703,13205.916205271475,1.0,<2x,0,1.5,2026-06-18T15:53:53.315103+00:00
FjjgcySgTgtATcmwit6FikQ45ARbgD3obbhXxAVNpump,500K,500K in 5 Minutes,1,1,2026-06-18T02:47:40.000Z,2026-06-18T02:47:40.000Z,14665.803921817916,1951.7676926103256,14665.803921817916,1.0,<2x,0,1.5,2026-06-19T02:48:04.061945+00:00
FoiUBbx7SAtGVJrBx2rtDbka6XebS12Qzd2WzXvgpump,WAIFU,WaifuCoin,1,1,2026-06-18T20:59:32.000Z,2026-06-18T20:59:32.000Z,51677.204524708446,18388.46437912592,144603.69614310918,2.798210496737875,2x-5x,0,3.0,2026-06-19T18:55:02.386315+00:00
Fvqj37hHtB37A5KnjY7r12E4pgLLUTtJiLFMyswsicar,SICAR,Sicar.io,1,1,2026-06-16T17:54:48.000Z,2026-06-16T17:54:48.000Z,62552.59397889174,1692.8722191861998,62552.59397889174,1.0,<2x,0,1.5,2026-06-17T17:50:28.577040+00:00
G4nJ8psjvB1AuVFiHeWsTGmGzrV2gEEfNMN45M5vpump,硬币,硬币,1,1,2026-06-17T16:17:06.000Z,2026-06-17T16:17:06.000Z,13306.733990156468,1358.5635412851925,13306.733990156468,1.0,<2x,0,1.5,2026-06-18T16:16:08.406830+00:00
G9urCuGt7kQcdFu7Ss62Wd5kDFExH47w6riTEdMnoadM,ASI6900,ANSEM SHILL INDEX 6900,1,1,2026-06-18T02:18:39.000Z,2026-06-18T02:18:39.000Z,12882.424515596224,2006.21704897118,14804.801202815897,1.1492247584988626,<2x,0,1.5,2026-06-19T02:21:52.514421+00:00
GCixDrFnkfCUJMHYsENQBRBdXJtbniUFKzT3dymfpump,AFTER,AFTER GTAVI,1,1,2026-06-18T14:05:54.000Z,2026-06-18T14:05:54.000Z,13805.77771835908,3950.887298766506,28132.12812990725,2.0377068719929357,2x-5x,0,3.0,2026-06-19T14:08:20.458685+00:00
GT541LwRhAZFL149mpHtrEMTjZqm1r269eBfrq7Npump,DRIP,Bitcoin Drip,1,1,2026-06-19T14:28:08.000Z,2026-06-19T14:28:08.000Z,13501.135333424767,2232.0347520022715,15779.020652836043,1.1687180569008826,<2x,0,1.5,2026-06-20T13:45:09.106910+00:00
GUrNWV2kARKwi7bhcimknoBpUhDHTsKht3aK2kJLBAGS,ASTEROID,Asteroid Shiba,1,1,2026-06-17T18:18:47.000Z,2026-06-17T18:18:47.000Z,719359.7781456781,27581.857135913473,719359.7781456781,1.0,<2x,0,1.5,2026-06-18T18:18:23.427815+00:00
GYCDh8koGqQdQfCsbkxG9oCuvShWUyDQFMCdyAwZpump,Mussi,Leonel Mussi,1,1,2026-06-17T23:25:38.000Z,2026-06-17T23:25:38.000Z,13554.480774704443,1715.4386735834853,37724.269056144294,2.783158549794533,2x-5x,0,3.0,2026-06-18T23:24:26.596089+00:00
GZoTNWDs77uPdj5xm6K4CVGJZ6g6BoCHawY1RMfhpump,COGE,Cogecoin,1,1,2026-06-18T12:06:02.000Z,2026-06-18T12:06:02.000Z,16292.036654000374,4497.400621395549,21875.62859836715,1.342719088039602,<2x,0,1.5,2026-06-19T12:06:06.801880+00:00
GaJ7uTMF6Xw38v6EaHHQ5iyqPJzUHdEJHNTrBoNaPvPA,OGHobbes,OG Hobbes,1,1,2026-06-16T21:01:05.000Z,2026-06-16T21:01:05.000Z,17620.23347622651,2066.7493173719886,17620.23347622651,1.0,<2x,0,1.5,2026-06-17T19:45:34.489285+00:00
Gj2n3Y7BUH55rRViCKSpNFmoQzZ173DSH6HbMtKSpump,Ranch,Ranch,1,1,2026-06-19T00:40:38.000Z,2026-06-19T00:40:38.000Z,14428.215802666322,195671.99030807804,306758.9111875811,21.26104262530453,20x+,0,30.0,2026-06-19T18:55:10.794418+00:00
GkZwuG7UREDWnXjS8DxyCspUYKuYTsjYjrbKWwTSpump,Pari,Pari Mahulu,1,1,2026-06-19T08:00:30.000Z,2026-06-19T08:00:30.000Z,13220.22938618741,2858.191913590394,13357.05823351272,1.0103499601503336,<2x,0,1.5,2026-06-20T07:57:06.694696+00:00
GqtCwZ1tGGR8ntX4wgXyF91QUW1d5PUfjAijjNm2pump,Ooo,Beans,1,1,2026-06-17T13:42:51.000Z,2026-06-17T13:42:51.000Z,1461334.8105751136,737269.7811472926,1475996.9407153777,1.010033381832938,<2x,0,1.5,2026-06-18T13:46:15.319902+00:00
GtN6g4goM6TknvaG7F6oTEpdExtkgMy3veZzsFD6pump,WASTED,WASTED,1,1,2026-06-18T13:44:14.000Z,2026-06-18T13:44:14.000Z,14573.476883656736,6588.901649978358,23468.038477488022,1.610325296073032,<2x,0,2.0,2026-06-19T14:01:37.851067+00:00
GwwXmFiyAVZVaT76aKDxUPfzZZ2PhTCF7GqUfPbkpump,FR,First Route,1,1,2026-06-16T23:13:28.000Z,2026-06-16T23:13:28.000Z,14232.504805730834,2689.5524986558853,14232.504805730834,1.0,<2x,0,1.5,2026-06-17T23:18:24.416122+00:00
H3i1AwrZzubrni3quqaV74G6FSBiXyEtLq9fmnpqpump,HLI,Hliland,1,1,2026-06-19T03:25:45.000Z,2026-06-19T03:25:45.000Z,66974.0560474864,109937.54396382357,230259.91815359512,3.438046487588189,2x-5x,0,4.0,2026-06-19T18:58:37.977476+00:00
H4chsqkobEKjjiAt7r3TLJvp7qprR6aasjJFtkQcAqun,SKI,Ski Mask Dog,1,1,2026-06-18T17:59:25.000Z,2026-06-18T17:59:25.000Z,148026.5943378711,48750.72389671323,190785.92593291178,1.288862496541955,<2x,0,1.5,2026-06-19T18:39:49.563330+00:00
H5ZijmLydfM9uBqEsDv8GMD9rHTaWbijsYYLLu2Zpump,GAY,Gay Certificate,1,1,2026-06-16T21:02:06.000Z,2026-06-16T21:02:06.000Z,23963.308687141758,4978.359256608082,23963.308687141758,1.0,<2x,0,1.5,2026-06-17T19:45:33.598767+00:00
H5gqAwecqhRueNjbNrdygDbs9VqmtzDFVJVgq1yDpump,Beatles,The Fab Four,1,1,2026-06-19T13:40:19.000Z,2026-06-19T13:40:19.000Z,14154.382902204477,2694.2840526325353,14154.382902204477,1.0,<2x,0,1.5,2026-06-20T13:38:46.253547+00:00
H97euUrSvGX2ddoF5D4UuMojUMbY67QBaJK4D5expump,VROOM,DrawRace,1,1,2026-06-17T17:44:01.000Z,2026-06-17T17:44:01.000Z,23206.783748474325,1423.3082584142812,23206.783748474325,1.0,<2x,0,1.5,2026-06-18T18:28:20.185951+00:00
HM9XYQihDEaKQQHnxo8fJVVVkUbXQD5WdgaD5XKepump,TR,TRENCHROYALE,1,1,2026-06-16T19:44:14.000Z,2026-06-16T19:44:14.000Z,17839.52870089257,1288.4524928755945,17839.52870089257,1.0,<2x,0,1.5,2026-06-17T19:40:04.567888+00:00
HN4nm315KuiVb9rLGfkdbvnNZ35dJEDXXyTYvaMApump,KROKO,Kroko,1,1,1781544994,1781544994,28048.26786716407,1510.4758303559772,28048.26786716407,1.0,<2x,0,1.5,2026-06-18T04:14:23.602628+00:00
HPPAVYNoZzmtGdzbRBY2EFbXDcueDY64FCaD2ZKypump,CCM,Compute Capital Markets,1,1,2026-06-18T11:23:33.000Z,2026-06-18T11:23:33.000Z,15896.371687890927,1766.2869907080837,16309.399094116223,1.0259824955238006,<2x,0,1.5,2026-06-19T11:17:17.491919+00:00
HQWWVyM3KfXt7bCf8dtw2yW3E5YybLg5LJ5tDzg1pump,ASI6900,ANSEM ETF,1,1,2026-06-18T16:00:45.000Z,2026-06-18T16:00:45.000Z,12857.322016525812,1944.9106721556836,12857.322016525812,1.0,<2x,0,1.5,2026-06-19T15:59:15.339114+00:00
HREUDWzLtmJrMjav48RY9iPRJr9r8KoTBLjWNjdPpump,RIV,Riviera,1,1,2026-06-17T19:29:03.000Z,2026-06-17T19:29:03.000Z,128032.15958987654,76191.66801397105,985726.547729483,7.699054291414328,5x-10x,0,10.0,2026-06-18T19:29:35.031511+00:00
HWQjsHJxQM9BxZd49mxtSs41m5y8Ub12WxuCYDk3pump,KARTS,Pump Karts,1,1,1781544481,1781544481,13364.948295806289,25941.950378466085,54323.31897135191,4.064611232981553,2x-5x,0,5.0,2026-06-18T04:18:40.699200+00:00
HWjFeJtgHk1oXBr5AyrbDGzFZQ4PTAHAhXrm92Xrpump,Gain,Everyone Has Something To Gain,1,1,2026-06-18T13:29:16.000Z,2026-06-18T13:29:16.000Z,18759.03885398593,1235.83324714487,18759.03885398593,1.0,<2x,0,1.5,2026-06-19T13:28:43.059462+00:00
HbiGTMusSryVbR2ZReEz34By9NFHqZaahWnbQyQEpump,RICH,Get Rich Quick,1,1,2026-06-19T14:19:59.000Z,2026-06-19T14:19:59.000Z,13596.33504822605,4980.045775465115,13596.33504822605,1.0,<2x,0,1.5,2026-06-20T13:41:50.932637+00:00
HfJ4jfZaH1LQKQGNbi3gVjP2ei4UxU3A35UypGG7pump,gta,grend thuft autism,1,1,2026-06-18T15:04:13.000Z,2026-06-18T15:04:13.000Z,12463.1767803536,2223.748421296073,21981.160742067113,1.7636884342936738,<2x,0,2.0,2026-06-19T15:02:38.741542+00:00
HoAVURefi1Nyo5qW3YFX3VBSimyX4fxZ5xnUewKDpump,NOTE,NOTE,1,1,2026-06-17T18:03:05.000Z,2026-06-17T18:03:05.000Z,13658.440567736892,1370.9217478526225,13658.440567736892,1.0,<2x,0,1.5,2026-06-18T18:01:36.005348+00:00
J1PSbntLgRqXCQ1xtNnJ1N36R5JjPUJjDdaho9K5pump,ジラーチ,Wish Upon a Jirachi,1,1,2026-06-18T06:31:11.000Z,2026-06-18T06:31:11.000Z,15709.140489276379,1948.5656586161476,15709.140489276379,1.0,<2x,0,1.5,2026-06-19T06:32:29.403365+00:00
LCCzL7F1uZxJhmEhQzoy2WtMPJW2jZXQG1AJrCKpump,RONALDO,Ronaldo The GOAT,1,1,2026-06-17T14:48:27.000Z,2026-06-17T14:48:27.000Z,21612.36239216607,3843.1786265218398,31204.653130936607,1.4438335136489984,<2x,0,1.5,2026-06-18T14:46:52.548639+00:00
Mv47FV3DbDiyYmBLjaV8ezWpdiVSr4NwwQ8rzz5pump,ZALUMAN,Zaluman,1,1,2026-06-19T17:25:55.000Z,2026-06-19T17:25:55.000Z,21530.94298821188,9158.703688716765,21530.94298821188,1.0,<2x,0,1.5,2026-06-20T13:41:56.907746+00:00
XVZ5i1VNDtSgc6Bksy8vHZoBncNx8sgyACGyqkSpump,COLLECTOOOR,the collectooor,1,1,2026-06-17T18:19:34.000Z,2026-06-17T18:19:34.000Z,13982.748293128587,3613.6621488085,44162.9827174003,3.15839073918701,2x-5x,0,4.0,2026-06-18T18:18:22.553448+00:00
ZW7hkfYCdfzoQxXwSf1DeFBCXCcbRfqucyKzjT1pump,PIP,Baby Squirrel,1,1,2026-06-19T17:19:49.000Z,2026-06-19T17:19:49.000Z,13719.086804634626,1349.0761579930538,20469.105660635796,1.4920166299786701,<2x,0,1.5,2026-06-20T13:41:52.343209+00:00
cDEZiJtVyTDKC8kQ7TVPgyV91bLELAzwGZGSxC6pump,MEMELLIONAIRE,MEMELLIONAIRE,1,1,2026-06-17T15:13:08.000Z,2026-06-17T15:13:08.000Z,17413.92290268476,2009.8953601611304,17413.92290268476,1.0,<2x,0,1.5,2026-06-18T15:25:03.745302+00:00
ctKpkKoiywGGVUgqQ4exW4MRNd6s2KFzm2TCu7Lpump,THOMAS,Human Thomas,1,1,1781541334,1781541334,14350.391883323486,1457.6609433452065,27527.42769545389,1.918235259306289,<2x,0,2.0,2026-06-18T04:19:30.879024+00:00
n6LWdEBYbnuYyPLTnRUAgwZ5rV2V4mNphnKhEvkGR2h,TAY,RIP Tay Keith,1,1,2026-06-18T21:14:54.000Z,2026-06-18T21:14:54.000Z,15329.038844060382,1942.9619691157654,15329.038844060382,1.0,<2x,0,1.5,2026-06-19T18:55:03.427566+00:00
xYv6TnoTKyXVWpZzmgBBRCxgb7fj6BXXbXdwQzJpump,Inugami,The Megashiba,1,1,2026-06-18T09:58:25.000Z,2026-06-18T09:58:25.000Z,14161.497018033642,1967.4249030177605,14161.497018033642,1.0,<2x,0,1.5,2026-06-19T10:19:35.501280+00:00
