formation_type,conditions,features,tokens,survived,survival_pct,baseline_survival_pct,lift_over_baseline,ci95_low_pct,ci95_high_pct,median_first_vlak_mc,median_age_minutes,earliness_score,rank_score,avg_post_vlak_multiple,median_post_vlak_multiple
2-way,sniper_hold_percent >= 1.729e-07 AND top10_percent <= 27.13,sniper_hold_percent + top10_percent,253,76,30.039525691699602,24.794520547945208,1.211538881488437,24.723575065209808,35.95257708459769,18094.350452456336,0.41598921666666666,0.9525623286780015,6.390450859625501,2.4811006404389984,1.2525004367581654
3-way,liq_to_mc <= 0.6451 AND bundle_hold_percent <= 11.38 AND count_buy <= 22,liq_to_mc + bundle_hold_percent + count_buy,26,13,50.0,24.794520547945208,2.016574585635359,32.06030631500208,67.93969368499792,28917.62285340651,0.3136390166666667,0.934135034253214,6.208542483740636,3.6759357549625524,1.9674912406283407
2-way,top10_percent <= 27.13 AND count_buy <= 22,top10_percent + count_buy,136,40,29.411764705882355,24.794520547945208,1.1862203444913877,22.40415166858554,37.550539925332146,16986.485952278468,0.4052076,0.9960552439596775,5.813159156625717,2.2034708791804074,1.2880985125580138
3-way,top10_percent <= 27.13 AND bundle_hold_percent <= 11.38 AND count_buy <= 22,top10_percent + bundle_hold_percent + count_buy,63,24,38.095238095238095,24.794520547945208,1.5364377795317021,27.117289491083675,50.44159599340503,16781.55129397161,0.5433495666666667,0.8762139405026235,5.598888869726921,2.648435630373997,1.5579973022013356
2-way,bundle_hold_percent <= 11.38 AND count_buy <= 22,bundle_hold_percent + count_buy,83,28,33.734939759036145,24.794520547945208,1.3605804433202422,24.48415401300969,44.42475600246677,17190.366553016975,0.4813348833333333,0.9117633594964867,5.496549625032335,2.491788307567762,1.4690690704599685
2-way,holders >= 151.8 AND top10_percent <= 27.13,holders + top10_percent,158,51,32.278481012658226,24.794520547945208,1.3018392894608013,25.483571314369293,39.91469464444476,17621.348088343475,0.5815252,0.8278090006166848,5.462627692457829,2.1315679714353157,1.2805266947331395
3-way,sniper_hold_percent >= 1.729e-07 AND top10_percent <= 27.13 AND bundle_hold_percent <= 11.38,sniper_hold_percent + top10_percent + bundle_hold_percent,51,20,39.21568627450981,24.794520547945208,1.5816271259885168,27.027144858027697,52.91508877483494,17697.068879394985,0.5824457666666666,0.8251984732513766,5.156990591122878,2.3614377348461852,1.4266331040603382
3-way,sniper_hold_percent >= 1.729e-07 AND top10_percent <= 27.13 AND count_buy <= 22,sniper_hold_percent + top10_percent + count_buy,63,20,31.746031746031743,24.794520547945208,1.2803648162764183,21.58652716809121,44.003763908124796,18766.319546285453,0.4018444666666667,0.952719837346914,5.073126024288307,2.2870888387936814,1.2076434614471627
3-way,sniper_hold_percent >= 1.729e-07 AND bundle_hold_percent <= 11.38 AND count_buy <= 22,sniper_hold_percent + bundle_hold_percent + count_buy,34,13,38.23529411764706,24.794520547945208,1.5420864478388039,23.899964851608782,54.95928000061734,18531.8459675551,0.43876810833333335,0.9164138249416866,5.02437998068097,2.509821058725354,1.38587432084806
2-way,top10_percent <= 27.13 AND bundle_hold_percent <= 11.38,top10_percent + bundle_hold_percent,138,39,28.26086956521739,24.794520547945208,1.1398030266634638,21.416175134543288,36.28311759763119,16417.823331024956,0.5388176916666667,0.8905482422455622,5.008735702727267,2.0799864481442256,1.2936329375850586
2-way,top10_percent <= 27.13 AND vol_to_mc <= 0.9806,top10_percent + vol_to_mc,120,34,28.333333333333332,24.794520547945208,1.1427255985267035,21.040509198244724,36.970369214178895,26278.342980689376,0.3458711,0.9040238699454468,4.954297263758183,3.3886317045059684,1.2368366748043829
2-way,sniper_hold_percent >= 1.729e-07 AND count_buy <= 22,sniper_hold_percent + count_buy,90,25,27.77777777777778,24.794520547945208,1.120319214241866,19.57955914762625,37.795421671115115,19045.56514218686,0.37901729166666664,0.9761628620103089,4.933139155902033,2.123697269213778,1.2109719042872773
3-way,holders >= 151.8 AND sniper_hold_percent >= 1.729e-07 AND top10_percent <= 27.13,holders + sniper_hold_percent + top10_percent,83,29,34.93975903614458,24.794520547945208,1.4091726020102509,25.555971692976303,45.655982025057455,19528.423694036173,0.5799963,0.781589712627285,4.8800786220862005,1.8306728162834456,1.321881773797387
2-way,sniper_hold_percent >= 1.729e-07 AND bundle_hold_percent <= 11.38,sniper_hold_percent + bundle_hold_percent,66,23,34.84848484848485,24.794520547945208,1.4054913778670686,24.475707338560408,46.88806439633685,18634.747293919405,0.5512782583333333,0.820504366384263,4.848901196425547,2.2315092335460656,1.38587432084806
2-way,dev_hold_percent >= 3.461 AND liq_to_mc <= 0.6451,dev_hold_percent + liq_to_mc,26,11,42.30769230769231,24.794520547945208,1.7063323416914575,25.544189902729396,61.05170307888017,28804.60241608107,0.35741059166666667,0.8569023580258974,4.81904151479957,3.65879178115376,1.5454406565448067
3-way,liq_to_mc <= 0.6451 AND market_cap >= 2.179e+04 AND bundle_hold_percent <= 11.38,liq_to_mc + market_cap + bundle_hold_percent,36,16,44.44444444444444,24.794520547945208,1.7925107427869857,29.541029876543135,60.41921268399659,60796.50229274848,0.33447985,0.7400520649380496,4.790067766799582,3.011092196072443,1.4216095343144721
3-way,dev_hold_percent >= 3.461 AND liq_to_mc <= 0.6451 AND sniper_hold_percent >= 1.729e-07,dev_hold_percent + liq_to_mc + sniper_hold_percent,23,10,43.47826086956522,24.794520547945208,1.7535431179437904,25.634368332198655,63.188950694983035,27281.441923231476,0.37012325,0.8540940551296199,4.759741832498033,3.9215680000822695,1.555410887803611
2-way,liq_to_mc <= 0.6451 AND count_buy <= 22,liq_to_mc + count_buy,58,22,37.93103448275862,24.794520547945208,1.5298152028957896,26.564088902603682,50.79742826383443,37246.19718541025,0.37901729166666664,0.7579703822983035,4.728127357591676,2.712635839390444,1.446317920326197
3-way,market_cap >= 2.179e+04 AND bundle_hold_percent <= 11.38 AND count_buy <= 22,market_cap + bundle_hold_percent + count_buy,23,9,39.130434782608695,24.794520547945208,1.5781888061494116,22.157377982382144,59.21482039625401,30114.907962179146,0.3044568166666667,0.9417467837032665,4.723395955729229,3.424972276562983,1.4034029268206032
2-way,liq_to_mc <= 0.6451 AND bundle_hold_percent <= 11.38,liq_to_mc + bundle_hold_percent,41,20,48.78048780487805,24.794520547945208,1.9673898396442526,34.254187239935696,63.51574068413481,43047.65420418373,0.4585513166666667,0.6353342666796333,4.671900816053498,3.104209156327669,1.8146800869929474
2-way,holders >= 151.8 AND sniper_hold_percent >= 1.729e-07,holders + sniper_hold_percent,99,35,35.35353535353536,24.794520547945208,1.4258608181260115,26.64470798753757,45.156586430285564,23814.305473965047,0.5824457666666666,0.701761538954941,4.6079990594334514,2.0336125346443943,1.368345714875517
2-way,market_cap >= 2.179e+04 AND bundle_hold_percent <= 11.38,market_cap + bundle_hold_percent,39,16,41.02564102564102,24.794520547945208,1.6546253010341407,27.079089435400476,56.581651526655094,50895.41441999507,0.3446979333333333,0.7494724067835316,4.574564680211106,2.8692524432870887,1.416585964568606
3-way,liq_to_mc <= 0.6451 AND top10_percent <= 27.13 AND bundle_hold_percent <= 11.38,liq_to_mc + top10_percent + bundle_hold_percent,31,17,54.83870967741935,24.794520547945208,2.2117269648903934,37.771879603669134,70.83851716341388,54710.65322073378,0.46458513333333334,0.5875353700696572,4.503612281113851,3.4604280186598317,2.120302394263734
2-way,dev_hold_percent >= 3.461 AND sniper_hold_percent >= 1.729e-07,dev_hold_percent + sniper_hold_percent,54,16,29.629629629629626,24.794520547945208,1.1950071618579905,19.137265695067047,42.82782517378859,18906.452992848288,0.41443114999999997,0.934188880652471,4.473636103918299,3.044798142184927,1.1167973949350223
2-way,holders >= 151.8 AND count_buy <= 22,holders + count_buy,54,18,33.33333333333333,24.794520547945208,1.3443830570902393,22.24124352015036,46.6392853725497,19092.68917589956,0.5279659166666667,0.8256374225996452,4.448031486305627,2.4558515429365206,1.5477938290216966
2-way,count_buy <= 22 AND vol_to_mc <= 0.9806,count_buy + vol_to_mc,43,13,30.23255813953488,24.794520547945208,1.2193241680585891,18.601827946182876,45.10564575240983,24407.123623089028,0.32874635,0.9590686062907482,4.425290128172487,2.55676424015742,1.463889201583457
2-way,liq_to_mc <= 0.6451 AND market_cap >= 2.179e+04,liq_to_mc + market_cap,169,48,28.402366863905325,24.794520547945208,1.1455098237928667,22.14235370305957,35.622443660538075,55406.07911780964,0.3446979333333333,0.7358694417266027,4.329199077752997,3.4146649307610755,1.214300347127392
3-way,holders >= 151.8 AND bundle_hold_percent <= 11.38 AND count_buy <= 22,holders + bundle_hold_percent + count_buy,30,13,43.333333333333336,24.794520547945208,1.7476979742173113,27.377237430615114,60.80299045459127,20066.728718417413,0.6767573166666667,0.7204210280618953,4.323659016582039,3.032390765351542,1.66903822334709
3-way,market_cap >= 2.179e+04 AND top10_percent <= 27.13 AND bundle_hold_percent <= 11.38,market_cap + top10_percent + bundle_hold_percent,28,14,50.0,24.794520547945208,2.016574585635359,32.63284683244635,67.36715316755367,68244.62685076144,0.401624625,0.6244471444488127,4.240247883566567,3.357154634474249,1.728463588396591
2-way,holders >= 151.8 AND liq_to_mc <= 0.6451,holders + liq_to_mc,75,30,40.0,24.794520547945208,1.6132596685082874,29.6623430781706,51.312167839923404,47006.62773140746,0.47411861666666666,0.6043219375033749,4.22215409723531,2.453927500698823,1.5375903558420578
3-way,dev_hold_percent >= 3.461 AND market_cap >= 2.179e+04 AND sniper_hold_percent >= 1.729e-07,dev_hold_percent + market_cap + sniper_hold_percent,21,9,42.857142857142854,24.794520547945208,1.7284925019731647,24.469699486521044,63.453783702967534,34730.4724479417,0.37012325,0.787236444353784,4.206081280204571,4.140025763362966,1.555410887803611
3-way,liq_to_mc <= 0.6451 AND top10_percent <= 27.13 AND count_buy <= 22,liq_to_mc + top10_percent + count_buy,42,17,40.476190476190474,24.794520547945208,1.6324651407524335,27.042647671209085,55.505954471822584,44694.81666504462,0.4096972166666667,0.6802569886497021,4.176797009383809,2.889598848056278,1.2913230310014545
3-way,holders >= 151.8 AND top10_percent <= 27.13 AND count_buy <= 22,holders + top10_percent + count_buy,44,15,34.090909090909086,24.794520547945208,1.3749372174786538,21.875632628639945,48.86113202806049,20437.70022041905,0.5279659166666667,0.7963247218776909,4.167901426483179,2.453573462318182,1.4836936207212268
2-way,market_cap >= 2.179e+04 AND top10_percent <= 27.13,market_cap + top10_percent,128,38,29.6875,24.794520547945208,1.1973411602209945,22.45804687093706,38.10068421242358,81267.18792660246,0.32846526666666664,0.7158074834792678,4.165178825233878,3.0966409677440048,1.2076330040691559
3-way,liq_to_mc <= 0.6451 AND market_cap >= 2.179e+04 AND count_buy <= 22,liq_to_mc + market_cap + count_buy,50,16,32.0,24.794520547945208,1.2906077348066298,20.758044093999402,45.810557136276074,44694.81666504462,0.3225381,0.8126654414372168,4.123825739376119,2.655829810809988,1.2913230310014545
3-way,dev_hold_percent >= 3.461 AND liq_to_mc <= 0.6451 AND market_cap >= 2.179e+04,dev_hold_percent + liq_to_mc + market_cap,22,9,40.909090909090914,24.794520547945208,1.6499246609743847,23.25555966882038,61.26552261710619,34177.78799299644,0.3704358333333333,0.7907383770239846,4.090749960093026,3.9932461615253545,1.5454406565448067
2-way,bundle_hold_percent <= 11.38 AND vol_to_mc <= 0.9806,bundle_hold_percent + vol_to_mc,26,9,34.61538461538461,24.794520547945208,1.3960900977475563,19.412014972852127,53.779770990367005,20022.322579012645,0.4337253166666667,0.887573034200675,4.083976677210303,2.5717893913433705,1.4221977954796525
2-way,holders >= 151.8 AND bundle_hold_percent <= 11.38,holders + bundle_hold_percent,60,22,36.666666666666664,24.794520547945208,1.4788213627992632,25.62073884620827,49.31723263320326,20597.46822590339,0.7810591833333334,0.6698895171913815,4.072424567972191,2.4652303227308043,1.5645960081569994
2-way,sniper_hold_percent >= 1.729e-07 AND vol_to_mc <= 0.9806,sniper_hold_percent + vol_to_mc,121,32,26.446280991735538,24.794520547945208,1.0666179626501073,19.400401879780148,34.94174048302199,39727.372072219805,0.34922348333333336,0.788897225531654,4.04235288283471,3.485789114148487,1.2872887327516407
2-way,market_cap >= 2.179e+04 AND count_buy <= 22,market_cap + count_buy,55,16,29.09090909090909,24.794520547945208,1.173279758915118,18.771037010850325,42.14097082034393,38337.60903647555,0.3208144333333333,0.8475604479343869,4.002912440265733,2.5109767072235063,1.2076434614471627
2-way,liq_to_mc <= 0.6451 AND top10_percent <= 27.13,liq_to_mc + top10_percent,126,39,30.952380952380953,24.794520547945208,1.2483556958695081,23.544101478078403,39.48777736506587,92400.58692142197,0.3525826083333333,0.6613940939243517,3.9996276975494087,3.150533932330397,1.219815078446866
2-way,dev_hold_percent >= 3.461 AND top10_percent <= 27.13,dev_hold_percent + top10_percent,25,9,36.0,24.794520547945208,1.4519337016574585,20.247656431735635,55.48184539895337,17226.748660816946,0.5799963,0.8397735835137866,3.97258266783532,2.5025569718504723,1.2872887327516407
2-way,age_minutes >= 0.9439 AND top10_percent <= 27.13,age_minutes + top10_percent,152,47,30.92105263157895,24.794520547945208,1.247092177958709,24.119850644698563,38.66287232529149,15871.05028775929,2.12390795,0.6303428647592342,3.954405398153121,2.875864288613611,1.2914228070130989
2-way,dev_hold_percent >= 3.461 AND market_cap >= 2.179e+04,dev_hold_percent + market_cap,23,9,39.130434782608695,24.794520547945208,1.5781888061494116,22.157377982382144,59.21482039625401,34730.4724479417,0.37012325,0.787236444353784,3.9484386905376,3.8596931249224595,1.5354704252860023
3-way,holders >= 151.8 AND liq_to_mc <= 0.6451 AND top10_percent <= 27.13,holders + liq_to_mc + top10_percent,58,23,39.6551724137931,24.794520547945208,1.5993522575728711,28.08856895011114,52.50701719255011,46971.534312089396,0.48049991666666664,0.5988340020277987,3.9052472687500948,2.283340708211961,1.4691173219181861
2-way,holders >= 151.8 AND market_cap >= 2.179e+04,holders + market_cap,73,27,36.986301369863014,24.794520547945208,1.4917127071823204,26.822983017391167,48.45082700218157,50895.41441999507,0.4585513166666667,0.6048730889928391,3.8835444751448494,2.3902225204516614,1.4282371468397943
3-way,market_cap >= 2.179e+04 AND sniper_hold_percent >= 1.729e-07 AND bundle_hold_percent <= 11.38,market_cap + sniper_hold_percent + bundle_hold_percent,28,11,39.285714285714285,24.794520547945208,1.5844514601420678,23.565451827580034,57.591273965093706,70197.40113404485,0.33447985,0.7213194303466236,3.848467670965286,2.26687945781218,1.4216095343144721
3-way,liq_to_mc <= 0.6451 AND sniper_hold_percent >= 1.729e-07 AND bundle_hold_percent <= 11.38,liq_to_mc + sniper_hold_percent + bundle_hold_percent,30,13,43.333333333333336,24.794520547945208,1.7476979742173113,27.377237430615114,60.80299045459127,62158.777778746735,0.401624625,0.6366476930229323,3.8208872743901368,2.473026485250301,1.4513414900720631
3-way,holders >= 151.8 AND age_minutes >= 0.9439 AND top10_percent <= 27.13,holders + age_minutes + top10_percent,62,24,38.70967741935484,24.794520547945208,1.5612190340402778,27.584463426990684,51.15238379421901,16477.771768374223,2.7262570416666665,0.5897304534278461,3.8145775502181416,2.2948526866898242,1.4399736273257755
2-way,liq_to_mc <= 0.6451 AND sniper_hold_percent >= 1.729e-07,liq_to_mc + sniper_hold_percent,140,40,28.57142857142857,24.794520547945208,1.1523283346487765,21.73886674936126,36.54858277845267,79462.46542001802,0.359681275,0.665142468693189,3.793038943066864,3.2072022492098835,1.2574226905270294
3-way,holders >= 151.8 AND liq_to_mc <= 0.6451 AND market_cap >= 2.179e+04,holders + liq_to_mc + market_cap,69,26,37.68115942028986,24.794520547945208,1.5197373688846185,27.18335694978672,49.478330876949656,55406.07911780964,0.4663384,0.5839598672498325,3.770393515835048,2.451390017796269,1.4803581912324337
3-way,liq_to_mc <= 0.6451 AND market_cap >= 2.179e+04 AND top10_percent <= 27.13,liq_to_mc + market_cap + top10_percent,118,35,29.66101694915254,24.794520547945208,1.1962730592752129,22.166449745305886,38.43813850698232,102248.06836582697,0.34857604166666667,0.6590744673137645,3.7680188130900136,3.1948527948740497,1.2076330040691559
3-way,holders >= 151.8 AND top10_percent <= 27.13 AND bundle_hold_percent <= 11.38,holders + top10_percent + bundle_hold_percent,49,18,36.734693877551024,24.794520547945208,1.4815650016912842,24.664982524781223,50.73318861311014,21666.512757770608,0.7938991666666666,0.6453612337973577,3.740459739951242,2.457003348614973,1.5579973022013356
2-way,holders >= 151.8 AND age_minutes >= 0.9439,holders + age_minutes,72,27,37.5,24.794520547945208,1.5124309392265194,27.219009399354572,49.047314095930346,16902.764676973165,3.078417383333333,0.5683305337121987,3.6879102471601595,2.362356043043784,1.5245959478090458
2-way,first_call_market_cap >= 6.821e+04 AND holders >= 151.8,first_call_market_cap + holders,25,14,56.00000000000001,24.794520547945208,2.2585635359116023,37.06701701956444,73.33462505299742,139768.80306686403,0.4585513166666667,0.4986272454178644,3.669207441998747,3.722886203761451,2.030294072732844
3-way,first_call_market_cap >= 6.821e+04 AND holders >= 151.8 AND liq_to_mc <= 0.6451,first_call_market_cap + holders + liq_to_mc,25,14,56.00000000000001,24.794520547945208,2.2585635359116023,37.06701701956444,73.33462505299742,139768.80306686403,0.4585513166666667,0.4986272454178644,3.669207441998747,3.722886203761451,2.030294072732844
2-way,market_cap >= 2.179e+04 AND sniper_hold_percent >= 1.729e-07,market_cap + sniper_hold_percent,136,38,27.941176470588236,24.794520547945208,1.1269093272668183,21.08540606742771,36.00890635462696,92400.58692142197,0.3525826083333333,0.6613940939243517,3.6670151567623805,3.206934466862386,1.2574226905270294
3-way,first_call_market_cap >= 6.821e+04 AND holders >= 151.8 AND market_cap >= 2.179e+04,first_call_market_cap + holders + market_cap,24,13,54.166666666666664,24.794520547945208,2.184622467771639,35.07455355310663,72.10894164831856,165414.07856144448,0.42818126666666667,0.5202452484386718,3.6583793869440613,3.686559379776495,2.020765609922212
3-way,top10_percent <= 27.13 AND count_buy <= 22 AND vol_to_mc <= 0.9806,top10_percent + count_buy + vol_to_mc,27,9,33.33333333333333,24.794520547945208,1.3443830570902393,18.64305444359335,52.175580127894506,37336.26265564719,0.34251871666666667,0.8138586319534367,3.6458907641793585,2.8247927202701155,1.4333016492171624
3-way,holders >= 151.8 AND market_cap >= 2.179e+04 AND top10_percent <= 27.13,holders + market_cap + top10_percent,56,21,37.5,24.794520547945208,1.5124309392265194,26.01002964669219,50.594873965510686,52803.03382036442,0.4624448583333334,0.5951507127347957,3.6392489003096435,2.2507488455252487,1.3677448786385646
3-way,market_cap >= 2.179e+04 AND top10_percent <= 27.13 AND count_buy <= 22,market_cap + top10_percent + count_buy,40,13,32.5,24.794520547945208,1.3107734806629834,20.084316962661728,47.982541911102025,56599.123434966736,0.33663429166666664,0.7465843337368575,3.634112563697271,2.700961434516198,1.180142195949472
2-way,chg_1h >= 10.35 AND liq_to_mc <= 0.6451,chg_1h + liq_to_mc,70,22,31.428571428571427,24.794520547945208,1.2675611681136543,21.762136964668137,43.027358387545256,53828.16042757861,0.3919075666666667,0.6702143102117922,3.621306976979133,2.500701897666305,1.3235180420307486
2-way,chg_1h >= 10.35 AND market_cap >= 2.179e+04,chg_1h + market_cap,70,22,31.428571428571427,24.794520547945208,1.2675611681136543,21.762136964668137,43.027358387545256,53828.16042757861,0.3919075666666667,0.6702143102117922,3.621306976979133,2.500701897666305,1.3235180420307486
3-way,chg_1h >= 10.35 AND liq_to_mc <= 0.6451 AND market_cap >= 2.179e+04,chg_1h + liq_to_mc + market_cap,70,22,31.428571428571427,24.794520547945208,1.2675611681136543,21.762136964668137,43.027358387545256,53828.16042757861,0.3919075666666667,0.6702143102117922,3.621306976979133,2.500701897666305,1.3235180420307486
2-way,avg_buy_size_sol >= 2.27 AND bundle_hold_percent <= 11.38,avg_buy_size_sol + bundle_hold_percent,27,12,44.44444444444444,24.794520547945208,1.7925107427869857,27.585597670072826,62.687280520423116,50895.41441999507,0.4585513166666667,0.6048730889928391,3.6129144498825005,3.09404757175831,1.4266331040603382
2-way,chg_1h >= 10.35 AND sniper_hold_percent >= 1.729e-07,chg_1h + sniper_hold_percent,64,20,31.25,24.794520547945208,1.2603591160220995,21.230909502265742,43.39256635915262,55058.366169271714,0.38097906666666664,0.6813777301484856,3.5848829447293205,2.553844281670512,1.2736057917818635
2-way,liq_to_mc <= 0.6451 AND vol_to_mc <= 0.9806,liq_to_mc + vol_to_mc,94,27,28.723404255319153,24.794520547945208,1.1584577406841425,20.554230330818626,38.563363821362046,201798.16357068397,0.318577275,0.6722745550579159,3.54656689250439,3.8058461686669824,1.200638024614956
3-way,liq_to_mc <= 0.6451 AND market_cap >= 2.179e+04 AND sniper_hold_percent >= 1.729e-07,liq_to_mc + market_cap + sniper_hold_percent,131,36,27.480916030534353,24.794520547945208,1.1083463371430982,20.560169788715825,35.684787257180986,103978.29100642615,0.3527110666666667,0.6509388490738648,3.522774053696302,3.270700237517096,1.2253298097663399
3-way,age_minutes >= 0.9439 AND sniper_hold_percent >= 1.729e-07 AND top10_percent <= 27.13,age_minutes + sniper_hold_percent + top10_percent,62,21,33.87096774193548,24.794520547945208,1.3660666547852431,23.34153463018197,46.28253282868902,15977.638916809203,2.230677608333333,0.6222443152285015,3.52177725280542,4.106883745756573,1.3445129080994997
2-way,chg_1h >= 10.35 AND vol_to_mc <= 0.9806,chg_1h + vol_to_mc,33,11,33.33333333333333,24.794520547945208,1.3443830570902393,19.7500294678037,50.392418200050024,72964.16949623369,0.3242617666666667,0.7356382143371779,3.4874984500728456,3.031174205005016,1.1936535025387627
2-way,chg_1h >= 10.35 AND bundle_hold_percent <= 11.38,chg_1h + bundle_hold_percent,20,10,50.0,24.794520547945208,2.016574585635359,29.92949144298199,70.070508557018,63205.945540741755,0.4694319083333333,0.5621821815441854,3.451521198988094,2.2371100580643537,1.7531719744083158
2-way,avg_buy_size_sol >= 2.27 AND top10_percent <= 27.13,avg_buy_size_sol + top10_percent,55,20,36.36363636363637,24.794520547945208,1.4665996986438976,24.93034934294084,49.57748185131629,223661.3251332512,0.36855998333333334,0.5826989230143107,3.4400094611953804,4.841176284209198,1.3251543102641101
3-way,chg_1h >= 10.35 AND liq_to_mc <= 0.6451 AND vol_to_mc <= 0.9806,chg_1h + liq_to_mc + vol_to_mc,32,11,34.375,24.794520547945208,1.3863950276243093,20.41023335432855,51.68922649121406,78459.99770289476,0.33553167500000003,0.7066801892662166,3.4256609774209865,3.1033404371355187,1.3348516893112754
3-way,chg_1h >= 10.35 AND market_cap >= 2.179e+04 AND vol_to_mc <= 0.9806,chg_1h + market_cap + vol_to_mc,32,11,34.375,24.794520547945208,1.3863950276243093,20.41023335432855,51.68922649121406,78459.99770289476,0.33553167500000003,0.7066801892662166,3.4256609774209865,3.1033404371355187,1.3348516893112754
2-way,age_minutes >= 0.9439 AND sniper_hold_percent >= 1.729e-07,age_minutes + sniper_hold_percent,76,25,32.89473684210527,24.794520547945208,1.326693806339052,23.37912044636209,44.05640188785968,16729.161658362227,2.379216116666667,0.592715612464966,3.4157606543710597,4.211915138011599,1.3677448786385646
3-way,chg_1h >= 10.35 AND liq_to_mc <= 0.6451 AND sniper_hold_percent >= 1.729e-07,chg_1h + liq_to_mc + sniper_hold_percent,61,19,31.147540983606557,24.794520547945208,1.2562267910515352,20.93727368353686,43.59167069784793,61161.22808793941,0.39120971666666665,0.6521858945812615,3.381333935832103,2.551587675839458,1.321881773797387
3-way,chg_1h >= 10.35 AND market_cap >= 2.179e+04 AND sniper_hold_percent >= 1.729e-07,chg_1h + market_cap + sniper_hold_percent,61,19,31.147540983606557,24.794520547945208,1.2562267910515352,20.93727368353686,43.59167069784793,61161.22808793941,0.39120971666666665,0.6521858945812615,3.381333935832103,2.551587675839458,1.321881773797387
3-way,liq_to_mc <= 0.6451 AND market_cap >= 2.179e+04 AND vol_to_mc <= 0.9806,liq_to_mc + market_cap + vol_to_mc,91,25,27.472527472527474,24.794520547945208,1.1080080140853623,19.355049670786546,37.41497529716002,213454.64453120396,0.31634011666666667,0.6744295540422651,3.3790121016477346,3.7858844986961513,1.1936535025387627
3-way,market_cap >= 2.179e+04 AND sniper_hold_percent >= 1.729e-07 AND top10_percent <= 27.13,market_cap + sniper_hold_percent + top10_percent,97,28,28.865979381443296,24.794520547945208,1.1642080082018567,20.7901259917661,38.552050252958296,154740.3085251295,0.35245414999999997,0.6245236514567829,3.3336172301474325,3.2554886689585647,1.2076434614471627
3-way,liq_to_mc <= 0.6451 AND sniper_hold_percent >= 1.729e-07 AND top10_percent <= 27.13,liq_to_mc + sniper_hold_percent + top10_percent,100,29,28.999999999999996,24.794520547945208,1.1696132596685083,21.014706973984147,38.53907494000793,136750.20094251493,0.36155618333333334,0.6174149314190037,3.3327478563134236,3.2674820774977724,1.2109719042872773
2-way,market_cap >= 2.179e+04 AND vol_to_mc <= 0.9806,market_cap + vol_to_mc,93,25,26.881720430107524,24.794520547945208,1.084179884750193,18.921182161860813,36.67641226037095,205083.87511609154,0.31634011666666667,0.6760556919175367,3.3300805222738123,3.7251892823576216,1.1908419687120297
2-way,first_call_market_cap >= 6.821e+04 AND top10_percent <= 27.13,first_call_market_cap + top10_percent,62,21,33.87096774193548,24.794520547945208,1.3660666547852431,23.34153463018197,46.28253282868902,307854.8780469305,0.36155618333333334,0.5828514899239265,3.298821811210997,4.50269849780665,1.3458234970643927
3-way,first_call_market_cap >= 6.821e+04 AND liq_to_mc <= 0.6451 AND top10_percent <= 27.13,first_call_market_cap + liq_to_mc + top10_percent,62,21,33.87096774193548,24.794520547945208,1.3660666547852431,23.34153463018197,46.28253282868902,307854.8780469305,0.36155618333333334,0.5828514899239265,3.298821811210997,4.50269849780665,1.3458234970643927
3-way,first_call_market_cap >= 6.821e+04 AND market_cap >= 2.179e+04 AND top10_percent <= 27.13,first_call_market_cap + market_cap + top10_percent,62,21,33.87096774193548,24.794520547945208,1.3660666547852431,23.34153463018197,46.28253282868902,307854.8780469305,0.36155618333333334,0.5828514899239265,3.298821811210997,4.50269849780665,1.3458234970643927
2-way,dev_hold_percent >= 3.461 AND vol_to_mc <= 0.9806,dev_hold_percent + vol_to_mc,20,5,25.0,24.794520547945208,1.0082872928176796,11.186005278940305,46.87050099580635,22730.839179358067,0.2966451916666667,1.05084327767834,3.2258296054122213,4.265170958946487,1.1199586322939776
2-way,first_call_market_cap >= 6.821e+04 AND liq_to_mc <= 0.6451,first_call_market_cap + liq_to_mc,73,25,34.24657534246575,24.794520547945208,1.3812154696132595,24.39470808952971,45.67358824995307,301658.4605486445,0.39036823333333337,0.5424390211765275,3.224713889831118,4.259954051211625,1.4110785342742214
3-way,sniper_hold_percent >= 1.729e-07 AND top10_percent <= 27.13 AND vol_to_mc <= 0.9806,sniper_hold_percent + top10_percent + vol_to_mc,87,25,28.735632183908045,24.794520547945208,1.158950911284689,20.28559323661467,38.984168634598525,154740.3085251295,0.35455238333333333,0.62115297030987,3.223171198982877,3.75362783527816,1.2895155712877189
3-way,avg_buy_size_sol >= 2.27 AND top10_percent <= 27.13 AND count_buy <= 22,avg_buy_size_sol + top10_percent + count_buy,22,8,36.36363636363637,24.794520547945208,1.4665996986438976,19.732972772607898,57.04865065628195,85062.37403099373,0.33562629166666663,0.6980986655212853,3.2102170956496017,3.3744862577789885,1.2822372443299002
3-way,liq_to_mc <= 0.6451 AND sniper_hold_percent >= 1.729e-07 AND vol_to_mc <= 0.9806,liq_to_mc + sniper_hold_percent + vol_to_mc,80,23,28.749999999999996,24.794520547945208,1.1595303867403313,19.986786008396255,39.46055278284818,268493.61405082967,0.33553167500000003,0.6299657187809037,3.209988636671375,4.123361015381155,1.1922477356253962
3-way,holders >= 151.8 AND sniper_hold_percent >= 1.729e-07 AND count_buy <= 22,holders + sniper_hold_percent + count_buy,32,10,31.25,24.794520547945208,1.2603591160220995,17.952352116618737,48.56699969803239,20497.254387271758,0.6487796416666667,0.7243113810407058,3.1919353609901444,2.0104697319527407,1.2502153812373968
3-way,first_call_market_cap >= 6.821e+04 AND avg_buy_size_sol >= 2.27 AND top10_percent <= 27.13,first_call_market_cap + avg_buy_size_sol + top10_percent,37,14,37.83783783783784,24.794520547945208,1.526056443183515,24.06378746389103,53.89985744718005,322466.6707738147,0.36855998333333334,0.5710487111120003,3.169983789171505,6.398472842202144,1.4266331040603382
3-way,first_call_market_cap >= 6.821e+04 AND holders >= 151.8 AND vol_24h >= 5.705e+04,first_call_market_cap + holders + vol_24h,23,12,52.17391304347826,24.794520547945208,2.1042517415325483,32.96242986421849,70.76313046005428,139768.80306686403,0.48687541666666667,0.47315910386612525,3.1642161655234897,3.8649620342336526,2.030294072732844
2-way,first_call_market_cap >= 6.821e+04 AND vol_24h >= 5.705e+04,first_call_market_cap + vol_24h,26,13,50.0,24.794520547945208,2.016574585635359,32.06030631500208,67.93969368499792,165414.07856144448,0.4727133666666667,0.47607858846605516,3.1641615330847004,8.887446541482747,1.897903321452353
3-way,first_call_market_cap >= 6.821e+04 AND liq_to_mc <= 0.6451 AND vol_24h >= 5.705e+04,first_call_market_cap + liq_to_mc + vol_24h,26,13,50.0,24.794520547945208,2.016574585635359,32.06030631500208,67.93969368499792,165414.07856144448,0.4727133666666667,0.47607858846605516,3.1641615330847004,8.887446541482747,1.897903321452353
2-way,first_call_market_cap >= 6.821e+04 AND market_cap >= 2.179e+04,first_call_market_cap + market_cap,72,24,33.33333333333333,24.794520547945208,1.3443830570902393,23.53448606571184,44.82061192800137,302299.6984457071,0.389623775,0.5433618008515432,3.1341222669405404,4.255304385542336,1.4088792096908225
3-way,first_call_market_cap >= 6.821e+04 AND liq_to_mc <= 0.6451 AND market_cap >= 2.179e+04,first_call_market_cap + liq_to_mc + market_cap,72,24,33.33333333333333,24.794520547945208,1.3443830570902393,23.53448606571184,44.82061192800137,302299.6984457071,0.389623775,0.5433618008515432,3.1341222669405404,4.255304385542336,1.4088792096908225
3-way,liq_to_mc <= 0.6451 AND sniper_hold_percent >= 1.729e-07 AND count_buy <= 22,liq_to_mc + sniper_hold_percent + count_buy,43,12,27.906976744186046,24.794520547945208,1.1255300012848515,16.746451821827154,42.69131290012939,46341.97912590551,0.3668248666666667,0.7307608121152821,3.1124703087631738,2.186929843107187,1.214300347127392
2-way,avg_buy_size_sol >= 2.27 AND count_buy <= 22,avg_buy_size_sol + count_buy,32,10,31.25,24.794520547945208,1.2603591160220995,17.952352116618737,48.56699969803239,68244.62685076144,0.35144614999999996,0.6958121432159697,3.066343347175121,2.949501122086226,1.3337110526597717
3-way,avg_buy_size_sol >= 2.27 AND liq_to_mc <= 0.6451 AND top10_percent <= 27.13,avg_buy_size_sol + liq_to_mc + top10_percent,51,18,35.294117647058826,24.794520547945208,1.4234644133896652,23.63430538125979,49.01419502718926,276771.25397210364,0.39036823333333337,0.5449739675209259,3.065181459503953,5.07953495785117,1.3251543102641101
3-way,avg_buy_size_sol >= 2.27 AND market_cap >= 2.179e+04 AND top10_percent <= 27.13,avg_buy_size_sol + market_cap + top10_percent,51,18,35.294117647058826,24.794520547945208,1.4234644133896652,23.63430538125979,49.01419502718926,276771.25397210364,0.39036823333333337,0.5449739675209259,3.065181459503953,5.07953495785117,1.3251543102641101
2-way,first_call_market_cap >= 6.821e+04 AND avg_buy_size_sol >= 2.27,first_call_market_cap + avg_buy_size_sol,47,17,36.17021276595745,24.794520547945208,1.4587986364170684,23.96602228576844,50.46436542822955,301658.4605486445,0.39120971666666665,0.5413328856429672,3.05707069700973,5.639244702323883,1.4803581912324337
3-way,first_call_market_cap >= 6.821e+04 AND avg_buy_size_sol >= 2.27 AND liq_to_mc <= 0.6451,first_call_market_cap + avg_buy_size_sol + liq_to_mc,47,17,36.17021276595745,24.794520547945208,1.4587986364170684,23.96602228576844,50.46436542822955,301658.4605486445,0.39120971666666665,0.5413328856429672,3.05707069700973,5.639244702323883,1.4803581912324337
3-way,holders >= 151.8 AND liq_to_mc <= 0.6451 AND sniper_hold_percent >= 1.729e-07,holders + liq_to_mc + sniper_hold_percent,54,19,35.18518518518518,24.794520547945208,1.4190710047063637,23.82283172242002,48.515416182202266,68231.58504039381,0.48687831666666664,0.5369485353278417,3.0534600432133883,2.100485545538096,1.453495647646386
3-way,first_call_market_cap >= 6.821e+04 AND market_cap >= 2.179e+04 AND vol_24h >= 5.705e+04,first_call_market_cap + market_cap + vol_24h,25,12,48.0,24.794520547945208,1.9359116022099445,30.031003928960015,66.5017820468527,191059.3540560249,0.4585513166666667,0.48229341945737964,3.042011190573031,9.059155203966045,1.7655125701718621
2-way,chg_24h >= 11.52 AND chg_1h >= 10.35,chg_24h + chg_1h,56,18,32.142857142857146,24.794520547945208,1.2963693764798738,21.400827887722297,45.17760584399611,79462.46542001802,0.42420434166666665,0.5802500338984491,3.041257453306446,2.664118905236017,1.275242060015225
3-way,chg_1h >= 10.35 AND sniper_hold_percent >= 1.729e-07 AND vol_to_mc <= 0.9806,chg_1h + sniper_hold_percent + vol_to_mc,28,9,32.142857142857146,24.794520547945208,1.2963693764798738,17.93304754342074,50.66149544436882,87394.48195100552,0.33553167500000003,0.6955995122896366,3.0364721674374544,3.103774045967115,1.1438521514817905
3-way,first_call_market_cap >= 6.821e+04 AND chg_24h >= 11.52 AND top10_percent <= 27.13,first_call_market_cap + chg_24h + top10_percent,24,11,45.83333333333333,24.794520547945208,1.848526703499079,27.891058351681426,64.92544644689337,311703.37341068545,0.41808670000000003,0.5074367430264811,3.0193389028926596,2.352555779997034,1.5960728371161002
3-way,holders >= 151.8 AND sniper_hold_percent >= 1.729e-07 AND bundle_hold_percent <= 11.38,holders + sniper_hold_percent + bundle_hold_percent,35,15,42.857142857142854,24.794520547945208,1.7284925019731647,27.984333081678912,59.14287074102662,37780.5986852023,0.7680782333333334,0.4864535245241735,3.013134779010503,2.2089350430724095,1.8146800869929474
3-way,first_call_market_cap >= 6.821e+04 AND chg_24h >= 11.52 AND holders >= 151.8,first_call_market_cap + chg_24h + holders,22,11,50.0,24.794520547945208,2.016574585635359,30.72180469247956,69.27819530752043,165414.07856144448,0.4727133666666667,0.47607858846605516,3.010224895408873,2.6365054396791723,1.897903321452353
2-way,chg_1h >= 10.35 AND top10_percent <= 27.13,chg_1h + top10_percent,43,13,30.23255813953488,24.794520547945208,1.2193241680585891,18.601827946182876,45.10564575240983,61161.22808793941,0.39120971666666665,0.6521858945812615,3.009286074106835,1.7147346446298801,1.1643693965864055
3-way,chg_1h >= 10.35 AND liq_to_mc <= 0.6451 AND top10_percent <= 27.13,chg_1h + liq_to_mc + top10_percent,43,13,30.23255813953488,24.794520547945208,1.2193241680585891,18.601827946182876,45.10564575240983,61161.22808793941,0.39120971666666665,0.6521858945812615,3.009286074106835,1.7147346446298801,1.1643693965864055
3-way,chg_1h >= 10.35 AND market_cap >= 2.179e+04 AND top10_percent <= 27.13,chg_1h + market_cap + top10_percent,43,13,30.23255813953488,24.794520547945208,1.2193241680585891,18.601827946182876,45.10564575240983,61161.22808793941,0.39120971666666665,0.6521858945812615,3.009286074106835,1.7147346446298801,1.1643693965864055
3-way,chg_1h >= 10.35 AND sniper_hold_percent >= 1.729e-07 AND top10_percent <= 27.13,chg_1h + sniper_hold_percent + top10_percent,37,12,32.432432432432435,24.794520547945208,1.3080483798715843,19.63307782081548,48.53663149517607,71701.23786074974,0.39120971666666665,0.6317465355075734,3.005937628369837,1.7734739404632984,1.1936535025387627
3-way,market_cap >= 2.179e+04 AND sniper_hold_percent >= 1.729e-07 AND vol_to_mc <= 0.9806,market_cap + sniper_hold_percent + vol_to_mc,79,22,27.848101265822784,24.794520547945208,1.123155465417162,19.168037554546476,38.58265774829653,272612.55307789566,0.3468015833333334,0.6100446335173529,3.002454942901692,4.07786186147095,1.1908419687120297
3-way,chg_24h >= 11.52 AND chg_1h >= 10.35 AND sniper_hold_percent >= 1.729e-07,chg_24h + chg_1h + sniper_hold_percent,50,16,32.0,24.794520547945208,1.2906077348066298,20.758044093999402,45.810557136276074,87394.48195100552,0.4084471416666667,0.588793130978553,2.987798108411129,2.7451332579696914,1.219815078446866
3-way,holders >= 151.8 AND market_cap >= 2.179e+04 AND sniper_hold_percent >= 1.729e-07,holders + market_cap + sniper_hold_percent,53,18,33.9622641509434,24.794520547945208,1.3697487751485458,22.686862857429077,47.405463889179025,69606.90233675968,0.47411861666666666,0.5455822781601443,2.981010289608127,2.0770501772980636,1.4266331040603382
2-way,chg_24h >= 11.52 AND liq_to_mc <= 0.6451,chg_24h + liq_to_mc,71,23,32.3943661971831,24.794520547945208,1.3065131118200919,22.65705638438528,43.939061282794476,90833.1379924552,0.4585513166666667,0.5314065730877456,2.96924504623147,2.491344102283407,1.3251543102641101
2-way,chg_24h >= 11.52 AND market_cap >= 2.179e+04,chg_24h + market_cap,71,23,32.3943661971831,24.794520547945208,1.3065131118200919,22.65705638438528,43.939061282794476,90833.1379924552,0.4585513166666667,0.5314065730877456,2.96924504623147,2.491344102283407,1.3251543102641101
3-way,chg_24h >= 11.52 AND liq_to_mc <= 0.6451 AND market_cap >= 2.179e+04,chg_24h + liq_to_mc + market_cap,71,23,32.3943661971831,24.794520547945208,1.3065131118200919,22.65705638438528,43.939061282794476,90833.1379924552,0.4585513166666667,0.5314065730877456,2.96924504623147,2.491344102283407,1.3251543102641101
3-way,liq_to_mc <= 0.6451 AND top10_percent <= 27.13 AND vol_to_mc <= 0.9806,liq_to_mc + top10_percent + vol_to_mc,64,18,28.125,24.794520547945208,1.1343232044198894,18.593226105484582,40.1341623995035,303713.710858258,0.3379032833333333,0.6220935408150596,2.94567782778485,4.138705676889607,1.1585156208971004
3-way,holders >= 151.8 AND liq_to_mc <= 0.6451 AND bundle_hold_percent <= 11.38,holders + liq_to_mc + bundle_hold_percent,31,17,54.83870967741935,24.794520547945208,2.2117269648903934,37.771879603669134,70.83851716341388,69779.31054701892,0.7680782333333334,0.3832329917233596,2.937581115922777,3.157478146909227,2.120302394263734
3-way,holders >= 151.8 AND age_minutes >= 0.9439 AND bundle_hold_percent <= 11.38,holders + age_minutes + bundle_hold_percent,29,12,41.37931034482759,24.794520547945208,1.6688893122499522,25.51293527964552,59.26247152148476,17291.038578507378,8.167359633333334,0.5164011484201982,2.931207538371573,2.1552336033907604,1.571194714112663
3-way,first_call_market_cap >= 6.821e+04 AND avg_buy_size_sol >= 2.27 AND market_cap >= 2.179e+04,first_call_market_cap + avg_buy_size_sol + market_cap,46,16,34.78260869565217,24.794520547945208,1.4028344943550324,22.680806269918058,49.23020782272744,303072.4729611954,0.390788975,0.5417538293112538,2.9260773689112156,5.661951544126569,1.4711561332498575
3-way,chg_24h >= 11.52 AND chg_1h >= 10.35 AND liq_to_mc <= 0.6451,chg_24h + chg_1h + liq_to_mc,54,17,31.48148148148148,24.794520547945208,1.269695109474115,20.679114289098216,44.74369559167963,87394.48195100552,0.42420434166666665,0.5705367367842452,2.9029430337618156,2.631728290172964,1.275242060015225
3-way,chg_24h >= 11.52 AND chg_1h >= 10.35 AND market_cap >= 2.179e+04,chg_24h + chg_1h + market_cap,54,17,31.48148148148148,24.794520547945208,1.269695109474115,20.679114289098216,44.74369559167963,87394.48195100552,0.42420434166666665,0.5705367367842452,2.9029430337618156,2.631728290172964,1.275242060015225
3-way,first_call_market_cap >= 6.821e+04 AND sniper_hold_percent >= 1.729e-07 AND top10_percent <= 27.13,first_call_market_cap + sniper_hold_percent + top10_percent,57,17,29.82456140350877,24.794520547945208,1.2028690510807405,19.53239240924326,42.664525489036855,322466.6707738147,0.35455238333333333,0.5925677103584057,2.8942080890667357,4.205049341295062,1.1518094699550974
2-way,avg_buy_size_sol >= 2.27 AND liq_to_mc <= 0.6451,avg_buy_size_sol + liq_to_mc,67,22,32.83582089552239,24.794520547945208,1.3243176383276984,22.791157615605968,44.74204321554408,226503.69895352278,0.41908306666666667,0.5165576115069116,2.886507650700727,4.9263244387829435,1.4183616821306686
2-way,first_call_market_cap >= 6.821e+04 AND chg_24h >= 11.52,first_call_market_cap + chg_24h,34,14,41.17647058823529,24.794520547945208,1.6607084822879428,26.365737785688857,57.778695853480734,283504.1254107306,0.43811314166666665,0.48820230916037466,2.8825400949378115,2.4610572827930817,1.5387092994573797
3-way,first_call_market_cap >= 6.821e+04 AND chg_24h >= 11.52 AND liq_to_mc <= 0.6451,first_call_market_cap + chg_24h + liq_to_mc,34,14,41.17647058823529,24.794520547945208,1.6607084822879428,26.365737785688857,57.778695853480734,283504.1254107306,0.43811314166666665,0.48820230916037466,2.8825400949378115,2.4610572827930817,1.5387092994573797
3-way,first_call_market_cap >= 6.821e+04 AND chg_24h >= 11.52 AND market_cap >= 2.179e+04,first_call_market_cap + chg_24h + market_cap,34,14,41.17647058823529,24.794520547945208,1.6607084822879428,26.365737785688857,57.778695853480734,283504.1254107306,0.43811314166666665,0.48820230916037466,2.8825400949378115,2.4610572827930817,1.5387092994573797
3-way,market_cap >= 2.179e+04 AND top10_percent <= 27.13 AND vol_to_mc <= 0.9806,market_cap + top10_percent + vol_to_mc,65,17,26.153846153846157,24.794520547945208,1.0548236294092648,17.018055060319135,37.95103339782245,302940.93634276977,0.32335241666666664,0.6488991718417513,2.8677104921998575,3.984296051827587,1.1518094699550974
2-way,first_call_market_cap >= 6.821e+04 AND sniper_hold_percent >= 1.729e-07,first_call_market_cap + sniper_hold_percent,66,20,30.303030303030305,24.794520547945208,1.2221664155365812,20.553868699544754,42.21903455582168,307854.8780469305,0.37871964999999996,0.5576887281539268,2.865869857368217,4.019192364505586,1.2485795163674407
3-way,first_call_market_cap >= 6.821e+04 AND liq_to_mc <= 0.6451 AND sniper_hold_percent >= 1.729e-07,first_call_market_cap + liq_to_mc + sniper_hold_percent,66,20,30.303030303030305,24.794520547945208,1.2221664155365812,20.553868699544754,42.21903455582168,307854.8780469305,0.37871964999999996,0.5576887281539268,2.865869857368217,4.019192364505586,1.2485795163674407
3-way,first_call_market_cap >= 6.821e+04 AND market_cap >= 2.179e+04 AND sniper_hold_percent >= 1.729e-07,first_call_market_cap + market_cap + sniper_hold_percent,66,20,30.303030303030305,24.794520547945208,1.2221664155365812,20.553868699544754,42.21903455582168,307854.8780469305,0.37871964999999996,0.5576887281539268,2.865869857368217,4.019192364505586,1.2485795163674407
2-way,avg_buy_size_sol >= 2.27 AND market_cap >= 2.179e+04,avg_buy_size_sol + market_cap,66,21,31.818181818181817,24.794520547945208,1.2832747363134103,21.848849400185994,43.787676681690705,233805.7454729681,0.4084471416666667,0.5278584688313205,2.848205958505257,4.931348597258436,1.4108823044756358
3-way,avg_buy_size_sol >= 2.27 AND liq_to_mc <= 0.6451 AND market_cap >= 2.179e+04,avg_buy_size_sol + liq_to_mc + market_cap,66,21,31.818181818181817,24.794520547945208,1.2832747363134103,21.848849400185994,43.787676681690705,233805.7454729681,0.4084471416666667,0.5278584688313205,2.848205958505257,4.931348597258436,1.4108823044756358
2-way,holders >= 151.8 AND chg_1h >= 10.35,holders + chg_1h,39,16,41.02564102564102,24.794520547945208,1.6546253010341407,27.079089435400476,56.581651526655094,66856.26774402795,0.5924721500000001,0.46602772391569247,2.844499606027048,2.3556901760219424,1.4803581912324337
2-way,avg_buy_size_sol >= 2.27 AND vol_to_mc <= 0.9806,avg_buy_size_sol + vol_to_mc,39,13,33.33333333333333,24.794520547945208,1.3443830570902393,20.632766106915156,49.02289567975947,333420.64359185286,0.36855998333333334,0.5701823011243707,2.827686291479706,6.327760445922217,1.4760498760837881
3-way,avg_buy_size_sol >= 2.27 AND liq_to_mc <= 0.6451 AND vol_to_mc <= 0.9806,avg_buy_size_sol + liq_to_mc + vol_to_mc,39,13,33.33333333333333,24.794520547945208,1.3443830570902393,20.632766106915156,49.02289567975947,333420.64359185286,0.36855998333333334,0.5701823011243707,2.827686291479706,6.327760445922217,1.4760498760837881
3-way,age_minutes >= 0.9439 AND sniper_hold_percent >= 1.729e-07 AND bundle_hold_percent <= 11.38,age_minutes + sniper_hold_percent + bundle_hold_percent,23,9,39.130434782608695,24.794520547945208,1.5781888061494116,22.157377982382144,59.21482039625401,16305.430790798762,4.9331145,0.562244625180038,2.819976701447031,1.973245759863503,1.2872887327516407
2-way,first_call_market_cap >= 6.821e+04 AND vol_to_mc <= 0.9806,first_call_market_cap + vol_to_mc,59,17,28.8135593220339,24.794520547945208,1.162093829010207,18.836347285820825,41.38108829825087,325861.55299937807,0.35455238333333333,0.5922929615193016,2.8181373439484685,4.087465957243148,1.2895155712877189
3-way,first_call_market_cap >= 6.821e+04 AND liq_to_mc <= 0.6451 AND vol_to_mc <= 0.9806,first_call_market_cap + liq_to_mc + vol_to_mc,59,17,28.8135593220339,24.794520547945208,1.162093829010207,18.836347285820825,41.38108829825087,325861.55299937807,0.35455238333333333,0.5922929615193016,2.8181373439484685,4.087465957243148,1.2895155712877189
3-way,first_call_market_cap >= 6.821e+04 AND avg_buy_size_sol >= 2.27 AND vol_to_mc <= 0.9806,first_call_market_cap + avg_buy_size_sol + vol_to_mc,36,12,33.33333333333333,24.794520547945208,1.3443830570902393,20.214424774586046,49.66630290703315,343313.94963175675,0.36155618333333334,0.5799983768675181,2.815577100708863,5.742544493062176,1.4711561332498575
2-way,chg_24h >= 11.52 AND sniper_hold_percent >= 1.729e-07,chg_24h + sniper_hold_percent,63,19,30.158730158730158,24.794520547945208,1.2163465754625975,20.237537048735994,42.36060542541184,96515.44221310668,0.4293256166666667,0.5556959615977768,2.8110675952890007,2.568235385456827,1.214300347127392
3-way,first_call_market_cap >= 6.821e+04 AND holders >= 151.8 AND sniper_hold_percent >= 1.729e-07,first_call_market_cap + holders + sniper_hold_percent,20,9,45.0,24.794520547945208,1.8149171270718232,25.819502085709296,65.79179916924002,218938.95416709903,0.42818126666666667,0.5076765800533061,2.8051953303173787,2.544289476877131,1.6515514630069599
3-way,holders >= 151.8 AND market_cap >= 2.179e+04 AND count_buy <= 22,holders + market_cap + count_buy,24,9,37.5,24.794520547945208,1.5124309392265194,21.159133433631457,57.29038096209293,66869.30955439557,0.44739598333333336,0.5758738904211521,2.8035426322294796,2.9625682257827015,1.2913230310014545
3-way,age_minutes >= 0.9439 AND top10_percent <= 27.13 AND bundle_hold_percent <= 11.38,age_minutes + top10_percent + bundle_hold_percent,46,14,30.434782608695656,24.794520547945208,1.2274801825606534,19.0796708074489,44.80591874023816,15992.924550868085,3.344223791666667,0.5917700001393431,2.7966931148571494,1.7561762887897885,1.3225934104854222
3-way,age_minutes >= 0.9439 AND sniper_hold_percent >= 1.729e-07 AND count_buy <= 22,age_minutes + sniper_hold_percent + count_buy,24,9,37.5,24.794520547945208,1.5124309392265194,21.159133433631457,57.29038096209293,17330.754049643936,2.61371025,0.5675000199525913,2.7627758892917007,2.110926989079327,1.5031053569962376
3-way,first_call_market_cap >= 6.821e+04 AND chg_1h >= 10.35 AND sniper_hold_percent >= 1.729e-07,first_call_market_cap + chg_1h + sniper_hold_percent,22,9,40.909090909090914,24.794520547945208,1.6499246609743847,23.25555966882038,61.26552261710619,343511.06873960723,0.39451046666666667,0.5336048320041941,2.760513475319022,2.638602492540736,1.5089742735372458
3-way,liq_to_mc <= 0.6451 AND count_buy <= 22 AND vol_to_mc <= 0.9806,liq_to_mc + count_buy + vol_to_mc,24,8,33.33333333333333,24.794520547945208,1.3443830570902393,17.971978688379643,53.29404050591954,207185.49531528732,0.3383579583333333,0.634340684143469,2.745047222525654,2.9724744582416793,1.5079390595782447
3-way,age_minutes >= 0.9439 AND bundle_hold_percent <= 11.38 AND count_buy <= 22,age_minutes + bundle_hold_percent + count_buy,28,10,35.714285714285715,24.794520547945208,1.4404104183109707,20.705611972458875,54.17002241777278,16176.569315318895,5.021518891666666,0.5656828515782114,2.743724744014095,2.0225668390446323,1.6855046631597341
3-way,top10_percent <= 27.13 AND count_buy <= 22 AND vol_24h >= 5.705e+04,top10_percent + count_buy + vol_24h,25,7,28.000000000000004,24.794520547945208,1.1292817679558012,14.283673837381572,47.5769718965583,27920.82585745082,0.4585513166666667,0.7423627173818239,2.731381841155818,2.720023179680958,1.3354801980455113
2-way,chg_24h >= 11.52 AND holders >= 151.8,chg_24h + holders,47,19,40.42553191489361,24.794520547945208,1.6304220054073115,27.639828961388176,54.658131763687344,90833.1379924552,0.5941658833333333,0.4314853797664521,2.7234025242540736,2.2534669104953173,1.4266331040603382
3-way,avg_buy_size_sol >= 2.27 AND top10_percent <= 27.13 AND vol_to_mc <= 0.9806,avg_buy_size_sol + top10_percent + vol_to_mc,30,10,33.33333333333333,24.794520547945208,1.3443830570902393,19.230295526846195,51.22027418616973,392507.57915746456,0.353631725,0.5893358082097095,2.720724283447606,6.474092823548555,1.328930643081618
3-way,holders >= 151.8 AND chg_1h >= 10.35 AND liq_to_mc <= 0.6451,holders + chg_1h + liq_to_mc,38,15,39.473684210526315,24.794520547945208,1.5920325676068625,25.59785926361891,55.28241300130402,69278.75280238884,0.5862342250000001,0.4651852499053974,2.7131973679689154,2.2577522589731283,1.4237511168170232
3-way,holders >= 151.8 AND chg_1h >= 10.35 AND market_cap >= 2.179e+04,holders + chg_1h + market_cap,38,15,39.473684210526315,24.794520547945208,1.5920325676068625,25.59785926361891,55.28241300130402,69278.75280238884,0.5862342250000001,0.4651852499053974,2.7131973679689154,2.2577522589731283,1.4237511168170232
3-way,avg_buy_size_sol >= 2.27 AND market_cap >= 2.179e+04 AND vol_to_mc <= 0.9806,avg_buy_size_sol + market_cap + vol_to_mc,38,12,31.57894736842105,24.794520547945208,1.2736260540854898,19.08442002366664,47.456056439948505,343313.94963175675,0.36155618333333334,0.5799983768675181,2.706276813141808,6.373366510830686,1.4690019756755346
3-way,chg_24h >= 11.52 AND liq_to_mc <= 0.6451 AND sniper_hold_percent >= 1.729e-07,chg_24h + liq_to_mc + sniper_hold_percent,61,18,29.508196721311474,24.794520547945208,1.190109591522507,19.55486540398532,41.889639358389445,103978.29100642615,0.4293256166666667,0.5493719264806645,2.698373284209088,2.5364180042607085,1.214300347127392
3-way,chg_24h >= 11.52 AND market_cap >= 2.179e+04 AND sniper_hold_percent >= 1.729e-07,chg_24h + market_cap + sniper_hold_percent,61,18,29.508196721311474,24.794520547945208,1.190109591522507,19.55486540398532,41.889639358389445,103978.29100642615,0.4293256166666667,0.5493719264806645,2.698373284209088,2.5364180042607085,1.214300347127392
3-way,first_call_market_cap >= 6.821e+04 AND market_cap >= 2.179e+04 AND vol_to_mc <= 0.9806,first_call_market_cap + market_cap + vol_to_mc,58,16,27.586206896551722,24.794520547945208,1.1125928748333016,17.752203680746195,40.204899628353175,328951.31005105935,0.353631725,0.5935218912391936,2.692594622629913,4.078720025826644,1.2206625206214081
2-way,age_minutes >= 0.9439 AND bundle_hold_percent <= 11.38,age_minutes + bundle_hold_percent,56,16,28.57142857142857,24.794520547945208,1.1523283346487765,18.418621391703333,41.47549908635875,16166.9749587615,3.885767725,0.5776795502932854,2.6913642745023094,1.822898482672413,1.3600920133121892
3-way,holders >= 151.8 AND chg_1h >= 10.35 AND sniper_hold_percent >= 1.729e-07,holders + chg_1h + sniper_hold_percent,35,14,40.0,24.794520547945208,1.6132596685082874,25.550504933307238,56.42758041848053,71701.23786074974,0.5799963,0.46472087493028325,2.6866194943165773,2.3480155868301926,1.4803581912324337
3-way,first_call_market_cap >= 6.821e+04 AND chg_24h >= 11.52 AND vol_24h >= 5.705e+04,first_call_market_cap + chg_24h + vol_24h,22,10,45.45454545454545,24.794520547945208,1.8332496233048718,26.920014432004848,65.34052671095844,202637.9686284859,0.4727133666666667,0.46663455376479673,2.682282419201421,2.5814077652094,1.6515514630069599
2-way,first_call_market_cap >= 6.821e+04 AND chg_1h >= 10.35,first_call_market_cap + chg_1h,23,9,39.130434782608695,24.794520547945208,1.5781888061494116,22.157377982382144,59.21482039625401,300940.0760475561,0.3978112166666667,0.5328848241037215,2.6727205938980787,2.594999135973133,1.5375903558420578
3-way,first_call_market_cap >= 6.821e+04 AND chg_24h >= 11.52 AND chg_1h >= 10.35,first_call_market_cap + chg_24h + chg_1h,23,9,39.130434782608695,24.794520547945208,1.5781888061494116,22.157377982382144,59.21482039625401,300940.0760475561,0.3978112166666667,0.5328848241037215,2.6727205938980787,2.594999135973133,1.5375903558420578
3-way,first_call_market_cap >= 6.821e+04 AND chg_1h >= 10.35 AND liq_to_mc <= 0.6451,first_call_market_cap + chg_1h + liq_to_mc,23,9,39.130434782608695,24.794520547945208,1.5781888061494116,22.157377982382144,59.21482039625401,300940.0760475561,0.3978112166666667,0.5328848241037215,2.6727205938980787,2.594999135973133,1.5375903558420578
3-way,first_call_market_cap >= 6.821e+04 AND chg_1h >= 10.35 AND market_cap >= 2.179e+04,first_call_market_cap + chg_1h + market_cap,23,9,39.130434782608695,24.794520547945208,1.5781888061494116,22.157377982382144,59.21482039625401,300940.0760475561,0.3978112166666667,0.5328848241037215,2.6727205938980787,2.594999135973133,1.5375903558420578
2-way,count_buy <= 22 AND vol_24h >= 5.705e+04,count_buy + vol_24h,32,8,25.0,24.794520547945208,1.0082872928176796,13.252243982621554,42.10689177024663,26976.72872132006,0.45577797500000006,0.7556858520509151,2.6641584888482917,2.4959317726698553,1.3519129564605141
3-way,avg_buy_size_sol >= 2.27 AND sniper_hold_percent >= 1.729e-07 AND top10_percent <= 27.13,avg_buy_size_sol + sniper_hold_percent + top10_percent,46,14,30.434782608695656,24.794520547945208,1.2274801825606534,19.0796708074489,44.80591874023816,291597.7401155707,0.37871964999999996,0.5592288071841752,2.6429040916462285,4.762319823787768,1.2774568347517463
3-way,first_call_market_cap >= 6.821e+04 AND sniper_hold_percent >= 1.729e-07 AND vol_to_mc <= 0.9806,first_call_market_cap + sniper_hold_percent + vol_to_mc,55,15,27.27272727272727,24.794520547945208,1.099949773982923,17.280602508013647,40.23244948241489,333420.64359185286,0.3527110666666667,0.5946571063019375,2.632954160868801,4.188807708878882,1.1426939065997508
3-way,holders >= 151.8 AND market_cap >= 2.179e+04 AND bundle_hold_percent <= 11.38,holders + market_cap + bundle_hold_percent,28,14,50.0,24.794520547945208,2.016574585635359,32.63284683244635,67.36715316755367,71244.56889603988,0.7483463083333333,0.3876179214955125,2.6320819718129846,3.1522084707232194,1.729265609786319
3-way,chg_24h >= 11.52 AND sniper_hold_percent >= 1.729e-07 AND bundle_hold_percent <= 11.38,chg_24h + sniper_hold_percent + bundle_hold_percent,22,10,45.45454545454545,24.794520547945208,1.8332496233048718,26.920014432004848,65.34052671095844,112803.1233376528,0.5263586,0.45677540231587355,2.625610600995219,2.309811083988839,1.4513414900720631
2-way,avg_buy_size_sol >= 2.27 AND sniper_hold_percent >= 1.729e-07,avg_buy_size_sol + sniper_hold_percent,62,18,29.03225806451613,24.794520547945208,1.1709142755302087,19.2234063853952,41.28788131113709,264868.117355744,0.39451046666666667,0.5409553592874989,2.6243127142416878,4.6944409895404124,1.3337110526597717
2-way,chg_24h >= 11.52 AND top10_percent <= 27.13,chg_24h + top10_percent,49,16,32.6530612244898,24.794520547945208,1.3169466681700304,21.207321329264214,46.62105631259371,99092.6654073125,0.47411861666666666,0.509228658053005,2.6235081916580634,1.8589489589664927,1.2076434614471627
3-way,chg_24h >= 11.52 AND liq_to_mc <= 0.6451 AND top10_percent <= 27.13,chg_24h + liq_to_mc + top10_percent,49,16,32.6530612244898,24.794520547945208,1.3169466681700304,21.207321329264214,46.62105631259371,99092.6654073125,0.47411861666666666,0.509228658053005,2.6235081916580634,1.8589489589664927,1.2076434614471627
3-way,chg_24h >= 11.52 AND market_cap >= 2.179e+04 AND top10_percent <= 27.13,chg_24h + market_cap + top10_percent,49,16,32.6530612244898,24.794520547945208,1.3169466681700304,21.207321329264214,46.62105631259371,99092.6654073125,0.47411861666666666,0.509228658053005,2.6235081916580634,1.8589489589664927,1.2076434614471627
2-way,age_minutes >= 0.9439 AND count_buy <= 22,age_minutes + count_buy,51,15,29.411764705882355,24.794520547945208,1.1862203444913877,18.70856524031203,42.99933533151665,16781.55129397161,3.8875282833333333,0.5583922602900608,2.6172100341439384,1.8902355784306897,1.4686203581504176
3-way,avg_buy_size_sol >= 2.27 AND top10_percent <= 27.13 AND bundle_hold_percent <= 11.38,avg_buy_size_sol + top10_percent + bundle_hold_percent,20,9,45.0,24.794520547945208,1.8149171270718232,25.819502085709296,65.79179916924002,60796.50229274848,0.601855525,0.47342354003964293,2.6159282424296273,3.2606018010905613,1.3974894094679275
3-way,chg_24h >= 11.52 AND holders >= 151.8 AND chg_1h >= 10.35,chg_24h + holders + chg_1h,33,14,42.42424242424242,24.794520547945208,1.7110329817512138,27.2353589950299,59.19302630853998,90833.1379924552,0.5924721500000001,0.4324512445030164,2.6092893610918693,2.3237204230632686,1.4803581912324337
3-way,chg_24h >= 11.52 AND holders >= 151.8 AND liq_to_mc <= 0.6451,chg_24h + holders + liq_to_mc,46,18,39.130434782608695,24.794520547945208,1.5781888061494116,26.393022355248846,53.543416282355075,93674.29010278094,0.5933190166666666,0.42912801171043863,2.607493306797029,2.170339429769631,1.3974894094679275
3-way,chg_24h >= 11.52 AND holders >= 151.8 AND market_cap >= 2.179e+04,chg_24h + holders + market_cap,46,18,39.130434782608695,24.794520547945208,1.5781888061494116,26.393022355248846,53.543416282355075,93674.29010278094,0.5933190166666666,0.42912801171043863,2.607493306797029,2.170339429769631,1.3974894094679275
3-way,holders >= 151.8 AND age_minutes >= 0.9439 AND sniper_hold_percent >= 1.729e-07,holders + age_minutes + sniper_hold_percent,37,13,35.13513513513514,24.794520547945208,1.4170524115275496,21.825406631100872,51.241270482430444,18455.900029860066,4.5735601,0.5046730011668098,2.6014128064747424,2.0266930296496666,1.5116015397760338
3-way,first_call_market_cap >= 6.821e+04 AND top10_percent <= 27.13 AND vol_to_mc <= 0.9806,first_call_market_cap + top10_percent + vol_to_mc,51,14,27.450980392156865,24.794520547945208,1.107138988191962,17.11412201054317,40.94691194907873,333420.64359185286,0.3527110666666667,0.5946571063019375,2.6013726892178703,4.387745013568537,1.1426939065997508
3-way,avg_buy_size_sol >= 2.27 AND liq_to_mc <= 0.6451 AND sniper_hold_percent >= 1.729e-07,avg_buy_size_sol + liq_to_mc + sniper_hold_percent,58,17,29.310344827586203,24.794520547945208,1.1821299295103829,19.178027828644716,42.01314445667778,277044.40114762244,0.39451046666666667,0.5395442364854494,2.6006998258706053,4.849642011771359,1.38587432084806
3-way,avg_buy_size_sol >= 2.27 AND market_cap >= 2.179e+04 AND sniper_hold_percent >= 1.729e-07,avg_buy_size_sol + market_cap + sniper_hold_percent,58,17,29.310344827586203,24.794520547945208,1.1821299295103829,19.178027828644716,42.01314445667778,277044.40114762244,0.39451046666666667,0.5395442364854494,2.6006998258706053,4.849642011771359,1.38587432084806
2-way,chg_24h >= 11.52 AND vol_to_mc <= 0.9806,chg_24h + vol_to_mc,33,11,33.33333333333333,24.794520547945208,1.3443830570902393,19.7500294678037,50.392418200050024,241107.79199241343,0.39120971666666665,0.548412690656206,2.5999035550200054,3.0694258750752894,1.368345714875517
3-way,chg_24h >= 11.52 AND liq_to_mc <= 0.6451 AND vol_to_mc <= 0.9806,chg_24h + liq_to_mc + vol_to_mc,33,11,33.33333333333333,24.794520547945208,1.3443830570902393,19.7500294678037,50.392418200050024,241107.79199241343,0.39120971666666665,0.548412690656206,2.5999035550200054,3.0694258750752894,1.368345714875517
3-way,chg_24h >= 11.52 AND market_cap >= 2.179e+04 AND vol_to_mc <= 0.9806,chg_24h + market_cap + vol_to_mc,33,11,33.33333333333333,24.794520547945208,1.3443830570902393,19.7500294678037,50.392418200050024,241107.79199241343,0.39120971666666665,0.548412690656206,2.5999035550200054,3.0694258750752894,1.368345714875517
3-way,first_call_market_cap >= 6.821e+04 AND chg_24h >= 11.52 AND sniper_hold_percent >= 1.729e-07,first_call_market_cap + chg_24h + sniper_hold_percent,30,11,36.666666666666664,24.794520547945208,1.4788213627992632,21.873702204017683,54.486753566395066,311703.37341068545,0.41808670000000003,0.5074367430264811,2.576892486111894,2.4303885013656052,1.453495647646386
3-way,avg_buy_size_sol >= 2.27 AND sniper_hold_percent >= 1.729e-07 AND vol_to_mc <= 0.9806,avg_buy_size_sol + sniper_hold_percent + vol_to_mc,36,11,30.555555555555557,24.794520547945208,1.2323511356660528,18.004270282805358,46.85657867908372,370618.8888061564,0.36155618333333334,0.5781734253802058,2.572824789734751,6.608179131529436,1.415149895071399
3-way,age_minutes >= 0.9439 AND top10_percent <= 27.13 AND count_buy <= 22,age_minutes + top10_percent + count_buy,41,12,29.268292682926827,24.794520547945208,1.1804339037865517,17.609017633058883,44.47975707613973,16202.309640928492,3.5446594,0.5815038938861514,2.5656370123869663,1.798364548127648,1.368345714875517
3-way,avg_buy_size_sol >= 2.27 AND chg_1h >= 10.35 AND sniper_hold_percent >= 1.729e-07,avg_buy_size_sol + chg_1h + sniper_hold_percent,33,11,33.33333333333333,24.794520547945208,1.3443830570902393,19.7500294678037,50.392418200050024,118928.10052265102,0.4293256166666667,0.5390908731500785,2.5557108751525335,3.217035130484064,1.4183616821306686
3-way,first_call_market_cap >= 6.821e+04 AND avg_buy_size_sol >= 2.27 AND sniper_hold_percent >= 1.729e-07,first_call_market_cap + avg_buy_size_sol + sniper_hold_percent,42,13,30.952380952380953,24.794520547945208,1.2483556958695081,19.070926519722732,46.02627776634059,327253.8689382777,0.390788975,0.5396804479175276,2.5339700195008756,5.31768363227397,1.3580743376740285
3-way,holders >= 151.8 AND liq_to_mc <= 0.6451 AND count_buy <= 22,holders + liq_to_mc + count_buy,27,13,48.148148148148145,24.794520547945208,1.9418866380192346,30.742950649709076,66.01467541378958,43047.65420418373,1.0388517666666666,0.3907895371127402,2.5287066391107818,3.063128205899764,1.8146800869929474
3-way,first_call_market_cap >= 6.821e+04 AND avg_buy_size_sol >= 2.27 AND holders >= 151.8,first_call_market_cap + avg_buy_size_sol + holders,20,10,50.0,24.794520547945208,2.016574585635359,29.92949144298199,70.070508557018,218938.95416709903,0.5405206499999999,0.4102361908235075,2.5186477901704425,3.859524459180777,1.8883748586417215
2-way,dev_hold_percent >= 3.461 AND age_minutes >= 0.9439,dev_hold_percent + age_minutes,20,7,35.0,24.794520547945208,1.4116022099447512,18.11895478679446,56.71494897805353,17940.264065540672,1.9643183166666667,0.5762202176219647,2.4763954696347845,3.6613393848433766,1.3779545454510291
2-way,chg_24h >= 11.52 AND bundle_hold_percent <= 11.38,chg_24h + bundle_hold_percent,27,13,48.148148148148145,24.794520547945208,1.9418866380192346,30.742950649709076,66.01467541378958,71701.23786074974,0.7680782333333334,0.37996626547775625,2.4586718090012245,2.3466753520103456,1.4760498760837881
3-way,holders >= 151.8 AND age_minutes >= 0.9439 AND count_buy <= 22,holders + age_minutes + count_buy,22,10,45.45454545454545,24.794520547945208,1.8332496233048718,26.920014432004848,65.34052671095844,20126.282885270117,386.23052670833334,0.42305752881982495,2.4317954225828315,2.142646056119719,1.7900963285824047
3-way,chg_24h >= 11.52 AND chg_1h >= 10.35 AND vol_to_mc <= 0.9806,chg_24h + chg_1h + vol_to_mc,24,8,33.33333333333333,24.794520547945208,1.3443830570902393,17.971978688379643,53.29404050591954,256860.17253515456,0.38097906666666664,0.5600293257719028,2.4234720926324558,3.4498225477523015,1.3348516893112754
2-way,chg_1h >= 10.35 AND count_buy <= 22,chg_1h + count_buy,23,5,21.73913043478261,24.794520547945208,0.8767715589718952,9.663835601719065,41.903880182734916,37156.13171517332,0.31687186666666667,0.8623993893051666,2.4030131253949554,2.0281695587035826,1.214300347127392
2-way,market_cap >= 2.179e+04 AND vol_24h >= 5.705e+04,market_cap + vol_24h,53,18,33.9622641509434,24.794520547945208,1.3697487751485458,22.686862857429077,47.405463889179025,83955.82590955583,0.5941658833333333,0.43915462608754713,2.399499601619614,5.062590456069734,1.4183616821306686
3-way,market_cap >= 2.179e+04 AND sniper_hold_percent >= 1.729e-07 AND count_buy <= 22,market_cap + sniper_hold_percent + count_buy,37,8,21.62162162162162,24.794520547945208,0.8720322532477229,11.386376851955585,37.19546127387691,71701.23786074974,0.31687186666666667,0.7521291048936918,2.385823059006412,2.0600930966130093,1.152661845207795
3-way,chg_24h >= 11.52 AND holders >= 151.8 AND bundle_hold_percent <= 11.38,chg_24h + holders + bundle_hold_percent,25,13,52.0,24.794520547945208,2.0972375690607734,33.49821795314731,69.96899607104,99092.6654073125,0.7682192000000001,0.347133274067639,2.37196251675088,2.418703946545078,2.030294072732844
3-way,avg_buy_size_sol >= 2.27 AND holders >= 151.8 AND bundle_hold_percent <= 11.38,avg_buy_size_sol + holders + bundle_hold_percent,20,10,50.0,24.794520547945208,2.016574585635359,29.92949144298199,70.070508557018,69693.10644188931,0.7681487166666667,0.3833597540608452,2.353639729998936,3.622114167525286,1.728463588396591
2-way,chg_24h >= 11.52 AND count_buy <= 22,chg_24h + count_buy,27,8,29.629629629629626,24.794520547945208,1.1950071618579905,15.852853317647565,48.481033380837594,69606.90233675968,0.4293256166666667,0.5897579605300923,2.3484210669494994,2.1789100290986774,1.368345714875517
2-way,top10_percent <= 27.13 AND vol_24h >= 5.705e+04,top10_percent + vol_24h,56,15,26.785714285714285,24.794520547945208,1.080307813733228,16.957158661894965,39.59480518933896,57935.94065433659,0.5138271333333333,0.5374726266043623,2.3475406234598957,4.591587294823943,1.3066718974951006
3-way,market_cap >= 2.179e+04 AND count_buy <= 22 AND vol_24h >= 5.705e+04,market_cap + count_buy + vol_24h,21,7,33.33333333333333,24.794520547945208,1.3443830570902393,17.194536432683687,54.62692434278969,69606.90233675968,0.4585513166666667,0.5599565306425927,2.3269246188279706,2.9473834306694013,1.3354801980455113
3-way,holders >= 151.8 AND chg_1h >= 10.35 AND top10_percent <= 27.13,holders + chg_1h + top10_percent,28,10,35.714285714285715,24.794520547945208,1.4404104183109707,20.705611972458875,54.17002241777278,64008.74791598368,0.5862342250000001,0.47529174886710024,2.3053018636752776,1.7612837232197616,1.2736057917818635
2-way,first_call_market_cap >= 6.821e+04 AND count_buy <= 22,first_call_market_cap + count_buy,23,8,34.78260869565217,24.794520547945208,1.4028344943550324,18.811054636982238,55.11002309310836,264374.6750237636,0.41754996666666666,0.5129381371979816,2.2868236531484363,3.3897021403690197,1.5375903558420578
3-way,first_call_market_cap >= 6.821e+04 AND liq_to_mc <= 0.6451 AND count_buy <= 22,first_call_market_cap + liq_to_mc + count_buy,23,8,34.78260869565217,24.794520547945208,1.4028344943550324,18.811054636982238,55.11002309310836,264374.6750237636,0.41754996666666666,0.5129381371979816,2.2868236531484363,3.3897021403690197,1.5375903558420578
3-way,chg_24h >= 11.52 AND holders >= 151.8 AND sniper_hold_percent >= 1.729e-07,chg_24h + holders + sniper_hold_percent,39,14,35.8974358974359,24.794520547945208,1.4477971384048731,22.74188469649111,51.582136815310506,103978.29100642615,0.5799963,0.4279034288676372,2.2853248601371514,2.204913750256273,1.368345714875517
3-way,chg_24h >= 11.52 AND chg_1h >= 10.35 AND top10_percent <= 27.13,chg_24h + chg_1h + top10_percent,34,11,32.35294117647059,24.794520547945208,1.3048423789405266,19.131451326458574,49.15741595188061,97804.05381020959,0.4995396833333333,0.48881252674592457,2.267683834134686,1.8414142886982068,1.2006484819929626
3-way,first_call_market_cap >= 6.821e+04 AND sniper_hold_percent >= 1.729e-07 AND vol_24h >= 5.705e+04,first_call_market_cap + sniper_hold_percent + vol_24h,21,8,38.095238095238095,24.794520547945208,1.5364377795317021,20.75076779798251,59.12170418449848,223661.3251332512,0.4585513166666667,0.4758053757111774,2.2596922274713553,8.99463069152656,1.4803581912324337
3-way,chg_24h >= 11.52 AND sniper_hold_percent >= 1.729e-07 AND top10_percent <= 27.13,chg_24h + sniper_hold_percent + top10_percent,41,12,29.268292682926827,24.794520547945208,1.1804339037865517,17.609017633058883,44.47975707613973,121627.95566887943,0.45714321666666663,0.5090506366816339,2.2459680294165842,1.8190086012078972,1.1936535025387627
3-way,chg_24h >= 11.52 AND liq_to_mc <= 0.6451 AND bundle_hold_percent <= 11.38,chg_24h + liq_to_mc + bundle_hold_percent,26,12,46.15384615384615,24.794520547945208,1.8614534636634084,28.755582695234907,64.54236379556988,85396.95163403111,0.7566189833333333,0.36490317241236303,2.238698094914861,2.2031885954000945,1.4513414900720631
3-way,chg_24h >= 11.52 AND market_cap >= 2.179e+04 AND bundle_hold_percent <= 11.38,chg_24h + market_cap + bundle_hold_percent,26,12,46.15384615384615,24.794520547945208,1.8614534636634084,28.755582695234907,64.54236379556988,85396.95163403111,0.7566189833333333,0.36490317241236303,2.238698094914861,2.2031885954000945,1.4513414900720631
3-way,market_cap >= 2.179e+04 AND count_buy <= 22 AND vol_to_mc <= 0.9806,market_cap + count_buy + vol_to_mc,23,6,26.08695652173913,24.794520547945208,1.0521258707662742,12.548445889248969,46.47039054375056,223311.63657454978,0.3208144333333333,0.6638205441161931,2.219625153078911,2.605443945504322,1.368345714875517
3-way,chg_1h >= 10.35 AND sniper_hold_percent >= 1.729e-07 AND vol_24h >= 5.705e+04,chg_1h + sniper_hold_percent + vol_24h,28,10,35.714285714285715,24.794520547945208,1.4404104183109707,20.705611972458875,54.17002241777278,100246.86660976641,0.5405206499999999,0.4562255155392754,2.212825141054552,2.131840625435819,1.4493599366815513
3-way,avg_buy_size_sol >= 2.27 AND chg_1h >= 10.35 AND liq_to_mc <= 0.6451,avg_buy_size_sol + chg_1h + liq_to_mc,35,11,31.428571428571427,24.794520547945208,1.2675611681136543,18.550658059782457,47.98007187925197,118928.10052265102,0.48687541666666667,0.4838213017108396,2.1976757480662235,3.0483645830754913,1.4183616821306686
3-way,avg_buy_size_sol >= 2.27 AND chg_1h >= 10.35 AND market_cap >= 2.179e+04,avg_buy_size_sol + chg_1h + market_cap,35,11,31.428571428571427,24.794520547945208,1.2675611681136543,18.550658059782457,47.98007187925197,118928.10052265102,0.48687541666666667,0.4838213017108396,2.1976757480662235,3.0483645830754913,1.4183616821306686
3-way,first_call_market_cap >= 6.821e+04 AND chg_24h >= 11.52 AND vol_to_mc <= 0.9806,first_call_market_cap + chg_24h + vol_to_mc,21,7,33.33333333333333,24.794520547945208,1.3443830570902393,17.194536432683687,54.62692434278969,611144.7812005936,0.39120971666666665,0.5270567406395529,2.190208057589743,2.0153743642116404,1.4803581912324337
3-way,market_cap >= 2.179e+04 AND bundle_hold_percent <= 11.38 AND vol_24h >= 5.705e+04,market_cap + bundle_hold_percent + vol_24h,25,12,48.0,24.794520547945208,1.9359116022099445,30.031003928960015,66.5017820468527,99092.6654073125,0.7680782333333334,0.34718123335739887,2.1898063594116377,3.1802001521555736,1.4282371468397943
3-way,chg_24h >= 11.52 AND sniper_hold_percent >= 1.729e-07 AND vol_to_mc <= 0.9806,chg_24h + sniper_hold_percent + vol_to_mc,30,9,30.0,24.794520547945208,1.2099447513812154,16.664562643958934,47.87612101166018,283504.1254107306,0.40415002499999997,0.5267080580171777,2.18843763673434,3.099283794335993,1.1922477356253962
2-way,avg_buy_size_sol >= 2.27 AND holders >= 151.8,avg_buy_size_sol + holders,34,15,44.11764705882353,24.794520547945208,1.7793305167370814,28.883240215296752,60.546382210816304,102248.06836582697,0.7681487166666667,0.344508828722402,2.1794108417594695,3.0871521640275623,1.5245959478090458
2-way,avg_buy_size_sol >= 2.27 AND chg_1h >= 10.35,avg_buy_size_sol + chg_1h,36,12,33.33333333333333,24.794520547945208,1.3443830570902393,20.214424774586046,49.66630290703315,111453.19576453858,0.5405206499999999,0.447695905971984,2.1733204629704543,3.1325025397644186,1.4472057791072284
3-way,chg_24h >= 11.52 AND liq_to_mc <= 0.6451 AND count_buy <= 22,chg_24h + liq_to_mc + count_buy,25,7,28.000000000000004,24.794520547945208,1.1292817679558012,14.283673837381572,47.5769718965583,71701.23786074974,0.4293256166666667,0.5861893725433106,2.156771845022242,2.0701295904714963,1.368345714875517
3-way,chg_24h >= 11.52 AND market_cap >= 2.179e+04 AND count_buy <= 22,chg_24h + market_cap + count_buy,25,7,28.000000000000004,24.794520547945208,1.1292817679558012,14.283673837381572,47.5769718965583,71701.23786074974,0.4293256166666667,0.5861893725433106,2.156771845022242,2.0701295904714963,1.368345714875517
3-way,avg_buy_size_sol >= 2.27 AND liq_to_mc <= 0.6451 AND count_buy <= 22,avg_buy_size_sol + liq_to_mc + count_buy,26,7,26.923076923076923,24.794520547945208,1.085847853803655,13.704275525067386,46.083403419761304,139251.93104664463,0.3718319333333333,0.6009537287117599,2.1506796152100556,3.075538190213695,1.2913230310014545
2-way,bundle_hold_percent <= 11.38 AND vol_24h >= 5.705e+04,bundle_hold_percent + vol_24h,38,13,34.21052631578947,24.794520547945208,1.3797615585926142,21.212220026458954,50.108188370925454,52803.03382036442,0.7598055583333334,0.4252606109754722,2.1496249960983578,2.6199191275602054,1.4274351254500663
3-way,avg_buy_size_sol >= 2.27 AND chg_1h >= 10.35 AND top10_percent <= 27.13,avg_buy_size_sol + chg_1h + top10_percent,20,8,40.0,24.794520547945208,1.6132596685082874,21.880396741419272,61.342205768479396,111453.19576453858,0.5633514416666666,0.432644530210864,2.1249791497088575,2.0140017919497533,1.2697273286957511
2-way,holders >= 151.8 AND vol_24h >= 5.705e+04,holders + vol_24h,53,18,33.9622641509434,24.794520547945208,1.3697487751485458,22.686862857429077,47.405463889179025,69779.31054701892,0.7682192000000001,0.38318503243359975,2.093687002371974,2.5526832653711495,1.4803581912324337
3-way,first_call_market_cap >= 6.821e+04 AND market_cap >= 2.179e+04 AND count_buy <= 22,first_call_market_cap + market_cap + count_buy,22,7,31.818181818181817,24.794520547945208,1.2832747363134103,16.360387354692477,52.68177721716065,282657.37553565984,0.4096972166666667,0.520072574056371,2.0926162831103876,3.3349281476857753,1.3726169086446103
3-way,avg_buy_size_sol >= 2.27 AND liq_to_mc <= 0.6451 AND bundle_hold_percent <= 11.38,avg_buy_size_sol + liq_to_mc + bundle_hold_percent,21,9,42.857142857142854,24.794520547945208,1.7284925019731647,24.469699486521044,63.453783702967534,69606.90233675968,0.7451597333333333,0.391573413896764,2.092115549057099,3.291392451251011,1.4266331040603382
3-way,first_call_market_cap >= 6.821e+04 AND avg_buy_size_sol >= 2.27 AND chg_24h >= 11.52,first_call_market_cap + avg_buy_size_sol + chg_24h,26,9,34.61538461538461,24.794520547945208,1.3960900977475563,19.412014972852127,53.779770990367005,297667.88689556083,0.4727133666666667,0.45323665602909746,2.085471123113369,2.4122436068757818,1.5089742735372458
3-way,avg_buy_size_sol >= 2.27 AND holders >= 151.8 AND liq_to_mc <= 0.6451,avg_buy_size_sol + holders + liq_to_mc,32,14,43.75,24.794520547945208,1.764502762430939,28.165085969443176,60.67469796877386,111453.19576453858,0.7681487166666667,0.33763954782299443,2.0831000261006802,3.0547357311509438,1.5245959478090458
2-way,liq_to_mc <= 0.6451 AND vol_24h >= 5.705e+04,liq_to_mc + vol_24h,52,19,36.53846153846153,24.794520547945208,1.4736506587335316,24.80051371130184,50.12857141519882,90235.63406133125,0.7681487166666667,0.355580850961448,2.080440725623976,5.2073350656706445,1.453495647646386
3-way,avg_buy_size_sol >= 2.27 AND market_cap >= 2.179e+04 AND bundle_hold_percent <= 11.38,avg_buy_size_sol + market_cap + bundle_hold_percent,20,8,40.0,24.794520547945208,1.6132596685082874,21.880396741419272,61.342205768479396,69693.10644188931,0.6696628083333334,0.42179410338804885,2.071686136267346,3.2262255748435407,1.4150180154404706
3-way,top10_percent <= 27.13 AND bundle_hold_percent <= 11.38 AND vol_24h >= 5.705e+04,top10_percent + bundle_hold_percent + vol_24h,31,11,35.483870967741936,24.794520547945208,1.4311174478702549,21.116447741565818,53.05236195718509,54710.65322073378,0.7680782333333334,0.416799417030169,2.067273058644741,2.7734068436408146,1.4266331040603382
3-way,holders >= 151.8 AND market_cap >= 2.179e+04 AND vol_24h >= 5.705e+04,holders + market_cap + vol_24h,44,17,38.63636363636363,24.794520547945208,1.558262179809141,25.720998886701985,53.37669015379832,97804.05381020959,0.7681487166666667,0.3482879655391664,2.065966957513744,2.735720348581722,1.4959798655042338
3-way,chg_1h >= 10.35 AND liq_to_mc <= 0.6451 AND count_buy <= 22,chg_1h + liq_to_mc + count_buy,21,4,19.047619047619047,24.794520547945208,0.7682188897658511,7.667440615177303,40.000986539273285,38337.60903647555,0.31687186666666667,0.8553459816925608,2.0311021746450297,1.884312801252644,1.214300347127392
3-way,chg_1h >= 10.35 AND market_cap >= 2.179e+04 AND count_buy <= 22,chg_1h + market_cap + count_buy,21,4,19.047619047619047,24.794520547945208,0.7682188897658511,7.667440615177303,40.000986539273285,38337.60903647555,0.31687186666666667,0.8553459816925608,2.0311021746450297,1.884312801252644,1.214300347127392
3-way,chg_24h >= 11.52 AND chg_1h >= 10.35 AND vol_24h >= 5.705e+04,chg_24h + chg_1h + vol_24h,28,11,39.285714285714285,24.794520547945208,1.5844514601420678,23.565451827580034,57.591273965093706,101535.47820686933,0.6811925416666667,0.37845300729136244,2.019166685750455,2.222513765995718,1.4493599366815513
3-way,liq_to_mc <= 0.6451 AND market_cap >= 2.179e+04 AND vol_24h >= 5.705e+04,liq_to_mc + market_cap + vol_24h,49,18,36.734693877551024,24.794520547945208,1.4815650016912842,24.664982524781223,50.73318861311014,99092.6654073125,0.7680782333333334,0.34718123335739887,2.0122333939998187,5.3783546805230165,1.4266331040603382
3-way,sniper_hold_percent >= 1.729e-07 AND count_buy <= 22 AND vol_to_mc <= 0.9806,sniper_hold_percent + count_buy + vol_to_mc,25,6,24.0,24.794520547945208,0.9679558011049723,11.496157730326727,43.43005995523857,174525.57108686308,0.34251871666666667,0.6348147578604786,2.0020111403605187,2.557737005685313,1.368345714875517
3-way,avg_buy_size_sol >= 2.27 AND holders >= 151.8 AND top10_percent <= 27.13,avg_buy_size_sol + holders + top10_percent,25,11,44.0,24.794520547945208,1.774585635359116,26.665374947002572,62.93298298043556,100517.84572522779,0.7682192000000001,0.3459164879565214,2.0000100274477806,2.944447067354398,1.5116015397760338
3-way,market_cap >= 2.179e+04 AND top10_percent <= 27.13 AND vol_24h >= 5.705e+04,market_cap + top10_percent + vol_24h,39,15,38.46153846153847,24.794520547945208,1.5512112197195072,24.891162547007063,54.10121868992154,96515.44221310668,0.7680782333333334,0.3494728545322225,1.9997644708537161,6.083729410208131,1.368345714875517
3-way,liq_to_mc <= 0.6451 AND top10_percent <= 27.13 AND vol_24h >= 5.705e+04,liq_to_mc + top10_percent + vol_24h,39,15,38.46153846153847,24.794520547945208,1.5512112197195072,24.891162547007063,54.10121868992154,96515.44221310668,0.7682192000000001,0.3494248952424626,1.9994900367096462,6.093097049570068,1.4266331040603382
3-way,chg_1h >= 10.35 AND sniper_hold_percent >= 1.729e-07 AND count_buy <= 22,chg_1h + sniper_hold_percent + count_buy,22,4,18.181818181818183,24.794520547945208,0.7332998493219488,7.30676602410512,38.51702197663787,37746.87037582444,0.3132611083333333,0.866119717180699,1.9914322002724854,1.8643389010943217,1.2109719042872773
3-way,holders >= 151.8 AND top10_percent <= 27.13 AND vol_24h >= 5.705e+04,holders + top10_percent + vol_24h,41,14,34.146341463414636,24.794520547945208,1.377172887750977,21.558617366643464,49.450445646273124,69606.90233675968,0.7682192000000001,0.38348689417477816,1.9739670586996223,2.4798854795634364,1.394491328496594
3-way,avg_buy_size_sol >= 2.27 AND holders >= 151.8 AND market_cap >= 2.179e+04,avg_buy_size_sol + holders + market_cap,31,13,41.935483870967744,24.794520547945208,1.6913206202103013,26.415303073549257,59.23403564797902,118928.10052265102,0.7680782333333334,0.3328677660845242,1.9511611970163587,3.005058497336446,1.5116015397760338
3-way,chg_24h >= 11.52 AND sniper_hold_percent >= 1.729e-07 AND vol_24h >= 5.705e+04,chg_24h + sniper_hold_percent + vol_24h,36,11,30.555555555555557,24.794520547945208,1.2323511356660528,18.004270282805358,46.85657867908372,126879.8461816744,0.5405206499999999,0.43841873459678343,1.9509277651649088,2.0031168363692164,1.3677448786385646
3-way,avg_buy_size_sol >= 2.27 AND market_cap >= 2.179e+04 AND count_buy <= 22,avg_buy_size_sol + market_cap + count_buy,25,6,24.0,24.794520547945208,0.9679558011049723,11.496157730326727,43.43005995523857,174525.57108686308,0.35245414999999997,0.6182933594474068,1.949907714490615,3.014770518646227,1.214300347127392
3-way,chg_24h >= 11.52 AND holders >= 151.8 AND top10_percent <= 27.13,chg_24h + holders + top10_percent,36,13,36.11111111111111,24.794520547945208,1.456414978514426,22.47538679218132,52.42521960916802,81267.18792660246,0.7566189833333333,0.3699637106808422,1.9456372802939899,1.8464136727521903,1.3461491763328612
2-way,chg_1h >= 10.35 AND vol_24h >= 5.705e+04,chg_1h + vol_24h,30,11,36.666666666666664,24.794520547945208,1.4788213627992632,21.873702204017683,54.486753566395066,97804.05381020959,0.6811925416666667,0.38164843563175144,1.9381075565205883,2.155458144875401,1.4493599366815513
3-way,chg_1h >= 10.35 AND liq_to_mc <= 0.6451 AND vol_24h >= 5.705e+04,chg_1h + liq_to_mc + vol_24h,30,11,36.666666666666664,24.794520547945208,1.4788213627992632,21.873702204017683,54.486753566395066,97804.05381020959,0.6811925416666667,0.38164843563175144,1.9381075565205883,2.155458144875401,1.4493599366815513
3-way,chg_1h >= 10.35 AND market_cap >= 2.179e+04 AND vol_24h >= 5.705e+04,chg_1h + market_cap + vol_24h,30,11,36.666666666666664,24.794520547945208,1.4788213627992632,21.873702204017683,54.486753566395066,97804.05381020959,0.6811925416666667,0.38164843563175144,1.9381075565205883,2.155458144875401,1.4493599366815513
3-way,avg_buy_size_sol >= 2.27 AND chg_24h >= 11.52 AND sniper_hold_percent >= 1.729e-07,avg_buy_size_sol + chg_24h + sniper_hold_percent,38,12,31.57894736842105,24.794520547945208,1.2736260540854898,19.08442002366664,47.456056439948505,202637.9686284859,0.5405206499999999,0.4133608245076147,1.9287447335075238,3.0511104697520564,1.4224973930955034
3-way,avg_buy_size_sol >= 2.27 AND chg_24h >= 11.52 AND chg_1h >= 10.35,avg_buy_size_sol + chg_24h + chg_1h,34,12,35.294117647058826,24.794520547945208,1.4234644133896652,21.48771489529607,52.08634116998658,120278.02809576521,0.65089285,0.3791201827579216,1.9186936710948042,3.253649721527967,1.4782040336581108
2-way,chg_24h >= 11.52 AND vol_24h >= 5.705e+04,chg_24h + vol_24h,42,15,35.714285714285715,24.794520547945208,1.4404104183109707,22.988992501626864,50.83391071292063,102248.06836582697,0.7681487166666667,0.344508828722402,1.8664357772437865,2.0789130988294553,1.3933536985030928
3-way,chg_24h >= 11.52 AND liq_to_mc <= 0.6451 AND vol_24h >= 5.705e+04,chg_24h + liq_to_mc + vol_24h,42,15,35.714285714285715,24.794520547945208,1.4404104183109707,22.988992501626864,50.83391071292063,102248.06836582697,0.7681487166666667,0.344508828722402,1.8664357772437865,2.0789130988294553,1.3933536985030928
3-way,chg_24h >= 11.52 AND market_cap >= 2.179e+04 AND vol_24h >= 5.705e+04,chg_24h + market_cap + vol_24h,42,15,35.714285714285715,24.794520547945208,1.4404104183109707,22.988992501626864,50.83391071292063,102248.06836582697,0.7681487166666667,0.344508828722402,1.8664357772437865,2.0789130988294553,1.3933536985030928
3-way,first_call_market_cap >= 6.821e+04 AND avg_buy_size_sol >= 2.27 AND vol_24h >= 5.705e+04,first_call_market_cap + avg_buy_size_sol + vol_24h,20,9,45.0,24.794520547945208,1.8149171270718232,25.819502085709296,65.79179916924002,218938.95416709903,0.6811220583333333,0.33357079846191284,1.8431640988389608,10.702006734908778,1.6515514630069599
2-way,avg_buy_size_sol >= 2.27 AND vol_24h >= 5.705e+04,avg_buy_size_sol + vol_24h,35,13,37.142857142857146,24.794520547945208,1.4980268350434096,23.16560736889106,53.663359511978925,103978.29100642615,0.7682192000000001,0.34310086012535035,1.841836622141634,6.77773429658395,1.4266331040603382
3-way,avg_buy_size_sol >= 2.27 AND liq_to_mc <= 0.6451 AND vol_24h >= 5.705e+04,avg_buy_size_sol + liq_to_mc + vol_24h,35,13,37.142857142857146,24.794520547945208,1.4980268350434096,23.16560736889106,53.663359511978925,103978.29100642615,0.7682192000000001,0.34310086012535035,1.841836622141634,6.77773429658395,1.4266331040603382
3-way,avg_buy_size_sol >= 2.27 AND holders >= 151.8 AND chg_1h >= 10.35,avg_buy_size_sol + holders + chg_1h,21,9,42.857142857142854,24.794520547945208,1.7284925019731647,24.469699486521044,63.453783702967534,103978.29100642615,0.7682192000000001,0.34310086012535035,1.8331342703270344,2.3656574792111207,1.5116015397760338
2-way,avg_buy_size_sol >= 2.27 AND chg_24h >= 11.52,avg_buy_size_sol + chg_24h,44,15,34.090909090909086,24.794520547945208,1.3749372174786538,21.875632628639945,48.86113202806049,127679.77724352264,0.7263897749999999,0.3429663109663972,1.7950588967550254,2.969540108848764,1.4513414900720631
3-way,market_cap >= 2.179e+04 AND sniper_hold_percent >= 1.729e-07 AND vol_24h >= 5.705e+04,market_cap + sniper_hold_percent + vol_24h,42,12,28.57142857142857,24.794520547945208,1.1523283346487765,17.16685874457567,43.567496077245565,120278.02809576521,0.5929716083333333,0.40924617710093114,1.7737291888258786,5.2188696899774,1.3933536985030928
3-way,avg_buy_size_sol >= 2.27 AND chg_24h >= 11.52 AND top10_percent <= 27.13,avg_buy_size_sol + chg_24h + top10_percent,29,11,37.93103448275862,24.794520547945208,1.5298152028957896,22.68779573086734,55.99777379071503,121627.95566887943,0.7451597333333333,0.33931905331295126,1.7655460730956396,2.0542452456428353,1.368345714875517
3-way,sniper_hold_percent >= 1.729e-07 AND top10_percent <= 27.13 AND vol_24h >= 5.705e+04,sniper_hold_percent + top10_percent + vol_24h,34,9,26.47058823529412,24.794520547945208,1.0675983100422488,14.601027541553794,43.11746216289845,100246.86660976641,0.5329479749999999,0.4615026618964049,1.7517180768362863,5.756657995960921,1.2962369260839761
3-way,liq_to_mc <= 0.6451 AND sniper_hold_percent >= 1.729e-07 AND vol_24h >= 5.705e+04,liq_to_mc + sniper_hold_percent + vol_24h,43,12,27.906976744186046,24.794520547945208,1.1255300012848515,16.746451821827154,42.69131290012939,118928.10052265102,0.5917773333333333,0.41073193859362256,1.749397261783812,5.125851254001309,1.368345714875517
3-way,chg_24h >= 11.52 AND holders >= 151.8 AND vol_24h >= 5.705e+04,chg_24h + holders + vol_24h,38,15,39.473684210526315,24.794520547945208,1.5920325676068625,25.59785926361891,55.28241300130402,111453.19576453858,0.9035354833333333,0.29848045502519305,1.7408900757906893,2.2036676837365867,1.453495647646386
3-way,avg_buy_size_sol >= 2.27 AND chg_24h >= 11.52 AND liq_to_mc <= 0.6451,avg_buy_size_sol + chg_24h + liq_to_mc,43,14,32.55813953488372,24.794520547945208,1.313118334832327,20.493115181779817,47.48406749344904,133731.59881816583,0.7076198166666666,0.347282818098272,1.7256791586427866,2.8972659015225286,1.4266331040603382
3-way,avg_buy_size_sol >= 2.27 AND chg_24h >= 11.52 AND market_cap >= 2.179e+04,avg_buy_size_sol + chg_24h + market_cap,43,14,32.55813953488372,24.794520547945208,1.313118334832327,20.493115181779817,47.48406749344904,133731.59881816583,0.7076198166666666,0.347282818098272,1.7256791586427866,2.8972659015225286,1.4266331040603382
3-way,sniper_hold_percent >= 1.729e-07 AND bundle_hold_percent <= 11.38 AND vol_24h >= 5.705e+04,sniper_hold_percent + bundle_hold_percent + vol_24h,22,8,36.36363636363637,24.794520547945208,1.4665996986438976,19.732972772607898,57.04865065628195,112803.1233376528,0.6728493833333333,0.37374107972696946,1.718653913469594,1.959781811733272,1.4274351254500663
3-way,avg_buy_size_sol >= 2.27 AND market_cap >= 2.179e+04 AND vol_24h >= 5.705e+04,avg_buy_size_sol + market_cap + vol_24h,34,12,35.294117647058826,24.794520547945208,1.4234644133896652,21.48771489529607,52.08634116998658,111453.19576453858,0.7681487166666667,0.33763954782299443,1.7087638511003402,6.841940305912878,1.4224973930955034
3-way,liq_to_mc <= 0.6451 AND bundle_hold_percent <= 11.38 AND vol_24h >= 5.705e+04,liq_to_mc + bundle_hold_percent + vol_24h,25,13,52.0,24.794520547945208,2.0972375690607734,33.49821795314731,69.96899607104,99092.6654073125,4.9331145,0.25,1.7082506157913737,3.3367390079577786,2.030294072732844
2-way,sniper_hold_percent >= 1.729e-07 AND vol_24h >= 5.705e+04,sniper_hold_percent + vol_24h,47,12,25.53191489361702,24.794520547945208,1.0297402139414598,15.253006046383735,39.50844913992039,96515.44221310668,0.5917773333333333,0.42733702704132087,1.7035069909800433,4.802351436420247,1.368345714875517
3-way,avg_buy_size_sol >= 2.27 AND holders >= 151.8 AND sniper_hold_percent >= 1.729e-07,avg_buy_size_sol + holders + sniper_hold_percent,27,10,37.03703703703704,24.794520547945208,1.4937589523224881,21.532287067936856,55.7710953765537,133731.59881816583,0.7451597333333333,0.3329908885601742,1.6574655836227679,2.178649394654541,1.4803581912324337
3-way,avg_buy_size_sol >= 2.27 AND chg_24h >= 11.52 AND holders >= 151.8,avg_buy_size_sol + chg_24h + holders,30,12,40.0,24.794520547945208,1.6132596685082874,24.5903943260834,57.67994750172617,111453.19576453858,0.9035354833333333,0.29848045502519305,1.6535557707008939,2.2919946333204195,1.4959798655042338
3-way,chg_24h >= 11.52 AND sniper_hold_percent >= 1.729e-07 AND count_buy <= 22,chg_24h + sniper_hold_percent + count_buy,24,5,20.833333333333336,24.794520547945208,0.8402394106813996,9.244689104788089,40.470844485235475,70654.07009875472,0.4102676666666667,0.6096676813333699,1.6489232611333184,2.0709168126313973,1.2109719042872773
3-way,holders >= 151.8 AND liq_to_mc <= 0.6451 AND vol_24h >= 5.705e+04,holders + liq_to_mc + vol_24h,44,18,40.909090909090914,24.794520547945208,1.6499246609743847,27.687643879006824,55.59050735339343,97804.05381020959,1.191562125,0.25542350618223975,1.604240029013395,2.827417552283296,1.614175640738186
3-way,chg_24h >= 11.52 AND bundle_hold_percent <= 11.38 AND vol_24h >= 5.705e+04,chg_24h + bundle_hold_percent + vol_24h,22,11,50.0,24.794520547945208,2.016574585635359,30.72180469247956,69.27819530752043,112803.1233376528,2.85066685,0.25,1.5807394873123477,2.206636219907664,1.728463588396591
3-way,chg_24h >= 11.52 AND top10_percent <= 27.13 AND bundle_hold_percent <= 11.38,chg_24h + top10_percent + bundle_hold_percent,20,10,50.0,24.794520547945208,2.016574585635359,29.92949144298199,70.070508557018,85396.95163403111,2.85066685,0.25,1.5348766433274164,2.2228570883667964,1.728463588396591
3-way,avg_buy_size_sol >= 2.27 AND chg_1h >= 10.35 AND vol_24h >= 5.705e+04,avg_buy_size_sol + chg_1h + vol_24h,22,7,31.818181818181817,24.794520547945208,1.2832747363134103,16.360387354692477,52.68177721716065,101535.47820686933,0.6811925416666667,0.37845300729136244,1.5227815596447094,2.002463470411543,1.3717579961973894
3-way,chg_24h >= 11.52 AND top10_percent <= 27.13 AND vol_24h >= 5.705e+04,chg_24h + top10_percent + vol_24h,31,12,38.70967741935484,24.794520547945208,1.5612190340402778,23.732875351271563,56.176198858868034,100517.84572522779,1.0388517666666666,0.2778413948574428,1.503336678236788,1.9499742765880954,1.368345714875517
3-way,avg_buy_size_sol >= 2.27 AND holders >= 151.8 AND vol_24h >= 5.705e+04,avg_buy_size_sol + holders + vol_24h,29,12,41.37931034482759,24.794520547945208,1.6688893122499522,25.51293527964552,59.26247152148476,118928.10052265102,1.0388517666666666,0.2647447136956857,1.502749757437342,3.201037680649558,1.5116015397760338
3-way,avg_buy_size_sol >= 2.27 AND chg_24h >= 11.52 AND vol_24h >= 5.705e+04,avg_buy_size_sol + chg_24h + vol_24h,31,10,32.25806451612903,24.794520547945208,1.3010158617002316,18.569230747313036,49.85931444004919,118928.10052265102,0.7682192000000001,0.3328198067947643,1.5006769811213376,2.043460407538745,1.4183616821306686
3-way,holders >= 151.8 AND bundle_hold_percent <= 11.38 AND vol_24h >= 5.705e+04,holders + bundle_hold_percent + vol_24h,30,13,43.333333333333336,24.794520547945208,1.7476979742173113,27.377237430615114,60.80299045459127,70283.60523917447,2.8635068333333336,0.25,1.5003931201917144,2.995525293964643,1.6228518851600917
3-way,holders >= 151.8 AND chg_1h >= 10.35 AND vol_24h >= 5.705e+04,holders + chg_1h + vol_24h,26,11,42.30769230769231,24.794520547945208,1.7063323416914575,25.544189902729396,61.05170307888017,111453.19576453858,1.0562458416666667,0.26635826116264405,1.4979437345810347,2.3577234817647414,1.5245959478090458
2-way,liq_to_mc <= 0.6451 AND age_minutes >= 0.9439,liq_to_mc + age_minutes,38,15,39.473684210526315,24.794520547945208,1.5920325676068625,25.59785926361891,55.28241300130402,70740.27420388433,7.479685433333334,0.25,1.458127363518451,6.451777076546681,1.5245959478090458
3-way,liq_to_mc <= 0.6451 AND age_minutes >= 0.9439 AND top10_percent <= 27.13,liq_to_mc + age_minutes + top10_percent,28,12,42.857142857142854,24.794520547945208,1.7284925019731647,26.50829618073123,60.92952101438459,70740.27420388433,26.444342266666666,0.25,1.4550863985142812,6.709045539137491,1.638557054973948
3-way,holders >= 151.8 AND sniper_hold_percent >= 1.729e-07 AND vol_24h >= 5.705e+04,holders + sniper_hold_percent + vol_24h,37,11,29.72972972972973,24.794520547945208,1.199044348215619,17.489302346408202,45.783439172043586,118928.10052265102,0.7680782333333334,0.3328677660845242,1.451845077914392,2.0657047479809827,1.4282371468397943
3-way,avg_buy_size_sol >= 2.27 AND top10_percent <= 27.13 AND vol_24h >= 5.705e+04,avg_buy_size_sol + top10_percent + vol_24h,25,10,40.0,24.794520547945208,1.6132596685082874,23.403057664190918,59.26087221487266,103978.29100642615,1.0388517666666666,0.2750257670262717,1.445578264249611,8.418399912793474,1.4266331040603382
3-way,avg_buy_size_sol >= 2.27 AND sniper_hold_percent >= 1.729e-07 AND vol_24h >= 5.705e+04,avg_buy_size_sol + sniper_hold_percent + vol_24h,28,8,28.57142857142857,24.794520547945208,1.1523283346487765,15.253815848329966,47.059635737017494,128495.20454191463,0.6811220583333333,0.3609107481024961,1.4004168550441494,6.82432358782763,1.3933536985030928
3-way,holders >= 151.8 AND liq_to_mc <= 0.6451 AND age_minutes >= 0.9439,holders + liq_to_mc + age_minutes,27,11,40.74074074074074,24.794520547945208,1.643134847554737,24.514513372857348,59.27361694463591,69779.31054701892,23.339158033333334,0.25,1.3688153374619851,2.1567581972877607,1.6907609256343141
3-way,age_minutes >= 0.9439 AND market_cap >= 2.179e+04 AND top10_percent <= 27.13,age_minutes + market_cap + top10_percent,26,10,38.46153846153847,24.794520547945208,1.5512112197195072,22.428359511834426,57.46547996057993,85396.95163403111,26.444342266666666,0.25,1.2781347812277732,6.997642194487055,1.3677448786385646
3-way,liq_to_mc <= 0.6451 AND age_minutes >= 0.9439 AND market_cap >= 2.179e+04,liq_to_mc + age_minutes + market_cap,34,12,35.294117647058826,24.794520547945208,1.4234644133896652,21.48771489529607,52.08634116998658,73966.63721335695,7.479685433333334,0.25,1.2652278606860279,6.8762754464142395,1.4243519530539754
2-way,age_minutes >= 0.9439 AND market_cap >= 2.179e+04,age_minutes + market_cap,35,12,34.285714285714285,24.794520547945208,1.3827940015785318,20.831495282688923,50.84835312726328,72964.16949623369,6.501577433333334,0.25,1.2388171231600442,6.704520596862491,1.368345714875517
3-way,holders >= 151.8 AND count_buy <= 22 AND vol_24h >= 5.705e+04,holders + count_buy + vol_24h,21,8,38.095238095238095,24.794520547945208,1.5364377795317021,20.75076779798251,59.12170418449848,69606.90233675968,47.977967516666666,0.25,1.187298600869019,3.239847157874764,1.6583686217204698
3-way,liq_to_mc <= 0.6451 AND count_buy <= 22 AND vol_24h >= 5.705e+04,liq_to_mc + count_buy + vol_24h,21,8,38.095238095238095,24.794520547945208,1.5364377795317021,20.75076779798251,59.12170418449848,69606.90233675968,5.3520207,0.25,1.187298600869019,3.1327342111464236,1.5375903558420578
3-way,age_minutes >= 0.9439 AND top10_percent <= 27.13 AND vol_24h >= 5.705e+04,age_minutes + top10_percent + vol_24h,21,8,38.095238095238095,24.794520547945208,1.5364377795317021,20.75076779798251,59.12170418449848,71701.23786074974,35.006441699999996,0.25,1.187298600869019,8.35946386702061,1.5116015397760338
3-way,liq_to_mc <= 0.6451 AND age_minutes >= 0.9439 AND vol_24h >= 5.705e+04,liq_to_mc + age_minutes + vol_24h,25,9,36.0,24.794520547945208,1.4519337016574585,20.247656431735635,55.48184539895337,99092.6654073125,35.006441699999996,0.25,1.1826350417017202,7.405535846001749,1.5375903558420578
3-way,avg_buy_size_sol >= 2.27 AND sniper_hold_percent >= 1.729e-07 AND count_buy <= 22,avg_buy_size_sol + sniper_hold_percent + count_buy,25,4,16.0,24.794520547945208,0.6453038674033149,6.403347608577989,34.65401398023816,174525.57108686308,0.39120971666666665,0.5618687246027179,1.1813078089803157,1.9465959579649945,1.214300347127392
3-way,liq_to_mc <= 0.6451 AND age_minutes >= 0.9439 AND sniper_hold_percent >= 1.729e-07,liq_to_mc + age_minutes + sniper_hold_percent,30,10,33.33333333333333,24.794520547945208,1.3443830570902393,19.230295526846195,51.22027418616973,96948.60272656562,3.976215766666667,0.25,1.1541485539936265,7.51125804294932,1.4959798655042338
2-way,chg_24h >= 11.52 AND age_minutes >= 0.9439,chg_24h + age_minutes,23,8,34.78260869565217,24.794520547945208,1.4028344943550324,18.811054636982238,55.11002309310836,99092.6654073125,23.339158033333334,0.25,1.1145708845323086,3.428149441532875,1.4803581912324337
3-way,holders >= 151.8 AND age_minutes >= 0.9439 AND market_cap >= 2.179e+04,holders + age_minutes + market_cap,23,8,34.78260869565217,24.794520547945208,1.4028344943550324,18.811054636982238,55.11002309310836,99092.6654073125,23.339158033333334,0.25,1.1145708845323086,2.0373177215686873,1.5116015397760338
3-way,age_minutes >= 0.9439 AND market_cap >= 2.179e+04 AND vol_24h >= 5.705e+04,age_minutes + market_cap + vol_24h,23,8,34.78260869565217,24.794520547945208,1.4028344943550324,18.811054636982238,55.11002309310836,118928.10052265102,23.339158033333334,0.25,1.1145708845323086,7.770825481897841,1.5116015397760338
2-way,age_minutes >= 0.9439 AND vol_24h >= 5.705e+04,age_minutes + vol_24h,28,9,32.142857142857146,24.794520547945208,1.2963693764798738,17.93304754342074,50.66149544436882,73335.17139561498,30.27019040833333,0.25,1.0913147988857113,6.733420340905916,1.5245959478090458
3-way,chg_24h >= 11.52 AND holders >= 151.8 AND age_minutes >= 0.9439,chg_24h + holders + age_minutes,20,7,35.0,24.794520547945208,1.4116022099447512,18.11895478679446,56.71494897805353,120278.02809576521,41.49220460833333,0.25,1.0744136503291912,2.0049134604603123,1.4959798655042338
3-way,holders >= 151.8 AND age_minutes >= 0.9439 AND vol_24h >= 5.705e+04,holders + age_minutes + vol_24h,25,8,32.0,24.794520547945208,1.2906077348066298,17.204987516891148,51.59008626542329,71701.23786074974,47.977967516666666,0.25,1.0512311481793069,1.8742256278870066,1.5375903558420578
3-way,chg_24h >= 11.52 AND liq_to_mc <= 0.6451 AND age_minutes >= 0.9439,chg_24h + liq_to_mc + age_minutes,22,7,31.818181818181817,24.794520547945208,1.2832747363134103,16.360387354692477,52.68177721716065,109010.38296498175,15.898475733333333,0.25,1.0059251282896757,3.307732096880875,1.4243519530539754
3-way,chg_24h >= 11.52 AND age_minutes >= 0.9439 AND market_cap >= 2.179e+04,chg_24h + age_minutes + market_cap,22,7,31.818181818181817,24.794520547945208,1.2832747363134103,16.360387354692477,52.68177721716065,109010.38296498175,15.898475733333333,0.25,1.0059251282896757,3.307732096880875,1.4243519530539754
3-way,age_minutes >= 0.9439 AND market_cap >= 2.179e+04 AND sniper_hold_percent >= 1.729e-07,age_minutes + market_cap + sniper_hold_percent,27,8,29.629629629629626,24.794520547945208,1.1950071618579905,15.852853317647565,48.481033380837594,121627.95566887943,4.9331145,0.25,0.9955020636087164,8.094752131007045,1.368345714875517
3-way,chg_24h >= 11.52 AND age_minutes >= 0.9439 AND vol_24h >= 5.705e+04,chg_24h + age_minutes + vol_24h,20,6,30.0,24.794520547945208,1.2099447513812154,14.547527396899385,51.89767762289793,120278.02809576521,29.172799866666665,0.25,0.9209259859964497,1.7427658240360242,1.4243519530539754
