notification_id,mint,symbol,name,notification_type,sent_at,market_cap,first_call_market_cap,liquidity,vol_1h,chg_1h,total_buy,count_buy,label,factory,pre_factory,age_minutes,volume_usd,buys,holders,top10_holder_pct,bundle_pct,sniper_pct,call_mc,ath_mc,token_level_multiple,entry_mc,post_alert_multiple,mc_bucket,mc_bucket_order,rn
019edb5f-012c-776e-a6c9-433bd721dacd,12z7AWnW5Q8mAS9qFtCWnnMdhNvqScZHe8w627EfEASY,VSK,Varsko Intelligence,newSignalRay,2026-06-18 15:34:57.068000+00:00,121627.95566887943,65666.98574341489,34134.238539351645,171231.07905100673,26.7646,325.0,112,,meteora,dbc,4.9331145,171231.07905100673,112,297,26.811467078711463,4.184355900612684,1.2440607795758025,65666.98574341489,283015.0597371528,4.309853064415001,121627.95566887943,2.326891529013564,ray_migrated,5,1
019ed6e7-7080-7b6d-a6ff-83addb16f382,13zLVUHkQpnLKMqf8aWtVy4w45eEdrw9B4z8AhwLpump,Tie,The Blue Tie,newSignal,2026-06-17 18:45:52.384000+00:00,16082.769844805947,13282.910062416886,12379.536476559926,59360.4636660546,5.1104,82.0,58,Others,pump,,0.5909873166666666,59360.4636660546,58,95,16.5051799774929,1.138101467804,0.0,13282.910062416886,13282.910062416886,1.0,16082.769844805947,0.8259093545821463,early_low_mc,1,1
019ecc65-dee1-74fe-a8e2-04de1d4d22cd,1GeyzSHQBzo6K4snM9fTf6VHHDPVNbVsL2NYCEgpump,GAMER,Gamer Street,newSignal,,26032.6315851893,16565.936371013766,15874.612702903212,27564.74784893115,4.0666,,0,Gaming,pump,,743.9983964333334,27564.74784893115,17,156,25.705701880128913,12.235082874478433,0.0,16565.936371013766,54925.65524636222,3.3155780643023802,26032.6315851893,2.1098771772889444,early_low_mc,1,1
019ed73c-a3ab-76ad-95ab-3b3cddf84dcd,1HzvfoqESQMaRz7hBYpAYNutp4kdXSZnB3HCfFNLoop,LOOP,LOOP,newSignal,2026-06-17 20:18:56.043000+00:00,18700.673443263957,16215.56305606241,13142.288617005406,23613.31890044694,8.2639,26.0,12,AI Agents,pump,,0.18100845000000002,23613.31890044694,12,86,21.9349545086187,38.4813465185446,,16215.56305606241,49848.42603491973,3.07411009180364,18700.673443263957,2.6655952357092945,early_low_mc,1,1
019ed389-6cea-71d4-a372-c705675ae840,1eMHNCWBs35e9xqqHZ1WsbWCzqySBkpiTwzCaMTpump,1000000,1 Million Speedrun,newSignal,2026-06-17 03:04:19.434000+00:00,23172.306999363012,16407.142189943173,14848.10559133197,12485.4568956838,6.8898,39.0,27,Meme,pump,,0.2607849666666667,12485.4568956838,27,78,33.1924498583717,0.0,0.0170749167634,16407.142189943173,16407.142189943173,1.0,23172.306999363012,0.7080495779032356,early_low_mc,1,1
019ed1f4-97f2-7079-bb2b-ea2a932a2d7b,21cispdHbn5bCPCRWZ3WJKeEEqxYvTG1umdyyKTSpump,BASED,BasedBaldBrianIAmGayBlueInu,newSignal,2026-06-16 19:42:08.370000+00:00,17042.865886604985,14638.520388838717,12737.146735097875,30420.82997825625,4.5197,119.0,79,Meme,pump,,0.78858615,30420.82997825625,79,100,25.5842754407641,25.6317029855652,0.0,14638.520388838717,14638.520388838717,1.0,17042.865886604985,0.8589236391482733,early_low_mc,1,1
019ed267-e4c2-731d-81d5-3bdad50dcc8c,21vBTF7Kwg17j2m2tpSejgNzwqgz5nQBf54aSVBnpump,Stonks,Stonks Street,newSignal,2026-06-16 21:48:04.674000+00:00,24375.972125329532,18758.566645411636,15223.076065449033,40557.31075485342,10.3436,34.0,33,Stocks,pump,,0.09930836666666668,40557.31075485342,33,107,25.9179991477013,30.6858124644592,14.8830815971985,18758.566645411636,37914.652444534884,2.021191339467765,24375.972125329532,1.555410887803611,early_low_mc,1,1
019ecf9e-97c5-7d50-897f-8e3b71340776,28GijvEV2F95aKcUtm1H8ZxzmezXe5eEKyGCzRtKpump,Elgatito,The Exploding Cat,newSignal,2026-06-16 08:48:57.797000+00:00,15041.83888429512,13564.303781949042,12048.331033253731,24088.20441020216,5.6981,80.0,59,Meme,pump,,1.8413569166666666,24088.20441020216,59,166,23.411101209881,27.6508087565772,0.0,13564.303781949042,13564.303781949042,1.0,15041.83888429512,0.901771644164548,early_low_mc,1,1
019edcbe-419e-717c-9f95-7512154b81b3,29Bhih4PhiMkq6PnbS9NDQstc8n2AXBxCm38uh9Xpump,DAWN,Dawn The Scottish Duck,newSignal,2026-06-18 21:58:36.702000+00:00,20009.969931170657,14104.236635323332,13379.621625755834,48607.53529419102,7.8067,232.0,148,Animals,pump,,0.4668734333333333,48607.53529419102,148,234,22.4911722039203,35.690814904034,0.0,14104.236635323332,47284.61570886614,3.3525115134869665,20009.969931170657,2.363052811749019,early_low_mc,1,1
019ed755-7df8-7402-8e58-0c3379e00f5a,2AoPFVJm9TEHso3apMFyGzZxrsAoUfmC8cAbDKygpump,croc,croc,newSignal,2026-06-17 20:46:04.792000+00:00,16282.061905729817,14005.235069539849,12265.534318614586,22073.04422587587,6.4941,20.0,16,Animals,pump,,0.34295986666666667,22073.04422587587,16,101,26.3268477411992,8.1042459173736,0.0,14005.235069539849,14005.235069539849,1.0,16282.061905729817,0.8601634824033724,early_low_mc,1,1
019edb0c-bce2-7bed-b5de-511c70a585e8,2ByLqiPoVzecXvHtrwx67EPkBDavyLA13CkbeRzLpump,YEAH,OH YEAH,newSignal,2026-06-18 14:05:05.634000+00:00,15165.938246903843,14040.494256457845,11769.553136116068,32640.35105439896,5.6716,60.0,48,Meme,pump,,3.625533416666667,32640.35105439896,48,76,24.44461121828873,27.949534965874513,0.0,14040.494256457845,25283.87263480026,1.800782235509344,15165.938246903843,1.6671485946451097,early_low_mc,1,1
019ed186-ca33-757f-936d-65b4ac5918bd,2ChXKPRmEGT9xvHQccEUSpRg1LueVfZDg8gx1JAxpump,币安之死,Binance Death,newSignal,2026-06-16 17:42:12.275000+00:00,15088.908818954349,13844.01322647313,11929.108098645409,68765.79469290923,5.7886,28.0,16,Others,pump,,0.15969126666666666,68765.79469290923,16,99,26.729155566975635,3.682889540480474,0.10034827437565653,13844.01322647313,13844.01322647313,1.0,15088.908818954349,0.917495982816371,early_low_mc,1,1
019ee086-97fd-7dfc-9d37-b15dd5c8c5ab,2CvqowBpUSGLWgU1p3k6KW87KHVzSCWD3ADX1pafpump,MUST,Elon Must,newSignal,2026-06-19 15:36:17.661000+00:00,17287.828721473248,12910.75142748588,12405.657200982407,21959.56918113892,6.3292,131.0,97,Elon,pump,,0.25127525,21959.56918113892,97,71,24.5831511656572,32.0768400934954,4.3678275639357,12910.75142748588,26188.559027568183,2.028430271828717,17287.828721473248,1.5148553036645556,early_low_mc,1,1
019ee4aa-a79e-70f2-b1ec-a381e37f5850,2DdwEtt8qyjMCDHyoQ7tR5kXPRU1xjDB4876jyJQpump,LIGMA,Ligma Balls,newSignal,2026-06-20 10:54:09.822000+00:00,19541.605904363416,16345.766158076953,13414.81096423806,20727.81261150264,7.5925,78.0,60,Meme,pump,,0.30479986666666664,20727.81261150264,60,148,25.4870317386882,27.358118509561,0.0,16345.766158076953,283572.2960529614,17.34836368699912,19541.605904363416,14.511207392102966,early_low_mc,1,1
019ed7ce-0140-7ed7-8e3f-53df1b3bd825,2FLy8ya4Knk8n66LuqNtVuWZGDYdwUQDKXpw6zDMpump,ASDF,Asdf character,newSignal,2026-06-17 22:57:42.720000+00:00,15428.298718025993,14669.572134080028,11944.336906168859,26183.93046629493,4.1441,79.0,58,,pump,,1.2798892833333333,26183.93046629493,58,119,19.42092044388668,30.126721135388454,0.2402756149317,14669.572134080028,46696.16191175314,3.183198629445343,15428.298718025993,3.026656585096751,early_low_mc,1,1
019ee496-7a08-71d8-bdf1-a9ab037020f4,2GNbTeLgmH2Bn2ncxfFWoQyt3gvSnJgLcQvhMUWVpump,Skye,skyeagnt,newSignal,2026-06-20 10:32:07.432000+00:00,17912.124739335875,13342.90859906342,12843.345102209709,18774.2224413944,7.1525,109.0,69,AI Agents,pump,,1.1812142833333332,18774.2224413944,69,77,25.5534980723224,40.2749602883574,9.3734440024606,13342.90859906342,70515.42784884862,5.2848617919632845,17912.124739335875,3.936742785962929,early_low_mc,1,1
019edcb4-e353-7d11-9836-ccc89b06c8fa,2GNjBTa9E1HSsj4y4djEas9BwqewDnpM6Es3GcTopump,bread,"market's dead, send this bread",newSignal,2026-06-18 21:48:22.739000+00:00,16295.687309986204,13611.03154490106,12068.940080917806,16211.61637021318,6.4963,69.0,48,Meme,pump,,0.16113306666666669,16211.61637021318,48,90,23.239072142634924,35.767671942203535,0.0,13611.03154490106,15543.507658474771,1.141978666877578,16295.687309986204,0.9538417964702546,early_low_mc,1,1
019ed687-8672-7a2a-a95a-2911c35a7f65,2GYbMPSsW2Dm59rXpHySaZfbTqmxs6P7kres4uq2BAGS,X,X Coin,newSignalRay,2026-06-17 17:01:06.546000+00:00,93968.03585038874,164333.0014903836,4146.9821127179375,29152.43924868639,0.5822,70.0,31,Others,meteora,dbc,0.19231795000000002,29152.43924868639,31,55,1.2460340396212377,,3.101051747e-06,164333.0014903836,164333.0014903836,1.0,93968.03585038874,1.748818095464148,ray_migrated,5,1
019ee47c-d32d-7c31-b25c-2156c9704b2f,2L5aojM2AHs35aFMATM8Ju2DcNhC76aPWRV125cepump,VICTORY,ניצחון מוחלט,newSignal,2026-06-20 10:04:06.317000+00:00,14898.876000124472,13268.47251441394,11709.766898808713,24984.4441401063,5.3908,108.0,77,Religion,pump,,0.7269277833333334,24984.4441401063,77,177,20.0601909314796,18.5145041986988,0.0862847420361,13268.47251441394,44311.43776778437,3.33960353911481,14898.876000124472,2.9741463562361465,early_low_mc,1,1
019ed6ff-f564-7a94-81ff-77be0730c127,2NJ9SZNmJkAZZ2zP4koEQ5M4LpRoXgQ3tyv29HowBAGS,SPCX,SpaceX,newSignalRay,2026-06-17 19:12:39.268000+00:00,226503.69895352278,204963.59860422017,6443.490994225585,35254.25947402614,3.0233,77.0,32,Stocks,meteora,dbc,0.43920628333333334,35254.25947402614,32,86,1.2785107494103436,,0.2035948459939508,204963.59860422017,204963.59860422017,1.0,226503.69895352278,0.9049017722499865,ray_migrated,5,1
019ed2a6-0d5b-7069-a76f-46f429de14c0,2Ng9FaSUmeQw2UY8CjiJJnKdqV1obKPMVLSEPfPbpump,JITO,JITO,newSignal,2026-06-16 22:55:58.299000+00:00,16492.95178387369,13619.264982864015,12507.917725111944,19576.9915660711,6.9289,23.0,25,Others,pump,,2.7345861833333336,19576.9915660711,25,122,21.4882160094575,17.7140120162451,0.0,13619.264982864015,13619.264982864015,1.0,16492.95178387369,0.825762735581421,early_low_mc,1,1
019eddb6-75f4-700b-8b45-7622936f02a4,2SGbksug7gfx5iPCyRJ255ZXEcyu97TzdxqAdM2dpump,FOMO,Fear of Missing Out,newSignal,2026-06-19 02:29:43.028000+00:00,19640.983983619146,13165.683247793106,13260.448715200251,10169.92774916773,5.337,54.0,38,Meme,pump,,1.6602625833333333,10169.92774916773,38,93,23.9999999979155,0.9487500873366,2.9371295732296,13165.683247793106,25283.617382268363,1.920418174006011,19640.983983619146,1.2872887327516407,early_low_mc,1,1
019edb1b-b221-7581-8df6-7ce2f1d64016,2SMH5d728QGNJCigAZPWJiQR3jmbpXjdNoNZD7FDpump,GTAIFY,GTAification,newSignal,2026-06-18 14:21:25.921000+00:00,18009.051932517308,15021.087751833778,12846.604397951984,20197.97820484894,7.9039,42.0,27,Others,pump,,0.10530795,20197.97820484894,27,70,25.0326545697098,7.9919797667403,,15021.087751833778,48684.91401390772,3.241104427205297,18009.051932517308,2.703357966667962,early_low_mc,1,1
019ed222-dc4a-79a5-a6eb-d2c6f87b7352,2SoWK76yqZHmagS9t78vwxnn7EBadYhWnCFt9VmrtrDw,Pip,The Baby Squirrel,newSignal,2026-06-16 20:32:40.522000+00:00,17226.47354129084,15269.19369376713,12798.754551009777,37558.31857561927,6.8713,90.0,71,Animals,pump,,0.3338233,37558.31857561927,71,200,17.5916831471223,27.6416878621097,0.2601957346097,15269.19369376713,56441.04383610685,3.6963997554858463,17226.47354129084,3.276413115012832,early_low_mc,1,1
019ee712-6243-76da-97d3-1bf0cced5c8d,2Tp3WU4BYvRJEYwRGjgqmSeHoYnUczJERqwAh4NWpump,cat,cat,newSignal,2026-06-20 22:06:42.243000+00:00,16613.630164892962,16522.053900995874,12440.624924482207,20468.87795317716,6.7891,21.0,20,Cats,pump,,0.6034271,20468.87795317716,20,153,23.4090750010421,7.6651928216722,0.8901820539348,16522.053900995874,16775.827935677687,1.0153597147305347,16613.630164892962,1.0097629337582987,early_low_mc,1,1
019ecfe8-3a7b-7898-8190-9f23da525e3e,2Uoqp16nkqm1x8GiNyAWZaWyB3h9GNnQbi2SioCypump,SOMPOI,ส้มป่อย,newSignal,2026-06-16 10:09:23.579000+00:00,15764.081755140442,15435.865333013744,12327.654916672202,38943.374796909,5.8461,71.0,42,Others,pump,,0.3423474,38943.374796909,42,76,30.7220599480199,25.9037845327644,0.0,15435.865333013744,15435.865333013744,1.0,15764.081755140442,0.979179477293711,early_low_mc,1,1
019ed431-88fa-7889-a8c4-f8ba7955ea8f,2Vr2YRq957Bmtpp7FoHLVqu35qbZf9NNJvWRPXEzpump,HOBL,Hodl and Believe,newSignal,2026-06-17 06:07:56.666000+00:00,15671.366066317218,14417.946213147048,12187.436721193544,39040.12754905524,6.3719,43.0,34,Meme,pump,,2.5594780333333333,39040.12754905524,34,122,24.9412861097638,17.2469595647166,5.1210603207229,14417.946213147048,36148.19526045041,2.5071667438659584,15671.366066317218,2.3066397088473645,early_low_mc,1,1
019ed38f-5ab7-7387-b326-9f0040bc73bf,2XfSoA6HtnLS8p1Vva9yCFUww2ypxWd4gsY2khbfBAGS,trilly,trilly,newSignalRay,2026-06-17 03:10:47.991000+00:00,602975.1484222556,533890.6677617786,10438.715904092849,27027.14223256464,8.8126,48.0,20,Meme,meteora,dbc,0.35245414999999997,27027.14223256464,20,118,1.6619140284256468,,3.15387559e-06,533890.6677617786,533890.6677617786,1.0,602975.1484222556,0.8854273167953215,ray_migrated,5,1
019edfbc-0908-71f3-8268-a9cb4629a689,2YW7BsxxWktDHT6AtWXUkPwL8GwHu5XMVJqsGfuRpump,Nothing,Nothing Tech,newSignal,2026-06-19 11:55:02.792000+00:00,15113.1450147406,13084.259161954682,11527.828794418949,58287.89094815296,5.9842,41.0,29,Others,pump,,0.5807452166666667,58287.89094815296,29,157,23.970306526490994,24.172114912509603,0.0,13084.259161954682,13240.192721928815,1.0119176453205347,15113.1450147406,0.8760713080576544,early_low_mc,1,1
019ee4e0-0367-75c1-ab95-287cc40eedd6,2YWdTTAtstPEDZEgqCwWdhzy12Qk5r3RQ3fhAQgMpump,TAG,TAG WARS,newSignal,2026-06-20 11:52:26.727000+00:00,14394.098227473301,14163.809185237387,11536.530531938413,36746.57688580768,5.5428,21.0,15,Meme,,,4.203770983333333,36746.57688580768,15,257,19.4297467295941,6.8357097032166,4.3160700081746,14163.809185237387,15912.354443591212,1.1234516248761874,14394.098227473301,1.1054776889892337,early_low_mc,1,1
019ecfce-95ef-723a-911e-296a78ca58c3,2ZYT2onVuqaSf121sz3u3YjDAV1seKPPu2WXpMn5pump,Robert,justice for Robert Kuzovkov,newSignal,2026-06-16 09:41:23.055000+00:00,13788.093081725732,13788.093081725732,11530.901463728631,32443.63625095882,5.2677,38.0,32,Others,,,1.31925515,32443.63625095882,32,109,22.1130491166659,5.6217800224731,0.0,13788.093081725732,13788.093081725732,1.0,13788.093081725732,1.0,early_low_mc,1,1
019edbdc-9ac7-7c5b-81d8-8d555fb34eb2,2b7TqTfTW3Mo9AUunUADFtRxGqcDDZryHJg69MRPpump,JIN,Aladdin X Jin,newSignal,2026-06-18 17:52:08.391000+00:00,21524.454463043476,17527.076216881025,13795.6450200052,16690.84274320608,9.8493,94.0,72,Celebrities,pump,,0.08929235,16690.84274320608,72,115,29.0567578276059,27.0671910812853,5.0113297095663,17527.076216881025,17527.076216881025,1.0,21524.454463043476,0.8142866638954418,early_low_mc,1,1
019ee03a-c315-7af5-a9be-a51c7c13e6a0,2bJLvamPNX7iTxZwtsu3SL2fLuSgejfB4rxtYeaipump,FATTOO,Fattoo Coin,newSignal,2026-06-19 14:13:27.957000+00:00,21933.577396225763,13318.432922346012,13965.565002143738,22344.09134643642,9.5413,51.0,30,Meme,pump,,0.1400613,22344.09134643642,30,174,21.8401299272852,18.4649316961274,0.989264884746,13318.432922346012,71339.44108514584,5.356444072744525,21933.577396225763,3.2525219117890742,early_low_mc,1,1
019ed1b3-8261-793c-afe2-de6d0c07866d,2dkKiShdYvHy58fP5UsxZQDUA2YZAnsKFhMMTqCqpump,SPCX,Shit Penis Cum Index,newSignal,2026-06-16 18:31:03.009000+00:00,14134.396228720083,14281.790793970682,11576.744253110695,25848.87642211287,4.2002,98.0,73,Meme,pump,,0.30271733333333334,25848.87642211287,73,167,21.4033967447235,21.3226292165142,9.9298650279497,14281.790793970682,14281.790793970682,1.0,14134.396228720083,1.0104280765068057,early_low_mc,1,1
019ed92d-3829-785e-8f58-42a64b530781,2ePgWCNZ2t5ofLYhNVYdjoY8YxamdR7GMVm3oweCpump,HAL,hal medina,newSignal,2026-06-18 05:21:19.913000+00:00,18764.17415044579,13563.406795871926,13085.569915972916,27605.46359943918,8.1208,27.0,18,Others,pump,,3.1437881833333337,27605.46359943918,18,120,22.6573228754007,9.5479502227252,2e-13,13563.406795871926,13563.406795871926,1.0,18764.17415044579,0.7228352650707889,early_low_mc,1,1
019ed6fa-49aa-747e-bcda-2dbf5b858479,2ev3K9xuLAU9cZXB3nkbRcgnvZBgpWuJzrEnoNcApump,PENALDO,Crustieno Penaldo,newSignal,2026-06-17 19:06:27.626000+00:00,16512.666225574252,13123.478231096928,12483.922856771751,28218.0322196018,6.333,71.0,54,Sports,pump,,1.0730313333333332,28218.0322196018,54,120,22.9907579204505,27.5166914292442,0.0,13123.478231096928,53169.507934809924,4.05147987435384,16512.666225574252,3.2199226465598154,early_low_mc,1,1
019ed3ba-0a05-7eb0-9ce1-a88671388b3e,2fHqck8fyk9NciRWvRHCnNqLjBbz3n1tjNEoSzhapump,X,X Coin,newSignal,2026-06-17 03:57:25.381000+00:00,16781.55129397161,14551.063728324194,12612.602458576876,25919.68075684923,6.9114,28.0,20,Others,pump,,5.84619355,25919.68075684923,20,209,23.7655303299093,9.6325363536315,0.0,14551.063728324194,14551.063728324194,1.0,16781.55129397161,0.8670869261980167,early_low_mc,1,1
019edd94-393d-7cc5-83f4-a6ea3902852e,2ifzrbHmRRrDKRgcdvBRRDeFE1iuxQSCiEDwAT8mpump,ARFUR,Arfur Grok,newSignal,2026-06-19 01:52:19.261000+00:00,17402.244814707738,13500.277931051258,12499.7968497956,16306.61556094088,6.876,89.0,66,Celebrities,pump,,0.28590591666666665,16306.61556094088,66,92,29.4926840478911,25.1393686538474,0.0,13500.277931051258,32812.52096039029,2.430507070148533,17402.244814707738,1.8855338095610719,early_low_mc,1,1
019ed5ff-320d-7a07-b2f5-5d74648740b5,2kzUqtKR47EwQRYJLPQn2fPrxhtxoZJDtsGGPex4pump,Ronaldo,Ronaldo,newSignal,2026-06-17 14:32:12.045000+00:00,15830.422789021464,12919.50777014467,12143.331023313753,43797.11459234676,6.1235,57.0,37,Sports,pump,,0.22284006666666667,43797.11459234676,37,151,30.40410799906281,28.71029965162127,0.0,12919.50777014467,12919.50777014467,1.0,15830.422789021464,0.8161189339241439,early_low_mc,1,1
019ee083-8566-73f5-bd6e-c513d9f8d041,2mdfssaGr9MAVNNpaCxxd3LuhhHKNShByT9RWjZBpump,CHADLON,chadlon musk,newSignal,2026-06-19 15:32:56.294000+00:00,22312.818684920792,14721.364359396252,14077.851452244924,26074.31687274342,9.7643,136.0,79,Elon,,,0.22678513333333333,26074.31687274342,79,105,34.9312166877263,57.78472230694,0.0,14721.364359396252,14721.364359396252,1.0,22312.818684920792,0.6597716123308565,early_low_mc,1,1
019ed23c-2f29-7715-a90f-43d5d6717c5c,2mnRiRvi5NvWEYB3SBcCdFuiGB37CrvU6zm7spyKEeS9,$WIF,dogwifhat,newSignal,2026-06-16 21:00:20.137000+00:00,30327.762908930665,13247.587677830958,17009.487908376243,37972.83824346034,10.0144,95.0,69,Dogs,pump,,0.5727661000000001,37972.83824346034,69,64,33.2835281767075,51.5831486674388,0.0,13247.587677830958,13247.587677830958,1.0,30327.762908930665,0.43681387636837266,early_mid_mc,2,1
019ed26e-ae09-77d2-b940-8e55af1822f7,2nkh9CkXPwmYAM7cmiTxLswgpnNvisXiCfVrF7hnpump,Unbroken,The Unbroken Duck,newSignal,2026-06-16 21:55:29.417000+00:00,18793.38001356363,14302.793269643631,13369.86380340729,28097.62280873704,7.2504,22.0,13,Animals,pump,,1.4446807833333333,28097.62280873704,13,105,30.0950327525617,29.4396165246964,0.0,14302.793269643631,14302.793269643631,1.0,18793.38001356363,0.7610548639638514,early_low_mc,1,1
019ed267-40d7-7e53-8108-283f3bf8a3c4,2o3u2NXmDXgr4MSee4tPfYFF1NB9SuJmPmURKZUNpump,DIALOG,The Dialog Society,newSignal,2026-06-16 21:47:22.711000+00:00,15700.611199161072,14671.140529523467,12216.19111873152,18522.50140695295,5.5203,65.0,48,Others,pump,,0.49219376666666664,18522.50140695295,48,104,23.9802715255341,40.8341510858733,,14671.140529523467,14671.140529523467,1.0,15700.611199161072,0.9344311723550855,early_low_mc,1,1
019ed36c-caef-79ae-b46f-ae8643f4385c,2ozinNKNKHfxbhEXMQ3JVyXfzE3SSuQC1QK9L4aZpump,what,Guess what,newSignal,2026-06-17 02:33:02.959000+00:00,15721.52925010924,13243.94924579057,12234.38374531004,42241.13075127911,3.5855,20.0,20,Others,pump,,4.5735601,42241.13075127911,20,204,17.91649988442358,5.454419742660844,0.027293902019004244,13243.94924579057,32405.5259526269,2.446817437247927,15721.52925010924,2.0612197094250058,early_low_mc,1,1
019ed795-6521-7e97-a877-d58026226ebe,2pGdxH9gV8Ajwr5GrbFLzva4AbwPze4GCywP1EzRpump,Kirk,Kirk The Sprite,newSignal,2026-06-17 21:55:52.737000+00:00,23783.151860597955,19777.943128071995,14795.237045005995,42149.8752040648,9.8891,20.0,15,Others,pump,,0.15485405,42149.8752040648,15,174,27.4418336017714,11.7861943266146,0.0,19777.943128071995,19777.943128071995,1.0,23783.151860597955,0.8315947038474125,early_low_mc,1,1
019ee129-ad5c-7640-b2b6-fbc97bc3fd8d,2vCwDJesf1CyHiexyT8nkd72gD1JuKDPGdmeoCX7pump,FDP,Frontdeploy,newSignal,2026-06-19 18:34:25.500000+00:00,14342.707930386518,13049.274700826205,11289.173664090667,24573.1883888465,6.2076,28.0,18,Meme,pump,,5.074055133333333,24573.1883888465,18,97,25.2489319563214,16.8560558953177,0.0,13049.274700826205,22283.12038087641,1.7076137097079864,14342.707930386518,1.5536201733333288,early_low_mc,1,1
019ed84d-67d6-70d9-8567-7c95b6357284,2w6zuEB1qarSnoZKT65JASN4hh1HVnrFKVzmBAUhpump,YOSHI,YOSHI,newSignal,2026-06-18 01:16:52.054000+00:00,15672.236568799419,14917.35126145869,12093.082231398685,27211.5218010575,4.139,29.0,19,,pump,,0.5762390166666667,27211.5218010575,19,102,27.5595818741795,43.5913625859079,3.8528908456257,14917.35126145869,23569.890544478098,1.5800318790759185,15672.236568799419,1.503926414140626,early_low_mc,1,1
019ed20c-87e6-7066-8417-4d576f85c581,2wc8dLNPNCZYtFJf2P5PBLZsk2nhjVjmVPz4ZiUcpump,BELLS,BELLSCOIN,newSignalRay,2026-06-16 20:08:17.126000+00:00,70787.89993133002,71106.08408060788,26726.99040636486,41325.611776723534,1.7232,59.0,27,Others,pumpamm,pump,0.08067629999999999,41325.611776723534,27,247,23.507924479765613,8.555599315446203,4.124984900435143,21982.62097833249,61590.98601579799,2.801803573673317,70787.89993133002,0.8700778816089505,ray_migrated,5,1
019ed60f-5f0c-747f-8b48-0b78042faddb,2xoiUVRXV9YnJzLwjBBfpZtSjMPuJoB3aihuzjWUpump,GOATS,Ronaldo and messi,newSignal,2026-06-17 14:49:52.140000+00:00,24429.134064015423,18797.515782517978,15074.425468647103,37938.53002135392,5.7319,143.0,83,Sports,,,0.37012325,37938.53002135392,83,133,37.135498130849,21.3062581701266,28.1784165640252,18797.515782517978,18797.515782517978,1.0,24429.134064015423,0.7694712278077459,early_low_mc,1,1
019eda7a-8f8a-766a-a42b-2437dd3eef64,2ycd6NX7ur1pqvW5qe8gfd4vzJCoX3zcg8F2gxZFpump,👍🏼,👍🏼,newSignal,2026-06-18 11:25:25.770000+00:00,16286.026337773177,13098.480277851411,12188.337844859272,32113.5231093045,6.4835,24.0,20,Others,pump,,0.6230946333333333,32113.5231093045,20,112,26.7609884997189,5.6050589392775,0.0,13098.480277851411,22637.695868424224,1.7282688822078802,16286.026337773177,1.3900073227757976,early_low_mc,1,1
019ed1ba-1205-7efb-8cbf-aa666572c65b,31e5p5ZNwX3DfkT8DTRucdyzEdeLZNwYXuzK7FJzpump,ANSEM,The Black Bull,newSignal,2026-06-16 18:38:12.997000+00:00,18466.691340259382,14384.96279797919,13242.496359813511,29326.7490371784,7.2201,100.0,74,Mascot,pump,,0.2535262833333333,29326.7490371784,74,85,26.9533505724379,22.0692578228026,0.0,14384.96279797919,14384.96279797919,1.0,18466.691340259382,0.7789680637926956,early_low_mc,1,1
019eda0f-0e2d-7687-b42e-50f495c02632,32UUZNDi4hhd6NYCkTBkrTtxcQyMzwcjDTeX7Jhypump,ANSUM,ansum,newSignal,2026-06-18 09:28:00.301000+00:00,15369.4606279236,12966.623852051829,11921.022072168447,52930.03984237341,4.6979,80.0,58,Others,pump,,5.788996466666666,52930.03984237341,58,167,23.6835485928602,17.3976290878613,,12966.623852051829,15077.04228710229,1.1627577431974714,15369.4606279236,0.9809740661757487,early_low_mc,1,1
019ed2a5-bba9-725d-9bfd-395361ef6bf6,3ALxU164ur3NtAaMKsPyLm29YLneP2tanw6X6MNSpump,GOOGLE,Google Coin,newSignal,2026-06-16 22:55:37.385000+00:00,17876.2860962782,14275.23523199268,13019.420210084887,8909.31497580464,7.4874,38.0,33,Mascot,pump,,0.20672026666666668,8909.31497580464,33,95,25.7270971945364,31.895182136352,7.5248977883264,14275.23523199268,32795.62815880989,2.2973791763032088,17876.2860962782,1.8345884588207535,early_low_mc,1,1
019ed680-b96c-7c6a-827f-af424e6b407a,3Bizspecy45G42iyCHramF1cSVdZx6Jkgs2RW2w9pump,Fish,Fishcoin,newSignal,2026-06-17 16:53:40.844000+00:00,12683.412694247716,13806.53558221995,10986.522300212522,26683.36469053882,4.295,90.0,59,Animals,pump,,0.12626711666666665,26683.36469053882,59,81,32.2739307949432,28.6948867029237,21.4168505863027,13806.53558221995,13806.53558221995,1.0,12683.412694247716,1.0885505277677832,early_low_mc,1,1
019ed634-e54c-7302-b0ab-fad089699096,3C8Hz8sqdwn4gUJaWek23PsRfvyDsVZhaqoKooNMpump,Arnold,Arnold The Psychic Armadillo,newSignal,2026-06-17 15:30:51.340000+00:00,15979.996434439361,14457.237065945708,12250.989618031988,54871.69277402496,4.2455,21.0,14,Animals,pump,,0.86551555,54871.69277402496,14,102,25.6769739493994,11.5170814019644,0.6812097157527,14457.237065945708,14457.237065945708,1.0,15979.996434439361,0.9047084037383218,early_low_mc,1,1
019ed499-d894-7bef-b063-78a891cf6aa2,3CfrMh1YK42FWq1eayNdNBRTpPNQduRsVqJVcsPMBAGS,speedrun,fastest speedrun to 10m,newSignalRay,2026-06-17 08:01:52.788000+00:00,304486.48537374625,349295.7222267078,7427.338040082496,31195.669459692,4.1483,68.0,25,Meme,meteora,dbc,0.3527110666666667,31195.669459692,25,138,1.29196311745327,,9.214220921e-07,349295.7222267078,506615.340368128,1.4503909098529213,304486.48537374625,1.6638352265332097,ray_migrated,5,1
019edc9c-f03c-7dd8-9625-2c68c8cca499,3FfN9vJQyVbNDhPJ6cc6DzPTwuDUdz7zG2PQakVhBAGS,BAG,Dog Wif Bag,newSignalRay,2026-06-18 21:22:13.180000+00:00,12443138.54171246,11878746.660668975,46006.00526258914,25986.91729481172,0.5622,84.0,30,Dogs,meteora,dbc,0.45714321666666663,25986.91729481172,30,76,3.7512816982870665,,3.1498760802e-06,11878746.660668975,11878746.660668975,1.0,12443138.54171246,0.9546423212157042,ray_migrated,5,1
019ed6e4-bc9f-7d9b-a40d-6d329ca0a0b8,3HwB3NUsH4qmDrLo7c1gvEjpWMybrrvxHnmvadPEpump,Memecoin,My Meme Coin,newSignal,2026-06-17 18:42:55.263000+00:00,24511.49208683073,13619.883857659943,15230.677910062135,47945.13736137849,10.386,30.0,20,Others,pump,,0.19682866666666668,47945.13736137849,20,136,26.0962463440213,10.2285389725615,1.4704456074958,13619.883857659943,52582.45476518343,3.860712419776663,24511.49208683073,2.1452163980435266,early_low_mc,1,1
019ed6cb-e6ce-7443-b88d-e05b1aa55dfa,3KrFi5Mnc483rzs9LmeYyE7a7F7FW89dT8hZaGwVBAGS,STARGRACE,Liv's Stargrace Foundation,newSignalRay,2026-06-17 18:15:47.662000+00:00,276771.25397210364,131178.24120230353,7151.093773816441,43106.53682441334,2.3292,85.0,28,Charity,meteora,dbc,0.28285713333333334,43106.53682441334,28,77,1.9639841502837232,,1.0352209946e-06,131178.24120230353,131178.24120230353,1.0,276771.25397210364,0.4739590521764419,ray_migrated,5,1
019ed28d-4d6c-7f3e-8aee-c223dceea4e7,3KtvNALV5LcUaTdKNKaT5mRVGdkrDVvaqQQkTCrFpump,PAB,Pabbo,newSignal,2026-06-16 22:28:56.300000+00:00,15319.793853677422,14812.74480918618,12057.347242194228,26467.7577133602,6.2614,33.0,27,Gaming,pump,,0.8873732666666666,26467.7577133602,27,122,17.6974055092127,30.8824628474469,2.8197126974611,14812.74480918618,14812.74480918618,1.0,15319.793853677422,0.9669023585216503,early_low_mc,1,1
019ed287-d309-787c-9afb-4d0374646027,3LQGitBLtCWmCZUPMZgyJFonzrHhKAu8VJPpvyEFpump,GLM-5.2,GLM 5.2,newSignal,2026-06-16 22:22:57.289000+00:00,21788.265844939466,13174.750813941491,14390.711687336609,63865.9217859131,8.4064,24.0,12,Others,pump,,0.2390059833333333,63865.9217859131,12,127,24.0320749608738,16.0683113451251,0.0,13174.750813941491,29097.797585668006,2.208603259112634,21788.265844939466,1.3354801980455113,early_low_mc,1,1
019ecc6e-383f-7b17-a703-9fcb9f01e1ea,3LW7r3jPYr9k8BsHBCEKwSfnRJuJk3hZjA9pyy6rpump,sob,sob,newSignal,,17410.182538925033,13245.828412816894,17908.870711639294,25541.904971372096,3.5905,,0,Meme,pump,,734.8781625333334,25541.904971372096,43,115,19.1245563310178,19.7269664424522,,13245.828412816894,23047.66768196664,1.7399944317310734,17410.182538925033,1.3238039078819264,early_low_mc,1,1
019ed9bb-bc59-7806-91ee-3a7640705f53,3MTLAC7jfkAFytG7rGdStNpJjLwB9Qtcjbj73rBmpump,4,Justice For The 4 Kittens,newSignal,2026-06-18 07:56:59.865000+00:00,15790.864330443312,12615.715773417654,12074.05120729736,15328.30005750225,5.8075,44.0,39,Cats,pump,,0.5491399833333334,15328.30005750225,39,88,21.9500560761995,34.7431400569345,7.7039358431888,12615.715773417654,12615.715773417654,1.0,15790.864330443312,0.7989249675900092,early_low_mc,1,1
019ed727-865d-7a68-ac9f-df1e1ac32a83,3MuboDr1XiSNVz4UuqQEV1eNyFpDxikK3g3eEdPLpump,NUT,NUT,newSignal,2026-06-17 19:55:52.285000+00:00,19264.094529472513,18816.387241042827,13329.480381644438,15443.8987775162,8.1708,21.0,15,Meme,pump,,0.20088371666666666,15443.8987775162,15,107,25.3729967420133,20.3588434988457,0.0,18816.387241042827,27611.25845976827,1.4674048799092434,19264.094529472513,1.4333016492171624,early_low_mc,1,1
019ecc12-4770-72c8-9de9-4a0485ef9c0e,3MyvmhME3kzxgEv7v6FcYANMZ9TY9NRtybMAHspqpump,IDIOT,Elon Musk's Idiot Index,newSignalRay,,27920.82585745082,92489.20904487079,12939.507449188544,29895.30698036805,-0.4343,,0,Elon,pumpamm,pump,835.3025044999999,29895.30698036805,20,441,24.03238526367129,3.6451942188085775,0.0,92489.20904487079,121469.87407242492,1.31334104082882,27920.82585745082,4.350511503226544,ray_migrated,5,1
019edb4a-a662-7098-8d19-c838dc2392b8,3NM6eyKwURUuYfor6Kj4tBo1zJt2StMWAszjGbQzpump,RETIRE,I will Retire Before This Game,newSignal,2026-06-18 15:12:43.106000+00:00,18271.04937951948,15753.335747906402,12899.53548896152,40010.013569909,7.3993,164.0,123,Meme,pump,,0.62452315,40010.013569909,123,191,28.0899726036355,38.7407672138404,0.0,15753.335747906402,15753.335747906402,1.0,18271.04937951948,0.8622020235775153,early_low_mc,1,1
019edc86-6c13-78c4-a58d-b9e7db3df9a2,3NMQuwg7WGqzqjqwUnR3Ciwo3AoVE39yYQnTqK49pump,TRENCHES,Trenches Tokens,newSignalRay,2026-06-18 20:57:37.555000+00:00,214216.5832009469,100753.08247188728,34088.989930112075,595684.2656243362,93.7688,78.0,27,Gaming,pumpamm,pump,6.501577433333334,595684.2656243362,27,847,25.768355982375,5.020793137442701,0.08775091559709337,100753.08247188728,434922.65915396455,4.316718143837627,214216.5832009469,2.030294072732844,ray_migrated,5,1
019ed533-aed5-7bc3-8a36-8d545d38c199,3NUEBLBewVeRYYGmZ75Ht6DhAEKwpLNnS6ZkW8rjpump,MINICAR,Run It Back Turbo,newSignal,2026-06-17 10:49:54.645000+00:00,15962.633277893727,12824.742002971174,12187.722140102464,43501.0963808288,5.7713,48.0,39,Others,pump,,2.1230676833333333,43501.0963808288,39,102,14.7660480139651,3.229144254885,0.0070548669139,12824.742002971174,15294.423218714837,1.1925716100309465,15962.633277893727,0.958139108532658,early_low_mc,1,1
019edb91-67cd-7f31-bc6c-7a785a042a56,3P9p3R2fXMcJQXUqrv1hnyiWiBhGArVgrwzujRgbpump,Fetch,The Robodog,newSignal,2026-06-18 16:30:00.141000+00:00,17573.671482057547,12222.141944385148,12475.353432093498,67581.69044074125,7.3078,53.0,39,Dogs,pump,,0.50602735,67581.69044074125,39,218,21.4582520452054,11.6179452054042,0.0,12222.141944385148,21466.214250600784,1.7563381564605673,17573.671482057547,1.2214985509725422,early_low_mc,1,1
019edc9b-f520-7585-bfa9-276e033d530e,3PZQAKazQ2KMXDrW5ykMeLWqhtrqaxo5PcGo71Phpump,GTA,GREAT TIMES AHEAD,newSignal,2026-06-18 21:21:08.896000+00:00,15518.663299016325,12198.4824621816,11790.415884595985,41266.831466302,3.7035,64.0,54,Meme,pump,,7.351545466666667,41266.831466302,54,178,21.8933946759704,22.2782783402238,1.0492858484085,12198.4824621816,17622.55976352243,1.4446518096129457,15518.663299016325,1.1355720157057254,early_low_mc,1,1
019ed2ac-9209-7032-90fc-6341906ebc7c,3Q4mDLfCrMViTC79VybKarm12q8Dbxf1RDXggXukpump,SBF,Sam Bankman-Fried,newSignal,2026-06-16 23:03:05.481000+00:00,22572.390717013168,13699.165359179324,10828.054203239564,39080.11025101616,12.2171,176.0,112,,pumpamm,pump,0.18877705,39080.11025101616,112,133,23.0620198556615,50.2205014587603,0.0,13699.165359179324,13699.165359179324,1.0,22572.390717013168,0.6068991774475199,ray_migrated,5,1
019ed2b3-3564-73ad-9dda-ac2b81dc2244,3QwSbYMieVftAJr4SHJBwQUcXP4KgErpdHYKgR59pump,PIP,Pip the Baby Squirrel,newSignal,2026-06-16 23:10:20.516000+00:00,15079.404281361785,13181.672091379365,11972.098730291887,12544.2025749486,5.6824,38.0,36,,pump,,0.65221635,12544.2025749486,36,101,20.0823237080816,4.3702779182642,3.6754777653226,13181.672091379365,39429.72327397039,2.991253537535416,15079.404281361785,2.614806429900266,early_low_mc,1,1
019ed998-04f9-7c26-9304-0b5809836edd,3RQKHzM2JwTx1no1XEnBJtpDEePUvs3BTgQuEkf1riTD,VALOR,Valor,newSignal,2026-06-18 07:17:59.161000+00:00,15770.288265290645,18293.946913801163,12024.036992327461,31519.0802747808,3.8878,106.0,60,Others,pump,,0.4715003833333334,31519.0802747808,60,122,28.4013327503851,54.3006220878378,0.0,18293.946913801163,18293.946913801163,1.0,15770.288265290645,1.1600261584352216,early_low_mc,1,1
019ed4c0-b17f-7ad4-a837-02ffe81eaba6,3V3h9aSABvopyu1kKT6t2k3MMdQ6Wz8zQFfJQ2TKBAGS,INDEX,INDEX,newSignalRay,2026-06-17 08:44:18.687000+00:00,311223.2707201147,303120.69409725454,7447.251930909981,22148.56486063056,4.8078,59.0,26,Others,meteora,dbc,0.14415318333333332,22148.56486063056,26,100,1.6968654116290705,,0.466462152583653,303120.69409725454,303120.69409725454,1.0,311223.2707201147,0.9739653895285135,ray_migrated,5,1
019ed5ec-7671-785e-a5c7-8d5a3f287ead,3VU3TG3Mj45Hy3Yo9N9BEyPSkdKxrJsoPV2Auj2Rpump,Gentaro,セクシーなゴリラ,newSignal,2026-06-17 14:11:44.369000+00:00,16678.303879180676,12951.805520058722,12459.246522217012,30421.84733792455,6.9867,74.0,54,,pump,,0.13540178333333333,30421.84733792455,54,114,15.8436325040252,4.9453054105501,0.0,12951.805520058722,12951.805520058722,1.0,16678.303879180676,0.7765661073142038,early_low_mc,1,1
019ed834-6e1b-707b-b1ad-b68231b3a198,3XhQa9baZzP9CVHBSnryqUSwJsiS2RiYozNT1kEYpump,Cheetah,チータ,newSignal,2026-06-18 00:49:35.259000+00:00,14308.608084829591,13859.627632484826,11545.400904771719,14074.92732661248,5.6314,38.0,24,Animals,pump,,0.8460475666666666,14074.92732661248,24,73,29.1632536313976,13.4860815790289,0.0,13859.627632484826,113629.11330080159,8.19856898856882,14308.608084829591,7.941311455813408,early_low_mc,1,1
019ed657-55aa-7b34-b379-2bc3581930d2,3d86NDe7yraaTxWTXdiay3QZYKEqTdXMzUnMhL1qpump,WEED,Weed Farm,newSignal,2026-06-17 16:08:28.330000+00:00,15758.221299662064,13886.751888370365,12238.635228016708,31633.56831463815,2.4715,95.0,72,Others,,,0.2666625,31633.56831463815,72,189,17.6778246803566,32.7901747963115,0.8192241763067,13886.751888370365,19716.215352486204,1.4197859593788664,15758.221299662064,1.2511701021046722,early_low_mc,1,1
019ed5c4-6d18-797e-bbd4-b158487ca891,3dc5cX8QBBa71SdP1uS78cqRo9PLAtyHMVhK3KLxpump,COIN,"Hi, i'm Coin",newSignal,2026-06-17 13:28:00.536000+00:00,15203.344296280724,16124.83893989146,11889.419163690862,58815.09208488468,5.6445,35.0,20,Others,pump,,0.33068705,58815.09208488468,20,77,27.150470238578226,29.63528803426918,0.0,16124.83893989146,24535.547414827408,1.5215995338799062,15203.344296280724,1.6138256778694193,early_low_mc,1,1
019ee0a9-224c-75ca-af1c-966f881d9ffb,3dnqJMeEKNghTZVJc2ucABsbJfkCUMXbTJfggAjcpump,RonaldoAi,Ronaldo Ai slop,newSignal,2026-06-19 16:14:01.292000+00:00,17592.167864951007,12454.606515606687,12526.437147760958,14347.95182257416,6.7858,86.0,74,AI Agents,pump,,0.8529216500000001,14347.95182257416,74,74,27.1296479828504,12.0226214609685,0.0,12454.606515606687,12454.606515606687,1.0,17592.167864951007,0.7079631465102196,early_low_mc,1,1
019ed27a-e3f4-70f0-8f20-1e080fe999d8,3fUZnhQkRJSACCgJL5uWJwj9DZz95NA1f7DwhKNDpump,AIRY,AIRY,newSignal,2026-06-16 22:08:49.652000+00:00,32818.1422393587,24397.740469891574,13072.375640250932,33497.01577748064,14.6055,32.0,11,Others,pumpamm,pump,0.7451597333333333,33497.01577748064,11,209,20.1815643563478,3.8722552029234,2.5282541563286,24397.740469891574,24397.740469891574,1.0,32818.1422393587,0.7434223513307661,ray_migrated,5,1
019ed519-1e83-75ae-86ed-2a83d05ee48a,3iVyAEWJxNSG4Qof9jYGrYPhRdhEPx4jxkkGHm8XEHfX,SHITTER,AI Shitter,newSignal,2026-06-17 10:20:53.763000+00:00,17051.5209630325,13477.641795920905,12609.632355676993,18628.80685013852,6.0521,70.0,52,AI Agents,pump,,1.2809155166666666,18628.80685013852,52,119,22.7799289872422,17.6322117721554,0.0,13477.641795920905,13638.944591263844,1.0119681764647996,17051.5209630325,0.7998667462470308,early_low_mc,1,1
019edce7-99ae-7e72-b69b-204712e7c216,3kFK8vV2S2nNgLg5aaATE9VksgixpGkWpoDCHbXKpump,Ballerina,Ballerina Cappuccina,newSignal,2026-06-18 22:43:46.222000+00:00,23288.33649244796,12960.222740265139,10656.176334446582,12501.61167004038,10.5464,71.0,50,Others,pumpamm,pump,0.2820672,12501.61167004038,50,100,32.2374570216483,50.7266939025687,0.5348054782631,12960.222740265139,54353.82540240592,4.193895930008836,23288.33649244796,2.333950534424475,ray_migrated,5,1
019ed4f8-dc92-7445-918f-e3510f4730bc,3oX9emrqYRGzFEDPP3jA6tYnUBML4QSr3DfgD2r5pump,滑る猫,Sliding Cat,newSignal,2026-06-17 09:45:39.730000+00:00,18359.425857852944,18044.547030051082,13088.781826053817,21519.3255126723,7.5118,22.0,11,Cats,pump,,0.241943,21519.3255126723,11,99,29.3813380194346,19.7515817701275,0.0,18044.547030051082,352059.6875166828,19.510586047428543,18359.425857852944,19.175963902275026,early_low_mc,1,1
019ed7e5-aaa2-76b0-90ca-84c4ae2d9135,3pTCFu1NBLfn1WkUVxpGiZWK7JRQ87HJQST9Riw5pump,Yeat,Million Dollar Minion,newSignal,2026-06-17 23:23:33.410000+00:00,15994.20269916616,13580.999469073693,12176.943552049474,25622.62578937509,6.4544,115.0,65,Others,pump,,0.36428438333333335,25622.62578937509,65,119,28.134461619313633,20.811657086390838,0.0,13580.999469073693,20046.386532740788,1.4760612117237697,15994.20269916616,1.253353287424942,early_low_mc,1,1
019ed305-7d4f-7dde-b3db-4b1e7f0a941a,3q6AA6e5QvxSXZ3sA4kSmZk9phq8M3vxrB9zf5d1pump,STAX,stax,newSignal,2026-06-17 00:40:12.879000+00:00,19149.93285551019,14660.75494504304,13461.338226710943,53626.32598302954,6.113,66.0,50,Desci,,,5.7401545333333335,53626.32598302954,50,147,31.9569487034629,17.1962696621688,29.4754862503328,14660.75494504304,14660.75494504304,1.0,19149.93285551019,0.7655773550571257,early_low_mc,1,1
019ed5f6-2354-71fa-9e7e-7570e05c3857,3rPcJKq3jybz2Yn9fx3RCvVVFPkJqgnjZY5SygXTpump,DEGEN,The Financial Nihilist,newSignal,2026-06-17 14:22:18.452000+00:00,26918.092963533454,14259.689498567515,15835.504346714366,31408.708883089,10.252,113.0,59,Finance,pump,,0.4560072,31408.708883089,59,153,27.3679809983777,48.0783784740278,0.0,14259.689498567515,14603.867371458846,1.0241364212682125,26918.092963533454,0.5425297918111448,early_low_mc,1,1
019ed605-9fff-7521-852c-924c306be320,3sPxGyKxwCrAebxZsFb56GsNd7mjK7jZAng5uJtPpump,SPROUT,Sprout Valley,newSignal,2026-06-17 14:39:13.407000+00:00,15165.12004543048,13597.036749686897,11885.458078304893,13343.56512176855,6.327,39.0,40,Gaming,pump,,0.5949291833333333,13343.56512176855,40,134,21.2058845356703,15.2371498918851,10.2988247331277,13597.036749686897,46904.103144989225,3.4495827295656385,15165.12004543048,3.0928936272497403,early_low_mc,1,1
019ee41e-8815-706e-8849-e6f89950fd44,3tHgBPkQQGy4kPU6HS9M6AUxSXdpip9TLptNopPGpump,Antimatter,Antimatter Coin,newSignal,2026-06-20 08:21:06.709000+00:00,15894.425248052348,14736.616753317574,12098.366412488134,29132.1801915036,6.3175,52.0,44,Others,pump,,3.6893158166666664,29132.1801915036,44,160,25.16446986677,29.1897575722252,1e-13,14736.616753317574,72342.6157250917,4.909038277649828,15894.425248052348,4.5514458431868325,early_low_mc,1,1
019ed45f-ec6f-78d7-b9d3-92e050fc4f58,3wMNHtTmRjXr8PQC5vEfpLPXoFXbqs9uFjzk41hApump,Sneed,Sneed,newSignal,2026-06-17 06:58:36.783000+00:00,16948.86332867951,12870.217142888872,12654.644253358687,24906.6162050688,5.5262,82.0,62,Meme,pump,,0.20854103333333332,24906.6162050688,62,141,22.694037871406195,16.895898429413545,0.5761178648049,12870.217142888872,20799.68923070827,1.616110202320917,16948.86332867951,1.2272026051158667,early_low_mc,1,1
019ed40f-74b1-74b0-890e-87fa4b21abaa,3wSoTGhiLnoRwbqKQiVHajYwrxpn2KEzCYK2Pgwmpump,rich,"if you can't hold, you won't be",newSignal,2026-06-17 05:30:43.249000+00:00,16324.014572533308,13171.534858862753,12436.23071826414,12104.101169336,6.7801,31.0,23,Meme,pump,,0.2719322,12104.101169336,23,102,27.9252509011868,11.3366446701248,0.0,13171.534858862753,18372.21734775837,1.3948425559073114,16324.014572533308,1.1254717561127001,early_low_mc,1,1
019ee403-9f52-7c46-b164-c815dcd57b22,3wZWaSr7rLedLV9qFnZtp6n6JuXStXCNamxJXcLApump,LOOK,How you really look,newSignal,2026-06-20 07:51:43.186000+00:00,16022.763109542306,16859.998091575362,12152.244097309445,33622.27848023421,5.5066,21.0,16,Meme,pump,,0.5267771666666666,33622.27848023421,16,155,23.7510731929987,15.0959846106648,0.0,16859.998091575362,55595.041902546705,3.297452443385895,16022.763109542306,3.4697537199084754,early_low_mc,1,1
019ecf38-145f-7eab-b148-d462e6ebcdd2,3xqDG39sMvtMYzLuqn6Wp32zbhQhScsYb92aZqaMpump,Miaowtocracy,Miaowtocracy,newSignal,2026-06-16 06:56:59.487000+00:00,16421.174400508175,14480.29614936443,12525.486327436614,17839.90820163049,6.1959,45.0,26,Cats,pump,,0.41598921666666666,17839.90820163049,26,100,17.1473499518337,22.3053733950673,0.1416077485746,14480.29614936443,38338.890628053705,2.6476592904307745,16421.174400508175,2.334722821460763,early_low_mc,1,1
019ed9e8-6217-7be9-ac6b-1aa941f8ce5e,42ZzQ2vczbV9xHQSW5aUZuRdkJMdZpyuq1ts9tTxpump,SHILL,Shill Coin,newSignal,2026-06-18 08:45:45.879000+00:00,15903.907923885215,13520.312819759136,12132.392488308507,18217.96384626733,6.766,52.0,43,Meme,pump,,0.23086845,18217.96384626733,43,117,17.4854533215555,27.4535781075941,0.0,13520.312819759136,21273.41703565969,1.5734411858111637,15903.907923885215,1.337621994384808,early_low_mc,1,1
019ed891-1268-7e46-a4f7-9ce481d74613,44d8uZdzcke7w1uBs2Xst3tEpzv6NpR9ehNcgMBqpump,WHILOM,Whilom,newSignal,2026-06-18 02:30:46.632000+00:00,15774.657725143185,15431.88931007015,12135.829823487496,16371.40277157366,6.5508,54.0,46,Protocols,pump,,0.4154620666666667,16371.40277157366,46,104,35.116066884249,22.1327542679653,6.9734307304574,15431.88931007015,26074.852234482772,1.6896733582366683,15774.657725143185,1.6529583518583821,early_low_mc,1,1
019ed265-ec97-7716-89dd-3e5802dee135,46bogbQqk32gPe4eYnbK5jL7tTmW4Dco46dTZFmkpump,vibes,vibe shift,newSignal,2026-06-16 21:45:55.607000+00:00,15343.570226893504,13455.836561503023,16812.29297700178,26600.00711202354,2.3229,68.0,53,Meme,pump,,0.3530257333333333,26600.00711202354,53,67,20.9886767619112,13.4276559172596,0.0,13455.836561503023,13455.836561503023,1.0,15343.570226893504,0.8769690732029403,early_low_mc,1,1
019ed74b-a9a0-72d4-98f0-111bee01386f,47dofk383AxA9hbngWfNo8PQcTRSQ8uwqzBi5SG9pump,BOBBLEHEAD,BOBBLEHEAD,newSignal,2026-06-17 20:35:20.608000+00:00,17327.85152646924,13143.483783276342,12676.214929845839,29726.86107381056,7.5212,74.0,52,Others,pump,,1.08021685,29726.86107381056,52,116,16.608913419611,5.4892609039734,0.0210284152559,13143.483783276342,13143.483783276342,1.0,17327.85152646924,0.7585177979623702,early_low_mc,1,1
019ee102-2c2f-76c3-acf2-8884c2f2958a,48mrcoVfPKhCvG1rpJbUuohr8PvGRHLiJ2uiqq3Xpump,ANSEM,ANSEM,newSignalRay,2026-06-19 17:51:16.527000+00:00,195082.26904310499,132850.99613721063,30970.748787533183,47473.07997675883,24.7989,111.0,50,Meme,pumpamm,pump,1.3063681666666667,47473.07997675883,50,77,85.5177631736012,,0.652239256051,132850.99613721063,132850.99613721063,1.0,195082.26904310499,0.680999850928821,ray_migrated,5,1
019eda47-1188-769d-af7c-5d4482005f1d,499VCKsyodqpovLGRMmodxLgRYmPuqo9KjSFdUVNpump,SOLANA,AYE SOLANA SOLANA,newSignal,2026-06-18 10:29:11.176000+00:00,16215.93469529091,16005.355189159129,12189.997862671698,33579.55231271316,6.3929,134.0,65,Others,pump,,0.8968647166666667,33579.55231271316,65,111,24.7830691049006,34.6787810628074,0.0,16005.355189159129,16005.355189159129,1.0,16215.93469529091,0.9870140383463104,early_low_mc,1,1
019ed2a2-4af5-7785-8f69-b6977b8a07f2,4BEtUQCjNymApZSwhSizJQATghnkn4Pm84QX7EUJ8MLM,NALA,Nala,newSignal,2026-06-16 22:51:51.925000+00:00,13526.155001146355,14980.130598296972,11321.829127755427,17901.86097568869,4.342,101.0,65,Animals,pump,,0.09706703333333334,17901.86097568869,65,80,31.7675868678027,31.3750333564241,,14980.130598296972,14980.130598296972,1.0,13526.155001146355,1.107493637107322,early_low_mc,1,1
019edf3d-a22d-718f-8097-f2ab0839da44,4CCiNMmqfBNRrheZKFVVdnnr4u5c9VwK5iyHxDsspump,RAN,RANLANDS,newSignal,2026-06-19 09:36:58.925000+00:00,22173.34186626817,22706.70217446335,10327.44106999187,16764.88631529839,10.0863,74.0,36,Gaming,pumpamm,pump,0.26742298333333336,16764.88631529839,36,122,36.9220690224179,47.7462710089464,0.5478882161776,22706.70217446335,34046.51066541071,1.4994035859465515,22173.34186626817,1.5354704252860023,ray_migrated,5,1
019ed46f-4673-7ba7-8ded-a5268e1b87d8,4DyYTyBHY6aNjXaKhFq3SEZd9k1QsiscinNmd9cfpump,sydney,#FreeSydney,newSignal,2026-06-17 07:15:22.867000+00:00,15407.654795521497,14107.572444181431,12070.588048413258,24285.67650627456,6.3822,77.0,49,Meme,pump,,1.3654093833333334,24285.67650627456,49,119,27.2976986150399,12.42395148556,0.0,14107.572444181431,18875.84178793303,1.3379936103548586,15407.654795521497,1.2250950607628892,early_low_mc,1,1
019edb2d-8fc7-7924-9242-0db88f08161a,4F1id46kLCxhpwszcRFRXvj3uzk3eEG5ycXuN5S4pump,FISH,FISH,newSignal,2026-06-18 14:40:56.775000+00:00,16028.519126724239,13015.867304975047,12117.023224667293,22820.4209962196,6.8128,71.0,58,Gaming,pump,,1.6299794,22820.4209962196,58,129,24.4174595075537,10.883688629572,0.0,13015.867304975047,19785.072920344213,1.520073342541052,16028.519126724239,1.2343668659543663,early_low_mc,1,1
019ed3a7-08d0-737e-a77e-fa166c1dbc4c,4GG4SGDwyfqA9A2G2DFBRCqqsYyGFHnbUnhkmg5PPVqF,HAM,Hero Archetype Meme,newSignal,2026-06-17 03:36:39.888000+00:00,21397.26341855461,14169.395035755206,14252.52756506456,32250.47240750489,8.4507,117.0,102,Meme,pump,,0.7125582833333334,32250.47240750489,102,144,20.9313180099867,36.2110037451278,0.0,14169.395035755206,15438.065687109947,1.0895359786464676,21397.26341855461,0.7214972020077506,early_low_mc,1,1
019eda90-a7e6-7c07-8959-b1b37d0ea5fc,4HBWUYs5GXkv9J1JQS17tjPZEAetoe1rqkPbVkYupump,Appreciation,Token Of Appreciation,newSignal,2026-06-18 11:49:33.798000+00:00,15318.16070796328,13329.84908586802,11814.679590875632,30316.37377403925,6.3944,105.0,63,Others,pump,,1.9399644833333334,30316.37377403925,63,156,24.909257774876373,22.141381945371233,0.000136100785,13329.84908586802,13329.84908586802,1.0,15318.16070796328,0.8701990624069104,early_low_mc,1,1
019ecf43-4ecb-7669-b8ee-b36e7959208a,4HbyyHvSt7GUcUo5GGMH95ngaPLEht29mQhgE1bspump,Egg,Egg,newSignal,2026-06-16 07:09:15.339000+00:00,13520.353158420708,13582.654446980414,11363.217450623672,22183.7274398592,6.1573,58.0,52,Others,,,1.7048409500000001,22183.7274398592,52,158,23.0524636084219,23.2710338539061,,13582.654446980414,30858.52964332365,2.271907141846185,13520.353158420708,2.282376006140374,early_low_mc,1,1
019eddd1-f61a-7272-80cb-2b628b4a820a,4Hit6q5DE5nGfnVnnjsKtTMCC9qFHdGT1uV7SELDpump,Cuakssant,Cuakssant,newSignal,2026-06-19 02:59:45.306000+00:00,15878.031869048356,12234.62244992116,11928.726345477335,24290.27055958854,6.4261,70.0,54,Others,pump,,1.0970212333333333,24290.27055958854,54,190,27.0360498174087,20.0433335019515,0.0,12234.62244992116,20243.26761364145,1.6545886639740073,15878.031869048356,1.2749229741188775,early_low_mc,1,1
019ee0ad-193d-72ed-9184-adfc672a53ec,4PNfAxmCxJu5Hdd8Se9ET3weekBXS1nSJrM1RKuepump,Baki,Yujiro Trump,newSignal,2026-06-19 16:18:21.117000+00:00,14915.160106983443,13001.710816829715,11543.08015395742,16462.98910181632,6.1251,45.0,33,,pump,,0.5285947833333333,16462.98910181632,33,109,18.09610458152,23.158428196678,0.153713322803,13001.710816829715,34181.03686424393,2.6289645528801646,14915.160106983443,2.2916976163226024,early_low_mc,1,1
019ee0f8-e773-753d-afb8-c2d362f0c8a9,4QqHbW1KwxJ9yzv7vKdG53QqnvatBHjLemwUgB77536Q,FLORK,فلورك,newSignal,2026-06-19 17:41:09.107000+00:00,16129.408252193552,15505.45728964908,11983.836170361354,28827.04732503386,5.2569,169.0,98,Others,pump,,0.1025016,28827.04732503386,98,63,34.65052445555681,58.974567415445705,0.0,15505.45728964908,15505.45728964908,1.0,16129.408252193552,0.9613159421109193,early_low_mc,1,1
019edc39-061d-79c5-9825-8ca81d62de8d,4U8rhtC8p9wnmofM8spjuuBrYSaJjG1cM66Cgqa6pump,小橘猫,Xiaojucat,newSignal,2026-06-18 19:33:05.181000+00:00,15187.129176923629,12555.462034297261,11612.614567882447,17225.79798089725,6.1812,51.0,52,Cats,pump,,4.286237333333333,17225.79798089725,52,125,19.6603621066819,24.5061627564225,0.1903342744212,12555.462034297261,17374.21535062532,1.3837973706714146,15187.129176923629,1.1440091901651104,early_low_mc,1,1
019eded3-f2f6-712d-a60a-b11e43e4870c,4UUbr6JC5ysZnR45tyc6GAm7WNdGSNbphNwGrqvvpump,大黄,Big Yellow,newSignal,2026-06-19 07:41:32.790000+00:00,15447.316240390483,12644.853793039874,11635.812855771239,21501.75271979602,6.3787,57.0,50,Animals,pump,,1.9410408833333332,21501.75271979602,50,96,27.3333769402653,25.1295074122385,0.0,12644.853793039874,28648.403004305987,2.2656175763831268,15447.316240390483,1.8545877198654284,early_low_mc,1,1
019ed7ba-dad1-7256-9a4f-baf2f7083c28,4UcBUpwBLhv1sapu5iy7Wy7jBfdLVEgSp5tEmmTbpump,WEEB,WeebCoin,newSignal,2026-06-17 22:36:47.697000+00:00,18548.77031307503,13615.495042534803,13092.407677260047,33360.52662008186,8.3442,53.0,36,Meme,pump,,0.4762343333333333,33360.52662008186,36,143,26.9515886640665,25.6190110765161,0.0,13615.495042534803,22640.613593076487,1.6628564383701963,18548.77031307503,1.2205991670033842,early_low_mc,1,1
019ee058-4e44-745c-8d88-fc100ef267f8,4Uq4vLJb78d94XDGCnPqTeNy67TgcCoWnx8RHVoMpump,WARNED,you have been WARNED,newSignal,2026-06-19 14:45:44.132000+00:00,16776.144610667296,12702.733005771614,12236.28269206718,32077.13753154337,3.5563,78.0,58,TikTok,pump,,0.5848227166666666,32077.13753154337,58,176,20.6284699347521,34.1916769685029,4.1220977229431,12702.733005771614,15822.40895667638,1.2455909251566029,16776.144610667296,0.9431492946606771,early_low_mc,1,1
019ed2ae-cc5f-7e0b-816e-70d26dc6f128,4ViYJXfeoMbXhz69VxDrTqpKMxWBhakvpfcAKKzhpump,SBF,Sam Bankman-Fried,newSignal,2026-06-16 23:05:31.487000+00:00,15780.971211866303,14523.295620367118,12248.662456150963,23002.1520655816,5.5537,73.0,53,,pump,,0.5433785166666667,23002.1520655816,53,84,24.3852003574212,40.4028369511192,0.0,14523.295620367118,14523.295620367118,1.0,15780.971211866303,0.9203042972061509,early_low_mc,1,1
019ed2cc-0468-70a1-8c56-2b0aa1368b65,4XRCJkkqYZXhMLu2chJ2Sdw3wR6dYZTu9aTS222Kpump,LOOPY,Loopy Agent,newSignal,2026-06-16 23:37:26.376000+00:00,16550.407160265266,13566.094577106725,12533.081683583518,20723.471236987,6.8222,77.0,53,AI Agents,pump,,0.3501246333333333,20723.471236987,53,101,26.0229880099564,27.8707400387248,0.0,13566.094577106725,40870.534580591586,3.0126971582198823,16550.407160265266,2.469457952594353,early_low_mc,1,1
019ed6b4-1f79-7bf2-8b9e-eee1fc7fd5f6,4ZQhcqhZ8knh5KAcgC8Tmq3QJ2uzk8TPL3cVkjLopump,ball,ball hat cult,newSignal,2026-06-17 17:49:49.305000+00:00,17470.256620825603,12942.904032635392,12863.08727375354,35372.36920982424,6.886,42.0,27,Religion,pump,,0.08429431666666667,35372.36920982424,27,154,20.0696090125043,13.5261771959103,0.0,12942.904032635392,27266.332387752005,2.1066626407026,17470.256620825603,1.5607287849022713,early_low_mc,1,1
019ed9fc-a833-7973-aa8d-2c7044ee040e,4bg9ZVW6GSz4CLTmS8UGfXmVYxWbGavhNfTHEwXQpump,PBANK,Pokemon Bank,newSignal,2026-06-18 09:07:54.547000+00:00,15403.266325020415,15663.08399248271,11934.06303590682,16122.0377083184,6.53,21.0,17,Meme,pump,,0.3077396333333333,16122.0377083184,17,127,20.4191375970331,21.8696135740408,1.6950459125499,15663.08399248271,16045.747175166149,1.0244308964228943,15403.266325020415,1.0417106889271994,early_low_mc,1,1
019ed5a7-44b1-71e9-9087-3af49063844c,4c6ZF1uxisXoupJ9e9MoupcC3wVXfth1LA1U6RxnhbAG,evolve,I will evolve until I die,newSignal,2026-06-17 12:56:09.649000+00:00,18239.47788321752,15980.837959655826,13016.220632193887,25611.434981158,7.2683,38.0,25,Meme,pump,,0.9242895499999999,25611.434981158,25,150,24.1498154964215,22.8871435783369,7.9543881043192,15980.837959655826,25930.557632816213,1.6226031262114538,18239.47788321752,1.4216721442819038,early_low_mc,1,1
019edc12-3b14-7472-aaa3-c968375c46b5,4ccm6bP9obG1y67kbZt5P2iuYet6sj3JSVfm9w6Ypump,OPAQUE,OpaquePay,newSignal,2026-06-18 18:50:42.836000+00:00,19348.15259629909,19456.85245175266,13075.775785764516,34756.66626994375,8.8014,25.0,10,Protocols,pump,,0.10844256666666667,34756.66626994375,10,114,26.0550793384146,6.1166251705618,0.0949384473649,19456.85245175266,24483.115499345455,1.2583286818901704,19348.15259629909,1.2653980982157738,early_low_mc,1,1
019ed219-7845-7254-8420-de41b578c87d,4gZ8BDrhDcRjw9gDWEGeTyLT4iFejVoxVxdQFYsGpump,OGFLOKI,The Original Floki,newSignal,2026-06-16 20:22:25.093000+00:00,16264.592186113849,13434.208194466528,12448.912834311534,25367.85433795895,9.8431,93.0,63,Meme,,,0.34052673333333333,25367.85433795895,63,91,31.0311717233444,38.2662357501374,3.5053598798833,13434.208194466528,525597.336360026,39.12380460029766,16264.592186113849,32.31543283383171,early_low_mc,1,1
019ed558-3b43-7e3d-b1f9-8acb6af50a59,4hVQ29D8JEfyBS6rrHxhHDv4McA6uMVJn1jXmSXtpump,Elon,1 Elon Can Change Your Life,newSignal,2026-06-17 11:29:49.891000+00:00,15102.26264365918,14621.350977726144,11828.424371006286,28029.76466311682,6.1525,93.0,66,Elon,,,1.1214338833333335,28029.76466311682,66,176,21.8515833975001,29.4436878045484,0.0,14621.350977726144,32968.39562444015,2.2548118620956097,15102.26264365918,2.1830103476767584,early_low_mc,1,1
019ee70c-20e6-71b0-85e0-969adf115ae2,4hgzvvPbBxagKwpqWTfZK95BbP8oE1LVco5DeHbZpump,STIMMY,STIMMY,newSignalRay,2026-06-20 21:59:52.294000+00:00,132839.63525659268,72976.902291367,26494.766936659158,280601.10188698507,61.6529,66.0,32,Meme,pumpamm,pump,5.841234683333334,280601.10188698507,32,721,26.275959457625547,4.067284661963219,0.015865427919155448,19427.40634480111,129167.27709429248,6.64871443989014,132839.63525659268,0.9723549514780986,ray_migrated,5,1
019ed6f5-2440-7635-a3c3-5a7fe17bf712,4iQ2sRWLbsC5ERTLzNb6yeB1DeL5rToVPaY4mmMXBAGS,COAL,COAL,newSignalRay,2026-06-17 19:00:50.368000+00:00,277317.54832314124,405425.51991414744,7129.921591162204,34122.57436836234,5.0697,74.0,25,Others,meteora,dbc,0.32335241666666664,34122.57436836234,25,133,1.5387891351187792,,0.2817167069046863,405425.51991414744,405425.51991414744,1.0,277317.54832314124,1.461954075267281,ray_migrated,5,1
019ed1ef-3292-7f28-b347-2b5ad75f6e95,4k6WBtxobSHRrEEkTDQkrpjS9nZnXfpNrGkaZivmpump,币安之死,Binance Death,newSignal,2026-06-16 19:36:14.738000+00:00,17556.83271627558,17909.770474630608,12936.519426632107,26670.94497450234,7.0977,64.0,51,Binance,pump,,0.17038460000000002,26670.94497450234,51,159,14.0554538093695,45.6156181875872,5.5384801279151,17909.770474630608,47952.576708115565,2.677453447884267,17556.83271627558,2.7312771889466396,early_low_mc,1,1
019ed7b6-e2b2-78a5-bb2e-8e0576cf5543,4m9pDBsHKi3cAfeyZreCNqTYN2KxQHhe5CwkVxczpump,VIMS,5imulites,newSignal,2026-06-17 22:32:27.570000+00:00,17788.804920626848,15813.591381763768,12820.699517210227,14393.68150650606,7.3238,51.0,39,AI Agents,pump,,0.2601580333333333,14393.68150650606,39,116,25.8874008371367,24.5175118426056,3.7532790122272,15813.591381763768,72523.886498802,4.586174307149263,17788.804920626848,4.076939784454412,early_low_mc,1,1
019ed2b9-608c-708f-9c4e-3a6dd8605f38,4rHgkXnfYMZa8eEoFbqmzxMZwyQy5VaKWsPpbM6Upump,ARTIFACTS,ARTIFACTS,newSignal,2026-06-16 23:17:04.780000+00:00,38337.60903647555,24908.602127027283,14114.039477442868,26018.68248057808,17.5273,30.0,11,,pumpamm,pump,0.3242617666666667,26018.68248057808,11,151,29.0792472157823,1.1550671313584,7.3682563097794,24908.602127027283,56588.22306763845,2.2718345565541367,38337.60903647555,1.4760498760837881,ray_migrated,5,1
019ed55b-d8a9-75ec-b71a-e3d70543d122,4tY3WSKcKXio57oBoT25vLHXKEparqkX1QgX4wxgpump,Shrek,Shrek 5 Memes,newSignal,2026-06-17 11:33:46.793000+00:00,16852.729710893647,12671.899656608379,12496.011674454106,39616.01889713556,4.5172,54.0,38,Meme,pump,,0.57614115,39616.01889713556,38,120,22.9123731249569,24.440235661698573,2.6361294463921,12671.899656608379,19098.738088795188,1.5071724529348858,16852.729710893647,1.1332726754912419,early_low_mc,1,1
019edeb3-ba7e-7f1c-9c34-968cb2e3446d,4wHCJ3Wp2KsFRHs1AdFLFuDqUrxuZwDcTxVmCypwpump,Lemmon,John Lemmon,newSignal,2026-06-19 07:06:21.182000+00:00,16120.907057782164,13991.649254721717,11934.07873648453,27637.60199086922,6.9794,21.0,11,Celebrities,pump,,0.23243978333333332,27637.60199086922,11,104,24.89842142929263,6.798005798479739,0.0,13991.649254721717,14315.418520769885,1.0231401788419552,16120.907057782164,0.8880032909723462,early_low_mc,1,1
019ed2a8-5aa1-7264-b12f-98375e59852c,4wNsn7WNtct8kAhRyPX1qTovYPjFBiJFfoktDWt4pump,ALBERT,Albert the Monkey,newSignal,2026-06-16 22:58:29.153000+00:00,18781.950965983764,14693.225673600062,18600.738908007846,11075.524218130926,3.2283,67.0,56,,pump,,0.21891351666666664,11075.524218130926,56,83,21.680379517741,14.7919257967579,0.0,14693.225673600062,36995.58513870837,2.517866802058305,18781.950965983764,1.969741333353045,early_low_mc,1,1
019edab0-1ffa-785f-88d6-bd73873bbc41,4xS3WYaHUuPMew6dS1ewr9XRBB3xkbGtDnNBDVTTpump,Please,Please Grok,newSignal,2026-06-18 12:23:56.154000+00:00,23036.750962654238,19931.817658772678,14517.209339085666,28259.10976982933,8.7134,111.0,79,Others,pump,,0.29244088333333335,28259.10976982933,79,177,23.2142780386786,40.1946607882193,,19931.817658772678,48981.06817472086,2.457431078954438,23036.750962654238,2.126214250183368,early_low_mc,1,1
019edaae-ac71-7b96-b850-a428441320b3,51nbVohGhNqVHw9Eh2u4VZ4DnWN8cKtXuY9YiQCapump,@grok,Please Grok,newSignal,2026-06-18 12:22:21.041000+00:00,24867.486392996252,12905.864755343357,15076.6557019809,33159.48182018094,11.3478,174.0,106,Meme,pump,,0.4868812166666666,33159.48182018094,106,155,19.070310591506,28.6253544719104,0.2590542391566,12905.864755343357,13836.097366176362,1.072078285993805,24867.486392996252,0.5563930808090519,early_low_mc,1,1
019edcbc-2fdd-7d41-bbb4-9df8fddf84b6,57RVBHbo98xpAr5TVkjBBHDgiFyULqfTDLUo6GHZpump,BIDI,BiDi,newSignal,2026-06-18 21:56:21.085000+00:00,17362.05701102623,12524.412461194754,12459.550600710247,24657.24522244004,6.3742,52.0,41,Others,pump,,0.9411360999999999,24657.24522244004,41,146,24.2663064309915,28.0937345629902,0.0,12524.412461194754,19908.21299880579,1.589552648516549,17362.05701102623,1.146650594809276,early_low_mc,1,1
019ecc4f-2aa0-7934-b5ca-285647b74790,5AoXC37JQsvLCmZGhqwHxaf1vPfE8myrmsaWrqBMpump,SUPERSTACK,Superstack,newSignal,,17023.978059974717,17883.573931260322,12841.558542143863,44620.8551391832,0.4704,,0,Others,pump,,768.7971082833334,44620.8551391832,18,156,31.7078587544665,6.1351351654289,0.0,17883.573931260322,28232.03103151979,1.5786571040014803,17023.978059974717,1.6583686217204698,early_low_mc,1,1
019edb1b-6854-71a5-b164-635df8d40a82,5BFtthSpPiD34zZpdbbSzvkFKDkqzCbpKXjrLFrapump,GTAify,GTAification,newSignal,2026-06-18 14:21:07.028000+00:00,21310.832173186525,17403.42919325022,13974.59902313499,28679.83291475352,8.8806,67.0,43,Meme,pump,,0.23809671666666665,28679.83291475352,43,118,25.4329607767015,4.5586785324843,0.0,17403.42919325022,79402.62211374022,4.562469915097875,21310.832173186525,3.7259278036849866,early_low_mc,1,1
019edc52-cffc-796f-ae76-7014cab63e55,5Czp7KA5GFY15UmNxfb82PhaEnvdYYmk2cvzB1pcpump,SHITCOIN,SHIT,newSignal,2026-06-18 20:01:15.260000+00:00,16842.728603155138,12958.531144578872,12269.148622171106,5784.88947301031,7.6701,21.0,19,Meme,pump,,0.2741849666666667,5784.88947301031,19,80,23.6050695897211,23.9407087304447,0.0,12958.531144578872,87052.89583355004,6.717805811653902,16842.728603155138,5.168574396979981,early_low_mc,1,1
019ed397-3465-7b58-89c7-1746924d5ef1,5DBuPWsSbbTSZf5PzAgHyryKjNjatyB3ze6huYZJpump,提米,Meepcat,newSignal,2026-06-17 03:19:22.469000+00:00,17550.380078627048,14112.83087352296,12901.783639926873,13878.14216172125,6.6315,32.0,28,Cats,pump,,0.56733985,13878.14216172125,28,68,21.760288060588774,38.96556689298488,,14112.83087352296,14112.83087352296,1.0,17550.380078627048,0.8041324923048045,early_low_mc,1,1
019edf7c-31b1-7221-b372-b15b385828eb,5Dv3voRfE5PDEbTKzzy4V42gyxj65wTmEPqvWeLUpump,WCA,World Cup Anime,newSignal,2026-06-19 10:45:18.897000+00:00,21666.512757770608,20337.772060288757,13781.445607859569,22182.12534870072,9.5832,20.0,16,Sports,pump,,0.230667,22182.12534870072,16,186,21.6970002722306,0.4102949203242,1e-13,20337.772060288757,46195.5940405736,2.271418614764321,21666.512757770608,2.132119485818304,early_low_mc,1,1
019ed7e3-131f-708e-b4c4-a3def299a64d,5EhA27vzmz95U375QhKfmQday63csjjyHjXYYp18pump,wif,frogwifgrenade,newSignal,2026-06-17 23:20:43.551000+00:00,20719.47859272395,20155.84988279869,13858.51496687067,39746.07043516548,8.1088,20.0,12,Frogs,pump,,0.33185498333333335,39746.07043516548,12,134,26.7472135410712,12.3133317804982,0.0,20155.84988279869,48635.90319408319,2.4129919341972186,20719.47859272395,2.347351694996931,early_low_mc,1,1
019ed4b3-0fd7-7472-b48f-dc048b72bae7,5HDE96XQ5STmSGfYC61ZHVXuNtDjqm5r3J3GdxaFBAGS,FIHLLIONS,ten million dollar fih,newSignalRay,2026-06-17 08:29:25.335000+00:00,388030.5219406522,335064.07735125907,8327.70807599862,19316.08132618416,5.8693,62.0,26,Meme,meteora,dbc,0.36855998333333334,19316.08132618416,26,78,1.5317451474001653,,1.4153040846043392,335064.07735125907,443400.11299630423,1.3233293061478293,388030.5219406522,1.1426939065997508,ray_migrated,5,1
019ee490-fa96-7c90-a75b-abfbbc88324b,5HnWzWswzEcTWi3GKcZXXrL2YxDgAdq9fx6QjKb3pump,Lars,Justice For Lars Andersen,newSignal,2026-06-20 10:26:07.126000+00:00,15838.706851499524,13356.04846144116,12077.145994782808,34463.9473742932,5.7892,20.0,18,Meme,pump,,5.129860116666666,34463.9473742932,18,171,23.3722499867783,0.431619785137,,13356.04846144116,16298.304444981672,1.220293898456178,15838.706851499524,1.0290173685131772,early_low_mc,1,1
019ecc5e-8c26-7899-a947-68bf8c2cc7ed,5LuTk9UC6Fv4Ssafmy2JZTBzXyR3DCT3ZHoLnYJcpump,nuts,nuts,newSignal,,71701.23786074974,14919.06309384774,19872.906868091868,235239.38612547703,33.0495,,0,Others,pumpamm,pump,751.9968687833333,235239.38612547703,16,650,22.475119380301955,2.4771951654043596,0.012761831663940496,14919.06309384774,166853.05609535894,11.183882998937452,71701.23786074974,2.327059630677543,ray_migrated,5,1
019ed445-cb23-7605-b929-92a496d70c49,5NUcvdbSbcK41wi3myADHdME7xmLFXDKkar9zZG8pump,MEEPCAT,Official Meepcat,newSignal,2026-06-17 06:30:04.323000+00:00,15420.227335089421,13763.286281455128,12080.383649579722,34048.31620500645,3.6898,102.0,52,Animals,pump,,0.38358585,34048.31620500645,52,126,28.7812566139342,36.7866214710526,6.6037787841612,13763.286281455128,20953.87818816541,1.5224473108867176,15420.227335089421,1.3588566324495046,early_low_mc,1,1
019ee425-a803-79b8-98d5-0683d12ddf76,5NgDxD1en3YXvS9amAtgb15nc4oRfuGxomcAfu4wpump,glippy,Glippy (Official),newSignal,2026-06-20 08:28:53.635000+00:00,16123.277385478226,13428.5605071297,12185.353282682905,25984.4841525586,6.7906,66.0,48,AI Agents,pump,,0.21756858333333332,25984.4841525586,48,168,25.9809269463086,16.0183157585115,0.0,13428.5605071297,734059.1177254226,54.66402131007896,16123.277385478226,45.52790975280055,early_low_mc,1,1
019eda8d-ea71-7b98-831b-510fceba677c,5NvBaMvCbcmq71JTdh1BMT2CDx2geH8AZkXHy4mFpump,Sergeyevna,Сергеевна,newSignal,2026-06-18 11:46:34.225000+00:00,16182.256024471339,12770.287139988925,12152.263197272398,14806.8315668158,6.6623,53.0,41,Others,pump,,0.5212231833333333,14806.8315668158,41,106,27.2604626357644,22.7391635596837,0.0,12770.287139988925,12770.287139988925,1.0,16182.256024471339,0.7891536952991769,early_low_mc,1,1
019edb1f-ef5c-78f2-bc1b-c25da84ecf7d,5PUkK1xyJrqw42XtY1RWqY5uvf3bBEi6MzhRaf4tpump,LSTR,Lester Coin,newSignal,2026-06-18 14:26:03.740000+00:00,14640.795863195113,13851.918673082899,16422.60585603314,16126.240438733548,2.3071,36.0,30,Gaming,,,2.8229524666666665,16126.240438733548,30,63,18.3456917778581,13.0778238290189,0.0,13851.918673082899,21481.243451404494,1.5507774741088343,14640.795863195113,1.4672182886864298,early_low_mc,1,1
019ede27-00fb-7a3f-96f1-d0bb609400f8,5QgYwFEhukBNxjpCdjyjGxLbC3K6JUtaUEmhMNvppump,THONG,King Thong,newSignal,2026-06-19 04:32:38.651000+00:00,17585.416164558002,12118.064405213567,12474.077799240718,16235.85214516478,7.2819,23.0,15,Others,pump,,0.3944519,16235.85214516478,15,113,28.8415244314156,28.8813456514878,1.5062899393235,12118.064405213567,25743.10082864763,2.124357485472032,17585.416164558002,1.463889201583457,early_low_mc,1,1
019ed68c-f3b2-7656-bbec-05af1e6d1017,5RZNR9rLVP2kn5MFtZcroCsrCft1fNhh8k43jPrSpump,Khamis,The Side Eye,newSignal,2026-06-17 17:07:02.194000+00:00,16753.92001291326,13736.70470231946,12606.500938226165,21375.1102730984,6.3945,65.0,57,Meme,pump,,0.26246213333333335,21375.1102730984,57,97,19.5404015217061,6.6579117783654,0.0,13736.70470231946,13736.70470231946,1.0,16753.92001291326,0.8199098892516946,early_low_mc,1,1
019edcaa-2683-7c5a-a35b-8b9460bca847,5U7XtJL252qdFUXu9H9auKpKkABTrcjomwoq18CNpump,Anna,The Meme Commander,newSignal,2026-06-18 21:36:39.043000+00:00,18976.49066873162,17162.5861051866,13043.577394412503,27893.12971898085,8.1208,34.0,21,Politics,pump,,0.1301193,27893.12971898085,21,170,22.8671318686758,12.5471092476236,0.9281855580237,17162.5861051866,24441.8630714656,1.4241363697560225,18976.49066873162,1.2880075403899367,early_low_mc,1,1
019ed5bd-aa6a-7e96-9703-5a5c894aa39d,5USeCZxs9qWkPDZVpTbSdZRDKwnBy7jj6QPLNRYppump,Pilly,Pilly,newSignal,2026-06-17 13:20:37.482000+00:00,14111.876183162874,15521.52444003393,11464.950976800576,43440.49995177132,3.6619,24.0,17,Others,pump,,1.3302941333333334,43440.49995177132,17,129,23.3652294090027,17.6005975258771,4.5915093240352,15521.52444003393,20724.98865429101,1.3352418272032631,14111.876183162874,1.4686203581504176,early_low_mc,1,1
019eceff-7ada-7012-876a-f99c480da5cd,5VgC4VrCr1nmgbmtnB8fhpG5vLJhrQZHYap5Gzj4pump,gang,gang,newSignal,2026-06-16 05:55:10.170000+00:00,15324.701749084552,13574.69233919741,12063.35722591129,23628.17482579891,5.7564,70.0,55,Others,pump,,16.9759614,23628.17482579891,55,117,16.4604400259924,2.2755216229815,0.0,13574.69233919741,13574.69233919741,1.0,15324.701749084552,0.8858046676182992,early_low_mc,1,1
019ed2f9-6097-77f2-bcb1-057962baf6a8,5WCwSjeQ84xXLfHYdbvUYbX2spzSFrTaG3omnnvKpump,ELBAF,elbaf0,newSignal,2026-06-17 00:26:59.095000+00:00,18906.970508757287,14107.494961270077,13374.04385238402,16232.15741013875,8.174,56.0,61,,pump,,0.9868590833333334,16232.15741013875,61,86,24.6281945794732,47.1970756322629,0.0,14107.494961270077,15193.375476304567,1.076971887497788,18906.970508757287,0.8035859298171187,early_low_mc,1,1
019ecb48-f823-7621-9d1d-79fb4fde293f,5WrhAdqrtaBqzjoPEQ4bVkukQGCmR9mrcKeeifCKpump,Chaton,Le gros chaton,newSignalRay,,633369.4283043592,61106.53451704764,71148.04774694581,165658.28617271155,0.3814,,0,Cats,pumpamm,pump,1055.1864847499999,165658.28617271155,21,2445,15.192024851063348,0.04129259128026788,5.2782169897311345e-06,12572.961029200247,866668.3431534258,68.93112458875996,633369.4283043592,1.368345714875517,ray_migrated,5,1
019edb79-3255-7793-b87a-2e2504c4d62f,5XGHP7Kxe5xzMairhGhBgFHo51qwomGwaiHhMBXLpump,Yuji,Yuji naka,newSignal,2026-06-18 16:03:33.589000+00:00,22351.749177530684,12498.777174157281,14038.74117715473,7660.8687408085,10.302,37.0,35,Mascot,pump,,0.24393308333333333,7660.8687408085,35,117,28.2026374531529,29.4061297883653,0.9581320443602,12498.777174157281,25600.621422408527,2.048250086043687,22351.749177530684,1.1453520357209361,early_low_mc,1,1
019ecfab-466c-7982-b867-0a68a4cf53ce,5XdHFpMFuS2aYKeibRrXYtjJTpJk61z9NKd3edDppump,Isopod,The Nietzschean Isopod,newSignal,2026-06-16 09:02:48.940000+00:00,17162.81445253379,15017.873929370753,12899.831302335559,20722.82169812778,6.411,50.0,31,Religion,pump,,0.29192076666666666,20722.82169812778,31,130,15.696339615572,24.0280521018008,0.0091200023189,15017.873929370753,15017.873929370753,1.0,17162.81445253379,0.8750239636339847,early_low_mc,1,1
019eda53-2200-75b6-918b-27eec79ccea3,5YnWQvZvZvGHh2DW2GL4vah1AgspmDvbXuNBM351pump,Ramen,Instant-ramen,newSignal,2026-06-18 10:42:21.824000+00:00,14717.19655558458,14717.196555585051,11608.369694435582,38140.91315676213,4.9865,95.0,79,Others,,,2.16979245,38140.91315676213,79,158,19.98349348757964,21.133711183344776,0.1660935638862,14717.196555585051,25649.926777193858,1.742854128523542,14717.19655558458,1.7428541285235977,early_low_mc,1,1
019ed83b-a30e-7e91-a5bd-efd13d3a628f,5a7eJm2YkVnFuuYCFCrfHpZYDzFRLX3qHHmwPSUxpump,BT,Brazil Twitter,newSignal,2026-06-18 00:57:27.566000+00:00,15057.26935954374,14193.796243083554,11828.84243980922,38350.00772123694,6.4497,22.0,13,Country,pump,,2.5372266166666666,38350.00772123694,13,100,24.542822659957782,12.524936500261385,1.2033778754529074,14193.796243083554,17563.72615187411,1.237422733923821,15057.26935954374,1.1664615762978103,early_low_mc,1,1
019ed7c2-a815-724e-a3df-1b378b1e0734,5bH582VAgUgEqQ9FBZVYynn1eLuSr2Yd9U8yLuuppump,Elon-Chan,Kyousuke Kousaka,newSignal,2026-06-17 22:45:18.997000+00:00,14199.344934476354,12937.525439909028,11456.625578760873,22638.54062852259,5.2149,84.0,60,Others,pump,,0.6474719833333332,22638.54062852259,60,120,22.1676789408895,6.5806762716948,0.0,12937.525439909028,14862.72214297646,1.1488071820232857,14199.344934476354,1.0467188600291981,early_low_mc,1,1
019eda33-2c50-7ade-9a23-618b7fb9adf1,5bhGTVxZARAnqtWckrT7r9SxWHRyf1tkXUdmgUGQpump,Hero,HeroChickenNuggetCookie,newSignal,2026-06-18 10:07:27.312000+00:00,18094.350452456336,12830.381828674674,12928.535229121595,29568.54455849256,7.3895,107.0,92,Others,pump,,1.2651916833333334,29568.54455849256,92,123,21.5000856323854,21.4163332121948,0.2471322498461,12830.381828674674,41724.18540193487,3.251983141194233,18094.350452456336,2.3059233605299574,early_low_mc,1,1
019ed1ed-859f-7bc0-870b-047a1a6f1321,5cuqEojgPHvJAQhe9QGqBPEBUQNwPgGPqsVYXXxGYQu4,RUSSELL,Russell,newSignal,2026-06-16 19:34:24.927000+00:00,16235.232205109673,15149.971600935742,17293.779779002383,21484.314724486176,2.7452,121.0,86,Meme,pump,,0.2727381166666667,21484.314724486176,86,105,19.314809575679,20.1811939422592,0.0,15149.971600935742,15149.971600935742,1.0,16235.232205109673,0.9331539832345379,early_low_mc,1,1
019ed6f6-ea9f-7dc6-a0af-f35e420578a6,5cvEH5ZFD4ofVrALJmTujL2rymCKNvyqjLPSewuCpump,Renuldo,Crustieno Renuldo,newSignal,2026-06-17 19:02:46.687000+00:00,16117.086318406513,12955.180191977817,12366.250216097742,25472.0742034395,5.9124,117.0,82,Sports,pump,,0.18300148333333333,25472.0742034395,82,114,25.7203869714651,19.386357107449,0.0,12955.180191977817,16744.22248939392,1.2924731452027487,16117.086318406513,1.0389112621597854,early_low_mc,1,1
019ee0df-5b5d-7985-8552-184bc3b35e40,5efAXXmFBFrUiVziqexThCAUepyhBKG5gQJAt7RGQ4ux,Tsou,Nietzschean Schoolboy,newSignal,2026-06-19 17:13:14.845000+00:00,15910.554498014579,12990.187725792252,11868.69519886539,34553.84830177359,6.1063,168.0,131,Religion,pump,,0.32884060000000004,34553.84830177359,131,166,20.484635426162,25.7563834025732,0.0,12990.187725792252,21902.202977210236,1.6860574642599673,15910.554498014579,1.376583259869625,early_low_mc,1,1
019ed6d0-244f-70bf-87d7-3d6be035e475,5fpyepC8W4wv5Qu2su3yXMHpSZpbb5roDi6nxwrApump,PVMP,Pvmpcraft,newSignal,2026-06-17 18:20:25.551000+00:00,19244.356620719424,13325.912916689887,13469.672770955087,20993.15672184816,7.9385,58.0,55,Gaming,pump,,0.9216444,20993.15672184816,55,118,21.1960035674678,22.0876222678282,6.0709978609797,13325.912916689887,25370.396754113637,1.9038393026220946,19244.356620719424,1.318329173280785,early_low_mc,1,1
019ed89a-5408-77b6-b29c-98e3abec6080,5fpzRu2kSs2FJQePw4dSqigxW4bWpvTRTLrJv7eqpump,CHUD,Chud Cat,newSignal,2026-06-18 02:40:53.256000+00:00,17407.738931131076,15021.742374761841,12747.462628106692,43912.17193138336,6.362,20.0,10,Cats,pump,,0.32677158333333334,43912.17193138336,10,124,29.36445820212761,5.069872963728731,0.0,15021.742374761841,28752.12895335858,1.9140342202689669,17407.738931131076,1.6516865899189124,early_low_mc,1,1
019ed66d-132c-7df4-be04-488dd13b0943,5hK1DCN1ZrsA6fY5tBgDa3kozy8721nAjfm8ot7rpump,COLLECTOR,Collector Strategy,newSignal,2026-06-17 16:32:13.100000+00:00,24927.224172032653,13478.79877071027,15436.414368740716,49703.05543793112,5.4396,116.0,79,Others,pump,,0.29184061666666666,49703.05543793112,79,205,21.3504514648784,53.2958303601145,5.9323350780327,13478.79877071027,47469.455296688866,3.5217867781987406,24927.224172032653,1.9043217555666585,early_low_mc,1,1
019ed9fa-25d5-7794-aeba-a960bbfc67d2,5hqh2gFzYLiU6yCkjAkHGhRE1Ts1r6dX2YtotuYipump,Alain,The Surf Dog,newSignal,2026-06-18 09:05:10.101000+00:00,14577.754007624546,13059.514827713985,11611.208657936208,35638.82995030842,5.5718,67.0,51,Dogs,pump,,5.6718962,35638.82995030842,51,188,21.227662106358018,21.080843844513076,0.0,13059.514827713985,88163.4635536114,6.750898843999709,14577.754007624546,6.047808428342226,early_low_mc,1,1
019eceeb-c0c7-71c9-8859-d57f4ab84be5,5iTps5Rwsrc6ER7wNh46KRpqUhXZGs2u1T7WkyX7pump,Iris,Iris,newSignal,2026-06-16 05:33:37.351000+00:00,16163.894669061689,13116.850213172336,12380.84521089564,16448.70595112923,6.144,68.0,49,Others,pump,,38.522734633333336,16448.70595112923,49,116,26.8268242002281,23.3001092040207,1e-13,13116.850213172336,26526.692831989338,2.022337100819405,16163.894669061689,1.641107751262599,early_low_mc,1,1
019ee446-2a88-7e48-8599-136c77a77514,5idUx2E9eSqUBE8Gd1n2BEUhzUoB6WxYjQKTvmYCpump,will,will,newSignal,2026-06-20 09:04:24.200000+00:00,15301.869858802525,14054.232433269504,11854.93456828012,21910.97870414315,4.7689,61.0,47,Others,pump,,0.5629273166666666,21910.97870414315,47,132,20.2937155395226,28.4701971836572,15.709653287244,14054.232433269504,14054.232433269504,1.0,15301.869858802525,0.9184650348587753,early_low_mc,1,1
019edc53-ebf1-78af-bc97-816b685f7a90,5kZowpTbxTHFdoQBZWbiGvkCu4XTcFcrmdoarAvCpump,PumpFund,PumpFund,newSignal,2026-06-18 20:02:27.953000+00:00,18931.6353317776,12525.837936546723,13010.362754476384,29027.18467949168,7.1689,96.0,70,Finance,pump,,0.29993263333333336,29027.18467949168,70,125,31.394950314602,44.0849630885111,15.0594427327678,12525.837936546723,110911.76827059966,8.854638614394942,18931.6353317776,5.858541342407397,early_low_mc,1,1
019edfdc-0d39-7c7a-b706-da4b60e8ce2e,5kuTkFHSha6Dc4po34fhHVYfUf9XzqFSGxRN41rmpump,Solana,SpongebobAnsemSonic69420wifInuAI,newSignal,2026-06-19 12:30:01.017000+00:00,17043.169636396025,12415.562787215009,12231.055245067122,33170.97352073874,7.1291,150.0,112,Meme,pump,,0.5823051833333334,33170.97352073874,112,170,26.7015522071181,24.705657801601,0.0,12415.562787215009,132477.67895509885,10.670291892971491,17043.169636396025,7.77306579594151,early_low_mc,1,1
019edc60-0b7a-78b8-8786-7be639738913,5nX54hyoDV1tYBAMA6ohZPLPs1TpScRG58xvDhzapump,w/w,ward&weave,newSignal,2026-06-18 20:15:42.458000+00:00,15056.60096188434,12664.556906280877,11618.555942330668,34301.90358685932,6.3482,28.0,25,Others,pump,,1.8501767333333334,34301.90358685932,25,87,25.520781123819,13.9409843984293,1e-13,12664.556906280877,51991.67867531068,4.105289988434246,15056.60096188434,3.4530820606142902,early_low_mc,1,1
019ed368-b3b8-7386-aed6-816a5b02f5bd,5om52eVYYAXXTei9JkgnvK7CbX1B3QFQ1mEg3zaFpump,farticle,farticle,newSignalRay,2026-06-17 02:28:34.872000+00:00,103978.29100642615,65791.19206584983,23762.12863610244,240519.5750074772,42.7835,62.0,21,Others,,,0.25904505,240519.5750074772,21,608,24.02322356062108,4.406063126687328,3.9514671294845325,13429.898848291841,90761.06451193246,6.758134632077026,103978.29100642615,0.8728847496283928,ray_migrated,5,1
019edffd-3e2c-72ce-a024-0cae25c68994,5pRpfMANzYDVgz4VBXTL1egkzXBZVuisrEJEAinoJVqk,NAVI,NAVI,newSignal,2026-06-19 13:06:16.236000+00:00,26138.054522763658,25505.606549536584,11252.506894562222,46262.96376631875,9.2486,117.0,69,Others,pumpamm,pump,0.28714423333333333,46262.96376631875,69,204,28.9531853557758,53.3720747596451,7.7476793899289,25505.606549536584,25505.606549536584,1.0,26138.054522763658,0.9758035559732927,ray_migrated,5,1
019ecef3-97a7-7c4c-aff6-8c06207fc40c,5yVdBZD1rUeNweniDqDhKVrsM4Te3TpG4f5ssYvrpump,SHHH,shhh,newSignal,2026-06-16 05:42:11.111000+00:00,13580.886614041665,22016.436446068925,11352.445825389195,29564.75141281116,3.412,92.0,67,Others,pump,,29.960185666666668,29564.75141281116,67,82,30.7575751745257,58.4331303616328,0.0,22016.436446068925,22016.436446068925,1.0,13580.886614041665,1.6211339562547784,early_low_mc,1,1
019ee0f7-4779-71d6-8118-0a366a82d586,5yaqc8wVKUF7bPjGF2JWQyd1ppS2ddr5pf5GjXnkpump,FLORK,فلورک,newSignal,2026-06-19 17:39:22.617000+00:00,21144.614872646125,12632.725821655862,13719.038399852747,25679.88508259018,8.9453,58.0,32,Others,pump,,0.25460483333333334,25679.88508259018,32,148,24.8141344216276,41.0469349322731,15.9319563573724,12632.725821655862,17067.280872612148,1.35103706939909,21144.614872646125,0.807169152779952,early_low_mc,1,1
019ee128-fe9a-773c-9a71-276fd9780dbf,62nSJ2X461SB2MMi57DTgsLs9spNVS93JWaTM2SKpump,PETAL,KUSH PETAL,newSignal,2026-06-19 18:33:40.762000+00:00,15473.68466129962,12345.443653988068,11725.86458454967,40969.48750027476,6.2616,33.0,22,Others,pump,,0.44824708333333335,40969.48750027476,22,140,28.6689779445073,20.2930300268864,0.0,12345.443653988068,12345.443653988068,1.0,15473.68466129962,0.7978347707230055,early_low_mc,1,1
019ee0c7-c0ef-794d-a205-10d662644af9,661HKCo3MfE7eeuGTXdUz4JUxiZecWg2cMXU6ACwGQNa,BLOB,Blob,newSignal,2026-06-19 16:47:27.983000+00:00,15640.030907881288,12602.20804059864,11804.05478755428,15660.46492560814,5.5716,69.0,52,Meme,pump,,0.06338993333333334,15660.46492560814,52,81,27.2882883925017,30.4808994501612,0.0,12602.20804059864,12602.20804059864,1.0,15640.030907881288,0.8057661851709107,early_low_mc,1,1
019edd99-df1b-7b6f-9bf7-0d7ec4569f19,666YnA6VPQ8soy9c5zzKV64LwsqzftuuqQhL1fpTpump,GRIFFIN,Official Griffin Musk,newSignal,2026-06-19 01:58:29.403000+00:00,15986.446564808179,12673.005076097232,11989.171706489591,14202.84553988898,6.9042,48.0,47,Others,pump,,0.4862417333333333,14202.84553988898,47,129,18.6647073303204,3.4856184397424,1.0347692195341,12673.005076097232,12673.005076097232,1.0,15986.446564808179,0.7927343343451319,early_low_mc,1,1
019ee52d-5462-7a4d-9160-88f1dfc17880,67zriVjAaGcwZddhaPZHj4FwjhT5VAefSpKBvAEZpump,PROTECTOR,The Baby Protector,newSignal,2026-06-20 13:16:53.730000+00:00,18323.942299229995,13639.57539169634,12983.77811845874,25522.0285215406,6.8705,70.0,50,,pump,,0.21745363333333334,25522.0285215406,50,150,21.6957175302953,27.2677430054768,0.0,13639.57539169634,26931.856620603794,1.974537758484746,18323.942299229995,1.4697632300302277,early_low_mc,1,1
019edcbd-4076-78da-99ec-4c0564b98952,693xCikv65F6ttv4PiYJaNQGQQvv8i7JTPY42VUdpump,DAWN,Dawn The Duck,newSignal,2026-06-18 21:57:30.870000+00:00,17153.12242036156,16757.35855559941,12385.993624814128,24759.6239539296,7.183,76.0,60,Animals,pump,,0.3159065,24759.6239539296,60,142,23.8883679701104,45.710258805566,0.0,16757.35855559941,16757.35855559941,1.0,17153.12242036156,0.976927590495573,early_low_mc,1,1
019edc7d-54f7-7bbd-9448-587d4344d3e0,69wqXrrF2x9F5gnmcRxwgrWSPyAXmjfnQ6463uVVpump,daemon,daemon,newSignalRay,2026-06-18 20:47:41.815000+00:00,132131.73669446935,126019.37906149245,26035.16773706587,197789.146327325,62.5222,59.0,26,AI Agents,pumpamm,pump,0.3446979333333333,197789.146327325,26,178,21.0363389214737,7.3186901254774,0.5998400851222,126019.37906149245,307920.0722470464,2.443434291933732,132131.73669446935,2.330402066530433,ray_migrated,5,1
019edad6-3a8c-78b1-9657-778d06a8beb6,6CwV5pQGoqQbDfVYAB93k848MLWPS5sGX76UtmAguhEM,GTA6,Grand Theft Auto VI,newSignal,2026-06-18 13:05:33.324000+00:00,17562.544084013392,21917.81057146394,9397.666294351067,18854.0862063594,5.7324,112.0,70,Gaming,pumpamm,pump,0.26621958333333334,18854.0862063594,70,94,40.6375754219696,37.9018339952133,0.0,21917.81057146394,54446.019903837885,2.4840993915114997,17562.544084013392,3.10012146551127,ray_migrated,5,1
019ed5d0-40df-7588-ae8e-bb87bc54a205,6GBrXU8NQaKedkuPWGMKXsuqye4YeXFbwmoj7ZbVpump,𝕏LIFE,𝕏 Life,newSignal,2026-06-17 13:40:55.647000+00:00,14818.328146270967,13752.6621860901,11759.779575027325,15184.92601988656,5.2096,84.0,63,Others,pump,,0.33121043333333333,15184.92601988656,63,74,24.9105174784175,30.1501789534815,2.4186917046906,13752.6621860901,13752.6621860901,1.0,14818.328146270967,0.9280846024152163,early_low_mc,1,1
019ed1a7-4e1a-77bc-82c3-de0d036377eb,6KfBX8voJNBQtv3p5U9H2GYFfUadhiJYKWFCQzzVpump,NiKa,妮卡,newSignal,2026-06-16 18:17:43.194000+00:00,15225.02684181257,13801.713578473851,12040.624378436481,43142.61389867919,5.9519,66.0,52,Animals,pump,,2.353968866666667,43142.61389867919,52,166,18.79213459319636,8.549302767391463,1.308956867634725,13801.713578473851,80020.74038250263,5.797884438589477,15225.02684181257,5.255868591491822,early_low_mc,1,1
019ed245-ec8f-7bab-a0d6-ad9ed016bc0c,6L1cuzAKJ2jepALuX24iWPfQZPXWBXaWMa1jDBddpump,Hobbes,Ansem's Cat,newSignal,2026-06-16 21:10:58.447000+00:00,23479.24712302727,17668.800892808405,20797.09391021704,34827.335134621404,4.5123,67.0,49,Meme,pump,,0.2701817666666667,34827.335134621404,49,78,25.4865550038431,19.0051134468232,0.0,17668.800892808405,161902.36430060334,9.163177811715633,23479.24712302727,6.895551780355751,early_low_mc,1,1
019ed97e-57ae-7d0a-a763-af645024eb4a,6LBqdG61d2xvKdhz6tAyx5hw7Jt1tjRZfXjctgvMpump,kibble,kibble,newSignal,2026-06-18 06:49:56.398000+00:00,16923.746415744692,12569.734784121916,12455.13246667615,22982.79265422294,6.7164,52.0,32,Meme,pump,,0.3151433,22982.79265422294,32,126,24.424487988277,6.6597150022695,0.0,12569.734784121916,67138.70119557827,5.341298153751648,16923.746415744692,3.9671299454780904,early_low_mc,1,1
019ed225-fe7e-7a73-b525-0c097dff2bf2,6LXTvmj6bma6noTEa9WBHpfwBqrqyJZDnG3H11y5pump,PokerFun,PokerFun,newSignal,2026-06-16 20:36:05.886000+00:00,18209.93419775585,14841.089494986954,13161.587004358267,26601.893785633,7.4807,22.0,16,Gambling,pump,,1.1147669666666669,26601.893785633,16,87,36.4944998572948,42.1492160310286,3.1925244828568,14841.089494986954,61701.465047331556,4.157475437916682,18209.93419775585,3.388340912013592,early_low_mc,1,1
019ed79b-2676-760a-b8c4-c815829a0388,6NEydsVoQp45wpWHSSf4WPBJHwUwcC3HFXhHgFpBpump,AGC,AI Gambling Club,newSignal,2026-06-17 22:02:09.910000+00:00,16584.538964070427,12710.95341409121,12353.179438008143,11862.3386074662,6.9101,37.0,25,AI Agents,pump,,2.411014833333333,20078.73884167703,25,108,27.3565930544885,8.6443669825643,0.0,12710.95341409121,27750.85535050239,2.1832237477747443,16584.538964070427,1.6732967621604211,early_low_mc,1,1
019edd89-0c01-7c06-a4ec-df55b4006ddf,6NZdkXL6CTcPtjtCxPwzeLwEd9mUPvYWrWPuk3tVpump,gary,gary the snail,newSignal,2026-06-19 01:40:06.785000+00:00,17390.53261249873,12408.091502697616,12484.8336379022,24402.37128459894,7.6757,126.0,127,Cartoon,pump,,0.26747251666666666,24402.37128459894,127,71,24.9700421221298,34.6241861276227,0.0,12408.091502697616,12408.091502697616,1.0,17390.53261249873,0.7134969226750313,early_low_mc,1,1
019ed575-7b23-7bd9-9e15-0945e7f0106f,6QYddd82wVasozCk9gV61yyEvJyM9JwvGEK9nfcRpump,Jane,The Mystic Chimp,newSignal,2026-06-17 12:01:46.787000+00:00,18089.109760728756,18325.290231729465,9572.534407866093,24423.30166168647,7.1782,93.0,58,Animals,pumpamm,pump,0.2105599,24423.30166168647,58,138,22.1268267546673,22.7646097662211,10.5815043063931,18325.290231729465,18325.290231729465,1.0,18089.109760728756,1.0130565005201888,ray_migrated,5,1
019edb3e-e90b-74e6-aec0-39dd71f267c1,6QcoDFzkjjaE3PFp7Z6aqGpTLrBouAHoXVocim7apump,THUG,Thug Life,newSignal,2026-06-18 14:59:53.739000+00:00,15845.42337821293,14387.148203115721,12032.48002926205,25947.9310177332,6.7321,53.0,34,Meme,pump,,0.38833025,25947.9310177332,34,119,26.0318954186681,33.7787547189536,6.45e-11,14387.148203115721,50893.437219054285,3.5374235741891265,15845.42337821293,3.211869825392707,early_low_mc,1,1
019ee472-80fd-7d34-a7cb-9b2ad383a7ad,6Qt6kK9iwzaSHtebzAuCBV3gg4gthTgzjsaRzgbjpump,headroom,Headroom,newSignalRay,2026-06-20 09:52:49.917000+00:00,84464.24553664202,80948.05578153789,20967.720956564368,58489.43936266485,3.9511,59.0,21,Others,pumpamm,pump,0.14374106666666667,58489.43936266485,21,391,27.848963515963447,1.6228087838717324,4.930232143415091e-06,80948.05578153789,125054.9266568589,1.5448786934964363,84464.24553664202,1.4805664321314271,ray_migrated,5,1
019ed292-3f04-7169-894a-c61efba80da3,6QukiGJwyy33YAVewFyh5XfQTFLkCmrRKWGB8dgYpump,Bitcointalk,Bitcointalk Coin,newSignal,2026-06-16 22:34:20.292000+00:00,18297.527076811915,13389.688935326816,18359.29145079376,14224.322120709036,3.4248,57.0,34,Others,pump,,0.13925126666666668,14224.322120709036,34,46,23.5369139891372,34.2245993174305,0.0937445029238,13389.688935326816,13389.688935326816,1.0,18297.527076811915,0.7317758776427934,early_low_mc,1,1
019ed1c9-7e40-7d0d-87b6-c4291afdb059,6Rk48rZ5DBBAMx5AZtibw2uAZf3iUUKnECaE9ALspump,RTG,return to gambling,newSignal,2026-06-16 18:55:03.744000+00:00,14563.911116953188,14618.564332918218,11782.561847906909,10821.70568867003,5.0311,77.0,57,Gambling,pump,,0.2787472833333334,10821.70568867003,57,47,27.9089381924327,25.9397285095709,0.0,14618.564332918218,14618.564332918218,1.0,14563.911116953188,1.003752646904128,early_low_mc,1,1
019ed549-b9df-7b8f-98ee-3e4d0d0f472f,6T6JMUGEWh5siqzaYB2wRtx3Z9MAvZrd8ZbCb1Jnpump,#fairs,#fairs,newSignal,2026-06-17 11:13:59.263000+00:00,15191.292480481092,12672.274672005467,11865.711133424484,35405.89567635644,3.1406,21.0,13,Others,pump,,0.33969113333333334,35405.89567635644,13,85,29.8633209538215,11.7481153654612,4.5436190831896,12672.274672005467,12672.274672005467,1.0,15191.292480481092,0.8341801521027755,early_low_mc,1,1
019ecfc1-e7d9-77f9-9dfc-94a9642f3e27,6TotVaoKJYtAFnJikVofZkg1PxLNTvoq8XvTSKcZpump,petin,vlodimor petin,newSignal,2026-06-16 09:27:32.057000+00:00,14526.852085019453,13469.601202540616,11842.786416648787,22779.865900532,5.9546,96.0,80,Politics,pump,,0.52910875,22779.865900532,80,117,23.7475573609654,14.2149240361073,0.0,13469.601202540616,104773.17080480217,7.778490931493948,14526.852085019453,7.212379543180423,early_low_mc,1,1
019ed699-be77-7f3b-8555-18eb02567e57,6VCRczotz9NoDnQ4RiCsK3FRX7GHxMJVW2wWbVbepump,PULLS,Collector Pulls,newSignal,2026-06-17 17:21:00.535000+00:00,21978.769524681138,16896.574861141922,14429.211652756198,34626.91160799234,6.1528,47.0,32,,pump,,0.10719846666666667,34626.91160799234,32,100,29.7950164916278,47.771180205555,6.4451328457467,16896.574861141922,16896.574861141922,1.0,21978.769524681138,0.7687680077889644,early_low_mc,1,1
019ed2d4-9732-79e0-ba9a-df714a793d41,6WYHSxTFpf5vkSNgz1qBdX3jopAHat1Hx8oXWSNpump,Ego,Egocoin,newSignal,2026-06-16 23:46:48.242000+00:00,16382.391353436651,14110.842904225348,12458.307009606388,6842.2077876864,6.8168,34.0,27,Meme,pump,,0.27160398333333335,6842.2077876864,27,75,28.2465429971132,33.1209499671721,0.0,14110.842904225348,32914.174749897946,2.332544907012049,16382.391353436651,2.009119062034451,early_low_mc,1,1
019ed2c2-1c68-7dae-9783-9f87092a0afe,6XK8TGpSTKbugQfssfkLXtyVd68AYjF5v2iNk9Dpump,GOATSE,меметик agent,newSignal,2026-06-16 23:26:37.160000+00:00,17733.827415184733,14802.423966341496,12960.228299130362,27459.5786558136,6.3908,120.0,83,AI Agents,pump,,0.24701743333333334,27459.5786558136,83,117,23.2225674815696,28.4267286957382,0.0255928325538,14802.423966341496,14802.423966341496,1.0,17733.827415184733,0.8346998997896417,early_low_mc,1,1
019ed64f-5daa-78d0-a947-c4a296b99e09,6aMWJdUjAhXN1jtZq2hgcT3Ev284P6ymPYgP8vX4pump,ESPEJO,El Perro,newSignal,2026-06-17 15:59:46.090000+00:00,15280.968563225457,13402.16773226403,12037.128480590112,16931.65944621019,5.7923,65.0,36,Dogs,pump,,0.21098651666666665,16931.65944621019,36,70,25.8196401437895,23.5439633316452,4.0637700920677,13402.16773226403,13402.16773226403,1.0,15280.968563225457,0.8770496239693294,early_low_mc,1,1
019ee062-cd90-7547-9804-f398c1af9a18,6adEzqnj9e4hrTyb9n7fgU4uQr9yWhETgHVCjZcpump,WOJTEK,WOJTEK,newSignalRay,2026-06-19 14:57:12.080000+00:00,52945.66763442344,53881.62455900891,16129.933792471365,62243.37562104186,25.8398,86.0,35,Animals,pumpamm,pump,0.36481016666666666,62243.37562104186,35,124,45.0126848917135,32.7848630789833,16.032736034299,53881.62455900891,78529.8461525008,1.4574513444095991,52945.66763442344,1.483215712657166,ray_migrated,5,1
019ed3a4-5501-7e32-97c0-0cb5969974f2,6bLjvVnLRB8T3kJW1Ld3zFxgThCoCbPUKakjkaQiBAGS,RECORD,World Record Coin,newSignalRay,2026-06-17 03:33:42.785000+00:00,213454.64453120396,267578.83330369985,6211.435702285468,18979.97944542,3.6313,53.0,24,Others,meteora,dbc,50.84275108333333,33647.1598130176,24,41,1.7423635000620419,,3.1398183556e-06,267578.83330369985,601918.7203146566,2.2495005037692337,213454.64453120396,2.819890481355466,ray_migrated,5,1
019edbe4-8368-708d-8181-0a79454ef4fa,6bZKdLxmc6PKnWakoJzd9NUFwEG1kYazN7eduSRZpump,Hunch,Hunch,newSignalRay,2026-06-18 18:00:46.696000+00:00,61161.22808793941,67764.68075974299,17259.357160334148,78195.1721334712,36.1528,259.0,126,Others,,,0.29152145,78195.1721334712,126,273,25.4255835781359,64.5029005135666,8.6786768152668,67764.68075974299,67764.68075974299,1.0,61161.22808793941,1.1079679541802028,ray_migrated,5,1
019edf61-7435-7522-9c6a-105bcdf9038c,6bZsryBMSGBYnwGtESgeGE5APtSSJX2BQrx7tBEfpump,Junior,The Psychic Dog,newSignal,2026-06-19 10:16:06.453000+00:00,12667.096050452783,12747.374459167375,10554.594237600593,27348.9787410645,5.9512,78.0,56,Animals,,,2.243980833333333,27348.9787410645,56,183,22.8122331058001,19.3815155562251,0.0,12747.374459167375,13547.003403026982,1.0627289130338953,12667.096050452783,1.0694640151988701,early_low_mc,1,1
019edc5a-c7f8-7111-b9ed-d256d1398242,6dwpotLnFRMcWH2Ti6BaSNsF7hAhk1cGs1zVoKi9BAGS,DYMO,Daimyo,newSignalRay,2026-06-18 20:09:57.496000+00:00,1262989.6542271543,996400.3808532716,14623.720758591084,18018.62060314162,13.5828,89.0,46,Gaming,meteora,dbc,0.17568058333333333,18018.62060314162,46,66,2.788316685148283,,0.4966342232244906,996400.3808532716,1345936.1012279927,1.3507984612324162,1262989.6542271543,1.0656746844467184,ray_migrated,5,1
019edcc7-c363-76a4-a2d6-1493352994e1,6e51hsM5uKykTb4szPa1rZGboeeU74DEK4pBnpc4pump,greg,greg the low quality chicken,newSignal,2026-06-18 22:08:59.747000+00:00,15188.7880283169,12810.370984728748,11655.380192765164,28156.16046404395,4.3752,83.0,58,Animals,,,0.7922945666666668,28156.16046404395,58,145,25.3023319105868,24.2981356459499,2.1858944566795,12810.370984728748,32925.839689706496,2.570248724955539,15188.7880283169,2.167772677340805,early_low_mc,1,1
019ed646-9cf9-7b09-918d-1618bdfc0cfe,6fJxSDFFqdfYwki8xPR6USZ1qotd3yyqmxEkDAFpump,NYXOS,Nyxos,newSignalRay,2026-06-17 15:50:12.473000+00:00,54710.65322073378,55279.381488490224,17049.16887982328,103855.15528568438,24.9013,260.0,57,Protocols,pumpamm,pump,0.7682192000000001,103855.15528568438,57,172,25.7430170690884,10.2593326591178,2.1579731715025,55279.381488490224,55279.381488490224,1.0,54710.65322073378,1.010395201560871,ray_migrated,5,1
019ecf75-32be-7590-820a-79f7643e97f7,6fVn7Eiiw1mTKcSYU1kVErEUqfdJ9f11FsyyjtN1pump,parsec,parsec,newSignal,2026-06-16 08:03:44.958000+00:00,17715.53933881111,15904.411441044964,13023.370165399512,24790.01570580964,7.3522,23.0,14,Others,pump,,0.30779188333333335,24790.01570580964,14,93,24.9767339708452,8.91560718004,6.2098550376119,15904.411441044964,167840.73288853065,10.553092989997689,17715.53933881111,9.474209600879949,early_low_mc,1,1
019ed252-4a32-7663-94b1-ef4fd7a1c967,6fvsrsyi3pJxo2rdwN8dzVndqPwRpkEovZDNS9mupump,Oggie,Oggie The Frog,newSignal,2026-06-16 21:24:28.850000+00:00,19417.355783753766,13186.767252405902,13584.485488520422,17543.34564769248,7.5382,37.0,26,Frogs,pump,,0.4573173833333334,17543.34564769248,26,114,18.5703429860701,15.7141343101371,0.0863989219199,13186.767252405902,13186.767252405902,1.0,19417.355783753766,0.6791227085326977,early_low_mc,1,1
019ed71b-b920-79c8-9ff8-ca2eb8ec6744,6gPq8XzXcATeW3pAM4dfLT7MFAaLByWPgTBLeWaspump,SKILL,SkillBetz,newSignal,2026-06-17 19:42:58.848000+00:00,14780.47941066129,15216.987640963505,11677.310922659435,48277.9552408902,6.1401,73.0,46,Gambling,pump,,9.48889965,48277.9552408902,46,211,18.2400748346965,15.7063547501255,1.9938165293857,15216.987640963505,15216.987640963505,1.0,14780.47941066129,1.0295327518258548,early_low_mc,1,1
019ed416-24ef-730b-ab2b-4d9544c4a8fe,6gw2o1xB9rfQRi1nNPyhMewSqEAFkqLeaoa1AFSCpump,rich,"if you can't hold, you won't be",newSignal,2026-06-17 05:38:01.583000+00:00,14912.081180408333,13153.1884139315,11890.948797509123,29245.5277404092,5.5843,53.0,38,Meme,pump,,0.4173708666666667,29245.5277404092,38,137,18.994492637578,1.1974073975371,,13153.1884139315,65348.49513858497,4.9682626814172,14912.081180408333,4.382251836480115,early_low_mc,1,1
019ed244-0a0f-7273-b61f-92add7065eb9,6h9LYVfxer8jqPx5jgza3qof8c5iNhUByzA5McYXpump,BREAD,Bread Tycoon,newSignal,2026-06-16 21:08:54.927000+00:00,26776.816815559258,19110.216303412773,15978.370590148623,34986.4383819852,9.718,77.0,77,Others,,,0.8650626166666666,34986.4383819852,77,96,39.4243940544893,22.9074466539192,16.7692352194728,19110.216303412773,221341.08660539502,11.582343344060794,26776.816815559258,8.266146350778332,early_low_mc,1,1
019edfda-986f-73d4-af86-143a52798598,6hCVACCscjhknyM6nenA8Y5mvoexoVChT3FSm9RVM8Be,69,The Bottom,newSignal,2026-06-19 12:28:25.583000+00:00,18980.91676927777,12746.793810872861,12906.66075123935,18089.09683781248,7.489,66.0,57,Meme,pump,,0.7624103833333333,18089.09683781248,57,77,23.1906508207611,22.409491361847,0.0,12746.793810872861,12746.793810872861,1.0,18980.91676927777,0.6715583849724599,early_low_mc,1,1
019ed591-2588-7bef-84b7-f4d14a67be2f,6j4YfmhrqKxEHMLHn8CKBr3hVAUEk9e6yzfu9ADbpump,spucs,spucs,newSignal,2026-06-17 12:31:59.880000+00:00,16372.37758711513,13858.841967445287,12291.808786891825,26523.02550277674,6.4489,35.0,19,Others,pump,,0.3725061833333333,26523.02550277674,19,94,30.2526593206844,17.6262998833605,,13858.841967445287,17639.21300998263,1.2727768345593027,16372.37758711513,1.0773763869130704,early_low_mc,1,1
019ee0ee-5524-7216-bc82-308f4ed16cd9,6kN7YnZPoxVZxE4YWjAZyxX2KNweE8LbNJCQTz2ExmoT,Clutch,The Patriotic Eagle,newSignal,2026-06-19 17:29:36.292000+00:00,19935.78436521506,13072.127380098465,13297.991901147809,41068.9363949848,8.031,233.0,149,Politics,pump,,0.17285096666666666,41068.9363949848,149,118,25.740197242688,31.251807827135355,0.0,13072.127380098465,13072.127380098465,1.0,19935.78436521506,0.6557117162095392,early_low_mc,1,1
019edc88-7d2b-7c8e-8986-d36245f311d0,6p7ijQRsaMKUW8hAEGqq7cpYbcDeVyb5XYPFUvxjpump,11,Justice For 11,newSignal,2026-06-18 20:59:53.003000+00:00,18466.944679064214,12777.301469341739,12881.116206341329,38864.23874958914,7.4933,24.0,16,Others,pump,,3.8875282833333333,38864.23874958914,16,180,24.8232060074899,6.4495565861827,0.0,12777.301469341739,28771.449989883356,2.2517626322677353,18466.944679064214,1.5579973022013356,early_low_mc,1,1
019edc9a-e505-7cd5-bdec-632af66fedb9,6qBvcmFT7K8hJHvHrpqzfbGTjjQnyK13GsLjswoGpump,TAY,TAY KEITH FUCK THESE NIGGAS UP,newSignal,2026-06-18 21:19:59.237000+00:00,12869.200341998903,13664.749268024127,10733.565445820523,43313.3270175358,6.0429,75.0,41,Meme,,,3.041072933333333,43313.3270175358,41,142,21.5466196806182,15.7667449505509,0.0242884004213,13664.749268024127,14873.836804970964,1.0884822336093742,12869.200341998903,1.1557700874723262,early_low_mc,1,1
019ee0c2-8453-74e3-8011-129dee0ea7ba,6qNhu8hYbZE1L8dfG1K9CQ9LAWhZMHNpBLdAxGqYpump,BWARS,BLOXWARS,newSignal,2026-06-19 16:41:44.787000+00:00,15435.08672982432,12687.63509806619,11731.54930405137,16082.63415187,6.7329,32.0,29,Gaming,pump,,0.33777025,16082.63415187,29,132,19.2110551789427,17.4588751974157,0.0,12687.63509806619,22983.908249598117,1.8115202771792556,15435.08672982432,1.489068940907708,early_low_mc,1,1
019edb73-83f9-79bc-a479-799718608959,6qkTpztRauSeKsPCrVMpnVosjsEnFWbnnYf8ieUzpump,COD,Cat On Duty,newSignal,2026-06-18 15:57:21.273000+00:00,15992.644555724677,14036.050601621075,11885.373641347658,32404.01835786038,6.3559,31.0,18,Cats,pump,,0.9868439,32404.01835786038,18,174,23.6583974114109,13.370661737237,0.003301291896,14036.050601621075,32484.549091680437,2.31436534490184,15992.644555724677,2.0312181002017184,early_low_mc,1,1
019ed2ca-074a-708e-b4b8-aff59428969c,6qpxKfBBrMttxmfFBRnNitazxoGDWQa3NTqNDBbiqgXK,ODDS,Against all odds,newSignal,2026-06-16 23:35:16.042000+00:00,23940.454411924646,16285.555124659068,11149.795375851716,83269.12182145676,8.3933,303.0,208,Meme,pumpamm,pump,0.5917773333333333,83269.12182145676,208,288,19.433147118124,40.0420731431451,6.8938807552957,16285.555124659068,47734.48552313985,2.9310935462593974,23940.454411924646,1.9938838545756044,ray_migrated,5,1
019ed3e4-7ccd-7ce4-bd3f-3ecfc83d08df,6r7HZhjd27fJgzH57wXouKoUvL8vdvqG718aHCiVpump,CHEEMS,Cheems,newSignal,2026-06-17 04:43:47.277000+00:00,21227.055414295686,19247.86915630252,19774.558674431795,14609.933324251911,4.0585,68.0,53,Meme,pump,,0.3378156666666667,14609.933324251911,53,105,20.7487338541141,25.7789589129126,0.0,19247.86915630252,28434.93865042864,1.4773031975395525,21227.055414295686,1.3395611447492004,early_low_mc,1,1
019edc4d-f0b3-708a-b8fc-1b1e4fc783de,6rUpVFQXUmoFxhNSrzrnhade2XWUyceD4eKqSKPapump,SOLCITY,SolCity,newSignal,2026-06-18 19:55:55.955000+00:00,17652.936729550234,13780.521157373703,12553.34797349448,29107.20536521014,7.7788,31.0,29,Gaming,pump,,2.4044633666666666,29107.20536521014,29,121,25.5526548448573,11.8405536432004,1.8373388095267,13780.521157373703,26623.439592121245,1.9319617370113418,17652.936729550234,1.508159237185436,early_low_mc,1,1
019ed596-808f-7eda-b2ea-f850dbb84f0d,6snUbikeEfoenoF3eTp91ENg3ZnkDp4wUhy1fiwBpump,CASHEW,Cashew Coin,newSignal,2026-06-17 12:37:50.863000+00:00,17078.08814825024,13184.018949639089,12567.037122754266,68048.07698233747,7.2615,52.0,35,Others,,,0.23291148333333334,68048.07698233747,35,167,20.83097645910361,14.836336056737977,0.0,13184.018949639089,23815.245830035416,1.8063722390726202,17078.08814825024,1.394491328496594,early_low_mc,1,1
019edbba-eaff-7252-9566-e302d9654326,6vAt3dpvZmV7xTXS8LKTQNyvG2bdprh4gs63fCy1pump,Margot,The Surf Dog,newSignal,2026-06-18 17:15:20.703000+00:00,17378.40729583592,13646.799460601784,12407.661733640143,23508.8041260371,7.7727,78.0,57,Animals,pump,,0.4653443166666667,23508.8041260371,57,114,22.7677309432365,14.4048296318635,0.0,13646.799460601784,28014.42064424622,2.0528198369972137,17378.40729583592,1.6120246330605232,early_low_mc,1,1
019ed5f9-4d3b-7e77-b4b5-1dcbd195a721,6xJDACBqAcrCk2sjWo1yYKcBikCPiLfNPY2G3yGRpump,NOVA,Pokémon Nova,newSignal,2026-06-17 14:25:45.787000+00:00,15674.820335427461,14449.097777666957,12091.730036825062,17048.65418691048,5.6454,29.0,16,Others,pump,,0.40726066666666666,17048.65418691048,16,67,25.6836858459654,21.3519219520183,0.0,14449.097777666957,25399.092344856115,1.757832408339977,15674.820335427461,1.6203753409186026,early_low_mc,1,1
019edd84-720f-7a56-98f2-b9c22444f33f,71se67vdGmGaB2yxuHKphM8AfECy4AK4DAqUkxgzpump,gary,gary the snail,newSignal,2026-06-19 01:35:05.231000+00:00,15500.168934186695,12303.646386361974,11787.056330326941,28563.75756218871,6.5253,179.0,114,Cartoon,pump,,0.1776635666666667,28563.75756218871,114,87,25.5531276373959,48.867281882322,0.0,12303.646386361974,12303.646386361974,1.0,15500.168934186695,0.7937749864922717,early_low_mc,1,1
019edf68-a0ab-72ad-ba20-9fd0b3b8eb7c,73snVp4q4D6GQHn9TXpNTVwbKJnGTm1Lo27vFJyspump,ARTIFICIAL,Artificial,newSignal,2026-06-19 10:23:56.587000+00:00,15975.818814095739,11944.405942424615,11840.091181163833,28205.1712281691,6.1964,134.0,88,AI Agents,pump,,0.7004449666666667,28205.1712281691,88,138,26.5036880151776,27.0989120946109,,11944.405942424615,20331.85359897324,1.7022071835952726,15975.818814095739,1.272664258124541,early_low_mc,1,1
019ecf56-ceef-7f38-b6f8-62a604e8229e,74qtu3i2fuiJ5cQEeZM4HvwJFAQzZG8r3YAgxcDvpump,Elonjak,Elonjak,newSignal,2026-06-16 07:30:33.327000+00:00,18514.911738691186,15482.368861546496,13301.842053246188,33660.89084010961,7.1112,86.0,79,Elon,pump,,0.18327960000000001,33660.89084010961,79,232,17.2510501398995,30.285117973055,0.0,15482.368861546496,15482.368861546496,1.0,18514.911738691186,0.8362107840456247,early_low_mc,1,1
019edca7-6e29-7589-8f0e-0e2f9b014ddc,78ubN8UemFzJrW2RiBByednStMtoDCm454hGhrN3pump,BLAZE,Blaze Royale,newSignal,2026-06-18 21:33:40.777000+00:00,13010.519852479552,13001.175899698397,10799.74798976831,12636.8304822191,8.9168,21.0,15,Gaming,,,0.6906425666666667,12636.8304822191,15,77,24.8302399862087,5.5958967237468,0.0297917578571,13001.175899698397,35338.924971897606,2.7181329784729242,13010.519852479552,2.7161808576897637,early_low_mc,1,1
019ed181-0064-7410-9358-4f5c04a8e3de,7AzKrvig6QMKCjwGG2kb9TJmBdb54XWV7Vdf3baHpump,Unkirkify,Unkirkifification,newSignal,2026-06-16 17:35:52.932000+00:00,22442.443716410082,13991.004364313376,14544.982267643785,25928.0301030173,8.9674,38.0,31,Others,pump,,0.2896745333333334,25928.0301030173,31,157,13.6926310010414,27.6912793701904,0.1989530079359,13991.004364313376,45078.712544817696,3.221978306275082,22442.443716410082,2.008636542189735,early_low_mc,1,1
019ed61a-dd90-7a74-b789-0c2edec095ed,7BxRGHcmxY1nkCsjiyvjaHDBHecYta7TtE2LEmgEpump,ANIMALS,World Cup Animals,newSignal,2026-06-17 15:02:25.424000+00:00,16165.847984841266,13203.815679254672,12275.147103949672,40013.6017600681,6.49,36.0,22,Sports,pump,,0.11017815,40013.6017600681,22,135,23.871442047083868,18.700399246712603,0.0,13203.815679254672,19665.08195480099,1.4893484150720167,16165.847984841266,1.2164584235383729,early_low_mc,1,1
019ed4a1-2aa8-706f-9636-cc734f5f943b,7D7h4N12D7isELWdxrrqU8hdGCokQVhpYRnEK55xBAGS,$22M,22M DOLLARS IN 3 FUCKING HOURS,newSignalRay,2026-06-17 08:09:52.552000+00:00,325861.55299937807,456900.7229562176,7631.920167086363,24968.66154558464,4.7211,51.0,25,Meme,meteora,dbc,0.2874023666666667,24968.66154558464,25,90,1.6569015355303387,,3.0613999704e-06,456900.7229562176,456900.7229562176,1.0,325861.55299937807,1.4021314228410666,ray_migrated,5,1
019ecc74-e8e6-7dc9-85d8-2bd9dabaa1d5,7DkQ6a1znhnYGdx6tpDJrYL7eVXRKE4wHkhdWwXVpump,Nobody,Nobody is coming to save you,newSignal,,16481.01547415272,13688.716097589073,12635.301146727374,21229.55307132823,1.3325,,0,Meme,pump,,727.57179285,21229.55307132823,12,81,29.4550667654377,8.7564328360448,0.0,13688.716097589073,29955.822331997097,2.188358799936911,16481.01547415272,1.8175956681174776,early_low_mc,1,1
019edaad-7e42-72c6-ac1a-f55eeb78ea64,7FYmPDzi86kSPySNgNeGz3mrgx4cTWKEBaFt9pFLpump,Grok,GrokCoin,newSignal,2026-06-18 12:21:03.682000+00:00,14382.776876675602,13423.257498564582,11464.345312458567,23155.9596300184,5.2132,104.0,70,Elon,pump,,0.5351171,23155.9596300184,70,124,31.4589688465438,29.6273947985099,0.0,13423.257498564582,13423.257498564582,1.0,14382.776876675602,0.9332869176558622,early_low_mc,1,1
019ecc60-98db-7120-bf23-862cfba86b33,7Fukjtom4jZibD9FXs74N2CEVWdtXeN4ijCuZ7rGpump,GCM,Gaming Capital Markets,newSignalRay,,66856.26774402795,63812.7784568128,18923.239353515608,140731.0636732452,35.4778,,0,Gaming,,,749.7580920166668,140731.0636732452,22,395,13.047228835647182,51.393145591275704,4.623588392635971,63812.7784568128,81183.589129215,1.2722152379583098,66856.26774402795,1.214300347127392,ray_migrated,5,1
019edfb9-c4c9-75e1-a8a7-03795a17b381,7HGLh4X7zJdCwNYoUaqijVE1ghpzmuqiBaC45hswpump,Nothing,Nothing Tech,newSignal,2026-06-19 11:52:34.249000+00:00,15098.20555779391,12608.818263950798,11525.886914160223,46048.8511386601,6.1926,40.0,26,Others,pump,,0.25740761666666667,46048.8511386601,26,102,23.874167100107,14.410210376143,5.71723538e-05,12608.818263950798,12608.818263950798,1.0,15098.20555779391,0.8351203204702657,early_low_mc,1,1
019ee45a-8be0-755a-a9c0-8455006e69ad,7KMBWX3gsi9PF7wcm6a56vNyeh8mWDar7rprWMRzpump,CCM,Collectible Capital Markets,newSignal,2026-06-20 09:26:39.840000+00:00,15159.017702550784,15401.834932107322,11792.023739454635,40916.62112992528,4.708,39.0,31,Others,pump,,0.3843572,40916.62112992528,31,150,21.9133473023981,22.8369166755813,8.3519578756176,15401.834932107322,15401.834932107322,1.0,15159.017702550784,1.0160180055410635,early_low_mc,1,1
019ecc49-4bd8-7cfb-92ad-55a8a6ce2637,7LGUVymedpGu1Xh2eKxRogrMovzLBJqjLxqMark3pump,Bella,The Blissful Dog,newSignalRay,,43047.65420418373,72436.604289533,15531.848892471538,238311.77263435075,-0.0667,,0,Dogs,pumpamm,pump,775.2089996166667,238311.77263435075,21,546,21.144344625446948,2.2599311628269305,0.0,13859.53336818627,91274.04427656805,6.585650602500237,43047.65420418373,2.120302394263734,ray_migrated,5,1
019eda96-7e1c-7d6c-9211-a28fde8695c2,7Q6MQQiXKmfxPaQuvFAu5YVkHCggWkLZYKJhooYWpump,SBF,OFFICIAL SBF,newSignal,2026-06-18 11:55:56.316000+00:00,17557.10941534533,13762.502872890633,12650.369192330438,13171.41303658056,6.8271,62.0,40,Celebrities,pump,,0.2924064833333333,13171.41303658056,40,97,28.0625848948058,29.7758375622032,0.0,13762.502872890633,13762.502872890633,1.0,17557.10941534533,0.7838706558872316,early_low_mc,1,1
019ee141-8735-7229-9617-d0f8d6cd9e3a,7QgFgefj3NjfN1VJ8fc23Yq8qSTFPmydL6HztHJDpump,FISH,Fishing Valley,newSignal,2026-06-19 19:00:28.597000+00:00,16093.312754697203,16616.255049028954,11949.626939505815,15663.9623423889,0.7061,21.0,13,Gaming,pump,,0.030273166666666667,15663.9623423889,13,120,25.7870911681873,8.4544062136424,0.0326383528631,16616.255049028954,16692.14414861578,1.0045671602513864,16093.312754697203,1.0372099519251432,early_low_mc,1,1
019ee541-c35f-7cdb-813b-a528bc7f9563,7QuYbCwnKmyS9x67ezYfrpo5rQzQ98sSBTN68ZYNpump,BTC,Bitcoin,newSignal,2026-06-20 13:39:12.863000+00:00,17145.02123300468,12837.992711204108,12514.269870415608,28139.37373784576,6.3685,64.0,42,Others,pump,,1.8946349666666669,28139.37373784576,42,165,23.11838348336211,19.431794288072396,,12837.992711204108,23299.643614883236,1.8148977132966375,17145.02123300468,1.358974322529897,early_low_mc,1,1
019eda61-b16f-7ece-9b8b-338d42c32f43,7S46je3svS3dXBkT89mLjd85WBRJdQLb8TPTfkHSpump,SCANNER,Midjourney Scanner,newSignal,2026-06-18 10:58:16.047000+00:00,15833.480342714673,12465.821788207926,12099.279556672353,48180.48962552413,6.1456,56.0,33,AI Agents,pump,,11.637006600000001,48180.48962552413,33,98,23.769457914551005,22.91947052440564,0.0,12465.821788207926,21150.669672844542,1.6966927678087032,15833.480342714673,1.3358193659915347,early_low_mc,1,1
019edeb0-b7cb-70b2-bf2e-139c68c632e4,7S7adXnXwfmSo4HRrdG8W5XBkwan89gr5kGKas4Apump,MiiGPT,MiiGPT,newSignal,2026-06-19 07:03:03.883000+00:00,24570.943772946797,14395.387135511764,10893.491315284711,26654.7396917494,8.4747,134.0,102,Others,pumpamm,pump,0.2557416,26654.7396917494,102,119,27.1044378740944,51.535022859654,0.0,14395.387135511764,29174.116767624484,2.0266295371560585,24570.943772946797,1.187342132122165,ray_migrated,5,1
019ed1e5-49ee-7c21-ac84-732d6ebb8e99,7SDxdZSdx9RjvVoz2dmvptbx2rnMG3QuvWqQTrfRpump,Fruit,Fruitification,newSignal,2026-06-16 19:25:25.358000+00:00,17173.541774906433,13475.528215863473,12766.850126122012,19120.13119460406,6.5756,40.0,29,Others,pump,,0.26488518333333333,19120.13119460406,29,115,16.0886259507408,14.8998288587252,0.0565061584967,13475.528215863473,13475.528215863473,1.0,17173.541774906433,0.7846679731232605,early_low_mc,1,1
019ed1cd-e83c-7bef-99f9-aaafffd48639,7Sk7AcCS6gLo9xVMi5zSSTqdjtaRGehHHbpFuxNtpump,KWILL,Kwill,newSignal,2026-06-16 18:59:53.020000+00:00,15358.472684566335,14665.747586902706,12070.090638890964,43978.40141319836,7.0456,64.0,43,Others,pump,,7.785851633333333,43978.40141319836,43,126,23.1672471573617,18.9120080845085,0.0,14665.747586902706,35979.17138671694,2.453279055399007,15358.472684566335,2.342626908655589,early_low_mc,1,1
019ede16-422f-7c2a-b5f9-1770ced0900f,7V4AH8TY89FH8Q8DWNWwYc3TCinf69XU8MVzniPkpump,PEEK,TokenPeek,newSignal,2026-06-19 04:14:21.231000+00:00,15005.858154855016,12593.247789886025,11548.685464163242,13675.29045932036,6.666,33.0,24,Protocols,pump,,0.41899468333333334,13675.29045932036,24,108,29.16242828064,23.644602436843,2.2676962701893,12593.247789886025,19791.334001865573,1.5715829889220891,15005.858154855016,1.318907175959294,early_low_mc,1,1
019ed14b-e4a3-703c-97f9-1333e79a1f83,7VjMt2Q3fsdejV28tvXBnqnhzoizSZeqwAAjZmWMpump,BLACKMAN,The Reasonable Blackman,newSignalRay,2026-06-16 16:37:52.419000+00:00,33732.261898502606,57966.179143847716,13507.849570035294,275721.36347068177,13.161,163.0,55,Meme,pumpamm,pump,35.006441699999996,275721.36347068177,55,315,25.597064468647545,5.480143006573777,0.0,16443.21184481579,123023.33089024738,7.4817092944669525,33732.261898502606,3.647052523794986,ray_migrated,5,1
019ed3c9-68c9-796b-80d8-df6770701784,7XT2MCDGwEUa3U9MA6DDV9QeJ1uXM6iBhkj8GPTpump,Trump,特朗普,newSignal,2026-06-17 04:14:12.681000+00:00,15740.931552397355,14098.31601317703,12224.467692702912,39970.49880847842,6.2801,25.0,27,Trump,pump,,2.110273633333333,39970.49880847842,27,158,17.4901104059519,25.8418704336343,0.2505664618192,14098.31601317703,14304.255987828214,1.0146074165495158,15740.931552397355,0.9087299528756076,early_low_mc,1,1
019ed250-e8bc-71db-8a54-593c6198a013,7b7J18jeuacV4r9vnUoZ5t97jPLzCnKKhNGTEhDspump,MYLAND,MyLand,newSignal,2026-06-16 21:22:58.364000+00:00,47006.62773140746,19779.708258918483,29434.13659836118,91982.15382362607,10.4108,113.0,90,Others,pump,,1.9662147333333333,91982.15382362607,90,241,27.7274810080366,20.2591466295805,0.1463816558013,19779.708258918483,79476.9694141021,4.018106251808173,47006.62773140746,1.6907609256343141,early_mid_mc,2,1
019ee0c9-f650-7adb-a762-437cc00389d5,7bzbXiaNbPq9k9HVaTbwfNvuMMLTWxnttMeuk6i2pump,SS,Solana Summer,newSignal,2026-06-19 16:49:52.720000+00:00,18186.340111434478,13472.29830324644,12725.964143744373,10564.27280351611,8.2529,68.0,46,Meme,pump,,0.19787541666666666,10564.27280351611,46,77,20.0015277865395,55.0927023884467,0.0,13472.29830324644,13472.29830324644,1.0,18186.340111434478,0.7407921671263515,early_low_mc,1,1
019ed98c-70c2-79fb-ac76-84a51f17dc1c,7cVnXmKUJzxsU9Xyo6FJfdw5EmWmZAxHVBtfd24kpump,새우튀김,shrimp,newSignal,2026-06-18 07:05:20.322000+00:00,17843.63056584081,16117.716965383339,12792.739874659868,21490.1271517014,6.6539,77.0,54,Animals,pump,,0.7851116,21490.1271517014,54,125,25.693942654251,7.3613589939625,0.0,16117.716965383339,25243.601796814834,1.5662020775666627,17843.63056584081,1.4147121968070924,early_low_mc,1,1
019ee06a-57e7-798b-9fb9-eb84edb1bf2a,7dWh3zJ3bnrSN8rJUAL9zG78Acydqjh6GisTuGe7fnDc,TVB,Trump Vs Biden,newSignal,2026-06-19 15:05:26.247000+00:00,16038.020883051568,12592.379048810573,11941.212490392603,35837.64865949112,5.8369,79.0,59,Politics,pump,,0.20253601666666665,35837.64865949112,59,108,15.2288386009458,2.3825922112399,0.0,12592.379048810573,17775.2064431789,1.4115844491560057,16038.020883051568,1.1083167039620911,early_low_mc,1,1
019edb6a-35aa-7dfc-8967-7019f98351a7,7eLYwhsZvT1HxXk1HGQsT172Jt7fpBfrdHBvd7Copump,STRETEGY,Stretegy,newSignal,2026-06-18 15:47:11.402000+00:00,15844.755787694266,12696.01456320147,17084.52484174811,39025.77172980012,3.0388,38.0,15,Others,pump,,0.2726666833333333,39025.77172980012,15,65,25.6109397045303,5.0994767958189,0.2612278259981,12696.01456320147,20583.548156144967,1.621260597463788,15844.755787694266,1.2990763904440266,early_low_mc,1,1
019ed65c-0584-7e3f-9b2f-e099d91095da,7fAWyzhRSvrhbTc8QJdfYixEvmmHyxBcRPMpRDmiBAGS,ANSEM,ansem coin,newSignalRay,2026-06-17 16:13:35.492000+00:00,353207.2556716606,360151.0007243348,8012.2643590328535,28891.51907337244,5.2565,64.0,25,Celebrities,meteora,dbc,0.19217171666666666,28891.51907337244,25,170,1.3836281415819607,,0.1475055651703784,360151.0007243348,710383.5532361813,1.9724603063922066,353207.2556716606,2.0112371471115806,ray_migrated,5,1
019ed6f8-1e48-7b9d-a927-22d4ae4774ad,7fzfugMT8RdnPNoPpG7zKeMhJhmLUqhkfi88b35zEhuF,AI,American Ingenuity,newSignal,2026-06-17 19:04:05.448000+00:00,,20063.379124933534,,20738.670086706,9.9847,129.0,81,Others,pumpamm,pump,0.18035938333333332,20738.670086706,81,62,42.4674309508344,55.7955168690393,18.0967978849322,20063.379124933534,20063.379124933534,1.0,20063.379124933534,1.0,ray_migrated,5,1
019edbdd-4676-7ab3-b501-96fc7a37e141,7g1VjtbBGps9hmfkMoTw2fD5i3Q8Qbx5ypCMNRq8pump,MSTR,Meme Strategy,newSignal,2026-06-18 17:52:52.342000+00:00,12375.178061920045,12322.71560285671,10461.205123527028,24849.37237290624,7.1392,41.0,29,Meme,,,0.9247564,24849.37237290624,29,103,23.2485761631491,0.0,0.0,12322.71560285671,23046.94750257778,1.8702815390168486,12375.178061920045,1.862352799067683,early_low_mc,1,1
019ed4e8-af09-7ea9-b833-5644b715df81,7g77FMGJPH6fAGzXtCHRtLymuZCH6bisR3z71XXNwDAe,X,X Coin,newSignal,2026-06-17 09:27:59.497000+00:00,14924.27766581157,12849.342511765617,11795.23048826332,34093.59710105967,5.7025,52.0,37,Others,pump,,1.1667940833333332,34093.59710105967,37,109,22.6995194360188,17.6901807086973,0.0,12849.342511765617,15740.387337175442,1.2249955453177945,14924.27766581157,1.0546833615427438,early_low_mc,1,1
019ed87f-27bf-7cee-a86b-0458c69f938b,7gzNqPqDPRHznnDMMB6Cyj3G5N8ApGbqzt4xtwesBAGS,SPCX,SpaceX,newSignalRay,2026-06-18 02:11:12.447000+00:00,4094895.2472224245,4416975.086061266,26864.63181558205,52205.6419955835,45.2117,117.0,49,Space,meteora,dbc,0.7076198166666666,52205.6419955835,49,119,3.418795753573111,,0.0328907495239058,4416975.086061266,4480023.422879477,1.0142740983568537,4094895.2472224245,1.0940508004248182,ray_migrated,5,1
019ecf12-8492-74d0-ad9f-dd427b32ffff,7iCgk23ZssY7UM7pPwsftFWcqrZz6jSaFxGnj2NBpump,PICKLES,Grillo's Pickles,newSignal,2026-06-16 06:15:57.842000+00:00,12908.54598850755,13100.718295802762,11076.101052198695,13701.0726939546,6.0585,43.0,35,Mascot,pump,,0.39634793333333335,13701.0726939546,35,97,23.1727087641456,10.1144961637334,3.9352024814171,13100.718295802762,13100.718295802762,1.0,12908.54598850755,1.0148872156063358,early_low_mc,1,1
019ed7fb-331e-7382-944e-738c06b9e4cf,7ijG8L4b7cG5uAuZdZoNn7aEUCPgDDEJLLP5CDhhpump,MONOPOLY,We Buy The World,newSignal,2026-06-17 23:47:04.606000+00:00,21019.68281814735,12810.499418318303,13949.801937649294,17190.09221439634,9.3197,61.0,40,Meme,pump,,0.5504435666666667,17190.09221439634,40,109,25.8837030159554,36.9243256326911,9.8157277228087,12810.499418318303,20617.504034040216,1.6094223465291548,21019.68281814735,0.9808665626600268,early_low_mc,1,1
019ed208-16a9-7277-a665-f50265e94456,7io8XEMRMoQoCvD3phKR2QR5EeoMmJnYM1dsjVdYpump,AUTO,Auton ai,newSignal,2026-06-16 20:03:25.993000+00:00,30114.907962179146,29117.02485500028,12497.966181582487,25858.555262784,2.3986,24.0,13,Protocols,pumpamm,pump,0.31634011666666667,25858.555262784,13,165,32.2900091906279,7.9426592079313,3.2041031439546,29117.02485500028,153611.58161434668,5.275662001159672,30114.907962179146,5.100848450450691,ray_migrated,5,1
019edb18-7238-7009-8f3a-96dda1d22d85,7iuTToHkV5cdFMXYu4ftMT9obcMgbiRttxF5cXDypump,WOC,World of Crypto,newSignal,2026-06-18 14:17:52.952000+00:00,15961.39492058777,12843.088191971869,12071.160535439798,29298.65797349988,6.7953,46.0,36,Gaming,pump,,1.3317434333333333,29298.65797349988,36,122,22.6408957755682,18.3677935026406,0.0,12843.088191971869,17953.981837203242,1.3979489643640508,15961.39492058777,1.124837893337589,early_low_mc,1,1
019edfe8-3452-704f-beda-e062d8fe616f,7mLVwy9rcaV3dMcJ44vMqoFp6oUthiBx64LhNnHwpump,Murad,The Hodler,newSignal,2026-06-19 12:43:17.458000+00:00,15406.671130935056,12107.3880115233,11631.536246663189,23749.1895272824,6.1684,47.0,40,Meme,pump,,1.1216572833333334,23749.1895272824,40,85,23.7045734932317,32.6327420955451,0.0,12107.3880115233,12496.72996151258,1.0321573860207272,15406.671130935056,0.8111246002012982,early_low_mc,1,1
019ed6cb-6f49-77d7-92dd-f2067c6c9520,7mZcXekUTXUSpCq4hVzRcsCHNxwP3fjXfjWghfMQpump,money,get the fucking money,newSignal,2026-06-17 18:15:17.065000+00:00,16955.712217627726,13684.22593046195,12647.151989581404,71970.27752560956,6.6925,89.0,64,Meme,,,0.7938991666666666,71970.27752560956,64,154,14.661452058177703,6.210792266796174,0.0,13684.22593046195,13684.22593046195,1.0,16955.712217627726,0.8070569820261144,early_low_mc,1,1
019ed20d-3c41-7ece-bf28-85bb206c476e,7nSXuyYJm47YHqFjtFm4dCMAaFzSSnhwR5M4XubCpump,RUNNER,Homestar Runner,newSignal,2026-06-16 20:09:03.297000+00:00,19092.037150946715,16022.543689554363,13458.338402322328,29112.59764845948,5.079,97.0,76,Cartoon,pump,,0.19672851666666666,29112.59764845948,76,119,21.4240897530609,31.0344650361117,0.0,16022.543689554363,32234.678189411552,2.0118327535238008,19092.037150946715,1.6883833786073026,early_low_mc,1,1
019ecf4d-28d3-7de2-89b2-fec31db88f13,7oDa7STX3iHL2QViVyNR5FXzCct9TcjrbfaquGSwpump,WANDER,Wanderaround,newSignal,2026-06-16 07:20:00.979000+00:00,17141.59488893036,18545.96366073998,12799.025875924835,9822.35804967193,7.2123,30.0,18,,pump,,0.4088677666666667,9822.35804967193,18,85,28.7911978076181,24.2715005791155,0.0,18545.96366073998,18545.96366073998,1.0,17141.59488893036,1.081927544135145,early_low_mc,1,1
019edb0b-fff8-7559-90b8-d2941cf6044a,7oZAd7ypGMyQqEpbP9quSgwiWNkJepKmMgoi2HZE3Lum,RSTAR,ROCKSTAR COIN,newSignal,2026-06-18 14:04:17.272000+00:00,15253.55285683091,13502.092334585683,11802.991033258337,13736.5184714563,5.6044,41.0,28,Celebrities,pump,,0.56979505,13736.5184714563,28,96,23.385470046153,15.2561991695453,,13502.092334585683,15044.18285064824,1.11421122577517,15253.55285683091,0.9862740170668561,early_low_mc,1,1
019ed697-3b17-7a88-9309-5d8cc667c160,7pTYZTeAQ76Hg59WrrSnAsbK8mBPQGfNh6tUahbKpump,INU,PSA10 INU,newSignal,2026-06-17 17:18:15.831000+00:00,16998.026364268597,12955.667149952269,12686.786104460898,17133.21242130462,6.1009,58.0,46,Meme,pump,,0.37410003333333336,17133.21242130462,46,101,26.8734956753952,11.8214473987533,5.53963437e-05,12955.667149952269,43498.86830776087,3.357516660801303,16998.026364268597,2.559054055781409,early_low_mc,1,1
019eda05-20bc-7819-b497-4ee712db2fae,7qBmpyMu6BfDhtkraq4BYByH45PWAD3BkEroYvuRpump,Dez,sleepyPanda2324,newSignal,2026-06-18 09:17:09.692000+00:00,15955.319694268868,12906.323487800157,12149.450841426144,26643.87212747499,7.3694,56.0,28,Animals,,,0.3236245833333333,26643.87212747499,28,136,22.3682494469773,3.5227738591409,3.0625964934737,12906.323487800157,70562.73603962139,5.467299506813198,15955.319694268868,4.4225209768104765,early_low_mc,1,1
019ed53b-bb7f-7382-a21b-763696109969,7qhL2SAx1w27sCo686JhTr7AoTyULBQL5GRF1fphpump,obuma,stupid son of a bitch,newSignal,2026-06-17 10:58:42.175000+00:00,15359.054366213202,13777.29113757698,11950.923491091897,23454.80462424704,5.5198,127.0,93,Meme,pump,,0.24699281666666667,23454.80462424704,93,109,21.7016428519943,26.2177748092214,0.0,13777.29113757698,13810.27382911266,1.002393989588107,15359.054366213202,0.8991617257044454,early_low_mc,1,1
019ed672-2bd6-72a8-ac92-6928a35f0c6b,7qwqqWqxSUBzEz9afCQMRYaeCMw4eioVB4wrqaA2pump,RESIDENCE,RESIDENCE,newSignal,2026-06-17 16:37:47.094000+00:00,17575.517693973972,20126.232120536562,12946.897983027413,13042.51895047108,6.6704,44.0,28,Others,pump,,0.30631780000000003,13042.51895047108,28,86,24.3995387796164,25.8382756478611,0.0,20126.232120536562,20126.232120536562,1.0,17575.517693973972,1.1451288360875505,early_low_mc,1,1
019ed97b-32f3-7d78-b9bb-513f3ed121a5,7rqm8G9ZjGpr3RmP2UNc1syCPbJBRCUk5ZVKDu9spump,LeWine,Sipping on LeWine,newSignal,2026-06-18 06:46:30.387000+00:00,15899.354146267044,13081.869625794718,12073.271356326799,25013.8833932812,6.3764,52.0,33,Meme,pump,,0.20853348333333335,25013.8833932812,33,103,17.6346352532783,10.0994199271649,0.0,13081.869625794718,20848.79947422596,1.5937171115905695,15899.354146267044,1.3112985145450693,early_low_mc,1,1
019ed3fd-e186-748b-9111-271345eff28a,7sXmXJEKLRQ3ZJ68g6fdsJMV2R9fXDbem1nS2d9apump,TIDE,Tidal Fishing,newSignal,2026-06-17 05:11:31.462000+00:00,16004.204999787926,15260.36553145969,17170.406650654895,9846.018304104215,2.9338,65.0,38,Gaming,pump,,0.5201107500000001,9846.018304104215,38,61,26.6587123677944,11.2770834975434,7.5143398385578,15260.36553145969,25417.948445335594,1.6656185851469776,16004.204999787926,1.5882043778914612,early_low_mc,1,1
019edfd7-07c5-788e-8145-0310df353f89,7sjgj9278rm2aJVZQ6hkm7dZxC8pZX4K8WEBa6z6rMmz,SOL,Solana,newSignal,2026-06-19 12:24:31.941000+00:00,16064.58777806429,14532.048733882617,11879.034731276832,21939.42416367975,6.2192,92.0,59,Protocols,pump,,0.46383775,21939.42416367975,59,88,31.7403054870969,37.1862075429292,7.7186043000372,14532.048733882617,29643.25235780049,2.0398536297696905,16064.58777806429,1.8452544669884066,early_low_mc,1,1
019ee0bf-5a56-7202-ac72-8a3bbc72d3b7,7sqAcscdGpkbch35jQ4SB5S4VyKVHW5av4wQHng6tpLt,SonicMe,#SonicMe,newSignal,2026-06-19 16:38:17.430000+00:00,15599.483417757585,14797.270900874508,11798.11605187213,13149.86558567525,5.7931,71.0,52,Meme,pump,,0.2705784833333333,13149.86558567525,52,77,32.9557806036876,31.931823038056,0.0,14797.270900874508,48902.17220508407,3.304810227012468,15599.483417757585,3.1348584370054557,early_low_mc,1,1
019ed823-7fca-7663-b177-60c76f817b12,7u1KL6tSGHCmvjq1Cgo4XUnHhEnUPPVRXUd4b2p9pump,EYEZ,EYEZ,newSignalRay,2026-06-18 00:31:05.674000+00:00,322466.6707738147,308678.36076958495,47270.72028045306,893768.8755294192,0.2637,60.0,20,Meme,pumpamm,pump,0.4585513166666667,893768.8755294192,20,2620,14.721385202565603,0.0,0.03286463730158676,308678.36076958495,335540.77512962656,1.0870239633677894,322466.6707738147,1.0405440485506245,ray_migrated,5,1
019ee505-226a-7c39-825d-696c9372687b,7v4dAuQ44yTQGuKX86UJiMP4eRjzq3YKm7GBVtkSpump,libtard,libtard boomer,newSignal,2026-06-20 12:32:59.498000+00:00,15432.105263357798,12795.917145884834,11934.440723893904,20970.95630508032,5.942,70.0,56,Politics,pump,,2.29104485,20970.95630508032,56,170,22.7693926531111,8.143528818235,0.0,12795.917145884834,27634.561260266757,2.1596389649298433,15432.105263357798,1.7907188156552196,early_low_mc,1,1
019edd84-5c6d-7952-8587-88dc83cc0b73,7vJsvnjm58GK3Qq7Svs5doxPEV27kQvmTrMgzzUQZBWC,gary,gary the snail,newSignalRay,2026-06-19 01:34:59.693000+00:00,96515.44221310668,54780.38020936196,22065.280021170267,167612.899785348,46.5492,566.0,201,Cartoon,pumpamm,pump,0.27132605,167612.899785348,201,472,21.955523826087134,56.44600326784739,0.5367015181867394,24671.104539904165,250789.87540235088,10.165328228280657,96515.44221310668,2.5984430019872398,ray_migrated,5,1
019ee090-28b9-7cee-bb06-2b52e5aa0183,7yVbC1eKmyxSe4rEauwdtSqhC8jUDF4jC2kFqkVipump,WOT,World of Trencher,newSignal,2026-06-19 15:46:44.537000+00:00,16286.348962689428,13745.515077587383,12058.541494738449,47868.80988433608,7.0814,23.0,16,Gaming,pump,,0.5125822666666667,47868.80988433608,16,159,24.369916780458627,13.548173274181952,0.0,13745.515077587383,29549.444870882347,2.1497517338629173,16286.348962689428,1.8143688888514846,early_low_mc,1,1
019ecfa3-68e1-74ec-b621-c26318c88624,7zEx1WSB93S4yghYVPwZwy9LoVoLMgYXRFopykNBpump,LOOP,LoopCoin,newSignal,2026-06-16 08:54:13.473000+00:00,14394.972322972135,13612.206748455561,11802.137318368974,22057.98555364496,3.6287,75.0,72,Others,pump,,0.38982373333333337,22057.98555364496,72,131,14.6214704813632,28.0196296375145,2.676670568657,13612.206748455561,40526.393618061535,2.9772096741521836,14394.972322972135,2.8153158414474837,early_low_mc,1,1
019ecf1f-935c-791b-82cb-42ba9237ad2c,7zUZ3wGsSj2ndCMK9hPScqfrTYvWRVRtbBrsefGmpump,MechaMusk,MechaMusk,newSignal,2026-06-16 06:30:13.596000+00:00,21908.703447012173,20736.499228791785,14431.629864321018,63576.4908943422,8.4774,23.0,18,Elon,,,0.43624065,63576.4908943422,18,194,22.211077305983864,13.632951993055324,,20736.499228791785,20736.499228791785,1.0,21908.703447012173,0.9464959566842716,early_low_mc,1,1
019edff1-c63e-7833-9162-61202a7d5adf,81FShq9B4kfyvYPRnLyGE9psgY4vzqsUrAnJ7Tmwpump,Pepe,Пепе,newSignal,2026-06-19 12:53:44.638000+00:00,16224.200673496167,13542.44941258866,11926.532212605556,27983.914653744,6.246,114.0,76,Meme,pump,,0.36756791666666666,27983.914653744,76,152,18.3557975032337,35.07047388842,0.0,13542.44941258866,20442.142093751263,1.509486317500943,16224.200673496167,1.2599783807621117,early_low_mc,1,1
019ee121-88f8-74ca-99ea-67af6a99ff9c,81VTdBe1cZ11NNAGweAq4qAKZdJtQPCG7h5xrGjBpump,Derp,Derp,newSignal,2026-06-19 18:25:31.896000+00:00,16590.412479490285,12322.060265467686,12152.12855077655,15938.70602009475,6.2964,23.0,17,Animals,pump,,0.40337833333333334,15938.70602009475,17,91,33.1358748405261,16.7398828604636,0.0,12322.060265467686,22733.22985791951,1.844921171310037,16590.412479490285,1.3702630893609917,early_low_mc,1,1
019ed3e1-5762-71f9-9244-d832f10a7f97,81w76iZ5pTvNV77o4MjoZqkarcz3nVX7izc1rjwtpump,Ronaldo,Cristiano Ronaldo,newSignal,2026-06-17 04:40:21.090000+00:00,15815.513624705143,13227.907762971558,12251.672472050439,29873.50802734906,5.9504,34.0,23,Sports,pump,,0.20751438333333333,29873.50802734906,23,190,20.2866741747464,6.395707285061,,13227.907762971558,13227.907762971558,1.0,15815.513624705143,0.836388123513641,early_low_mc,1,1
019ed428-4337-7877-8d16-e17889282506,82KvpruHhPixh1viBix4LFrgtEREkPnTjioMq2qBpump,OGPEPE,El Sapo Pepe,newSignal,2026-06-17 05:57:48.983000+00:00,15341.877011778812,13325.79002829635,12058.637043114642,22618.41340914576,4.919,29.0,23,Frogs,pump,,0.3507834,22618.41340914576,23,137,24.5980097991841,14.7914428207551,1.1677557560202,13325.79002829635,26570.020522219354,1.9938795723030185,15341.877011778812,1.7318624378112322,early_low_mc,1,1
019edcb8-81a5-7d3a-b499-0aa36c76a663,831Legx9vRQTQhkDr3QsYfmTS6nVkFEpia6fbBLtBAGS,DORAEMON,ドラえもん,newSignalRay,2026-06-18 21:52:19.877000+00:00,223311.63657454978,166786.04887457757,6259.421898227957,21671.78655787816,1.2186,40.0,21,Cartoon,meteora,dbc,0.5156334499999999,21671.78655787816,21,51,1.7812471107214105,,2.9872915608e-06,166786.04887457757,166786.04887457757,1.0,223311.63657454978,0.7468757626470492,ray_migrated,5,1
019ecc7c-0486-793c-9cb3-93ffee7de1c4,83eFTE24Mgde1kmwDRYstcJd5JW9rvgfauw4Kaxkpump,Curiosity,Curiosity,newSignal,,27174.69072435095,15782.783383256392,16221.153532550727,44545.31929617395,8.3789,,0,Others,pump,,719.8080086000001,44545.31929617395,57,149,14.7693612753898,14.9871935255576,0.0,15782.783383256392,15782.783383256392,1.0,27174.69072435095,0.5807898070800713,early_low_mc,1,1
019edaa3-3b94-77d6-b001-4c3ff74bdd9c,84JwffevVW4McuAiTBm5avGA7WXQWTfiTtJTzkgSpump,Cate,Catecoin,newSignal,2026-06-18 12:09:51.252000+00:00,18513.224983390402,13193.971650146426,12999.425061040214,35835.355771404,7.6221,187.0,130,Animals,pump,,0.12251213333333334,35835.355771404,130,145,23.8733963223698,29.394558972879,0.0,13193.971650146426,19093.69467464097,1.44715292566428,18513.224983390402,1.031354325989737,early_low_mc,1,1
019ed72e-7d41-734d-9562-ec2ad8cca1cc,867NwVrvf1gZGNo9frV6HebkNYnLeNAzMjTkRjJBpump,CELEBRITY,CELEBRITY,newSignal,2026-06-17 20:03:28.705000+00:00,16076.919602027048,14605.645195990524,12174.474169885172,44079.97449971253,6.1267,116.0,79,Celebrities,pump,,0.2905377833333333,44079.97449971253,79,186,16.712098118465,19.4747684522068,0.0,14605.645195990524,14605.645195990524,1.0,16076.919602027048,0.9084853042462799,early_low_mc,1,1
019edbf2-7c56-70fb-ae0c-228f499f6401,86xF689hT7NQuBfs7fqGag8pxeV1pgABSJ1nQdzbW4eq,GPTS,GPT Strategy,newSignal,2026-06-18 18:16:02.390000+00:00,15832.830381731479,12788.301204660278,11806.228596369623,30931.1297973813,5.2312,125.0,79,Others,pump,,2.4186226166666667,30931.1297973813,79,118,21.9904713762482,29.4741995132805,1.8931457e-06,12788.301204660278,34378.356850792734,2.6882661192140724,15832.830381731479,2.1713336164113644,early_low_mc,1,1
019ee0c2-4cbb-713a-8328-ecb37ff29868,87WB5qXyrS86YxoWTiRrMr53yrnnkNyYZJmeNxQ9pump,Elun,Elun Mesk,newSignal,2026-06-19 16:41:30.555000+00:00,14302.467867634594,12985.504271112244,11293.26188089587,31738.45399712127,6.4633,57.0,43,Elon,pump,,0.3974914666666667,31738.45399712127,43,132,20.7670675076889,27.7429074881859,2.6831293902395,12985.504271112244,43661.57400879431,3.362331804543358,14302.467867634594,3.052730089161547,early_low_mc,1,1
019ee03d-87f2-7513-981d-bad9f430b069,89SWf1zfiWSp3doPhM4vstqxjTF1iozs1EU8noN6pump,RICH,Get Rich Quick,newSignal,2026-06-19 14:16:29.426000+00:00,15355.540367146003,15042.359614415385,11670.813992223879,16401.89620015698,8.3221,21.0,16,Meme,,,0.28032868333333333,16401.89620015698,16,144,17.1089389739129,20.7275905746912,0.1290409661774,15042.359614415385,37919.721676222754,2.520862593916685,15355.540367146003,2.469448861425549,early_low_mc,1,1
019ed3f2-bfb6-7029-9528-0882268454c6,8B5jEwgEhbVCGvzdHrs5bAg7w48TZ3GXw3ajFx1fpump,SBF,OFFICIAL SBF COIN,newSignal,2026-06-17 04:59:21.910000+00:00,15250.534510765887,13387.817413574867,12034.111466057155,20324.53547931081,5.3387,91.0,69,Celebrities,pump,,0.4006016666666667,20324.53547931081,69,113,25.9634951202022,16.2629078803701,0.0,13387.817413574867,13387.817413574867,1.0,15250.534510765887,0.8778588976093878,early_low_mc,1,1
019edab2-ed71-733a-903d-a82ec12239aa,8CAkocNsLSeBZcpqGj5cLeHitvzmxu3VuSh16EAWpump,groktoken,groktoken,newSignal,2026-06-18 12:26:59.825000+00:00,28190.663472481607,14180.672742708999,16068.363880837333,25559.3580583984,13.076,78.0,53,Meme,pump,,0.5820237166666666,25559.3580583984,53,72,32.1056222645816,42.8006145151669,7.166462659817,14180.672742708999,14180.672742708999,1.0,28190.663472481607,0.5030272791043567,early_low_mc,1,1
019ed78b-b320-7a24-8f4e-3b82e4a31e58,8DzvCVewDXkbPCLgtkrYjSifUgXrQaabezMwPe6hpump,BPURK,Baby Purple Wojak,newSignalRay,2026-06-17 21:45:17.344000+00:00,118928.10052265102,62221.05113171472,24822.590481894364,163290.24078035326,57.4179,125.0,42,Meme,pumpamm,pump,8.457793433333332,163290.24078035326,42,274,18.7413984201517,,0.6376003018581,62221.05113171472,179771.89987267822,2.8892456267272317,118928.10052265102,1.5116015397760338,ray_migrated,5,1
019ed718-54a9-7ec7-bbd6-01ffd92235e3,8EGQdxX582SyXquriHKYegKmjdds86NbiowQtYiTpump,Ronaldough,Ronaldough,newSignal,2026-06-17 19:39:16.521000+00:00,16953.5970040038,13668.379614902655,12549.419823450346,28602.56646217568,6.4185,58.0,34,Celebrities,pump,,0.33499793333333333,28602.56646217568,34,127,14.973867312688794,5.435243665465251,0.0,13668.379614902655,13668.379614902655,1.0,16953.5970040038,0.806222986878519,early_low_mc,1,1
019edbb7-7c9f-72dd-8f0b-b5da5c56224a,8Ed8BUEffgNvhA3H8euhbAGvkEvvEQQeYR6zqDXMpump,SATURN,ꜱᴀᴛᴜʀɴ ᴛʜᴇᴏʀʏ,newSignal,2026-06-18 17:11:35.839000+00:00,15317.05672567606,12344.924539876085,11657.874121395214,24696.48060766485,6.4047,66.0,46,Space,pump,,0.1887165,24696.48060766485,46,116,23.0180140174464,27.8893203164654,0.0,12344.924539876085,26607.268222010916,2.1553204425077834,15317.05672567606,1.7371005865251525,early_low_mc,1,1
019edc05-e04f-72ba-bd45-91fb3cd81edb,8F9bYsEuk98unhYsp9GkUk3qXPAAf4NoyU7N11i4pump,CLV,CLAWVille,newSignal,2026-06-18 18:37:13.167000+00:00,38340.673096762395,20003.24352564352,13669.139314887349,51961.99175990295,19.5387,21.0,16,Others,pumpamm,pump,0.28559928333333334,51961.99175990295,16,159,24.1787564489472,51.3735348154027,18.5804097635929,20003.24352564352,42438.072434944,2.121559555106138,38340.673096762395,1.106868216106712,ray_migrated,5,1
019ed4cf-9c51-7266-8e62-41cb0c3f6451,8H9umb6ABnSUpb11yBVWT3AJ9oAxxXyfVjFYr9bpBAGS,B100,B100,newSignalRay,2026-06-17 09:00:36.305000+00:00,374787.43850513117,373973.5728472209,8133.128136177001,31507.55975372148,6.0089,46.0,24,Finance,meteora,dbc,0.17108038333333334,31507.55975372148,24,94,1.229389070945137,,2.9530096507e-06,373973.5728472209,373973.5728472209,1.0,374787.43850513117,0.9978284606838573,ray_migrated,5,1
019ede7b-62fc-7b59-bebb-848ef3212609,8L3GUPw4vpJKCvts2VJe3W1w2b2WDjuk1NZgr7DCpump,COGE,Coge Coin,newSignal,2026-06-19 06:04:48.764000+00:00,20060.223045718427,16156.138990297162,13310.328350520682,16155.55844669228,7.995,98.0,62,Meme,pump,,0.34922348333333336,16155.55844669228,62,102,26.5350540566097,21.3327605902397,2.1215644291635,16156.138990297162,16156.138990297162,1.0,20060.223045718427,0.8053818221999014,early_low_mc,1,1
019ed635-a985-7f2f-ae58-c0e8d8a1f891,8P3z2LNkdVMANNGZxM4CiA2dSDbmRqcWcw97go6Cpump,TOWER,Tower Survivor,newSignal,2026-06-17 15:31:41.573000+00:00,15025.371356969235,13303.492909166782,11905.228624618167,31526.10161401498,5.9863,20.0,17,Gaming,pump,,10.705471616666667,31526.10161401498,17,158,33.15048050504115,5.024855645042319,12.161023462015022,13303.492909166782,15248.58310901449,1.1462089853490613,15025.371356969235,1.0148556562591526,early_low_mc,1,1
019edbbd-3903-70f9-9b0c-ac41a667c7ac,8PFLdCjSUpfvTiNRxasLcHGgsmY6LZ42mjf1gq29pump,DPAD,Dpad Gaming,newSignal,2026-06-18 17:17:51.747000+00:00,16202.309640928492,13499.143247456921,11984.824620701513,37125.219473744,7.1453,20.0,16,Gaming,pump,,2.0078860666666665,37125.219473744,16,111,26.5005424799096,20.8996254737885,0.0,13499.143247456921,16938.307765598176,1.2547690957194009,16202.309640928492,1.0454255066703877,early_low_mc,1,1
019ee0ac-d51a-7240-b005-0dab61823087,8QAfLaNuyZhwg4LMomfe8CKX7XwYwSiGQDPUivkppump,MFGA,Make Farmers Great Again,newSignalRay,2026-06-19 16:18:03.674000+00:00,272612.55307789566,225752.67280980616,36761.87814675403,139455.88929487785,131.2155,93.0,30,,pumpamm,pump,1.3442724833333335,139455.88929487785,30,175,64.8614990385384,,0.6735033509494,225752.67280980616,403564.2259816495,1.7876387506678486,272612.55307789566,1.4803581912324337,ray_migrated,5,1
019ed259-e40d-7262-b5a2-cb71604c8b5b,8SXeSRLStHf4DfzJ5J6yMhmKq4BPCfJVewARvhpEpump,TISM,ThisInvestmentSimplyMoons,newSignal,2026-06-16 21:32:46.989000+00:00,14704.938918471922,13543.748000299329,11818.587441524991,17856.62948654298,5.111,87.0,55,Meme,pump,,0.18154251666666665,17856.62948654298,55,93,20.3570229393538,26.3082389256155,5.9221647246675,13543.748000299329,13543.748000299329,1.0,14704.938918471922,0.9210339516124111,early_low_mc,1,1
019ed188-c178-70a0-a8d8-9639267f568c,8US4UWzFwq62p3HtQ45WQdnySCftyM42xzy1bXSxpump,MBGA,Make Bagworking Great Again,newSignal,2026-06-16 17:44:21.112000+00:00,21229.169355246348,13161.5656434487,14143.408838227851,43332.83200404857,7.9698,228.0,161,Meme,pump,,0.3085075,43332.83200404857,161,104,26.522771449344,35.5399194473176,0.0,13161.5656434487,43356.00916630212,3.2941376687873762,21229.169355246348,2.042284765870389,early_low_mc,1,1
019ee0e7-be23-763e-86b7-5e74e7a23e6f,8UxekN1DeMEsZc71LhJTJ39DJKGrkTTq17JYj4uG64GU,UP,only way is up,newSignal,2026-06-19 17:22:24.419000+00:00,18736.922263869234,15765.585081811923,12909.733065094462,26439.85669217775,8.1886,100.0,50,Meme,pump,,0.12075075,26439.85669217775,50,93,58.3150869165478,68.8180697943873,0.0,15765.585081811923,38106.70011531609,2.4170812511917585,18736.922263869234,2.033775855963173,early_low_mc,1,1
019edb77-45cb-79ec-8332-93a5445a4278,8WMAKbe2FhKLnUTXd347vZr9WR85i8TARpCjqNpfpump,HER,Her Persistence,newSignal,2026-06-18 16:01:27.499000+00:00,15770.03836966906,16103.524177123587,11784.368619818155,13945.0041411156,0.6121,22.0,16,AI Agents,pump,,0.4028655,13945.0041411156,16,85,22.7997451239864,2.1689076777167,0.0,16103.524177123587,19179.72789860426,1.191026739715191,15770.03836966906,1.2162131409580554,early_low_mc,1,1
019ed439-97a3-7850-a874-771bbb41cba1,8ZjwoMot9CVkSTZgxQ18t8H8FFpZ1B7hoxh8WBzmpump,Optimi,The Legion Of Optimi,newSignal,2026-06-17 06:16:44.707000+00:00,17712.32699109806,14254.60242646083,12962.940420754365,37332.54392548016,6.343,84.0,69,Others,pump,,3.65127565,37332.54392548016,69,143,25.93359155942516,20.99834968480245,,14254.60242646083,26625.267658658937,1.867836566892559,17712.32699109806,1.5032055173800924,early_low_mc,1,1
019ed75e-1dad-7946-afcb-8afe4e93bad6,8ZkRj5aHf7aPF8xyRjzXYvv7pvRM4uLsbXX8J3Hdpump,kami,kami,newSignal,2026-06-17 20:55:29.965000+00:00,19208.887683067496,20936.600948048683,13333.587923774805,43884.5640495494,8.947,20.0,13,Animals,pump,,0.3556821333333334,43884.5640495494,13,152,21.8900833686957,43.0269005137401,3.5226113374893,20936.600948048683,20936.600948048683,1.0,19208.887683067496,1.0899434310558311,early_low_mc,1,1
019edf12-8805-7d67-9f4e-83a7587566dd,8ZqZUHfAfLV2CzazJ3e5GpJWqUwxE8fkwyvzxjr3pump,Mutsuki,むつき,newSignal,2026-06-19 08:49:54.181000+00:00,15427.439832094135,12570.835956303808,11671.096400579188,21322.98559970271,4.3868,57.0,47,Others,pump,,0.6021718166666666,21322.98559970271,47,168,18.3132991478023,34.751671468249,2.965276564984,12570.835956303808,34511.47774243114,2.745360599914989,15427.439832094135,2.2370191112744413,early_low_mc,1,1
019edc9c-b5b3-71b6-a932-71a81e0ffffa,8aiK3hHFurN9UdbWqdr3WWeoEXYNRPm6XBD8gQeUBAGS,TOPO,TOPOLOGIE,newSignalRay,2026-06-18 21:21:58.195000+00:00,302940.93634276977,275837.7044078661,7203.923292642045,22919.16904546664,4.6602,41.0,22,Art,meteora,dbc,0.4018444666666667,22919.16904546664,22,95,1.267942943280333,,0.2211198598411608,275837.7044078661,275837.7044078661,1.0,302940.93634276977,0.9105329498809066,ray_migrated,5,1
019ede4d-3df3-7e4d-9fb8-379d395ab96e,8dcu4FX92FirAUiZjVdzhmQmk5i5MjtynCMQFuqpump,CZ,CollectorsZone,newSignal,2026-06-19 05:14:24.627000+00:00,15335.865156178541,12199.5535204559,11635.370444404545,27376.72641124188,6.9742,89.0,74,NFT,pump,,4.189232566666666,27376.72641124188,74,172,23.8624835451476,22.6646340446196,14.2561671624488,12199.5535204559,46579.68054351216,3.818146333421837,15335.865156178541,3.0373037366428624,early_low_mc,1,1
019ee123-379a-73b2-adfc-f558dc5cda86,8eJrnMwC3cjGNNMWYBxfpf91AwzTVzgKUL7kQwwEpump,BWICK,bwick,newSignalRay,2026-06-19 18:27:22.138000+00:00,195015.66417935662,61948.15737624833,31005.788710691566,106763.16808831926,91.7956,217.0,92,Others,pumpamm,pump,0.5232732833333333,106763.16808831926,92,374,24.611188180507,9.0638189771661,3.4292637604943,61948.15737624833,221354.33547740523,3.5732190407696476,195015.66417935662,1.1350592600285936,ray_migrated,5,1
019edc5e-9a18-7cd6-9272-ea91aa8a9de1,8eZWTc2ddGHHcoknyoD6KtwK4D9LqgdVRs5g9J72pump,GTA,GTAfication,newSignal,2026-06-18 20:14:07.896000+00:00,14968.745627585928,14788.833085143682,16605.522384331925,12135.150014321353,0.8588,22.0,13,Gaming,pump,,0.25294928333333333,12135.150014321353,13,90,24.4940514785357,0.9594056790802,0.8292641505889,14788.833085143682,14788.833085143682,1.0,14968.745627585928,0.9879807869731794,early_low_mc,1,1
019edbf4-de0a-77fe-b52f-125aa2ff71c6,8eZXqAKedWw8XvUutBmYtn6cCiL2FThfnDYiMwZspump,NPC,Non Playable Corporation,newSignal,2026-06-18 18:18:38.474000+00:00,21413.71319151169,19362.432225972556,13724.940054037377,27115.40651881928,9.7056,20.0,18,AI Agents,pump,,0.3668248666666667,27115.40651881928,18,89,32.3685119969705,52.5385574549957,3.9744588769716,19362.432225972556,50909.7560775203,2.6293058373746305,21413.71319151169,2.377437094735196,early_low_mc,1,1
019eda67-7e27-792a-91e8-c915319d7b8d,8fGjW58g5VdDFeGijjUE9UpT5xv4Bg8QGmmxJvyrpump,Luis,ドン・ルイス,newSignal,2026-06-18 11:04:36.135000+00:00,14764.547448964668,14306.782976019724,11650.342569898907,40354.41983083648,5.9347,21.0,18,Others,pump,,0.40315453333333334,40354.41983083648,18,188,21.4499234751029,12.7203083168728,0.1050032068467,14306.782976019724,14306.782976019724,1.0,14764.547448964668,0.9689956990197459,early_low_mc,1,1
019edcb1-4d1a-70d0-a46a-dd4680e4109b,8iziwdWtVK1N44FkbhyvmobEZStYbtyqhCvzBoC6pump,KART,Solkart,newSignal,2026-06-18 21:44:27.674000+00:00,15300.605710492991,14653.72946117447,11692.974699999422,33429.32062410248,6.518,22.0,15,Gaming,pump,,0.5433495666666667,33429.32062410248,15,170,23.0409256546412,9.4142162153107,0.0,14653.72946117447,18574.353856002163,1.267551301886357,15300.605710492991,1.213961996502143,early_low_mc,1,1
019ed651-1108-7883-b9ff-2bae68d133ac,8j3AkvsuXXPcqQjScTPY8qXo91Ntd8Udz6gz2zMCpump,Pup,World Pup,newSignal,2026-06-17 16:01:37.544000+00:00,16407.39962036048,13694.871525339417,12477.960188226385,22315.57655741139,5.9795,84.0,60,Dogs,pump,,0.3643231,22315.57655741139,60,151,24.0590031247521,19.1990131257425,1.7509910039232,13694.871525339417,13694.871525339417,1.0,16407.39962036048,0.8346765387700438,early_low_mc,1,1
019ed94e-c43d-79b5-91f7-cd19b3a40625,8jUdZnsJSMMf7RCwFwgqJiGUyUdXJXNcS6wuPBQRpump,Elon-kun,Kyosuke Kosaka,newSignal,2026-06-18 05:57:58.461000+00:00,12090.468502278285,14123.650384531136,10515.070269136637,37187.08631947782,4.219,38.0,26,Others,pump,,1.7536884000000001,37187.08631947782,26,164,24.024121326531,17.4656206402578,0.0,14123.650384531136,14123.650384531136,1.0,12090.468502278285,1.168164027876151,early_low_mc,1,1
019ed29b-3553-7c86-9be2-f2b5895d9d62,8jg4V1378f5vCdhj7z2DMSheWk5E6S4PakmxC1dYpump,Nala,Nala Grok Companion,newSignal,2026-06-16 22:44:07.635000+00:00,26179.401983223317,15193.106124885944,15763.88254984323,23237.4059581598,11.1303,86.0,58,Meme,pump,,0.1891909,23237.4059581598,58,112,23.3645593680129,31.8280393256668,0.0,15193.106124885944,30482.494490198682,2.006337232139061,26179.401983223317,1.1643693965864055,early_low_mc,1,1
019ed3ce-d6db-7b24-8b1d-672f0df8109f,8nnFZQgwvxxMparw5Dr626CYS6GMbb73Pg7f43JApump,Messi,Leo Messi,newSignal,2026-06-17 04:20:08.539000+00:00,16650.112745949686,14377.183050799567,12562.25179554682,32547.60559427328,6.977,46.0,34,Sports,pump,,3.4874600666666664,32547.60559427328,34,154,21.3745543922957,26.444074172306,0.0,14377.183050799567,102045.05394802058,7.0977084723384305,16650.112745949686,6.128790567670126,early_low_mc,1,1
019ed25e-2ee5-7c33-8588-a002e44092ab,8ns6sUJwLQa6AsvKGy4nraJB25BPKaEpKLEvKhijpump,ansum,ansum,newSignal,2026-06-16 21:37:28.293000+00:00,20780.892476144272,13652.689762125228,14052.200428853812,49709.97194044236,8.5943,69.0,57,Others,pump,,0.2061076,49709.97194044236,57,108,16.688133469009,0.6331122185178,0.0,13652.689762125228,13652.689762125228,1.0,20780.892476144272,0.6569828402604957,early_low_mc,1,1
019ee0ce-0638-7c6b-8941-df5a597120bd,8oGoTGPstdxKqe7EHUsboWbz4rbkaPG4FFX38CKbpump,Cuakssant,Duck Croissant,newSignal,2026-06-19 16:54:18.936000+00:00,22129.269247438744,14395.14812350451,14027.861930303605,22683.61985186545,9.4914,50.0,34,Animals,pump,,0.20866266666666666,22683.61985186545,34,115,14.1082738086521,26.9823344784525,0.2531530048569,14395.14812350451,41868.39764707778,2.9085075949107275,22129.269247438744,1.8919918764115382,early_low_mc,1,1
019ecf10-72e4-72ae-8e96-63c88953e89d,8oUDXJf7LLL5xwuB969Fu5XKkpffCxDrsqQMb2Jrpump,OR,Obelisk Rising,newSignal,2026-06-16 06:13:42.244000+00:00,15306.170793022546,12912.062889491757,12060.945849561733,15653.37996551329,6.0804,36.0,34,Gaming,pump,,1.4025895333333334,15653.37996551329,34,126,27.9047099189553,21.0758987790716,0.0,12912.062889491757,12912.062889491757,1.0,15306.170793022546,0.8435854443345057,early_low_mc,1,1
019ee499-8462-7865-b4a3-83c1a6a015be,8pFNX35yYB5LoM1pjRbjoMJNNPb7s8ZisgCbhRYGpump,SOYJAK,Ethically Modified Soyjak,newSignal,2026-06-20 10:35:26.690000+00:00,15280.26238355893,12862.137852662963,11863.1515938356,20799.08113458642,5.9537,75.0,57,Meme,pump,,0.9352579333333334,20799.08113458642,57,113,24.480365348344,22.501984621622,9.5560373843727,12862.137852662963,19835.051576925045,1.5421271179128606,15280.26238355893,1.298083179400566,early_low_mc,1,1
019ed640-6912-7d22-baf0-43ac80ace1ac,8sqZY92AXaPqafE1Qz2Lu146nChzHKh2YkrLtKvzpump,Perro,El Perro,newSignal,2026-06-17 15:43:25.970000+00:00,16373.064101223566,14398.512188885828,12427.651939139418,19137.152641195,6.7575,21.0,11,Dogs,pump,,0.5615002833333332,19137.152641195,11,82,26.0824879315694,4.2129720250234,0.0,14398.512188885828,24053.162059765986,1.670531076004683,16373.064101223566,1.4690690704599685,early_low_mc,1,1
019edb92-5597-7215-bb33-febbbff65724,8sxW7Yh8RMfukMu4r4JDw71vM1zg4NUBcexn7Phjpump,GTA,Gacha Theft Auto,newSignal,2026-06-18 16:31:01.015000+00:00,15979.43433849448,20551.16374735408,11892.076057105764,26714.02759972002,7.213,21.0,21,,pump,,0.5425801166666666,26714.02759972002,21,88,33.5282269719216,50.9885199757993,35.0319618481706,20551.16374735408,22720.541270323323,1.1055598383448502,15979.43433849448,1.4218614244428858,early_low_mc,1,1
019ede79-552f-7bd3-a56f-6dbb003aba6c,8ueGMjWFAgoUYq4ZqiTQpE6YCX8AXyrvz4tmZHBPpump,SOLBBA,Play Solbba,newSignal,2026-06-19 06:02:34.159000+00:00,18178.46383597564,13638.505145743446,12673.44874751097,25119.23515571547,8.115,34.0,23,Gaming,pump,,0.30651196666666664,25119.23515571547,23,126,23.762857044752,11.9807086977803,0.0,13638.505145743446,13638.505145743446,1.0,18178.46383597564,0.750256197047437,early_low_mc,1,1
019ed6da-6cc1-7b42-a2e3-509dd40b2edc,8vreH8zd6wKEkqEtaWanKZAcyjjrx4SfT42f5Sqppump,Day,Good Day,newSignal,2026-06-17 18:31:39.457000+00:00,13887.892021451276,13514.7911194725,11434.764653549379,23020.64618984984,4.4978,70.0,37,Others,pump,,0.19574121666666666,23020.64618984984,37,69,35.0298806691584,38.1545136813857,0.0,13514.7911194725,54664.58835605904,4.0447971317364075,13887.892021451276,3.936132875430192,early_low_mc,1,1
019ed89d-2592-7efd-a5fb-04e0c579ef57,8wcSHMoC29kMnuGhXVHjjTxgMRvs1KK2pUGs3b78pump,redacted,redacted,newSignal,2026-06-18 02:43:57.970000+00:00,13361.131119917696,12912.30130700688,11168.247406225544,6270.48538230252,6.9562,38.0,34,Others,,,0.6955466,6270.48538230252,34,55,30.2433479031178,3.2714786051302,5.2974127325655,12912.30130700688,12912.30130700688,1.0,13361.131119917696,0.9664077981959374,early_low_mc,1,1
019ed227-e500-7d25-95d5-e844923d22da,8x7LJbFzGN7JUfJGHQTh1JhpPKduNWfvSQapQNUCpump,Scooter,Imperooterxbt,newSignal,2026-06-16 20:38:10.432000+00:00,13699.311342147923,13318.464766206014,11415.759229957503,12756.18014402973,5.5944,49.0,44,Celebrities,pump,,0.20762403333333335,12756.18014402973,44,118,20.5176136648398,40.2913113823247,0.0,13318.464766206014,75911.84736030325,5.699744579639565,13699.311342147923,5.541289300196384,early_low_mc,1,1
019ee0aa-5869-7dbe-8ab4-5c30e81fa4a9,8xKzNYHuoNeJ1cm1XP6xSPei7XYvdVXXMByAgf8bpump,WOJAK,Wojak Kowalski,newSignal,2026-06-19 16:15:20.681000+00:00,18715.132949584757,12400.145141820954,12919.911446997527,21426.65995934415,7.2828,92.0,70,,pump,,0.24557163333333334,21426.65995934415,70,107,22.5037142952433,35.1136144243112,0.0,12400.145141820954,18866.804165942456,1.5214986558755614,18715.132949584757,1.008104201918644,early_low_mc,1,1
019edbdf-dfe4-77d7-8121-a04bf523139c,8z6P5j8SY5fHp9pXMzTgvRqvYNjLwdXMfVMasvvvpump,Jasper,Сat Wif Glasses,newSignal,2026-06-18 17:55:42.692000+00:00,15394.15557195468,12755.757275755199,11668.505775532178,42031.79851515216,6.2869,24.0,10,Cats,pump,,0.4189849,42031.79851515216,10,159,28.0235810189938,5.1398820174921,0.3991687085192,12755.757275755199,17461.577676142355,1.3689173679505084,15394.15557195468,1.1342991562300526,early_low_mc,1,1
019ee4f3-5c1d-780e-b346-d9ebbe1fa1c0,8zvx2PQmwMY6G8nbjGf9DuLBgZyY136KKBbRZpRoLx9H,AnsemBot,ansem.bot,newSignal,2026-06-20 12:13:34.621000+00:00,16095.325632648517,14488.322354920057,12197.54281833439,18469.62246075219,5.8733,93.0,59,Meme,pump,,0.22374721666666667,18469.62246075219,59,101,25.0323937901883,38.3145973742396,0.0,14488.322354920057,14488.322354920057,1.0,16095.325632648517,0.9001571441046997,early_low_mc,1,1
019ed99b-650a-757f-9ea7-041c2125f00e,912oBRDUjxKsm5U8xRCZUGqSJSCRpmyv7M47y2hgpump,VALOR,VALOR,newSignal,2026-06-18 07:21:40.362000+00:00,14723.211499540837,12538.553242961001,11631.939701225294,23861.7459359976,5.2561,58.0,39,Others,pump,,1.3488773,23861.7459359976,39,112,17.0973620941341,0.0,,12538.553242961001,19435.117841405154,1.5500287365542595,14723.211499540837,1.3200325107067343,early_low_mc,1,1
019edc19-8a5d-7a86-ad5c-bcdfc0c1d870,92tW8BbWytcJ5jGadZftbSadEfSy9jqjDHVZodyipump,POKEWORLD,PokeWorld,newSignal,2026-06-18 18:58:41.885000+00:00,14461.519912427853,12579.736294501621,11302.109560966115,15446.94381726615,6.5232,68.0,43,Others,pump,,0.44853325,15446.94381726615,43,95,33.5554175273539,29.2307288674673,6.5350507052056,12579.736294501621,12579.736294501621,1.0,14461.519912427853,0.8698764978147921,early_low_mc,1,1
019ed718-456d-7a26-b344-e50106ff4179,947JxfuQfFb5zepo9rZFbcjQd856muoGmf28T3usBAGS,FLYWHEEL,FLYWHEEL,newSignalRay,2026-06-17 19:39:12.621000+00:00,412547.7577347389,582137.2853024519,8528.90608397266,17286.540550468,3.6925,47.0,28,Others,meteora,dbc,0.4011395833333333,17286.540550468,28,48,2.565475503059883,,2.5447383984e-06,582137.2853024519,582137.2853024519,1.0,412547.7577347389,1.4110785342742214,ray_migrated,5,1
019ed826-eb3f-70e6-a40e-c35057b6c11f,94CdDjBAzEEi3waMbD3YKXcKaBkuMvpNSbp5HHaLpump,X,X Coin,newSignal,2026-06-18 00:34:49.791000+00:00,15477.249769140277,12919.489760703751,12003.471771111044,13660.19405577265,5.5693,82.0,63,Others,,,0.15391371666666667,13660.19405577265,63,70,24.0329180851038,21.4765382997233,5.8865287439585,12919.489760703751,22379.57157622001,1.7322333923968332,15477.249769140277,1.4459656534613863,early_low_mc,1,1
019edbc3-8816-71f2-8fc7-ce0ca0817bb3,96rbFsE5jawtCNwXhRSKW8SkvKNsDZUidkW6TEX2pump,SKI,Ski Mask Dog,newSignal,2026-06-18 17:24:45.206000+00:00,15109.076847398648,12259.878086590174,11563.338555865434,24424.90496466804,6.1478,26.0,14,Dogs,pump,,3.33108475,24424.90496466804,14,71,23.5738494540929,22.2815635418124,0.0,12259.878086590174,12259.878086590174,1.0,15109.076847398648,0.8114246959238264,early_low_mc,1,1
019ee083-46e1-7301-a92d-00aacc4e8796,97G3xuSATggNYUpXmHp8ZNcNYnZmtjdnqHytsFWxpump,elun,elun mesk,newSignal,2026-06-19 15:32:40.289000+00:00,30264.662380775757,18577.392508358345,12121.36227336418,25806.15175772816,12.8755,139.0,90,Elon,pumpamm,pump,0.13580933333333334,25806.15175772816,90,154,30.4900828994724,55.585495790752,,18577.392508358345,134695.89653580092,7.25052756866705,30264.662380775757,4.4505996743370355,ray_migrated,5,1
019ed81e-cd89-7cd8-ba0a-0b321954fedc,97k2pRofhBrEhHo7k8mnYVGRLb3CW3ToDF3X9Zxkpump,Perori,ぺろりちゃん,newSignal,2026-06-18 00:25:57.897000+00:00,22905.24614408795,21730.86942874213,14596.067455780105,36825.04666995368,10.1152,21.0,12,Others,pump,,0.678119,36825.04666995368,12,141,21.7139003562584,17.0062773264776,0.0,21730.86942874213,59241.51947811062,2.7261458485298973,22905.24614408795,2.5863734057012695,early_low_mc,1,1
019edcc5-2d7a-74c8-8313-63e69d0cebf2,9DE6jYP1uBrt8EwYj2ErTtCSNCLz2rvAzqkA7czxpump,TURBO,TurboRace,newSignal,2026-06-18 22:06:10.298000+00:00,23619.14244351276,25979.068599543516,14534.161598175657,32381.18441657268,10.8229,29.0,27,Gaming,pump,,2.0757968666666664,32381.18441657268,27,158,11.5266043903172,44.6194113126015,3.5583947607408,25979.068599543516,31221.713908803795,1.2018026662184647,23619.14244351276,1.321881773797387,early_low_mc,1,1
019ee109-ed59-7cb8-b8ff-8ab9158ed088,9G4Z9wkL851RZfMFHQETQ6v5GSNqkUTXC5oBtUXcXw1W,bullieve,bullieve,newSignal,2026-06-19 17:59:44.729000+00:00,34865.82789469854,20906.579016620744,13095.407120233349,59682.60604734789,14.0029,128.0,78,Meme,pumpamm,pump,0.3001606833333333,59682.60604734789,78,267,29.9220223849417,64.0875535760756,6.0906832869551,20906.579016620744,448349.97209195566,21.44540107377286,34865.82789469854,12.859295165629172,ray_migrated,5,1
019ed4d0-3427-7a42-a5e8-fefbf0dece6d,9JmruaWd8Dscxs1GBVbnckGWWsoVdJwg9DDFGFW9pump,GC,gamercat,newSignal,2026-06-17 09:01:15.175000+00:00,15742.496606596376,13070.456347529667,12106.721279941588,19844.1796138537,5.5868,61.0,43,Animals,pump,,0.23874478333333335,19844.1796138537,43,111,24.5222183734099,30.4153361378383,13.8811166191195,13070.456347529667,25117.493083954567,1.9216997797251207,15742.496606596376,1.5955215815914425,early_low_mc,1,1
019ed688-578d-7e27-bba2-6b2068625aa3,9KKDeJy7mk79A26kv56jXwxBJyGfy3yfEKNjAaBBpump,GUNVOX,GUNVOX,newSignal,2026-06-17 17:02:00.077000+00:00,15287.153670752523,13509.746795353169,12046.387258557354,21180.98606515875,6.3339,21.0,13,Gaming,pump,,1.7945954166666667,21180.98606515875,13,123,22.574031666679,3.0386343153681,0.0,13509.746795353169,18763.421779195465,1.388880344200778,15287.153670752523,1.2273979959456913,early_low_mc,1,1
019ed9cd-40d1-7d7f-8667-56c2f2afdc78,9KNoVkNKSx6GrMcF4TbMu9LL2X61CaBxBAaQhQuipump,BADUSSY,Badussy Coin,newSignal,2026-06-18 08:16:07.889000+00:00,15770.977524018976,14793.773977729674,12072.347258924487,32517.76544344188,4.0159,21.0,16,Meme,pump,,0.5824457666666666,32517.76544344188,16,173,19.9278923196538,5.3923681517205,0.1219290893414,14793.773977729674,35442.8840940313,2.395797323075673,15770.977524018976,2.2473485895247958,early_low_mc,1,1
019ecfca-1fa1-7588-aa43-8bf3c84e75c6,9KYHoKbNss2Mi1EiHugQ2vsNGdNJP4iyRhe64Bdfpump,YoungBob,Justice for Youngbob,newSignal,2026-06-16 09:36:30.625000+00:00,15104.090134680517,13977.166580970725,12082.250805023268,27255.42242108628,5.1923,32.0,18,Others,pump,,5.469477683333333,27255.42242108628,18,109,27.0687221444177,4.8993538503165,0.0,13977.166580970725,13977.166580970725,1.0,15104.090134680517,0.9253895108105676,early_low_mc,1,1
019ed9a6-2001-7c50-9c2f-cd97d9634721,9LCZgbzGPVDgoFCZueNYt7Ks5pHYCZ3YDNhtK7N8pump,AI,AI Coin,newSignal,2026-06-18 07:33:23.585000+00:00,16555.71733497411,14362.040472768347,12354.381302117738,16463.0587691925,6.7592,27.0,19,AI Agents,pump,,0.41210766666666665,16463.0587691925,19,79,27.3169789422271,22.1972680699365,0.0,14362.040472768347,18546.902507781582,1.2913835288897904,16555.71733497411,1.120271754616218,early_low_mc,1,1
019ed567-d00e-727b-9002-78d177898e91,9Mk9Nycuj6RAL8ah2mQGoMqVqJSAyoKqP2DGQinRBAGS,SQUEEZE,The Great Squeeze,newSignalRay,2026-06-17 11:46:51.022000+00:00,2284814.997320904,1315241.522960221,19994.280283915086,12095.5931907042,15.5598,45.0,24,Others,meteora,dbc,0.6013528333333333,12095.5931907042,24,57,3.296844113493776,,0.3505597451104929,1315241.522960221,1315241.522960221,1.0,2284814.997320904,0.5756446471606796,ray_migrated,5,1
019ee0ec-bb9f-76ac-89dc-01ae56966b5a,9Mskkmd9224FubrQdPZB4u2u4bDgY5q8BT3rK6UBpump,Mercury,The Patriotic Eagle,newSignal,2026-06-19 17:27:51.455000+00:00,23823.880622791392,16924.85997054563,14550.712109574579,38133.88841979815,10.2357,77.0,57,Animals,pump,,0.33149005000000004,38133.88841979815,57,162,16.7019829269405,48.0876544153572,0.0448302684281,16924.85997054563,16924.85997054563,1.0,23823.880622791392,0.7104157479010479,early_low_mc,1,1
019ed841-f817-7122-a52e-4d99f81e9a88,9NKbxNRp9ZqVnh9ck2tiygi7RRRz2morZ9DmbXcKpump,Frost,Saber-Tooth Tiger,newSignal,2026-06-18 01:04:22.551000+00:00,22264.93990098386,14543.400275669954,14389.979098726913,38265.80817274516,9.4348,99.0,77,Animals,pump,,0.33357811666666665,38265.80817274516,77,92,19.539896468774,24.2952311344289,0.4535782677264,14543.400275669954,56868.85037722937,3.9102857171831267,22264.93990098386,2.5541883620676833,early_low_mc,1,1
019edbde-817f-7552-b359-3803696571d2,9NXV4xRwubmrKRqWaH7jBvmUoNLgp6uMbZNL1XBapump,MTRG,Micro Tragedy,newSignal,2026-06-18 17:54:12.991000+00:00,19528.423694036173,12890.082677681161,13143.24292367699,38813.92282318629,8.5957,38.0,28,Meme,pump,,0.29543811666666664,38813.92282318629,28,216,19.4803790858415,2.262148620805,0.4229917928906,12890.082677681161,37893.95492197835,2.939775940117959,19528.423694036173,1.9404512886286294,early_low_mc,1,1
019ee057-b8a1-729a-9070-66b1409011a0,9Rfs3myEp3c94G4vWWgKj42oynQbAZqkqPTAqCVapump,Buddy,The Nietzschean Cat,newSignal,2026-06-19 14:45:05.825000+00:00,16835.26240823255,12592.519019903455,12258.301276752647,20927.0039906616,6.8967,47.0,28,Animals,pump,,0.6792572666666667,20927.0039906616,28,82,22.0020115751699,2.3084658454598,0.0,12592.519019903455,12592.519019903455,1.0,16835.26240823255,0.7479847188925095,early_low_mc,1,1
019ede95-d12f-749d-967c-a69e97a6ff21,9SwT7SmkAYGoFTL8D4XseHLxAmVgubeFPKZEyv4jpump,Cookout,The Cookout,newSignal,2026-06-19 06:33:40.911000+00:00,16110.830378920024,12476.112322890014,11933.11579136349,33568.8662504619,7.0037,51.0,35,Others,pump,,2.9297884499999998,33568.8662504619,35,206,22.1791909592372,12.0201858701458,0.0,12476.112322890014,14026.045316772677,1.124232048715928,16110.830378920024,0.8705972930560332,early_low_mc,1,1
019ee016-23d1-740e-b74b-441b47d24669,9TrRZM1xRzmDYExhBbTGruzMUZsYUvz2UY3cafjdpump,Jason,Jason Duval,newSignal,2026-06-19 13:33:27.889000+00:00,16718.39007782784,15723.986831305334,12144.082472339584,30013.41402051928,6.5801,26.0,14,Gaming,pump,,0.32614698333333336,30013.41402051928,14,110,23.5303815908177,21.8811282137742,0.0,15723.986831305334,19512.59315269219,1.2409443840186898,16718.39007782784,1.1671335016025293,early_low_mc,1,1
019ecfb7-0fa8-7538-808a-866459188bda,9UgQrXsbXVqEjFDFH8ScAiEDmD1The37VgTFCcuNpump,Kohen,Justice for Kohen Wiley,newSignalRay,2026-06-16 09:15:41.352000+00:00,61388.28927459745,61619.244709186336,18124.963446048983,61051.19095005655,5.9843,148.0,67,Others,pumpamm,pump,0.47411861666666666,61051.19095005655,67,367,21.005340026322163,23.074097115951492,0.2498532840155353,13379.322622419239,53227.833542416185,3.978365351114582,61388.28927459745,0.8670682009775751,ray_migrated,5,1
019ed73f-900b-75cd-9742-a48f90da873b,9W9ML53KohjgodwGTf76tKoHHLvqdvdKzifiofiXpump,MOON,Millionaires Out Of Nowhere,newSignal,2026-06-17 20:22:07.627000+00:00,15675.50823144427,12684.530257885228,12036.579911473453,15171.67852913179,6.3868,61.0,57,Meme,pump,,0.45179241666666664,15171.67852913179,57,98,21.7751077595257,31.4175086167762,1.8317913435523,12684.530257885228,392195.97956466605,30.91923560360943,15675.50823144427,25.019665951113527,early_low_mc,1,1
019ee4c5-1d0b-7ae9-b628-b1ca114b485a,9Xy1CfEovkNgmtX54kqhVVpZnFNxh23jNQNdLc8ipump,Gabriela,GTA6 GIRL,newSignal,2026-06-20 11:23:03.819000+00:00,15669.848619518421,13585.291989303341,12005.88504269933,12403.4419355888,5.9428,50.0,32,Gaming,pump,,0.45938728333333334,12403.4419355888,32,96,27.9268949298562,9.9382747687937,18.1530747814179,13585.291989303341,14274.02968237323,1.0506973051158695,15669.848619518421,0.9109232660099502,early_low_mc,1,1
019ed456-e0d2-7232-8ccd-be4e849e08e9,9Yyv1whbUfmyqFj5d5esvfmViQP8DRcDxTWTcQ3zpump,Pitoco,The Patriotic Dog,newSignal,2026-06-17 06:48:43.986000+00:00,15353.886789312053,13092.619524726975,12040.442254302408,30319.25284623238,5.6174,82.0,68,Animals,pump,,1.8325460999999998,30319.25284623238,68,172,19.248827372553,15.148799664405,0.0,13092.619524726975,98698.52794221429,7.538485919934535,15353.886789312053,6.42824382493943,early_low_mc,1,1
019eda3e-0ff0-782c-b39c-7e8f6a1bc3a3,9ZY7aKNXaNqxvKNPKCnFcEb5j68aEoaEw9pN5RmJEg7f,AYE SOLANA,Solana Song,newSignal,2026-06-18 10:19:20.944000+00:00,18181.632140593945,13328.54933860806,12920.591455646261,25074.5561080427,7.2995,78.0,59,Meme,pump,,1.3406632,25074.5561080427,59,167,20.277898246689,21.011755555843,0.0,13328.54933860806,198459.196743281,14.889782203710302,18181.632140593945,10.915367509838854,early_low_mc,1,1
019ed243-f537-7c09-be5b-c00bb92eabeb,9cRCn9rGT8V2imeM2BaKs13yhMEais3ruM3rPvTGpump,ANSEM,The Black Bull,newSignalRay,2026-06-16 21:08:49.591000+00:00,294395.69774356554,102948.16714117743,39707.030801774905,165105.00705829915,35.9234,600.0,242,Others,pumpamm,pump,0.5941658833333333,165105.00705829915,242,261,73.1148116668809,2.804423854605988,7.230147037494521e-06,102948.16714117743,768964.5798501631,7.469434388235854,294395.69774356554,2.612010249280112,ray_migrated,5,1
019ed9e3-cfce-702a-a7bd-591f4a811928,9eQDmmm2VU7czhTWFwpQcr8oURg7VUoF4bTj1Eoqpump,Paz,Drinking Cat,newSignal,2026-06-18 08:40:46.286000+00:00,15876.781799877284,12873.267581901642,12124.777480981313,31017.01343131568,6.5688,22.0,13,Cats,pump,,0.12132825,31017.01343131568,13,154,23.442093518007976,16.9456113930086,0.0,12873.267581901642,12914.249393701786,1.0031834817026377,15876.781799877284,0.8134047287720237,early_low_mc,1,1
019edb0a-7d43-7f14-b664-56aa32c5adc5,9evCye9diSxD6aG1Dn7veRbvoMBCfWGApcEa2Gxhpump,RAUL,CRYPTO MOGUL,newSignal,2026-06-18 14:02:38.275000+00:00,16266.114413978536,13046.21795616818,12191.461040433587,90697.66546232,6.3953,36.0,23,Others,pump,,0.10292655,90697.66546232,23,123,25.896317036787,10.0418179872153,0.0,13046.21795616818,13732.982929373691,1.0526409244052841,16266.114413978536,0.8442694167681521,early_low_mc,1,1
019edd20-1e26-7a14-8c51-f30b98143b3a,9ey7zGjpgQ9a4R5YxdEnv6y99xWeNFUNRow48dyfpump,Percy,Elon's Dog,newSignal,2026-06-18 23:45:30.150000+00:00,17550.878551381214,12721.855745682615,12542.79082339092,46209.54057932338,6.9222,40.0,28,Elon,pump,,1.8978518666666666,46209.54057932338,28,161,23.216164560471285,12.213922930616384,0.0,12721.855745682615,78041.428184198,6.13443743933999,17550.878551381214,4.446582429234366,early_low_mc,1,1
019ee51a-bde7-71e2-85a5-3b3bdcb1601e,9gQ19UDVExbLxXrBgZpN7exB963CTBhVZJCM9wjQpump,Memeplex,One Ring Memeplex,newSignal,2026-06-20 12:56:35.559000+00:00,15021.567587491392,13182.915891466713,11754.077003696271,41842.1624771865,5.7358,45.0,36,Meme,pump,,0.6795171,41842.1624771865,36,186,22.9894945657429,13.5662749738794,0.0,13182.915891466713,13182.915891466713,1.0,15021.567587491392,0.877599212910659,early_low_mc,1,1
019edb30-260b-70a6-bfdb-b9d04e146e74,9gVWVw7kfMaUoF7Qx2MFs7VJk3o35YG8sUG6pec7pump,ELONGOAT,Elon The GOAT,newSignal,2026-06-18 14:43:46.315000+00:00,15853.72404367784,16843.66002763646,12052.154982335924,8183.73538554048,6.5673,29.0,25,Elon,pump,,0.21017295,8183.73538554048,25,101,28.4101136980791,18.0642315452641,0.0,16843.66002763646,25338.627411726742,1.5043421305198545,15853.72404367784,1.5982760480703144,early_low_mc,1,1
019edb5f-d535-7122-9db4-671c53b00295,9h66V2NiHU3PpviwceSg4KZ7xqStLTDej58o5pdhpump,Vort,Vort,newSignal,2026-06-18 15:35:51.349000+00:00,18443.32321153024,13205.560122046025,12867.350858581152,6370.0532412742,8.0023,32.0,24,AI Agents,pump,,0.18247506666666666,6370.0532412742,24,109,27.0459152699628,23.93331008258,0.0,13205.560122046025,409512.436584487,31.010607107897403,18443.32321153024,22.20383126661639,early_low_mc,1,1
019ed759-293b-723d-891e-5f82c1355dfb,9hBVKX5bEn3pDhWYCzacFrhSoQCPdkYZj3DdhoUZpump,POKEWORLD,PokeWorld,newSignal,2026-06-17 20:50:05.243000+00:00,18664.754786066223,13014.005410377835,13137.26815268165,20914.09610777311,8.144,106.0,68,Gaming,pump,,0.08667209999999999,20914.09610777311,68,126,22.5795605205255,28.0349836178209,2.7436364767979,13014.005410377835,13014.005410377835,1.0,18664.754786066223,0.697250275159959,early_low_mc,1,1
019edc2c-b64e-78b2-b8d5-0799d289aae9,9hgbjVxihuEm6wrHPpDgJ9kxU7Cpr7ypz3kfg45xpump,CENTER,Card Center,newSignal,2026-06-18 19:19:38.318000+00:00,17127.84482122832,12843.44933632531,12299.07258949188,8488.34173720575,7.8474,56.0,48,Others,pump,,0.20312821666666667,8488.34173720575,48,53,29.7032950396598,23.2278839163207,8.4832646612005,12843.44933632531,12843.44933632531,1.0,17127.84482122832,0.7498578758961599,early_low_mc,1,1
019ed4b0-bb9a-7ac7-beed-9c6c4241d133,9msS65PmF3AdBDzqDwgTpU155B3N8Q2WpS8VTvoJpump,CRAB,尼采式的螃蟹,newSignal,2026-06-17 08:26:52.698000+00:00,15724.485488880442,14346.235834061777,12141.564942830135,42580.709326229,5.6209,57.0,45,Religion,pump,,0.4321786,42580.709326229,45,158,18.8560230787522,12.0070158619296,0.0,14346.235834061777,16175.270084629881,1.127492275445904,15724.485488880442,1.0286676849343155,early_low_mc,1,1
019ed3eb-5950-7a18-b82f-9200e420319f,9n8rpiJqKuCh8CZAfe3DK5232a4KMdY5UK97BH3spump,AOAS,American Oil Asset Supply,newSignal,2026-06-17 04:51:16.944000+00:00,37336.26265564719,27511.851315812455,13927.870118874736,7035.3722858766,5.0896,24.0,18,Stocks,pumpamm,pump,0.3044568166666667,7035.3722858766,18,75,20.3532920223127,7.9838636182474,0.7454175991806,27511.851315812455,438039.9953404089,15.921865464889493,37336.26265564719,11.732293598329784,ray_migrated,5,1
019edf71-8a4f-792f-bda9-1e1def74c841,9nCVrJcYDZX8QfJDZ22pMPNtdZkDijj3H4Fc3sZMpump,ARTIFICIAL,Artificial,newSignal,2026-06-19 10:33:40.687000+00:00,18719.278376883223,13128.936115021439,12818.3624131865,25441.03647520192,8.4231,57.0,54,Others,pump,,1.8640407333333333,25441.03647520192,54,99,21.7448161767999,25.7866707639901,,13128.936115021439,13128.936115021439,1.0,18719.278376883223,0.7013590935874217,early_low_mc,1,1
019ed697-9cdb-7c1a-bd69-4f203006b052,9oivhRMQVbofmBuTZyeyWYTKTxfeHbXmLWH8dptKpump,POTA,POTA,newSignal,2026-06-17 17:18:40.859000+00:00,18698.266370054484,16833.06445726325,13306.361242124756,7347.28784339352,6.8666,30.0,21,Politics,pump,,0.19693713333333335,7347.28784339352,21,95,32.5505057854073,23.8271904010901,0.4974375100403,16833.06445726325,16833.06445726325,1.0,18698.266370054484,0.900247334385054,early_low_mc,1,1
019ed243-29c7-72d7-86b8-6239c76079cc,9pM5VDY9tQE6DrFNicTq7W9TXe3umHK2grnjsMP5pump,Ansem,blknoiz06,newSignal,2026-06-16 21:07:57.511000+00:00,16442.392449865543,15253.36023608882,12521.108591476666,18388.02102267072,5.9065,71.0,53,Others,pump,,0.3407598,18388.02102267072,53,85,28.1291748362806,36.047678535083,0.0,15253.36023608882,15253.36023608882,1.0,16442.392449865543,0.9276849632799972,early_low_mc,1,1
019edc61-ad62-7e89-8225-e6f82d93fd8f,9qYjeVYArMTE5tRQe4G7fuE9nDQYdeUU32wDGqXcpump,SHT,SHITCOIN,newSignal,2026-06-18 20:17:29.442000+00:00,16182.957900395428,12868.228199211002,12047.07746341066,17143.75322268412,6.5547,58.0,49,Meme,pump,,0.5954432166666667,17143.75322268412,49,70,29.8082286059911,40.0295655906285,0.0,12868.228199211002,13961.391298265149,1.084950552798028,16182.957900395428,0.8627218450542966,early_low_mc,1,1
019ed7a5-a355-71ba-82cd-6fc94235c325,9qwxahBxcgKyn5X7kZvkN7qxKZg6pkVD8Lo4URtopump,CS,chicken shrimp,newSignalRay,2026-06-17 22:13:37.237000+00:00,69606.90233675968,74270.6252723606,18950.193370573314,147587.49770515438,5.4189,79.0,20,Animals,pumpamm,pump,0.21407155,147587.49770515438,20,516,20.533219452111656,5.3537744626068475,0.3362131805433193,26242.95428433893,309522.9191727256,11.794515046556336,69606.90233675968,4.446727390270107,ray_migrated,5,1
019ed1d6-3f77-79e2-b01f-39eeb8c00b05,9rNQ5oCh5Ujb3NkkhLUA5kGDbgYV5qB4JjT5gsnMpump,WHATIF,What If We Buy And Never Sell,newSignal,2026-06-16 19:08:59.639000+00:00,23106.523889889348,13461.53078425174,14802.811899104508,26205.27284248809,9.3735,128.0,75,Meme,pump,,0.11479731666666666,26205.27284248809,75,147,25.9001943544958,20.3767330653992,0.0,13461.53078425174,13461.53078425174,1.0,23106.523889889348,0.5825857168477887,early_low_mc,1,1
019ed6ca-9697-7a10-a18a-a37a3c67146f,9sNUvE8gB4aRTFw5u96pg1ZtXQN3r71iGdmEsCrNBAGS,ASTEROID,ASTEROID,newSignalRay,2026-06-17 18:14:21.591000+00:00,724230.2318027883,438670.33022968634,11460.629217378571,35187.74705069361,9.3611,170.0,64,Space,meteora,dbc,0.2924185666666667,35187.74705069361,64,80,1.5149072650088538,,0.7850806048927164,438670.33022968634,438670.33022968634,1.0,724230.2318027883,0.6057056319476298,ray_migrated,5,1
019ed7e3-b2a3-7cbe-b742-d751e30d9cc7,9sunKMkrMquqw5om5sAzXj2BJcUMvvbGuGNXCbBmDC9S,Yeat,The Yeat Minion,newSignal,2026-06-17 23:21:24.387000+00:00,15555.928700294417,14146.773149436975,12010.613051220529,20583.84135055586,5.5832,88.0,62,Others,pump,,0.7163865833333334,20583.84135055586,62,134,23.8579715214249,26.0581184541238,0.0,14146.773149436975,35424.68291891488,2.504082206218507,15555.928700294417,2.2772464184825183,early_low_mc,1,1
019ed182-43ce-71ed-aa5e-6326f9467494,9tFUaADms9caDR4v8iYpfSwPbuzDJYfdj4Aknmxxpump,Unkirkify,Unkirkification,newSignal,2026-06-16 17:37:15.726000+00:00,21443.84946942173,14917.909317351001,14222.52460368907,25538.22388613111,8.7399,107.0,72,Others,pump,,0.3387212666666667,25538.22388613111,72,116,28.2901687369181,44.9652008627068,0.0,14917.909317351001,31058.043051547604,2.0819300071373967,21443.84946942173,1.4483427099148134,early_low_mc,1,1
019edb09-3e24-7d0b-b43b-c27a96480684,9tgdsnV61nBdcZFqzLSQdJEt5ZfMmEgCP6rjxirgpump,IMG,Infinite Money Glitch,newSignal,2026-06-18 14:01:16.580000+00:00,17009.70948777388,13074.412543616289,12466.656394862277,29508.49697898258,7.297,41.0,27,Meme,pump,,0.2361016,29508.49697898258,27,123,24.6116974040009,7.7688263541529,,13074.412543616289,18159.57303420823,1.3889398834271007,17009.70948777388,1.06760042240938,early_low_mc,1,1
019ed91f-d9c0-77ce-98ab-2404fafc6465,9udqGc6dTxhn8Krdu675mcEAiSZ6BjnE77omqL1xpump,Kelsey,The Solo Rower,newSignal,2026-06-18 05:06:43.776000+00:00,16900.629143704027,13133.489751389905,12417.73933182671,12505.71563019616,6.7644,63.0,56,Others,pump,,0.42083138333333336,12505.71563019616,56,99,29.8518775684332,30.4963545750064,13.3869532108251,13133.489751389905,188929.1920892173,14.385300149887664,16900.629143704027,11.178825976404488,early_low_mc,1,1
019edc7a-2b48-72bf-867e-532e46c0b627,9vfRMTdHQMHnQ5MiFN33xg6GLwLXnTAW4tbjS2mypump,Runechain,Runechain,newSignal,2026-06-18 20:44:14.536000+00:00,14922.16035636688,14383.656514555707,11581.1505783412,12287.62298656008,6.6543,20.0,16,Others,,,0.24008096666666667,12287.62298656008,16,74,23.889071050626,21.1676969575618,0.0,14383.656514555707,65706.42062718244,4.568130541819465,14922.16035636688,4.403278014576977,early_low_mc,1,1
019ed3fc-1035-70ae-8ad2-da8020fa4a23,9xixk71Wfqr8gA43gHeeSWUUgMrYDGnrYjm1NRZhpump,SBF,OFFICIAL SBF COIN,newSignal,2026-06-17 05:09:32.341000+00:00,21425.942705614838,14308.341874671185,14266.0861459624,16825.16137572483,6.6655,70.0,54,Celebrities,,,0.27345828333333333,16825.16137572483,54,96,27.2600012246672,15.1834514226426,11.5330050568987,14308.341874671185,14308.341874671185,1.0,21425.942705614838,0.667804542897502,early_low_mc,1,1
019ee008-2ed0-7e11-9e28-29e74f080866,9zPnV3BDM3Ryph485gp5x5jpF5cTa76wT3Ttveuepump,Navi,Navi,newSignal,2026-06-19 13:18:13.200000+00:00,13992.81009829474,14233.857895801935,11111.784849907965,16954.37034794622,5.946,75.0,57,Others,pump,,0.08569975,16954.37034794622,57,95,35.7391953037206,32.7180066954242,10.2690712013762,14233.857895801935,25137.194979850352,1.7660141870085828,13992.81009829474,1.7964365129856041,early_low_mc,1,1
019ed7f3-b140-7211-b34d-d1de44ea39f6,A1aAXj2jWDzzPTv2LEWVBiXUahGVnGwDmivN7YWEpump,SHILL,The Shill Coin,newSignal,2026-06-17 23:38:52.608000+00:00,16951.918262985557,15485.19906517909,12532.738589845601,24404.412313728,6.6597,97.0,72,Meme,pump,,0.16472733333333334,24404.412313728,72,152,20.3150804239761,37.8051402675044,0.0,15485.19906517909,15485.19906517909,1.0,16951.918262985557,0.9134776858257367,early_low_mc,1,1
019ed741-6f6a-7539-8df0-845637e43e65,A1srGG2jZFyzT79ksrdZKrz3xFNzA2ckb9FncmtWpump,Boss,Congo Final Boss,newSignal,2026-06-17 20:24:10.346000+00:00,15099.18876957746,15764.508274709413,11814.06266825628,26427.99391713569,6.2101,21.0,14,Others,pump,,0.25520681666666667,26427.99391713569,14,107,26.2287372471209,9.5214853884212,0.0,15764.508274709413,16238.877786873996,1.030090980568395,15099.18876957746,1.075480148946335,early_low_mc,1,1
019ed9d5-1ff7-72e7-9b87-08e3e44f849f,A2R6WLJV67K6TVCHNWbEULcWzYobHYPdwe5beC2Rpump,NEGRITO,Qué Pasó Negrito?,newSignal,2026-06-18 08:24:43.767000+00:00,15607.592514797385,12663.310185347005,12008.803527678341,40642.81228034868,6.362,21.0,16,Others,pump,,1.2829976333333333,40642.81228034868,16,160,20.4868729017413,2.9576568740587,0.0,12663.310185347005,24522.566859274015,1.9365052660282789,15607.592514797385,1.571194714112663,early_low_mc,1,1
019ed704-af13-73d7-ae0a-41829d56069e,A2xbyhjEsdEBF89WYAo6GyRok5mgw2SLNw1RPh2fBAGS,DECOIN,Decentralized Coin,newSignalRay,2026-06-17 19:17:48.947000+00:00,205083.87511609154,137087.64740431923,6120.751274134148,34685.07171782184,2.6513,69.0,33,Others,meteora,dbc,0.1887795,34685.07171782184,33,89,1.5038077779641783,,0.7528200842874441,137087.64740431923,137087.64740431923,1.0,205083.87511609154,0.6684467383245914,ray_migrated,5,1
019edc0e-7494-7095-9a31-fe6e9fa5a7a2,A3pSvCXGcdvicHn8cR7PinrTjpuPLXcsTBZQTkTjpump,DINNER,Chicken Dinner,newSignal,2026-06-18 18:46:35.412000+00:00,22239.499456046462,12784.435638477036,14011.631629329595,33332.84286664776,10.5223,26.0,10,Gaming,pump,,0.23151611666666666,33332.84286664776,10,127,29.5607499543836,4.905409831466,0.1802645368957,12784.435638477036,31210.97862764082,2.4413262744039965,22239.499456046462,1.4034029268206032,early_low_mc,1,1
019ed898-de31-743b-ba63-22dfbca72364,A5KGkmizjton39YXYptuyYRBbgFAwbdVq6aAz3Wwpump,CHEESE,Cheese Game,newSignal,2026-06-18 02:39:17.553000+00:00,17324.732354303356,19781.940452888106,12714.806732561563,25415.56173472119,7.2364,24.0,16,Animals,pump,,0.3376584333333333,25415.56173472119,16,77,24.0855966748679,9.6586482910706,0.0,19781.940452888106,19781.940452888106,1.0,17324.732354303356,1.1418323843816494,early_low_mc,1,1
019ed1f3-a2a2-786d-b77a-e58b4095643a,A5tu2Wh5ZkXirf5yAYsPgXqbetGBNNnSrWMjehuZbonk,DARE,dare market,newSignal,2026-06-16 19:41:05.570000+00:00,40862.89763753876,37656.23567051471,66208.00859122543,13628.89070158161,0.5833,32.0,24,Others,launchlab,,0.36116983333333336,13628.89070158161,24,64,13.71724363323,,2.91184402889,37656.23567051471,37656.23567051471,1.0,40862.89763753876,0.921526319658784,early_mid_mc,2,1
019ee136-e504-7978-9d77-38cb0b049c21,A7FYD3854T23r3dfNFtW9bFNjVN4kihodpSznQSnpump,HARRIUT,HARRIUT TUBMUN,newSignal,2026-06-19 18:48:51.716000+00:00,15401.346750942046,12482.526676768259,11687.39182116783,20259.45718983108,3.3996,53.0,53,Politics,pump,,1.156517,20259.45718983108,53,103,28.9495920582315,30.6803754578676,0.09577329987,12482.526676768259,12482.526676768259,1.0,15401.346750942046,0.8104828024863959,early_low_mc,1,1
019ed398-73a8-70a4-91b7-86f9b3a3663e,A81BtTKJ9bnnugRdkFyn8czmk7Li5wrd7MNMN8k5pump,Trump,特朗普,newSignal,2026-06-17 03:20:44.200000+00:00,17921.341991539724,13037.481746505568,13037.47013336766,40301.52532813376,7.2153,70.0,61,Trump,pump,,2.1247482166666667,40301.52532813376,61,215,17.6293932432017,4.7200949005161,0.2457442206058,13037.481746505568,76192.82371105511,5.844136558923816,17921.341991539724,4.251513293313865,early_low_mc,1,1
019edf0c-cc09-7e2a-8c0b-832bfc98e60d,AAe2ZauoJYV3L2z4tja82MJuw21SrTkjEQDBidwepump,TBC,THE BORING COMPANY,newSignal,2026-06-19 08:43:38.377000+00:00,15205.961573890394,12584.054742540775,11587.703735746212,30973.5795799379,6.1836,35.0,28,Elon,pump,,8.50391265,30973.5795799379,28,118,25.0019071459207,26.4421278197378,0.0,12584.054742540775,12584.054742540775,1.0,15205.961573890394,0.8275737566079608,early_low_mc,1,1
019ed6a0-1fed-72fc-9536-47a47ac9a087,AAewLLCEer9RWGyRnPaiErvuJnFWgjoSx7cWeFXrpump,trenchpacks,trenchpacks,newSignal,2026-06-17 17:27:58.701000+00:00,17171.52832737509,14344.117667039258,12773.040649363262,44087.8976263566,5.8409,161.0,100,,pump,,0.71469675,44087.8976263566,100,177,20.5659034926212,37.5589892170109,2.1175080110863,14344.117667039258,14344.117667039258,1.0,17171.52832737509,0.8353430978052003,early_low_mc,1,1
019edda4-19e8-717d-9f77-71d15303075d,ABq9niaH28GhGzZXbG78TT43tqoz5nNrBDp68nBMpump,POKESTRAT,POKESTRAT,newSignal,2026-06-19 02:09:39.816000+00:00,26043.414550129102,23984.023722667498,15312.550700204627,38771.00532374944,11.6555,22.0,12,Gaming,pump,,0.14065358333333336,38771.00532374944,12,122,27.1552820982786,7.8635235272432,5.0301898530794,23984.023722667498,36892.735521154704,1.53822127378431,26043.414550129102,1.416585964568606,early_low_mc,1,1
019edfaf-067d-7855-bebd-a0e30f38b9bf,AByfnzEYM9YCqrWSQsdCNfnRu5PSycd88kVBpK59pump,Worm,Crypto Clipper Worm,newSignal,2026-06-19 11:40:50.173000+00:00,16304.408998671597,12009.50673776959,11974.486973105253,27587.55848730811,6.7706,43.0,34,Others,pump,,1.7757720833333333,27587.55848730811,34,151,25.0194449747238,18.0048702532531,0.0,12009.50673776959,17283.48257100366,1.4391500790492544,16304.408998671597,1.0600496204684164,early_low_mc,1,1
019ed1a8-093b-7e61-bfa6-d26e71756939,ADA9mtno4BVknoSefbqdh7aMPg4wwxZHKByRpJNTpump,RIZZMAS,Rizzmas,newSignalRay,2026-06-16 18:18:31.099000+00:00,523661.78728694125,497208.4148687229,52234.15546193487,21468.663130864,66.1442,69.0,20,Meme,pumpamm,pump,0.8583716333333334,21468.663130864,20,42,94.9679465764663,,4.553865e-07,497208.4148687229,806349.2098823613,1.6217529425668717,523661.78728694125,1.5398282430727013,ray_migrated,5,1
019eddba-4adf-7d58-b225-50749fd8d871,AHGnx8kuzyKKTecwmoxZtVQ9ySVosMo677dgrBcgpump,HOE,Horizon of Eternity,newSignalRay,2026-06-19 02:33:54.143000+00:00,300940.0760475561,294214.2392484629,41045.02133195466,967477.0717019811,153.4244,62.0,21,Art,pumpamm,pump,47.977967516666666,958682.5778762879,21,2356,13.56873151832532,,0.00760960114049996,294214.2392484629,363428.31512624305,1.2352505985250057,300940.0760475561,1.2076434614471627,ray_migrated,5,1
019edd1c-7c13-7b88-a6c8-da53cf31be98,AHRLbSdsMYdW6wcwBas5SgUkVq5GKgtz1pkqfLjCpump,luck,lucky launch,newSignal,2026-06-18 23:41:32.051000+00:00,16136.718734697008,16493.039485673227,12022.040485087588,22089.98177777607,7.0791,90.0,71,,pump,,0.8665418833333334,22089.98177777607,71,97,27.2267261068884,29.2180571632949,0.8454010192972,16493.039485673227,16493.039485673227,1.0,16136.718734697008,1.0220813634317156,early_low_mc,1,1
019ed28a-6f49-7a1f-838f-bf9ba6ddf33c,AKTm2hNrwNh1Mt7Sq7jJDuGEBXESxQW45KPS4GHTpump,PIP,Pump Improvement Protocol,newSignal,2026-06-16 22:25:48.361000+00:00,22851.89914081995,15982.415284625333,14733.107637247182,13889.4905449675,8.0153,68.0,48,Protocols,pump,,0.18199526666666666,13889.4905449675,48,83,29.4386226857225,41.8068070659017,0.0,15982.415284625333,15982.415284625333,1.0,22851.89914081995,0.6993911178295121,early_low_mc,1,1
019ed468-9627-73fc-ac26-b7a7c9f9c356,ALuE5NpQCLuEBC9PeFcfMgrsq5YB6d9LwirQv7RJpump,SIDNEY,#FreeSidney,newSignal,2026-06-17 07:08:04.519000+00:00,15149.125312611748,12995.564924797593,11962.278993073274,50135.17814373123,5.3291,137.0,119,Meme,pump,,4.4298309499999995,50135.17814373123,119,138,22.6671726485619,5.5584183212517,0.0,12995.564924797593,29844.37293898275,2.2965044699238097,15149.125312611748,1.9700393470332647,early_low_mc,1,1
019ed15b-93ae-783d-a28b-f956bf495873,AMeNn9JyarXX3qg7Yimijh6WusF8Gq3ffLaRafPhbonk,XYZ,XYZ coin,newSignalRay,2026-06-16 16:55:00.270000+00:00,99092.6654073125,61001.46484176453,15698.898404799442,124475.2887812334,17.3847,94.0,37,Others,raydium,launchlab,23.339158033333334,124475.2887812334,37,201,17.295070779055333,4.219269964502269,,61001.46484176453,131313.07268005944,2.1526216299998784,99092.6654073125,1.3251543102641101,ray_migrated,5,1
019edb9c-fa93-7337-903d-d7e9fe22a5e9,ANSEMXz1hgHdGcnY7cgpDxPy6owAjWwk4wGYUq85dzBd,ansem,ansem,newSignal,2026-06-18 16:42:38.611000+00:00,17263.18744214426,14492.352970093518,12355.837939206336,16198.0873211232,8.219,71.0,56,Celebrities,pump,,0.29718905,16198.0873211232,56,125,28.2174488943176,33.5626487069046,0.0,14492.352970093518,14492.352970093518,1.0,17263.18744214426,0.8394946193258401,early_low_mc,1,1
019edc34-f5f9-7376-8a07-87e4220ed1d1,ATA7qqjkSPDwAempd5MyEJoCnxRKvmyTgGC8fxkkpump,くまきち,Kumakichi,newSignal,2026-06-18 19:28:38.905000+00:00,15093.5794919549,12043.021463490932,11562.487395627657,20221.2228332618,6.3572,97.0,77,Others,pump,,1.9059528499999998,20221.2228332618,77,94,25.0580764688042,19.266118482766,0.0,12043.021463490932,74337.69267042872,6.1726779193898675,15093.5794919549,4.9251201618576825,early_low_mc,1,1
019edf2b-2fe9-7a9d-b20f-e291c809732f,AUcHUfXcz9hWLcaRahA6MWWGNPJ1dXw9rAqJHTr5pump,QWANT,Le Qwant,newSignal,2026-06-19 09:16:50.025000+00:00,14226.794584346135,12322.392593994555,11181.581531105337,32545.91405709108,6.0198,70.0,43,Elon,,,0.2500856833333333,32545.91405709108,43,124,29.2905597948022,36.5941751466358,0.0,12322.392593994555,46435.93513767186,3.768418737145487,14226.794584346135,3.26397733954532,early_low_mc,1,1
019ed95e-d152-769a-9ea5-b2bfeeacbfe0,AW6RZek3j6UzNrHKbkw2zfPnaHg4ywtPyWukLj6Gpump,Grumpy,Grumpy Cat,newSignal,2026-06-18 06:15:30.386000+00:00,15236.538303081794,14012.35521404525,11800.737419109084,22937.44390136485,4.9227,67.0,52,Cats,pump,,0.9572381833333333,22937.44390136485,52,118,24.3030336504202,16.4271883985629,2.1695592299061,14012.35521404525,17268.89330068815,1.2324047625754389,15236.538303081794,1.1333869253749904,early_low_mc,1,1
019edd06-566e-798f-b5e3-02c53c3d1bc6,AWvgKkGymGqupAxS7uufhzTis9XEoLMgBZhctimxpump,VOYAGER,The Sprite Voyager,newSignal,2026-06-18 23:17:20.622000+00:00,15652.85614445088,12832.712013558414,11819.12255632374,48453.57979815664,4.0484,34.0,25,Others,pump,,0.24921788333333333,48453.57979815664,25,110,24.2265797082945,29.8966841983658,0.0,12832.712013558414,36382.585203966664,2.8351439014236903,15652.85614445088,2.3243416324927204,early_low_mc,1,1
019ed723-8a2b-7c60-9232-a544581c2043,AXGXsUwJjZb3rZ9ks2qAxf5cN85kec3dAYRNBHbtpump,WATER,trade this and make water,newSignal,2026-06-17 19:51:31.115000+00:00,15039.935389354876,13338.014418745326,11779.360662628847,31724.5365227335,4.0587,36.0,32,Charity,pump,,1.1357016500000001,31724.5365227335,32,145,18.1816775993249,26.6086298098143,0.9946777046884,13338.014418745326,13338.014418745326,1.0,15039.935389354876,0.8868398748697981,early_low_mc,1,1
019ed4d2-4405-7898-a8f6-9ba2c1f5cc1c,Aa9AjzPJx7VdDuHXj3yKJxtcSWJsRJhNk1a6fv5TBAGS,BAGWORK,BAGWORK,newSignalRay,2026-06-17 09:03:30.309000+00:00,117310.3154044327,165018.060995023,4595.607057421745,21513.8705988132,0.4092,52.0,24,Others,meteora,dbc,0.2962607333333333,21513.8705988132,24,75,1.3601899793786076,,1.8191274133e-06,165018.060995023,165018.060995023,1.0,117310.3154044327,1.4066798851074236,ray_migrated,5,1
019edf55-abab-7bd4-8f00-54f66b729767,AbSKMeQ3RAUKxjDij4SvLhCdv3AnoQgZ2jHQWo5ypump,SKY,Skytopia,newSignal,2026-06-19 10:03:14.219000+00:00,15445.620639239889,12856.816283056436,11653.059267295908,53052.449333853,3.4131,78.0,58,Space,pump,,8.167359633333334,53052.449333853,58,261,18.497853252289403,7.3477237292114435,0.8707763094271,12856.816283056436,15701.15531891631,1.2212319887940168,15445.620639239889,1.016544150969708,early_low_mc,1,1
019eda2c-61b1-705d-beef-78c56c477a44,AdAPS4FvJb3NHCnrwJLc51QsaTx5PVZTo3QhTem3pump,Megashiba,Megashiba,newSignal,2026-06-18 10:00:02.225000+00:00,16676.259686619447,14549.433482329157,12417.47061634594,31524.86134098585,6.7103,36.0,25,Meme,pump,,0.4521832333333334,31524.86134098585,25,155,23.9348677050657,3.0624174607425,0.0,14549.433482329157,26982.74940307337,1.8545567039324897,16676.259686619447,1.6180336544365252,early_low_mc,1,1
019ed195-f835-7de7-b03f-e6186077f532,Ado8pBCmHfgt27Q9MZE9zSELUDraDhdSQx4zEdPjZpQB,SDS,Solana Derangement Syndrome,newSignal,2026-06-16 17:58:47.093000+00:00,17670.593933325494,12906.635570601155,12940.616619061491,36040.53873849538,5.4691,46.0,26,Meme,pump,,2.623524983333333,36040.53873849538,26,103,33.8330570812203,47.9559524301019,1.3e-12,12906.635570601155,12906.635570601155,1.0,17670.593933325494,0.7304019106149087,early_low_mc,1,1
019ed4e3-01eb-7b6a-ac59-4c8d68457289,AfmhVXwgcmDxntzQVHoLoXsfEeKiwRw9SPM5gaEipump,Pepe,Пепе,newSignal,2026-06-17 09:21:47.499000+00:00,13926.20078902637,13729.832591664619,11392.430854121862,29971.38910227834,6.2737,52.0,36,Others,,,0.6049936166666666,29971.38910227834,36,114,19.0424071832685,0.5214846082597,0.0,13729.832591664619,18911.785198031248,1.3774228543407436,13926.20078902637,1.358000325037209,early_low_mc,1,1
019ecb19-3a67-7ad0-b9f2-47d38c3ba02e,Ago3xFUD36gvQUYkxx1zjRWtTbfhy23cR79SPFPzpump,Minimi,Minimi The Squirrel,newSignalRay,,17291.038578507378,72767.06949799748,10107.267769045993,8687.056638961,0.2785,,0,Animals,pumpamm,pump,1107.3325814666666,8687.056638961,23,356,27.317768801948304,6.8298657304020605,0.0,13719.360390297803,79447.65333163655,5.790915251983697,17291.038578507378,4.59472997940039,ray_migrated,5,1
019ed812-1733-7812-8f26-afda748e1c6c,AhVk15JiZtUuWEsGpSBhm2nyPWuNjn3o6NtqVDqsBAGS,STONKS,Stonks,newSignalRay,2026-06-18 00:12:04.787000+00:00,834306.139294506,940963.5936110498,12145.90210606293,31005.60520682854,7.0583,50.0,28,Stocks,meteora,dbc,0.41709033333333334,31005.60520682854,28,65,2.1482826689844186,,2.9532190369e-06,940963.5936110498,2865531.722309405,3.04531625002899,834306.139294506,3.434628594166303,ray_migrated,5,1
019ed7a7-4b14-7036-a12a-8b0fe007b877,Ak2LkrMS1LgrrE7B2p5eUT2Pz2ph65wErP5SfhmKd9P5,BMC,boomercoin,newSignal,2026-06-17 22:15:25.716000+00:00,18775.14468920478,13167.096413502873,13139.899803702281,13569.92984200128,6.8648,89.0,122,Meme,,,0.20024716666666667,13569.92984200128,122,40,31.8618460879168,58.9463046971806,0.0,13167.096413502873,62920.98814355368,4.778653255628031,18775.14468920478,3.351291784170996,early_low_mc,1,1
019edcc9-1bfa-7b86-a9cb-9d098fd0a370,AnZYRKWeKPbnmDtQL2wNXrjjpP2xA98HAMdDksAhBAGS,FENN,Fenn Begs,newSignalRay,2026-06-18 22:10:27.962000+00:00,875636.7023550174,972413.4066275455,12188.972788525401,26530.01010528696,8.7749,93.0,41,Others,meteora,dbc,0.5903619166666666,26530.01010528696,41,95,2.8672839349829227,,0.7832533746000785,972413.4066275455,972413.4066275455,1.0,875636.7023550174,1.1105215256649794,ray_migrated,5,1
019ee06f-3ba4-72db-923d-d8a43acfae71,AtPqyV5QRWQRpDsh1YJ2pB3dP1QKCMUcdZ13zFeFpump,OpiumChicken,Opium Chicken,newSignal,2026-06-19 15:10:46.692000+00:00,15404.116592797285,12143.890216417587,11702.215170492736,63420.9995350204,6.5285,22.0,14,Animals,pump,,0.34335505000000005,63420.9995350204,14,166,24.38816390316452,3.1345172665589773,0.0,12143.890216417587,24451.495700875195,2.013481286895915,15404.116592797285,1.5873351485997138,early_low_mc,1,1
019edac4-66fb-72fd-b284-cc1bb7196922,AtevSt5DFkLan3RdZQWnGVGB94P8esp4sYrMEwS8pump,PLAY,SOLPLAY,newSignal,2026-06-18 12:46:05.051000+00:00,24407.123623089028,18385.225959635787,14970.328267571782,6847.39766786592,10.8516,20.0,10,Others,pump,,0.3926054166666667,6847.39766786592,10,81,28.8420577778946,,0.0,18385.225959635787,137471.75764533077,7.47729497299331,24407.123623089028,5.632444026107325,early_low_mc,1,1
019ee50a-51d5-7872-99bd-dfd0f5b55aa8,AuTUKS9PCP8YQuBdqSXfBRoz79USEKX8EnTkx6Wnpump,Riona,Riona Ai Agent,newSignal,2026-06-20 12:38:39.317000+00:00,16832.646139408527,16934.665750546123,12460.089393801427,21875.64269411968,6.754,21.0,16,AI Agents,pump,,0.07905868333333334,21875.64269411968,16,155,26.9088196523553,14.2513777396659,0.0,16934.665750546123,107470.1695754498,6.346164202974247,16832.646139408527,6.3846271516301325,early_low_mc,1,1
019ed8e2-8f16-787c-bc88-24bd23f3490d,Ay8nkpct7adFmxj32ezcCGSg16XUeRY6ivSt1JJ4pump,Thing,Thing,newSignal,2026-06-18 03:59:46.966000+00:00,34097.14068699764,12860.474691915766,13164.00083662416,89132.30049290723,13.8803,135.0,86,Others,pumpamm,pump,2.522725633333333,89132.30049290723,86,327,20.6951242228834,13.2891013782894,1.1691093948187,12860.474691915766,46615.70275315845,3.6247264482750072,34097.14068699764,1.3671440424016126,ray_migrated,5,1
019ed21c-9dda-7c86-a11a-e0292258c97d,Az1sNBBe6H97oNVi4zXDosgFHN8hWnCf1QsDDJDjpump,JOE,EmotiGuy,newSignalRay,2026-06-16 20:25:51.322000+00:00,333420.64359185286,293489.3549812442,42485.78965937266,108243.15088832172,3.2556,110.0,20,TikTok,pumpamm,pump,1.0388517666666666,108243.15088832172,20,355,13.104169128215876,,0.07259596019458577,293489.3549812442,588658.3374162086,2.0057229586873007,333420.64359185286,1.7655125701718621,ray_migrated,5,1
019ed43b-9363-70cc-b8c3-851a0c7eb5cf,B3o6jw34AfFwtEdjeMw6pFZjgZAniH11sqKrVM6Fpump,TAKE,Take P,newSignal,2026-06-17 06:18:54.691000+00:00,15294.058695990609,14014.75749711983,12049.035834520726,24346.90769328192,6.3386,54.0,37,Meme,pump,,2.014789866666667,24346.90769328192,37,117,26.0671071221326,11.9488556352631,9.3919063511736,14014.75749711983,16933.079609643275,1.2082320805852822,15294.058695990609,1.1071671651216,early_low_mc,1,1
019ed657-4cba-75d9-bc95-157d924e3d33,BAJtBf226aoDN5wDgJByxyspfUrxdDtqvnbSNBRupump,SPRITE,design a sprite,newSignal,2026-06-17 16:08:26.042000+00:00,24525.103936337717,24525.103936337717,15268.411392520651,38641.51760931864,9.3425,23.0,10,Others,,,0.3109379166666667,38641.51760931864,10,106,25.5801023621899,6.8517186126471,0.0,24525.103936337717,24749.153096139205,1.0091355029680231,24525.103936337717,1.0091355029680231,early_low_mc,1,1
019ed56b-6368-71e4-abf6-6583e957833f,BBigotCNXbM14JqKjgbnRiKU6BLfgFv7FNPqEDHKpump,1ELON,1ELON,newSignal,2026-06-17 11:50:45.352000+00:00,14493.308637439157,14493.308637439159,11601.606692237203,42926.38596752821,-0.0537,60.0,45,Elon,,,0.22441716666666667,42926.38596752821,45,116,18.5715875421365,2.7370346692403,0.0,14493.308637439159,14493.308637439159,1.0,14493.308637439157,1.0000000000000002,early_low_mc,1,1
019eda1f-2833-79ee-8c93-dd28045ebd21,BCmGa9zRiPuQHZs6vj6KFXzJdcAPn4W7aJNjTQX1pump,LID,Russian Lid Memes,newSignal,2026-06-18 09:45:35.539000+00:00,14278.98648074055,13559.680912102229,11496.920698835496,36593.8925039506,5.2697,39.0,26,Others,pump,,1.5880773499999998,36593.8925039506,26,151,17.862163628623165,16.837965935249553,2.794004969508093,13559.680912102229,17884.436803591478,1.3189423054660037,14278.98648074055,1.2525004367581654,early_low_mc,1,1
019ee4b7-d400-7b33-a81a-233df1e2a1b7,BEXFEjrXQviyK6BaRF4NgwEXWQf9kmCBuoj91R62pump,GABRIELA,Vice baby,newSignal,2026-06-20 11:08:33.152000+00:00,14691.969508849488,17739.64927301692,11636.650313170814,21501.0711585458,5.7214,68.0,34,Others,pump,,0.7390838666666667,21501.0711585458,34,83,33.8093442464196,29.1714675784776,10.2530849617698,17739.64927301692,17739.64927301692,1.0,14691.969508849488,1.2074384759872872,early_low_mc,1,1
019ee11b-ad93-7240-92c1-b7fc0103feb4,BH6CqyjyPL5KSYRQhfXS9MPGvdoPFQPprvnErA6apump,SolSword,SolSword,newSignal,2026-06-19 18:19:08.051000+00:00,16470.082970886036,12326.597134542542,12111.481449662897,35347.6868151996,6.895,31.0,21,Gaming,pump,,0.21621193333333333,35347.6868151996,21,141,23.9388040713865,0.9079459695084,0.0,12326.597134542542,25381.011308714817,2.059044441193765,16470.082970886036,1.541037246356349,early_low_mc,1,1
019ed18d-45a6-7c82-a9c8-c90100dc5830,BJDChs7Cvh1wgcgRN9Bh4jB6shMaa2zTDM8izndopump,FRANTZVE,Frantzvefication,newSignal,2026-06-16 17:49:17.094000+00:00,17149.942522667236,13929.433368055747,12722.539532305065,13705.3416657045,6.5492,56.0,38,Others,pump,,0.3424968666666667,13705.3416657045,38,55,28.6922853362106,41.6228548837339,0.0,13929.433368055747,13929.433368055747,1.0,17149.942522667236,0.8122145802905804,early_low_mc,1,1
019edc74-b1a0-7595-8438-5380a5ae3e86,BNaf755XNgUvoXPVeSYrSdkS1ATpQyAgSGDvnUAHpump,claudine,claudine,newSignal,2026-06-18 20:38:15.712000+00:00,17226.748660816946,15671.37422653362,12440.177293934412,20677.3542558709,7.5018,35.0,25,Others,pump,,0.2894375666666667,20677.3542558709,25,126,23.157884523463,36.5649484672216,3.796326676313,15671.37422653362,79347.57804371255,5.063217615553271,17226.748660816946,4.6060681331116395,early_low_mc,1,1
019ed779-d5a2-71fd-bb1a-c9ca9409ac13,BPQw227L44JsgfPPVnHTEAoebvYsfN5PVxQpZVyK5aoA,Livaković,Dominik Livaković,newSignal,2026-06-17 21:25:46.530000+00:00,14488.636203274064,13129.705490871422,11582.423758281551,13763.52680748672,5.1878,52.0,31,Sports,pump,,0.1503850833333333,13763.52680748672,31,102,22.0674857326231,18.4738315186144,,13129.705490871422,13129.705490871422,1.0,14488.636203274064,0.9062071341058616,early_low_mc,1,1
019ed1c8-25c5-708f-a722-7609405cdc84,BVQ4ni3izbRVjuneG16tkc4mCTqHpQJZRQ5Wm7aPpump,PEPE,Nietzschean Pepe,newSignal,2026-06-16 18:53:35.557000+00:00,22172.34634107892,19175.880383809435,14538.030302599902,38994.26544847952,8.9224,94.0,72,Religion,pump,,1.3999606166666667,38994.26544847952,72,139,20.77293908680775,39.51477311213832,0.0,19175.880383809435,19175.880383809435,1.0,22172.34634107892,0.8648557121030578,early_low_mc,1,1
019ed4a1-a3ca-7950-b554-57bba82be2a2,BW7dRJs7Cz1ga86cq2dxav9pMuX9VPVoya4RQbaRBAGS,$22M,22M DOLLARS IN 3 FUCKING HOURS,newSignalRay,2026-06-17 08:10:23.562000+00:00,396984.6363742769,355140.142173846,8453.084777875272,23504.36387222352,5.2902,55.0,24,Meme,meteora,dbc,0.3052527,23504.36387222352,24,95,1.6422704123870575,,0.4963648307092579,355140.142173846,355140.142173846,1.0,396984.6363742769,0.8945941722515933,ray_migrated,5,1
019edb7f-3fc4-7544-94f6-0352ee4acb87,BWPA8hVRxr37FYW6vzkRW2Q2n9VZZNYxPvC9v4t4pump,Jorge,RIP Jorge Messi,newSignal,2026-06-18 16:10:10.244000+00:00,16201.65043071118,15756.38572753087,11972.368977588543,30707.49074071154,7.0886,58.0,45,Meme,pump,,0.13751375000000002,30707.49074071154,45,118,27.2789701946867,24.8870384856625,2e-13,15756.38572753087,15756.38572753087,1.0,16201.65043071118,0.9725173243871325,early_low_mc,1,1
019edabc-555f-7a44-8fc4-59715ca91015,BaRmbJUCrKt7m7FLN7Gwgd2TDCtoQmo1iG14ZzCApump,Amore,Joby's Dog,newSignal,2026-06-18 12:37:16.255000+00:00,15254.574520527289,15817.635667003296,11830.835415702562,14268.80820172125,6.3191,22.0,20,Dogs,pump,,0.8139386333333333,14268.80820172125,20,89,28.2897697297202,2.8709704106735,,15817.635667003296,54750.25395603542,3.4613424603177774,15254.574520527289,3.5891039689347513,early_low_mc,1,1
019ececb-73f5-7643-bae5-f89dac402066,BaYJ9uTr7h7qfWhHSNffW41ZQnSbmidFwny9ETYfpump,DJBOOM,SpaceX Seal,newSignalRay,2026-06-16 04:58:20.533000+00:00,69779.31054701892,59420.684630605065,20296.41495501894,318264.2965464761,0.8032,173.0,59,Space,pumpamm,pump,74.23753026666667,318264.2965464761,59,894,15.342153900010791,2.0968435030754753,0.0,13767.404358376574,76852.83402201321,5.582231190533257,69779.31054701892,1.1013699249755124,ray_migrated,5,1
019ed55f-ea83-7584-a342-e7baf8406479,Bdzme2Jm8XdsAmQXhkgkqy8XNuEigogRct34mypoBAGS,ELON,Speedrun to an Elon,newSignalRay,2026-06-17 11:38:13.507000+00:00,631989.1077282841,491858.3571579949,10596.584822136421,35156.6362077172,10.0959,96.0,33,Elon,meteora,dbc,0.19111651666666668,35156.6362077172,33,124,1.3493483200025689,,0.4896203822607541,491858.3571579949,496943.6187108278,1.0103388739437427,631989.1077282841,0.7863167460229118,ray_migrated,5,1
019edb88-04b7-7418-b500-2dcf63fe76a0,BeSgv6xHNqDdZNRVo7zzXGApHCVNuNW7GqJ9FJqkpump,NARUTO,Naruto TCG,newSignal,2026-06-18 16:19:44.951000+00:00,17006.749415192433,12407.003635643576,12262.843757527231,31915.47057460944,7.5756,100.0,72,Gaming,pump,,3.7149917,31915.47057460944,72,128,25.8360214163542,19.2425593046082,0.7497129230918,12407.003635643576,24977.974165056097,2.013215672259327,17006.749415192433,1.4687094844087505,early_low_mc,1,1
019ed44b-1c50-73b7-8e20-dbf8ef10ded8,BeX7eutrnKL1Ar4ekTpzbCAE8WHETGQxmXeGNRE2BAGS,POOP,POOPCOIN,newSignalRay,2026-06-17 06:35:52.784000+00:00,325534.8864576872,255791.75516981125,7653.940554530909,27555.81363559008,3.7026,44.0,20,Meme,meteora,dbc,0.41754996666666666,27555.81363559008,20,124,1.3512583314495366,,1e-16,255791.75516981125,614563.9108815027,2.402594682825156,325534.8864576872,1.887858833100468,ray_migrated,5,1
019ed2c1-e519-72b9-b8d8-f160e64ae3b1,BfChhbvFEvjHUXZGC58coM3WnV9JtG1nBCHQ2oY3pump,Yore Coproces,YORO,newSignal,2026-06-16 23:26:23.001000+00:00,19151.252625816178,17789.493721655344,13468.212026514508,29616.23609508648,7.7931,20.0,16,Meme,pump,,0.13393895,29616.23609508648,16,77,25.4488197010525,32.9178407382099,0.8737746804601,17789.493721655344,17789.493721655344,1.0,19151.252625816178,0.9288945255557246,early_low_mc,1,1
019edd6e-2487-713e-9797-582da2a4d186,Bh4to2KQyUuZWmn4h7FpTUVQJ3Lc2vhACMaTzbbGpump,TRUNP,Trunp,newSignal,2026-06-19 01:10:43.591000+00:00,21785.62109147602,20850.08049550718,13996.804086550854,25047.34386051634,9.8013,24.0,17,Trump,pump,,1.7521107666666667,25047.34386051634,17,178,25.7872809270166,8.4411081322296,1.5044083062004,20850.08049550718,54609.863205803296,2.619167979594647,21785.62109147602,2.506692968564036,early_low_mc,1,1
019ed958-31c3-7b3c-95f7-5648388bcbc8,Bh77MrPYg8RRQPZ8kxRUyCCa5VrQzFzqLzdFtBgwpump,Helium,Only Goes Up,newSignal,2026-06-18 06:08:16.323000+00:00,16188.032237477477,13911.462435687428,12170.267710990147,24734.82323743249,6.996,22.0,14,Meme,pump,,0.2508120833333333,24734.82323743249,14,129,27.7769658070261,3.8347492378429,0.0,13911.462435687428,23357.82415714116,1.6790344124583725,16188.032237477477,1.4429069459760926,early_low_mc,1,1
019ee092-6773-7b5f-a424-dc4f247e5076,Bk1ZX9zPw74gUGieWqEsXjwKwxNbKB1Z9V3tGa2upump,CAT,CatCoin,newSignal,2026-06-19 15:49:11.667000+00:00,16672.61150969675,14571.046614665078,17525.153083003683,10967.963657131253,3.1064,35.0,21,Cats,pump,,0.2284256,10967.963657131253,21,42,22.3715561535695,39.7566283468018,0.0,14571.046614665078,20563.376558185515,1.411249109414655,16672.61150969675,1.233362664644702,early_low_mc,1,1
019ee060-3338-750c-b176-9fc6157d9d66,BmNASdTTgXc1AhvMqFiPBKp3kwrPeHchn7LbbWeSpump,COLLECTABLE,Collectable Coin,newSignal,2026-06-19 14:54:21.496000+00:00,25839.05089644711,14780.048949713399,15181.034523755012,20902.36690204818,11.0982,73.0,55,Others,pump,,0.4663384,20902.36690204818,55,179,21.110508108168,27.9705633651666,0.7300910498091,14780.048949713399,117693.57816883909,7.963003273485186,25839.05089644711,4.554872338016953,early_low_mc,1,1
019ede6a-7f1c-7022-ab35-2713194f8cc5,BnUyJZQHPXBazxZYBPJzhGfDA94mv1oeNJ8rxFhtpump,PILLY,Pump Sprite,newSignal,2026-06-19 05:46:21.852000+00:00,15263.603253157029,12048.783234286837,11596.062810645348,34365.23275554138,6.4803,134.0,97,Meme,pump,,1.72601465,34365.23275554138,97,190,23.9455966880329,9.9284611238566,0.0,12048.783234286837,23636.703812803,1.9617502741306514,15263.603253157029,1.5485664440284852,early_low_mc,1,1
019ed830-2021-7bb8-bfea-3dafca64ce9d,BndTSuJSqfKQ5kchNBKUxBibYWtmDWkNmE4ET22Upump,OATF,Official American Trust Fund,newSignal,2026-06-18 00:44:53.153000+00:00,28743.628052227577,26982.41316541133,16356.912740474829,6414.37770087477,3.8332,21.0,15,Others,pump,,0.10189291666666667,6414.37770087477,15,50,22.8490716935812,6.2499636398393,,26982.41316541133,34711.453309574215,1.2864473276271196,28743.628052227577,1.207622546691149,early_low_mc,1,1
019ed6e7-74b2-7276-ba53-ee3520da49cf,BnfJQKjttnbayTv3YHFuP8Qz2FptdEnV1baUVH9qBAGS,INFINITE,Infinite Machine,newSignalRay,2026-06-17 18:45:53.458000+00:00,282255.40418358525,306179.3718475713,7224.831130436004,30520.53137681496,2.5672,77.0,28,Stocks,meteora,dbc,0.38887931666666664,30520.53137681496,28,108,1.7587622838505623,,1.0712673744479502,306179.3718475713,306179.3718475713,1.0,282255.40418358525,1.0847599986019234,ray_migrated,5,1
019ed767-d952-7e63-87be-f2f5e86df472,BoEo2Jh85ZduGxMx36ZzxiSnNjwLJSqqnPWE1WKEpump,CS,chicken shrimp,newSignal,2026-06-17 21:06:07.826000+00:00,16882.194112578636,12807.992453907433,12510.602648331984,28125.9987322764,6.1064,93.0,71,Animals,pump,,0.9222168666666666,28125.9987322764,71,152,23.9043722273207,21.771769145265,0.0,12807.992453907433,115324.28447185205,9.004087477945788,16882.194112578636,6.831119444712811,early_low_mc,1,1
019edf99-094f-7054-8738-bbd30df5a6e8,BohiYrLdvMgsqtzHz9azWPT3xa8fK8FmRtF3Tt5Fpump,PLEDRA,Pledra Protocol,newSignal,2026-06-19 11:16:49.103000+00:00,15226.939029915244,12562.024315622062,11559.257242850106,14107.72336866355,6.7367,24.0,21,Protocols,pump,,0.7517131666666667,14107.72336866355,21,127,26.8843155206022,6.7726330204667,0.0,12562.024315622062,83117.30869884005,6.616553718613315,15226.939029915244,5.458569745077826,early_low_mc,1,1
019ed486-0c76-73a3-9df4-6b2a8507f8f5,Bpvk1h5qvSzi2tmfzNT5E8GSNp21znmTuAc4kjUkpump,Prince,Le Petit Prince,newSignal,2026-06-17 07:40:15.350000+00:00,19805.481579917247,15314.471334514135,13659.037462820568,25325.98034790238,8.3702,72.0,45,Others,pump,,0.38658195,25325.98034790238,45,108,22.6242617452567,23.6981291330576,0.0,15314.471334514135,15314.471334514135,1.0,19805.481579917247,0.7732440775407857,early_low_mc,1,1
019ee0af-c8b6-7bc0-8aa9-cadf5ec19e20,BqnRhTShq1NMEZdbaMWbE4NemKuSpQ3cRw8Eg9ckNuCy,Tranp,ドナルド トランプ,newSignal,2026-06-19 16:21:17.110000+00:00,21033.99214341184,13968.415928346672,13710.786488564761,24034.36633503339,7.1505,92.0,64,,pump,,0.27212036666666667,24034.36633503339,64,106,24.6282144450763,44.5173787647512,0.0,13968.415928346672,13968.415928346672,1.0,21033.99214341184,0.6640877220600174,early_low_mc,1,1
019edc56-9779-74f8-9481-abce7a49ce01,Brb2MMdagu9eANtjgyNimqzZmnEmJVm7ivrD1wkupump,clitcoin,clitcoin,newSignal,2026-06-18 20:05:22.937000+00:00,15352.997791755904,12151.320892606733,16817.373287632687,22031.091940591297,2.2963,53.0,36,Others,pump,,0.41906071666666667,22031.091940591297,36,77,20.269718651696,0.6048909434717,1.6441480151634,12151.320892606733,20510.47467974341,1.6879214087929044,15352.997791755904,1.335926374636549,early_low_mc,1,1
019ed817-eb0e-757b-a27a-a0ae6d94f536,Bt3XP4gAZJcfNSBbseNbypEAu6JkGHvkZ3dJW1gspump,NARC,NoelClaw Arcade,newSignal,2026-06-18 00:18:26.702000+00:00,15415.061903561607,12759.805397502221,11973.524475418268,32513.99317269184,5.5542,36.0,25,Gaming,pump,,0.3916282333333333,32513.99317269184,25,123,25.0430020164313,0.7566581491199,0.0,12759.805397502221,28178.790865537954,2.2084028703959744,15415.061903561607,1.8280037434703602,early_low_mc,1,1
019edb78-0225-790a-8c4a-c8be4cf62392,BtSDBUYiCnnnC4sN52b1Xiti4ZWsthHVtTCyfYnvzGjE,COLLECTR,collectr.fun,newSignalRay,2026-06-18 16:02:15.717000+00:00,45764.43063005033,54422.548812854366,18633.336749986534,13745.020279881426,0.3927,53.0,26,,,,0.3112231833333333,13745.020279881426,26,85,62.5999897933687,,,54422.548812854366,63868.24290404867,1.1735621410102584,45764.43063005033,1.3955869662259235,ray_migrated,5,1
019ee4b1-0097-7389-b9f4-8dc3e14195d2,Bta52rEw1mmFSXB7VUSPTTcvzi94gZtHLc2gyiSwpump,BILLIONS,Billions,newSignal,2026-06-20 11:01:05.815000+00:00,12960.334943264512,12561.245144519084,10930.12229437285,18335.08970766778,4.55,47.0,27,Others,pump,,0.25543876666666665,18335.08970766778,27,92,37.4905549748189,52.6935997464398,0.1731196700794,12561.245144519084,15018.59310920097,1.195629329450203,12960.334943264512,1.1588121121056472,early_low_mc,1,1
019edd88-982d-7605-b62a-b944c044f8a3,BtcsR6NbtRPoKNNKpS1ZPkk3sYASC83fgmtQJDvdpump,gary,Gary VI,newSignal,2026-06-19 01:39:37.133000+00:00,15560.840494698265,13546.663609667768,11809.032283908633,12741.62985707924,6.096,84.0,62,Others,pump,,0.10816405,12741.62985707924,62,62,36.4272791441782,58.4883096696204,0.0,13546.663609667768,13546.663609667768,1.0,15560.840494698265,0.8705611765818982,early_low_mc,1,1
019ed2db-9165-70ed-9675-6f4a9244654c,BtrBwRSAgXELXP27Y7AkKgZjJdAsCbYyVAMJjdmppump,MACROHARD,MACROHARD,newSignal,2026-06-16 23:54:25.509000+00:00,15176.930935398745,12914.146181476177,11981.4233394954,23381.3447130641,5.3449,54.0,34,Meme,pump,,0.41759501666666665,23381.3447130641,34,51,32.3405095257071,29.7253279530212,0.0,12914.146181476177,12914.146181476177,1.0,15176.930935398745,0.8509063022323679,early_low_mc,1,1
019ed4c8-c2dd-7791-b538-b7db77a7e1df,BtxrZt4dCraySXzxmQpBY5cJtYvXx36MxdhpcC3U78Du,NOETIC,The Noetic Order,newSignal,2026-06-17 08:53:07.421000+00:00,14666.192136384296,14088.77060738871,11688.598591030815,45018.04377060484,5.1055,54.0,44,Religion,pump,,0.38777674999999995,45018.04377060484,44,148,24.0602321071822,10.2522954472564,0.0,14088.77060738871,14118.361098028947,1.0021002890503958,14666.192136384296,0.9626466752064242,early_low_mc,1,1
019edf7d-6b18-7ab7-bafb-4a0399d664b3,BwLS1TLvwb771PyNuyktWyxUDdxpziZ5oGYKgQfNpump,QUACKSSANT,Quackssant,newSignal,2026-06-19 10:46:39.128000+00:00,14833.14083192242,12098.057458803778,11402.939491695728,45517.99014385865,4.2166,20.0,15,Others,pump,,0.11529133333333334,45517.99014385865,15,202,21.1253932497766,11.6203685893381,0.1138795206461,12098.057458803778,17933.107513079092,1.4823129724870945,14833.14083192242,1.2089892300142686,early_low_mc,1,1
019ee0b7-44de-7694-88e6-39f7811dddb2,BwPLx7YTvskeVPnZDjy6EdFJvHmNCPky2FV8xcWnpump,grASS,Touch grASS,newSignal,2026-06-19 16:29:27.646000+00:00,18879.63229315656,12705.95690953577,12989.676453024613,35777.64412317984,7.5976,159.0,110,Meme,pump,,0.4291801666666667,35777.64412317984,110,213,21.4710578702338,23.3571005517002,0.0,12705.95690953577,19205.39843300255,1.5115271183226644,18879.63229315656,1.0172548985482133,early_low_mc,1,1
019ed219-9f4f-7079-ac3a-af25981486b1,BxfMvw4uQKbAoepzyV1kC8JxQqw3zWfEmYx83HEfpump,says,when she says,newSignal,2026-06-16 20:22:35.087000+00:00,13430.687092452657,13246.86869104128,11312.426970199967,25438.0802070285,6.3643,37.0,31,Meme,,,0.5342858166666667,25438.0802070285,31,135,15.5371501239571,6.5995155728237,0.0,13246.86869104128,13246.86869104128,1.0,13430.687092452657,0.9863135519317792,early_low_mc,1,1
019ed663-2bef-7494-b315-74a2dc9464e6,ByYAq5QmKLkrj7BrHVAZRncLRDiFX3WHNBs3Fug2pump,Tagoh,Tagoh,newSignal,2026-06-17 16:21:24.079000+00:00,21768.01731161144,14326.941914585346,14393.006646633206,31110.366763802,6.843,65.0,37,Others,,,0.13879645000000002,31110.366763802,37,117,23.3301136828999,53.2590440622079,0.3540500953614,14326.941914585346,14326.941914585346,1.0,21768.01731161144,0.6581647611490601,early_low_mc,1,1
019ed96d-7572-7826-a920-fd3b974ca7fe,Byhn38dY4bXyEVJFzidPZ6W9Ey6qtgVW3mGbTaepump,Jirachi,Wish Upon a Jirachi,newSignal,2026-06-18 06:31:29.906000+00:00,18973.55829704218,16713.552114643662,13177.690665745129,22768.0757504181,8.2286,103.0,70,Religion,pump,,0.2874860166666667,22768.0757504181,70,102,26.4693345041196,32.4461713134384,2.8935018410747,16713.552114643662,44235.66190516686,2.6466942276387533,18973.55829704218,2.3314373199076126,early_low_mc,1,1
019ee0bb-e278-7c35-a5bc-2d0efaa9a8ba,Bz2JqnfKFL4oBgyhc217U4FLn111yrwfyNdNha2FJfXN,SOLAMANDERS,Solamanders,newSignal,2026-06-19 16:34:30.136000+00:00,16704.302142171495,14849.881613543037,12213.155504431188,23389.99722697002,6.3974,26.0,14,Mascot,pump,,0.3533133666666667,23389.99722697002,14,88,22.2947624484886,15.0209708805135,0.0,14849.881613543037,14849.881613543037,1.0,16704.302142171495,0.8889854533972533,early_low_mc,1,1
019edad5-e99f-7152-9533-5e467c4b88ad,C1GMeaQk7cxqH4nRiGiiDixJhPpMmxFSw9PWEhjMgQFh,GTA6,Grand Theft Auto VI,newSignal,2026-06-18 13:05:12.607000+00:00,12377.211988268033,16161.716578752665,10671.697781236222,17455.91382374426,4.3253,83.0,52,Gaming,pump,,0.24918828333333334,17455.91382374426,52,94,30.8437366187836,33.8804490113947,0.0,16161.716578752665,16161.716578752665,1.0,12377.211988268033,1.3057638985315791,early_low_mc,1,1
019edab0-0560-7184-bba0-a9b188041c2c,C1mg2ddme7Hpwjmxngr1AfrwRSmLqL1CVHPzUmapEory,FLKR,FalkorDB,newSignalRay,2026-06-18 12:23:49.344000+00:00,66882.35136476319,68936.43136318617,27731.691863590677,98585.29342760747,7.9117,60.0,21,Others,meteora,dbc,0.23306590000000002,98585.29342760747,21,180,26.533440319381445,4.789165457691719,0.0,68936.43136318617,1903676.934597519,27.614962030281877,66882.35136476319,28.463068294582516,ray_migrated,5,1
019ee019-c19a-7b8a-819d-5408dc63bbc2,C3jxjp95QFWNfRXq48J67WiuLBLgqL9YQ8pExkyNpump,5DAHH,GIMME MY 5 DAHH,newSignal,2026-06-19 13:37:24.890000+00:00,18998.495927654567,16053.51036868206,12949.464070486705,22065.73508327011,0.6785,23.0,16,Meme,pump,,0.06836948333333333,22065.73508327011,16,138,22.9480113561123,1.1538359381876,0.0,16053.51036868206,24473.66267961607,1.5245053647182636,18998.495927654567,1.2881894847260908,early_low_mc,1,1
019ed877-8eb7-76de-9da9-06f4c40daec0,C5tcc5ppr9FMBoRCgAPn4w4qQ2vQzRYepdzsfPfxpump,cooking,got something cooking,newSignal,2026-06-18 02:02:54.519000+00:00,15818.97847946127,14183.794829441757,12124.34064917831,22865.60075709741,5.7552,92.0,61,Meme,pump,,0.25459991666666665,22865.60075709741,61,142,25.8190791558126,19.2626999592727,,14183.794829441757,105503.18205004225,7.4382901979832585,15818.97847946127,6.669405498403286,early_low_mc,1,1
019ee07f-7036-7a03-8b1b-24617caf8349,C62QnxGVAa9AV4br5BpUzonaKxXc8jAczp6hFL47pump,Horse,The Horse,newSignal,2026-06-19 15:28:28.726000+00:00,17038.199921593372,13615.023041460294,12299.131120004316,49583.5776257376,4.9081,48.0,41,Animals,pump,,1.1120124833333334,49583.5776257376,41,206,20.9340094599253,11.2916780435475,0.0,13615.023041460294,13615.023041460294,1.0,17038.199921593372,0.7990881140093494,early_low_mc,1,1
019ed206-5c6a-7be3-afa5-8a0a48057b65,C85z75rjVDM7ibrMC1BwJLb84cvdNcXDwXqEFKJGpump,MOONTROLL,MOONTROLL,newSignal,2026-06-16 20:01:32.778000+00:00,33625.103538051175,20064.834968976873,13207.893166256,18647.47752344821,6.5919,50.0,27,Others,pumpamm,pump,1.3350777166666667,18647.47752344821,27,93,60.027424968733,,0.2784832237033,20064.834968976873,20064.834968976873,1.0,33625.103538051175,0.5967218791243544,ray_migrated,5,1
019ee4bd-b29b-7d8a-8264-4afe42351189,C86CfVQZgbQGP1NoxVYfmn2q1Mqhqv3sg6z9bYhJpump,SWIMBAPPÉ,The Oracle Goldfish,newSignal,2026-06-20 11:14:57.819000+00:00,16264.595254410377,14469.365647287259,12231.587867734503,69150.42645235929,5.9796,61.0,34,Animals,pump,,7.63372815,69150.42645235929,34,115,27.613315624258686,3.951406910953349,0.0,14469.365647287259,24858.761640374014,1.7180270542844824,16264.595254410377,1.5283971873590403,early_low_mc,1,1
019edc30-cc64-7277-99c0-45f71326ced0,CAhc23UwNgpaNigajHgrKwk4HLNQjtn5buMLTGV4BAGS,CNTBAGWORK,CNTbagwork,newSignalRay,2026-06-18 19:24:06.116000+00:00,264374.6750237636,265343.1831352435,6681.434716420169,25296.67750691018,3.9674,49.0,22,Meme,meteora,dbc,0.20769996666666665,25296.67750691018,22,85,1.5788438793412787,,0.0009225810128104,265343.1831352435,265343.1831352435,1.0,264374.6750237636,1.0036633921588474,ray_migrated,5,1
019ed815-32de-7b34-8420-9da308062933,CB6DadqnWqipcuTCYTUdaRPfkZZ2Fq6FeXNrQJevpump,HYPOMNEMATA,Hypomnemata,newSignal,2026-06-18 00:15:28.478000+00:00,24774.05040291266,13691.575878106582,11218.74800610322,76327.8652443418,10.8781,34.0,13,Religion,pumpamm,pump,0.25711476666666666,76327.8652443418,13,150,21.2099281904309,22.7575655673734,0.9788168720238,13691.575878106582,18397.15960594992,1.3436845962609585,24774.05040291266,0.7425979727476046,ray_migrated,5,1
019ed39c-505a-727b-bb5a-10f2424e6678,CBzk6f1Hog9R37CEX2ybKNA74CQXy7qBzDkG8WN3pump,KART,Solana Kart,newSignal,2026-06-17 03:24:57.306000+00:00,15727.529969158666,15454.061486851562,12214.243581488765,21314.87927822764,6.3662,28.0,24,Gaming,pump,,0.26137015,21314.87927822764,24,88,32.4174059551787,37.5129482329139,13.1131731199767,15454.061486851562,22509.041588883294,1.4565130084433897,15727.529969158666,1.4311873277636742,early_low_mc,1,1
019ed389-a3ef-75e9-88b5-04b9ae0d3d3a,CCNN1WcqyhZntkSEb4fX6ARNT9TWoQNJ4SvoZxYzBAGS,trilly,trilly,newSignalRay,2026-06-17 03:04:33.519000+00:00,611144.7812005936,801540.7615820915,10493.425138804563,32512.51372495104,14.367,53.0,20,Others,meteora,dbc,0.39120971666666665,32512.51372495104,20,98,1.4722842963215803,,0.0005312758924356,801540.7615820915,6334106.773819379,7.9024137977924385,611144.7812005936,10.364330955057866,ray_migrated,5,1
019edb69-a160-792b-b5e1-442c0ff1ce4d,CFpfvwCRMydgQPqvazc9EZL4meuDg4qUKBhWnyoppump,Kyu,きゅう,newSignal,2026-06-18 15:46:33.440000+00:00,16248.425485442556,15989.367325494422,12027.341400651392,37115.327124195,4.2778,26.0,20,Animals,pump,,0.16268905,37115.327124195,20,171,20.664534371106168,15.54511219675795,0.5083376982803169,15989.367325494422,15989.367325494422,1.0,16248.425485442556,0.9840564145627383,early_low_mc,1,1
019ed26e-e8fc-77f4-8212-e78c74e9d1e4,CLDBh5rHpc7gVAs8jSJtQ7KCqvjdfVbvfvM3omCpump,BERM,berm,newSignal,2026-06-16 21:55:44.508000+00:00,17190.366553016975,17051.534171380106,12791.989172406591,32673.83713184773,7.1896,28.0,12,Protocols,pump,,0.31220625,32673.83713184773,12,103,21.979771752094,2.3905219366441,0.0,17051.534171380106,42113.98491927888,2.469806206057662,17190.366553016975,2.4498596227948215,early_low_mc,1,1
019ed386-d338-7837-a71b-2e98f82c2c91,CPh3doM9cPhgzKSEhuRGjUf1kYdby19C9JHSANwrpump,SOLG,Sol Garden,newSignal,2026-06-17 03:01:29.016000+00:00,19287.881893146914,18545.286438028314,13552.76276723738,33403.99699915682,8.148,26.0,17,Gaming,pump,,0.7013146,33403.99699915682,17,151,26.16985079056612,5.6947127193643885,0.0,18545.286438028314,84583.72789990672,4.56092863178766,19287.881893146914,4.385330041343718,early_low_mc,1,1
019ed855-3c7c-76bf-aaa2-760cc8021e85,CRtJcETFwVeh3ufQyXd42YGdwwJ1xQoJBBeTmYCrpump,youngin,youngin,newSignal,2026-06-18 01:25:25.244000+00:00,18268.53381679129,12961.297418073365,13048.236284366923,24162.25155935266,7.4872,26.0,23,Others,pump,,1.3350024166666665,24162.25155935266,23,170,24.6626070741076,17.305153731902,0.0,12961.297418073365,257476.09593189484,19.864994037778004,18268.53381679129,14.093966079272272,early_low_mc,1,1
019ed7e9-7944-7876-a400-686cde68dc93,CSoNZkgfFNgXcLj6q4uYx2JauKejVE4xEwTRCn9Zpump,SPCX6900,SPCX6900,newSignalRay,2026-06-17 23:27:42.916000+00:00,257123.68163359235,259701.5690482261,36747.90208780542,311970.9284126039,125.7794,99.0,21,Space,pumpamm,pump,5.3520207,311970.9284126039,21,194,35.2970401577746,,0.3364547668606,259701.5690482261,395350.89313841524,1.5223277032454097,257123.68163359235,1.5375903558420578,ray_migrated,5,1
019ed762-e36b-77d4-b01c-39d428751a49,CSxQ6HZPCaGz4S6ocDPnnarad1afvUDBePQAiU8rpump,MILE,Mile The Pony,newSignal,2026-06-17 21:00:42.731000+00:00,16148.039625103878,13344.153439755144,12237.919075540618,34771.62686081196,5.6539,46.0,34,Animals,pump,,2.23431345,34771.62686081196,34,123,17.40390335403,11.6374865281285,0.0,13344.153439755144,13344.153439755144,1.0,16148.039625103878,0.8263636794035488,early_low_mc,1,1
019edaf4-1059-7143-b474-b6ef6d24320a,CSzHjHF8zLTmWatEZoLYmEnoXPrGhJ8mPe52CoVmpump,AGAIN,"AH SHIT, HERE WE GO AGAIN",newSignal,2026-06-18 13:38:08.601000+00:00,16472.20792414973,16121.556821956108,12295.627608073733,30212.30308310016,6.341,20.0,12,Meme,pump,,0.1461601,30212.30308310016,12,102,23.7379936585943,14.6814444332,3.2846062e-06,16121.556821956108,71579.3184094145,4.439975568112002,16472.20792414973,4.345459864216066,early_low_mc,1,1
019ede7d-cf87-7236-9d10-4598e5015731,CTcx4vevbntjHsw1X9bsehmWebMzuxr1bAfWLVFhpump,CATE,CateCoin,newSignal,2026-06-19 06:07:27.623000+00:00,17651.099208545485,13276.503207561997,12494.623710984943,47278.52242373126,8.2854,125.0,89,Cats,pump,,5.435197966666666,47278.52242373126,89,161,24.7400363462693,21.6023561399382,0.0,13276.503207561997,13276.503207561997,1.0,17651.099208545485,0.7521629701755004,early_low_mc,1,1
019ee517-4678-79a1-919a-ca4e166da1ec,CUKM69nPUo4soNimeKKMxoAvhidrore8jA6u2DY4pump,Residence,Residence,newSignal,2026-06-20 12:52:48.376000+00:00,15137.946823446422,14545.841386681228,11802.840522662249,19666.21315462724,6.4039,37.0,36,Others,pump,,1.5154408166666669,19666.21315462724,36,132,21.758975374880322,13.198553669183513,0.0,14545.841386681228,14545.841386681228,1.0,15137.946823446422,0.9608860142216835,early_low_mc,1,1
019ed24b-693c-7862-8dbc-a1d08a66e2d4,CVJ9sQrxSUL75YjNjZReLLP6XWHBUNCWBgLFvURipump,p,p is everything,newSignal,2026-06-16 21:16:58.044000+00:00,15762.98130710902,14611.66819907461,12256.172650235587,27233.52228344625,5.9063,43.0,22,Protocols,pump,,0.2863697833333333,27233.52228344625,22,91,28.8540909306153,20.9076333809104,0.0,14611.66819907461,89837.65662945958,6.14835044195359,15762.98130710902,5.699280794613598,early_low_mc,1,1
019edc44-721c-766c-af1e-40d4f8244c6d,CVXrRZc3RSrtF72N6869gxcNAnX5CeryrqLcVRUpump,DRIPZ,dripz,newSignal,2026-06-18 19:45:33.724000+00:00,16092.369201901422,14680.929896819798,11966.69154277752,24579.57794380616,6.9364,36.0,21,Protocols,pump,,0.2626999666666667,24579.57794380616,21,113,25.9947228496099,31.9796179446913,2.3052433121837,14680.929896819798,45809.41024338399,3.1203343770006886,16092.369201901422,2.8466541917253116,early_low_mc,1,1
019edff9-41ce-7681-ba93-129ec753de8c,CZg8qo6fAqVcVxZmgJFWxJqpGp3EHRvPTHaJafqNpump,Binface,Count Binface,newSignal,2026-06-19 13:01:55.022000+00:00,21630.266262765435,13772.409891830694,13816.358152808218,40342.3216971354,8.6626,252.0,142,Others,pump,,0.14723391666666666,40342.3216971354,142,152,24.329610272429054,52.86646774132934,0.0,13772.409891830694,30117.292910982156,2.186784531358355,21630.266262765435,1.3923681079611292,early_low_mc,1,1
019ed954-2833-709e-9d9b-4b77ea1aca09,CaQWZ4epMiPEsDZqDia5BfSee4h3czLAduJ4PmrPpump,GRUMPY,Grumpy cat,newSignal,2026-06-18 06:03:51.731000+00:00,29007.633245712477,15454.644781937679,16281.166879169612,30248.66313983544,9.0433,84.0,84,Cats,,,0.4505280666666666,30248.66313983544,84,84,,,,15454.644781937679,18512.117247722214,1.1978351821685282,29007.633245712477,0.6381808915919891,early_low_mc,1,1
019ede87-a3f3-70c0-acf5-552660879278,CaSx7szwjZtxrb468o5LPZbW3GDVnrYZZowYHzdupump,PILLY,Pump Sprite,newSignal,2026-06-19 06:18:11.827000+00:00,17346.394407798787,13284.164551330188,12387.208916921338,15962.3184658651,7.7352,64.0,49,Meme,pump,,2.0717525666666665,15962.3184658651,49,126,28.5860733401658,11.7166104664833,,13284.164551330188,26862.31080543177,2.0221302364657894,17346.394407798787,1.5485818074881723,early_low_mc,1,1
019ed6e2-2ac9-7105-b4fa-7a4356a767d7,CbjenziwZgpgvqytUzMZimRqxFEmpyWQurC3Y9ESBAGS,INFINITE,Infinite Machine,newSignalRay,2026-06-17 18:40:06.857000+00:00,877986.3488635108,491472.2086230759,12768.338063526473,76535.65740720302,12.2459,169.0,60,Others,meteora,dbc,0.28066243333333335,76535.65740720302,60,162,1.3325859740809416,,0.1778325624398383,491472.2086230759,491472.2086230759,1.0,877986.3488635108,0.5597720388924621,ray_migrated,5,1
019ee0fd-17ee-769a-a722-2510ca9eb5e3,CdYU7QjUdbDmmPMuy8Mk7ZN5XiQXQdKBg4R1vyxZpump,DAUMEN,The Onboarder,newSignal,2026-06-19 17:45:43.662000+00:00,17673.40540438907,12230.864191227294,12556.202079154506,26481.3805259587,7.0109,125.0,83,Others,pump,,0.4661104166666667,26481.3805259587,83,123,26.6769785531567,36.2730254865508,0.0,12230.864191227294,12230.864191227294,1.0,17673.40540438907,0.6920490936166633,early_low_mc,1,1
019ed282-6ebb-7c16-826b-5f98222c4ad0,CdsYoJ8PZrRVxLkYUFReGsJ6p5MQ8TCPf6E2qANxpump,Fatou,Fatou,newSignal,2026-06-16 22:17:03.931000+00:00,15285.251519209549,13539.887907838429,12060.049163207561,40850.0520299956,6.001,90.0,58,Animals,pump,,0.49727784999999997,40850.0520299956,58,167,16.1149047444682,19.2853800406965,0.0,13539.887907838429,13539.887907838429,1.0,15285.251519209549,0.8858138769141184,early_low_mc,1,1
019ed5fb-372c-7afd-8787-4edf9217cb58,CeSQAsN3WLSHCuRHDrhaL5iXRfFLiWXcfbjSFStipump,WESLEY,The Messi Goat,newSignal,2026-06-17 14:27:51.212000+00:00,14799.464531016143,20456.67359117254,11747.58388875183,23658.42724951608,5.2649,120.0,79,Sports,pump,,0.3081300166666667,23658.42724951608,79,91,25.9729324460679,38.941015827818,0.0,20456.67359117254,140009.31196536642,6.844187611508022,14799.464531016143,9.460430927885286,early_low_mc,1,1
019ed228-af8f-72b4-839c-3e11f29d3449,CfbVyNSBuV1tNj68vY1JZADLkiYSAT5FKK6RELtPpump,PIP,The Baby Squirrel,newSignal,2026-06-16 20:39:02.287000+00:00,16829.75278841045,13514.462974781942,12655.560860867987,26287.6070988174,5.9808,137.0,82,Animals,pump,,0.22335558333333333,26287.6070988174,82,63,25.2767472732314,17.2697803807771,0.0,13514.462974781942,13514.462974781942,1.0,16829.75278841045,0.8030101894359654,early_low_mc,1,1
019ed751-0906-7504-80e2-f7b43576467d,CfhLX5uAgK1DZTt3AqaYPN1Pxr9mhP3oruzQ4AYXpump,Onlyclaw,Onlyclaw,newSignal,2026-06-17 20:41:12.710000+00:00,15904.799049402323,14282.800312264759,12197.585851769003,25378.9762076018,6.9255,20.0,18,AI Agents,pump,,0.30253939999999996,25378.9762076018,18,109,25.022086144589075,15.354407688467502,0.0,14282.800312264759,16897.165336991333,1.183042888479061,15904.799049402323,1.0623941418251557,early_low_mc,1,1
019ed7ab-17d9-7dcb-aafd-d5cbadd96587,Cg3oJcnK3EQkngr66GnMHfrA2HoCm4aRZnNj44tLrkNz,SNIF,Sniffles,newSignal,2026-06-17 22:19:34.745000+00:00,16052.568346003201,14068.689207449946,12149.049804034556,30322.06656181968,6.5894,26.0,14,AI Agents,pump,,0.3267666,30322.06656181968,14,60,30.2177342189748,19.2454299745379,,14068.689207449946,25136.79064378898,1.7867187392609414,16052.568346003201,1.565904601804582,early_low_mc,1,1
019ede2f-3551-78b0-a441-71bdbf508b04,CgJ4itfGDWcCU7ZX8USPwDHvBP1X7qwuECMpmmeipump,YN,young nigga,newSignal,2026-06-19 04:41:36.337000+00:00,17031.42520046564,15408.363271668175,9052.476908379254,16766.92604721124,7.3585,60.0,49,Others,pumpamm,pump,0.19605621666666667,16766.92604721124,49,115,30.7854595002505,60.0012181818477,3.0167808264927,15408.363271668175,15408.363271668175,1.0,17031.42520046564,0.9047019313009054,ray_migrated,5,1
019ed7fa-4604-7794-bcad-61d664f3effa,CikB2JgHPDi7ZUBBgBto865DmqwrBWNHFSng2gzTpump,PAQ,Peaceful Alien Quant,newSignal,2026-06-17 23:46:03.908000+00:00,15569.158483673806,13002.18442156132,12005.702367614464,33815.9878231858,6.1491,39.0,22,Others,pump,,1.5632748666666667,33815.9878231858,22,100,25.3873571094387,8.8684264359259,0.0,13002.18442156132,52147.6753863236,4.010685719843192,15569.158483673806,3.3494215786297574,early_low_mc,1,1
019edcf9-17ea-7330-9720-00a4d92fab75,CjEVKFx9MZeKcqiZUMBiV817h2F6y7ogqDGuqSsopump,CHEESE,CHEESE,newSignalRay,2026-06-18 23:02:52.650000+00:00,191059.3540560249,191458.57978688274,30866.36646126327,107942.15505511592,60.1831,65.0,20,Meme,pumpamm,pump,0.15237098333333332,107942.15505511592,20,170,54.4765059791731,4.3543862802682,3.231004445106,191458.57978688274,196681.3145197501,1.0272786664284301,191059.3540560249,1.0294252039713097,ray_migrated,5,1
019ed218-6f56-7051-830a-e5e0d77ac0ba,CjUsokpKJ2js9eNm8fCbiktKVTqLKAx14AmPjdKbpump,MEMEOPOLY,MEMEOPOLY,newSignal,2026-06-16 20:21:17.270000+00:00,15107.354863662877,13486.874748630617,11997.77210175277,20647.558364688,6.1316,26.0,18,Meme,pump,,1.1242972,20647.558364688,18,105,20.9665882573623,18.09213804459,2.7997511764768,13486.874748630617,13486.874748630617,1.0,15107.354863662877,0.8927356820795984,early_low_mc,1,1
019ed851-97cb-776c-91f4-a5b4c72e5004,CoAEHRi6JpiBHmmT9EXaAXnZ8xjoXnFSML3pTePjpump,FootballX,Football Twitter,newSignal,2026-06-18 01:21:26.475000+00:00,18056.045000781312,14153.292936893966,12971.290214433693,37158.78246571144,7.6392,43.0,28,,pump,,0.3737496833333333,37158.78246571144,28,110,29.5737035408848,30.3401727771357,0.0,14153.292936893966,25315.720047751784,1.788680567881151,18056.045000781312,1.40206341126511,early_low_mc,1,1
019ed7f2-78f8-758b-b2c5-0efa22303589,CpzZ2N6p6B48o8zWouwMs2BXFm4nZjh4tzFHpg6tpump,OGAI,Open Generative Ai,newSignal,2026-06-17 23:37:32.664000+00:00,19898.631890031964,15894.62280402989,13579.346497964303,15338.936204568,7.2577,39.0,22,AI Agents,pump,,0.21389725,15338.936204568,22,81,27.4582627445385,19.8317123267034,,15894.62280402989,17919.304146768292,1.1273815281873232,19898.631890031964,0.9005294557835809,early_low_mc,1,1
019ecf0f-c15b-70f3-b530-78731882701c,CsTkBg1w2L76EMoKaiQbXtrfSb95rNzquWueMXx9pump,FIH,Justice For Fih,newSignal,2026-06-16 06:12:56.795000+00:00,14364.164472976936,13445.724033981427,11681.550168798649,33224.0897669238,6.4139,20.0,15,Meme,pump,,1.06734235,33224.0897669238,15,120,25.1489460483686,13.6973485517075,,13445.724033981427,13445.724033981427,1.0,14364.164472976936,0.9360602949984765,early_low_mc,1,1
019ed5da-5b80-7144-b309-0739bd3e2217,CsWnH9msTEqswGPfNjkSRF3dnf7Y3QYCxXdcSgfhWU9S,Thaïs,Justice for Thaïs d'Escufon,newSignal,2026-06-17 13:51:57.824000+00:00,16544.364870527286,12920.749374611523,12438.064046995141,17915.182069024,6.7493,94.0,54,Others,,,0.12782293333333333,17915.182069024,54,103,25.5593373302279,44.3263753816488,16.4075785895644,12920.749374611523,17244.369821257613,1.3346261367116785,16544.364870527286,1.042310778093231,early_low_mc,1,1
019edbd9-2519-7319-b22b-54bfc14acd76,CszvPGwxpXsJX9ghRUpEGotu2c4stu4v7Gx3i6tpump,DRIPZ,Dripz,newSignal,2026-06-18 17:48:21.657000+00:00,19446.03469770281,13887.680045742885,13111.668802587754,22148.24384648708,7.7104,87.0,69,Protocols,,,0.14426833333333333,22148.24384648708,69,129,21.3892822680639,3.8442315358748,0.0,13887.680045742885,13887.680045742885,1.0,19446.03469770281,0.7141651376042982,early_low_mc,1,1
019ee089-a68f-7705-bfc2-3fa7b46ef7f0,Ct5ZGEs7TTwbV63e1gTDdhdves3xenJRe6gKW2pupump,HERO,Zero to Hero,newSignal,2026-06-19 15:39:37.999000+00:00,20053.390883973003,12725.610927599808,13370.006444242905,14776.86948369216,11.5198,66.0,45,Others,,,0.18105718333333334,14776.86948369216,45,121,29.8893692805472,54.4595870182237,3.2475395811992,12725.610927599808,14475.636001213545,1.1375199260428601,20053.390883973003,0.7218547768289256,early_low_mc,1,1
019edf8e-0865-7d27-8ada-5340723d3219,CtNC5wuHcGBDMEYHMnpnqFi63gJpxhnPuRSX8SH2pump,USOT,United States Oil Trust,newSignal,2026-06-19 11:04:47.973000+00:00,17386.697197887817,22541.00111242136,9138.154786240339,9083.8656129307,2.063,21.0,10,Others,pumpamm,pump,0.46458513333333334,9083.8656129307,10,83,20.3532920223127,0.2561797793326,0.8164762014209,22541.00111242136,166833.89091374062,7.401352321561519,17386.697197887817,9.595490679736923,ray_migrated,5,1
019edc15-23d3-7d00-9c17-9202cc73b01d,Ctv6tiNS9f5KpajmqPwDo2We2J7zVfZ1A3ufHLeLpump,KSTR,Kins Strategy,newSignalRay,2026-06-18 18:53:53.491000+00:00,83955.82590955583,70492.9406621657,20318.942842410608,77739.96839705257,39.7757,124.0,69,Others,,,0.26256386666666665,77739.96839705257,69,163,39.0148496216016,43.459601761319,8.3420044673905,70492.9406621657,294544.9968217972,4.178361606921622,83955.82590955583,3.5083330266931743,ray_migrated,5,1
019ee0bb-1481-7bf9-8cac-a2323b8ba0a9,CwPoaq8GGF5i2RkiDyHsNsrnP5L1B4PnQZAEu3Xkpump,ELON,Comrade Elon,newSignal,2026-06-19 16:33:37.409000+00:00,16819.955525858262,14006.07395308547,12254.484545821817,27294.3913630311,7.5354,44.0,30,Elon,pump,,0.14217063333333335,27294.3913630311,30,86,24.6972893662216,26.8127380547098,0.0,14006.07395308547,22168.38888846948,1.5827696585584492,16819.955525858262,1.3179814211986929,early_low_mc,1,1
019ed23b-83f8-7a86-8df1-8059514f2efa,Cx83EqERns2VuiKrkwHegTuECVqZebsNhJ3dCU8CucWG,ANSEM,The Black Bull,newSignalRay,2026-06-16 20:59:36.312000+00:00,386082.06143165834,276164.515409915,46017.15582130047,410138.98441034305,176.5244,571.0,146,Others,pumpamm,pump,0.48687541666666667,410138.98441034305,146,498,31.8435890164404,85.1020617082862,15.5541218556914,276164.515409915,276164.515409915,1.0,386082.06143165834,0.7153000436898045,ray_migrated,5,1
019edace-ec04-7198-8c4c-f36455b01ccc,CziTZbTtaXymxCZJshBjorYgYGrvueH1br5Nz5SKpump,pisi,pisi,newSignal,2026-06-18 12:57:34.468000+00:00,15225.044584171577,14153.439033388815,11831.760831256579,11639.32086313248,6.1822,64.0,38,Others,pump,,0.4660272833333333,11639.32086313248,38,92,23.069401347976,33.0758015092301,2.18096e-08,14153.439033388815,53273.63550175538,3.7640064281253247,15225.044584171577,3.4990791131830434,early_low_mc,1,1
019ed746-8b40-719f-a2a3-7673a0d71679,D3jnVDrA9H9E9K9ztLk62iYZXJsKTG1vfX9L6ADqpump,Percy,Elon' Dog,newSignal,2026-06-17 20:29:45.152000+00:00,15964.07452367795,13915.591737562687,12154.752196312524,29994.4652773858,6.392,80.0,62,Dogs,pump,,0.11731470000000001,29994.4652773858,62,203,19.8756799158199,10.2156114412868,0.0,13915.591737562687,13915.591737562687,1.0,15964.07452367795,0.8716817073813488,early_low_mc,1,1
019ee3fc-bf56-7a39-bead-28e64dd68d0f,D49w9NyqPjRxXCYGSsm2cDiTDqHnjZKXefiqEQDKpump,Plankton,Scared Plankton,newSignal,2026-06-20 07:44:12.630000+00:00,15274.701547265375,12869.001570207696,11863.689732384124,76422.7863833758,4.8726,39.0,26,Others,pump,,10.017969233333334,76422.7863833758,26,192,22.7983109399534,17.0407690047323,0.8063989111892,12869.001570207696,25174.11611846072,1.9561825353056062,15274.701547265375,1.6480921765026324,early_low_mc,1,1
019edb91-84ea-7120-ba6c-bb34fa124fe7,D5UbiydvQRQtjYb1ktXchR7uS8sQWNdbVeJx2rfspump,CENTER,Card Center,newSignal,2026-06-18 16:30:07.594000+00:00,15010.6505530818,14459.931405012554,11529.804953615236,8435.1789452638,7.438,62.0,46,,,,0.20319453333333334,8435.1789452638,46,53,32.4172537380211,14.6562299196076,13.587904757292,14459.931405012554,14459.931405012554,1.0,15010.6505530818,0.9633114403588472,early_low_mc,1,1
019eddad-d69b-7707-9344-58bb55a660f7,D8Xaa5kWjptEs9wjByZjs37WWdNNQExmtiiraMyppump,TIT,Titcoin,newSignalRay,2026-06-19 02:20:17.947000+00:00,90833.1379924552,92478.26923628012,30281.513354243223,41016.54455370513,10.5144,141.0,46,Meme,pumpamm,pump,0.26725281666666667,41016.54455370513,46,203,24.6524844464326,,1.6147689747741,92478.26923628012,208411.72815519632,2.2536292025828093,90833.1379924552,2.2944459782123507,ray_migrated,5,1
019ecf6b-7d11-7195-a24c-11ecbac4167e,D8bmt1ZNv1sZyi9Y6rXcX1Wo5WcpqzEVVxGUv3okpump,Loria,Loria,newSignal,2026-06-16 07:53:08.625000+00:00,17651.11112843564,14579.259740099118,13004.455184999133,12867.87398121186,7.4519,48.0,43,Gaming,pump,,0.8074452999999999,12867.87398121186,43,140,19.0904636567174,24.6892157144405,7.4396203078095,14579.259740099118,42124.36506157687,2.889334973964219,17651.11112843564,2.3864993401868753,early_low_mc,1,1
019ed55d-5a67-759a-a930-8889d7a9d1f0,D9KNgVoYGE1iG9bSxRvigDhAr7QNoFK4qenrKbwppump,elon,1 Elon can change your life,newSignal,2026-06-17 11:35:25.543000+00:00,17325.075568307126,14060.28220749563,12670.9886898945,31731.05183645868,6.3799,79.0,64,Elon,pump,,0.34408618333333335,31731.05183645868,64,94,19.1715519220228,0.0,,14060.28220749563,14060.28220749563,1.0,17325.075568307126,0.8115567607229487,early_low_mc,1,1
019ed1be-037c-7562-b870-eeef6686b82c,DBLxkVArH21e7n385R7uzuJ1vz487jZjUgmJFC1pump,SKY,Sky Haven,newSignal,2026-06-16 18:42:31.420000+00:00,17210.970229742674,13220.17121041943,12783.643339175323,78830.02303930937,3.1739,22.0,15,Others,pump,,0.3494363166666667,78830.02303930937,15,107,25.71134753911486,11.160526193892183,0.0,13220.17121041943,34215.210424742145,2.5881064534002065,17210.970229742674,1.9879884729342017,early_low_mc,1,1
019ed5b7-8c5b-7030-83af-3af4c612a7eb,DCaoXH6QoxgFQ5phtpR18aTXJ6nsidDt5Ri2bTELpump,Pilly,Pilly,newSignal,2026-06-17 13:13:56.571000+00:00,23340.195821076824,14764.586786968986,14739.540156124447,11255.03492022657,9.9955,67.0,42,Others,pump,,0.22993724999999998,11255.03492022657,42,81,31.8207403455159,38.3528447253719,,14764.586786968986,17869.26903137044,1.210278979642126,23340.195821076824,0.7656006474133353,early_low_mc,1,1
019ed540-ca88-74f2-8126-23d10f3b79b1,DESCgSHHD9VXdVUDQ1teyfwqkfZbVNxe2KJGKSypump,Epsztin,Mohamed Epsztin,newSignal,2026-06-17 11:04:13.704000+00:00,17081.03308375049,12979.14147605551,12576.867836148283,30442.17851178174,6.6708,94.0,78,Others,pump,,3.2270463166666667,30442.17851178174,78,164,25.9923640465913,17.8915265664172,,12979.14147605551,12979.14147605551,1.0,17081.03308375049,0.7598569367799429,early_low_mc,1,1
019ee0d6-7b55-7a6f-95c3-b2f6349977fe,DGHLuAb9FD2eRodsgeQUprEfwBXspuHQtzYirPg3pump,Speedy,The Miracle Horse,newSignal,2026-06-19 17:03:33.205000+00:00,15874.09199481659,16703.719964582247,11849.862271960717,25509.12882918639,6.2921,103.0,78,Animals,pump,,0.4574146833333333,25509.12882918639,78,146,27.2547776786738,30.618080127872,10.240324345143,16703.719964582247,16703.719964582247,1.0,15874.09199481659,1.0522630188886746,early_low_mc,1,1
019edd0e-7575-7cee-a33e-21b0143e73e5,DGUL7kW9qJzvxMqP5rQK2FwycSAko1AuqGsMy96apump,hold,The holding experiment,newSignal,2026-06-18 23:26:12.853000+00:00,18702.744786609157,14716.61432168984,12926.961856008804,13611.0921302857,8.1242,45.0,34,Meme,pump,,0.2953617833333333,13611.0921302857,34,133,23.3776539052963,13.524693582085,0.0297856984222,14716.61432168984,24501.67950428839,1.6648992063464618,18702.744786609157,1.3100579505223837,early_low_mc,1,1
019ed96b-f61e-7459-9f61-601bb64c5bbe,DJdxHeEMjRZksgcHqwxNZekw7SiBQqzmEBPqvBDtpump,Jirachi,Wish Upon a Jarachi,newSignal,2026-06-18 06:29:51.774000+00:00,12890.72228728952,12649.690033226303,10861.871413232122,17240.2090950852,7.1949,61.0,52,Others,,,0.8517821,17240.2090950852,52,104,23.2036124067635,28.6891892031304,0.0351691823478,12649.690033226303,12649.690033226303,1.0,12890.72228728952,0.9813018814080823,early_low_mc,1,1
019eda8b-d321-72c4-a13d-5321d5e048ae,DNooXfXUBTQA93nsQ3yb49EaVLtrJ8vGakW5WyXUpump,Sergeevna,Сергеевна,newSignal,2026-06-18 11:44:17.185000+00:00,14142.671237706822,13589.063587975597,11365.047864530077,31653.54428366924,6.3565,50.0,35,Others,,,0.30247806666666666,31653.54428366924,35,78,29.944607029365,14.6460599443835,0.0,13589.063587975597,28295.051239366258,2.082192864591743,14142.671237706822,2.0006864872830197,early_low_mc,1,1
019ed240-7ef8-7133-a009-f4a632e9a7ed,DTZhKWmpnf7DKgVPhHpkMQi5Zhg9dg8sUVetNhUbpump,ansemconzimp,ansemconzimp,newSignal,2026-06-16 21:05:02.712000+00:00,17544.37023408147,16697.39342575026,12936.352714469242,14862.37338540925,6.2442,65.0,48,Meme,pump,,0.21375101666666665,14862.37338540925,48,80,31.3046319204662,27.8062710542927,2.9555644271954,16697.39342575026,16697.39342575026,1.0,17544.37023408147,0.9517237269260378,early_low_mc,1,1
019ed27e-c5fb-788e-b79a-93c1a02aaa8f,DUGqUGBrcZS7ZGmjkYVbTrsAFE1AWV3EmD2pbF9Jpump,EDC,ElonDongCoin,newSignal,2026-06-16 22:13:04.123000+00:00,13023.024738887405,13014.203941854832,11126.09021935325,26681.71130168616,6.8877,74.0,44,Elon,,,0.6506374,26681.71130168616,44,111,29.6244417761246,18.7482508179373,0.0,13014.203941854832,13014.203941854832,1.0,13023.024738887405,0.9993226767813599,early_low_mc,1,1
019ed24c-b34c-7b85-a605-eda075b8e7ff,DVHgojPLRzRRkFg713NeUryiAdyyoXWzXyHLakejpump,CORGI,The Original Doge,newSignal,2026-06-16 21:18:22.540000+00:00,18766.319546285453,15449.730137432136,13371.082182035845,23015.77490154355,7.3468,32.0,21,Dogs,pump,,0.31345258333333337,23015.77490154355,21,112,13.3557074085592,32.3757027429695,0.1236178832886,15449.730137432136,15449.730137432136,1.0,18766.319546285453,0.8232690538667827,early_low_mc,1,1
019ed23c-1f5a-7512-bcf9-ce3fcf384e4d,DVWZVVLCjYjtnEnSpBBBUTwQ8ta73hFADiitnKthpump,ANSEM,Coldest Nigga Breathing,newSignal,2026-06-16 21:00:16.090000+00:00,28769.93329090763,16134.330966762736,12253.772720855559,19163.95510441104,10.0035,63.0,61,Others,pumpamm,pump,0.19260643333333333,19163.95510441104,61,52,42.6332917745372,51.817210707878,22.8819015344633,16134.330966762736,40937.782019738246,2.5373089286485726,28769.93329090763,1.4229362858020984,ray_migrated,5,1
019ed37e-a16f-7a51-a64a-b54fe03b68dc,DWF2TFVHzDdsqXwtxJphpwDHrQfjuRSLkDup6a1bBAGS,TURTLE,TheMisterTurtle,newSignalRay,2026-06-17 02:52:31.983000+00:00,154740.3085251295,425332.0317717399,5340.269115479493,28898.16368077,1.5343,65.0,28,Animals,meteora,dbc,0.5703765166666667,28898.16368077,28,70,1.5990865488295098,,0.2110159874829624,425332.0317717399,425332.0317717399,1.0,154740.3085251295,2.74868284693039,ray_migrated,5,1
019edcfa-c090-730f-9da8-84bf308cfe19,DXbWYHDscBqR2J3APznFNJKeaX7fRCxuJK1zV7R6pump,VOYAGER,the voyager sprite,newSignal,2026-06-18 23:04:41.360000+00:00,16198.018889377063,13192.65910820647,12033.584669085978,26727.133626598,6.3163,135.0,105,Space,pump,,0.10135728333333334,26727.133626598,105,126,23.6345299178471,34.4067737500006,0.0,13192.65910820647,16206.533518071945,1.228450866890868,16198.018889377063,1.0005256586470872,early_low_mc,1,1
019edc18-55fe-7894-9408-53a4ca6dc609,DYiM38A1bGivRNAqhFUDXKamJyKTmSBRorefom9vpump,BILLBOARD,Billboard coin,newSignal,2026-06-18 18:57:22.942000+00:00,15717.977346776901,13108.188907327953,11783.913926433364,29926.54323550861,5.7346,135.0,99,Others,pump,,0.44657715000000003,29926.54323550861,99,161,19.8901782989796,25.7654999099005,3.5376442157,13108.188907327953,13108.188907327953,1.0,15717.977346776901,0.8339615599468906,early_low_mc,1,1
019ed52b-90f2-7c17-8d61-fc933917770f,DZAvVcKVx1ZZRqz4efHegRc9ZKS1MWnQ8R5KP4bYpump,BOBBLEHEAD,Bobblehead,newSignal,2026-06-17 10:41:02.706000+00:00,14722.115022614998,13573.805529465608,11706.224985197357,30556.0928757258,5.4364,86.0,59,Elon,pump,,1.62270515,30556.0928757258,59,170,19.3843629967008,19.4655586228716,1.5031742929849,13573.805529465608,14401.130263044894,1.0609500947824362,14722.115022614998,0.9781971028566865,early_low_mc,1,1
019ed1ec-6e9e-7dc5-83cb-7e16816cf174,Db6wHqzE2zUbWPebMJNSAzWRNSbxfZPRi1srJm7tpump,RUSSELL,Russell,newSignal,2026-06-16 19:33:13.502000+00:00,13592.564574534397,13067.933391691366,11374.234190960593,17064.03676151671,5.0127,74.0,59,Others,,,0.3816878166666667,17064.03676151671,59,101,22.5243098274713,46.917066363476,0.0,13067.933391691366,13067.933391691366,1.0,13592.564574534397,0.9614030759268251,early_low_mc,1,1
019ed538-4f8b-7cc6-88cd-4c973d66be18,DbPoMfgEdHvad7GbCUQqsjA2YCNGB9h4B7LGvCsTpump,Thomas,Justice for Thomas,newSignal,2026-06-17 10:54:57.931000+00:00,15062.156969747322,16645.02901306184,11836.503239815009,21486.03533997339,6.3844,49.0,37,Others,pump,,2.9449779166666668,21486.03533997339,37,138,26.3141359528724,20.0496308095331,7.0875458998662,16645.02901306184,16645.02901306184,1.0,15062.156969747322,1.1050893339176955,early_low_mc,1,1
019ecc77-d023-7ce7-8aa6-2a9ba16eda35,Dc8nWu2cPyiHKv3ZGXZ3GhyCXzE9ierMKEHg5X8ppump,HUC,HunterCoin,newSignal,,17130.2433014018,14906.167086482532,12877.29345398923,24865.76931896646,0.642,,0,Others,pump,,724.4004055166666,24865.76931896646,35,87,24.7253621138846,13.3244600519062,0.0,14906.167086482532,22989.30446133321,1.5422679973969142,17130.2433014018,1.342030236047608,early_low_mc,1,1
019edab6-e654-7196-953c-1d040c0cf5f0,DgVJZqmccrew2HySCA34pzkfyu54ZCkkZw6aKibYpump,Rebel,Rebel Mode,newSignal,2026-06-18 12:31:20.148000+00:00,15258.81141365744,12577.114052908593,11831.645644201431,31444.8519474572,5.9091,173.0,126,Others,pump,,0.10641083333333333,31444.8519474572,126,109,24.8991239806142,29.1542275395827,,12577.114052908593,23993.404002323165,1.9077034605386625,15258.81141365744,1.5724294213930583,early_low_mc,1,1
019ed67f-467f-744f-9a96-715314373bea,DgqGqHuth3fxmVGpUfgnLXJEVPUkeZRtXe8reiUWBAGS,ELON,Speedrun to an Elon,newSignalRay,2026-06-17 16:52:05.887000+00:00,2319587.5897089187,1899941.9065836158,20410.540535250217,19577.8001500489,15.2275,91.0,26,Meme,meteora,dbc,0.2885874333333333,19577.8001500489,26,44,3.477532791998093,,3.2374301385365607,1899941.9065836158,2284963.1152450275,1.2026489374897458,2319587.5897089187,0.9850730040902502,ray_migrated,5,1
019edcf7-f585-74ec-ab5d-b29db888e91c,DhoWF1FdsSHbAWonp3b5q5Bjrr8wb3eMpbXN82wHpump,MORTGAGE,Mortgage Coin,newSignal,2026-06-18 23:01:38.309000+00:00,15008.990794896617,13523.729394841812,16627.83324000374,19030.761293899504,2.4832,37.0,21,Others,pump,,0.36117601666666665,19030.761293899504,21,84,17.0903020187828,13.3515106089284,0.0,13523.729394841812,16790.03656487374,1.241524144314641,15008.990794896617,1.1186652583318737,early_low_mc,1,1
019ed289-8773-77a7-8863-8b0d1d46821c,DhxZUSSg9TQpSaLkk434pTRVYEpWBMbUGP7LCvpApump,Hearth,Hearth,newSignal,2026-06-16 22:24:49.011000+00:00,15062.120757066079,13043.186604017317,11963.734985365816,36211.25044355548,6.7221,31.0,26,Gaming,,,0.40041838333333335,36211.25044355548,26,100,21.7042297037832,26.8483502399114,1.0927123017699,13043.186604017317,13043.186604017317,1.0,15062.120757066079,0.8659595029404062,early_low_mc,1,1
019ed51c-8fb0-7936-9dab-5cbfc2327061,DicbCpQUfJgBeDHZvcLur6RcF2HgDWagrGkjiXoGpump,Alon,Alon Card,newSignal,2026-06-17 10:24:39.344000+00:00,15771.62492994967,13263.117347393912,12129.672995853141,12240.02565549696,5.6737,46.0,38,Elon,pump,,0.18364,12240.02565549696,38,83,24.873450361216925,19.12441202082292,0.0,13263.117347393912,16501.279632837974,1.244147902836759,15771.62492994967,1.0462637620491924,early_low_mc,1,1
019ecf15-c01a-744d-8414-d2bfca1ba936,Dig6UdRdW3PjzvR1brBXSWSoAoWALS9na9qWTwUUpump,pickles,grillo's pickles,newSignal,2026-06-16 06:19:29.690000+00:00,15738.899746431185,13449.033413985104,12230.301487057093,28825.63819072377,5.5836,73.0,48,Mascot,pump,,1.0497519,28825.63819072377,48,129,25.7793370634232,22.778609575909694,0.0,13449.033413985104,13449.033413985104,1.0,15738.899746431185,0.8545091226618106,early_low_mc,1,1
019edd3b-a0fe-710c-8c0f-e1c674daefce,DkjxLSuEfNScz9X1aj9nsBSP4qUZz53ZTuQvhkhQpump,Specsy,Specsy the Alien,newSignal,2026-06-19 00:15:33.118000+00:00,27606.717221028335,12767.580559323938,11625.770005349172,18113.21752480608,10.9711,39.0,31,Meme,pumpamm,pump,0.3468015833333334,18113.21752480608,31,110,34.9630361652615,41.0787768586017,20.500539500662,12767.580559323938,29371.71658282514,2.300491972331868,27606.717221028335,1.0639336922121398,ray_migrated,5,1
019edadf-ede0-72e5-ba3b-1c308a41479a,Dm7UPvDdQgmCLo5Fx21Thh7pUWGJYbYUp9m3yKm8pump,SoL,State of Leonida,newSignal,2026-06-18 13:16:09.056000+00:00,15296.782475676218,15765.939762296415,11868.733333939268,50359.49901315879,5.7507,115.0,74,Politics,pump,,1.8270539,50359.49901315879,74,106,22.2758301374468,35.1196622929271,0.0,15765.939762296415,24717.507923055593,1.5677789142748393,15296.782475676218,1.6158632027591093,early_low_mc,1,1
019edb38-c701-7663-845a-a983772162ce,DnhotKtoCfJaAY2CStf73cCB2A3d5mZEHiCwbKXfpump,Greg,Greg The Gator,newSignal,2026-06-18 14:53:11.809000+00:00,12891.421262709602,13555.652805674667,10855.429479145441,16052.3817371126,4.5679,56.0,51,Animals,pump,,0.6119763666666667,16052.3817371126,51,92,25.8580497060894,37.7106773953032,0.0,13555.652805674667,13555.652805674667,1.0,12891.421262709602,1.0515250824117008,early_low_mc,1,1
019ecf62-177e-7eba-982c-cf2aa5feafbe,DogsYb9MWKMYm5BtoZCWCm4oQ3GB34R17JfxQoFBHuuV,Dog,The Dog Project,newSignal,2026-06-16 07:42:52.798000+00:00,16023.215823842444,13552.827185412449,12384.54998495614,40336.29974266647,6.5837,76.0,50,Dogs,pump,,3.8840071666666662,40336.29974266647,50,193,25.1882991940267,5.6801435899601,0.0,13552.827185412449,13552.827185412449,1.0,16023.215823842444,0.84582441717136,early_low_mc,1,1
019ed5c5-2909-703d-8c1c-ba6f241f7f10,DoiUxH86YEV7XQTgQpeCt53uvhWebRvJQhNpsSrqpump,KEY,Key Perps,newSignal,2026-06-17 13:28:48.649000+00:00,16455.07524556672,13230.794882525475,12366.633254225617,34274.54855492347,6.5458,20.0,10,Others,pump,,0.6605924000000001,34274.54855492347,10,117,23.6817005071757,18.8089194147262,0.0,13230.794882525475,13230.794882525475,1.0,16455.07524556672,0.8040555685754204,early_low_mc,1,1
019edec5-276c-74bd-a13a-e51740d6fc6f,DqQ6vpwrkKweG2wrxwpMVHixNwgRvn5aNftuc7VUpump,WAIFU,WaifuCoin,newSignal,2026-06-19 07:25:23.180000+00:00,19911.13454499943,18396.89424131504,13244.338419969252,17586.7538571306,9.109,102.0,68,Others,pump,,0.19098815,17586.7538571306,68,115,24.900436920251,40.0189007171158,,18396.89424131504,21949.205753630707,1.193093000683671,19911.13454499943,1.102358366572493,early_low_mc,1,1
019ed7df-1b80-76d9-b284-cc3392963bdd,DqYyE6unoAYp7Kueoo16vU1RCLQYLeasQ4oUKnPXpump,Firefighter,The Lone FireFighter,newSignal,2026-06-17 23:16:23.552000+00:00,15641.315871645686,14489.850797368872,12024.280655561215,18634.60321461519,6.0909,73.0,51,Others,pump,,0.6148757,18634.60321461519,51,87,28.2762741604459,22.6141789126879,0.0,14489.850797368872,14489.850797368872,1.0,15641.315871645686,0.9263831071678458,early_low_mc,1,1
019ed2ca-623e-759c-a335-5effd40ac286,DrAQUhCLErvvZVxiZDBf9gYMCYKiEWyoyRY4cYaBpump,Kardashev,Kardashev scale,newSignal,2026-06-16 23:35:39.326000+00:00,12692.872387119343,14297.602094257962,10974.993480978455,21244.30203054656,3.687,49.0,33,Space,pump,,0.2024995,21244.30203054656,33,84,61.2582978703152,23.2891816332507,38.8419392294519,14297.602094257962,14297.602094257962,1.0,12692.872387119343,1.1264276247484446,early_low_mc,1,1
019edb0a-d4fc-7d35-91db-17ce26c795bc,DrkxWKNSZecBY4MhMThGW5531ZUNnYFktBMeYrAYBAGS,10M,10M Before GTA VI,newSignalRay,2026-06-18 14:03:00.732000+00:00,129248.28900461382,137952.25744566054,4787.091396761309,38126.21780713872,1.1084,76.0,39,Meme,meteora,dbc,0.25107736666666663,38126.21780713872,39,91,1.4359202216451084,,2.9530096507e-06,137952.25744566054,137952.25744566054,1.0,129248.28900461382,1.0673430070763723,ray_migrated,5,1
019ed8d6-9c92-7a1b-8d8d-28c138beed66,Ds6KuboW1eVuVioNvSdMy54VPm6hgHLfSdfPNMRZBAGS,1B,Speedrun To 1 Billion,newSignalRay,2026-06-18 03:46:43.986000+00:00,123258.81026566341,1931268.1763306723,4786.687389089855,79243.95399369107,0.7933,54.0,23,Meme,meteora,dbc,15.939485316666666,79243.95399369107,23,73,1.8763530341145966,,0.0030625712713701,1931268.1763306723,17265235.21299561,8.939843479323947,123258.81026566341,140.07303150000664,ray_migrated,5,1
019ed6e6-a0ba-7794-8a63-5a3b2c885a28,DsCJ6KNe3xXhbrGxm2HKyiescEisyo81pSrf38rT7iRF,Roscoe,Propeller Hat Dog,newSignal,2026-06-17 18:44:59.194000+00:00,19054.55057356346,13030.730338496203,18735.340150571683,15061.054546429426,3.2789,73.0,45,Dogs,pump,,0.5638529666666667,15061.054546429426,45,49,26.7508034811421,24.8949033261547,,13030.730338496203,43646.76392888372,3.3495255288907106,19054.55057356346,2.290621537379099,early_low_mc,1,1
019edc13-c08a-777e-866c-583ac0bc2eed,DwL2vQEuNgPcECPaPASboE8NhfRqbGdXe2CbxHT4bonk,BOINKS,Boinks,newSignal,2026-06-18 18:52:22.538000+00:00,15883.171208597296,12099.409767133311,15692.452549773841,33333.70937888772,3.9091,181.0,119,Meme,launchlab,,0.6618202666666666,33333.70937888772,119,139,21.9698824756739,14.4511140171433,0.0,12099.409767133311,12099.409767133311,1.0,15883.171208597296,0.7617754419585997,early_low_mc,1,1
019edc08-a5bf-7b13-92ee-632b9b87ea5a,DxP24NfUZZZE4sNUWDKdvd76yGCeZ6DsuSojn2Kwanon,anon,anon,newSignal,2026-06-18 18:40:14.783000+00:00,15443.643656324683,12218.248339728616,11673.62498536231,23436.55591960794,6.6846,45.0,30,Meme,pump,,0.6412988333333334,23436.55591960794,30,48,34.8728920019425,13.9880070279652,0.0,12218.248339728616,12218.248339728616,1.0,15443.643656324683,0.7911506255665799,early_low_mc,1,1
019ee4aa-9f6f-73e0-bc8b-405eeed77ffb,DxtwfeWaeroAj4WjEs67sT9jwyHPUxH13rUeqPGFpump,GABRIELA,Gabriela Chiquin,newSignal,2026-06-20 10:54:07.727000+00:00,29199.303305443886,18926.39077960762,16398.068308779344,29883.84620089248,12.7002,124.0,84,Others,pump,,0.36358161666666666,29883.84620089248,84,202,19.5858605752567,49.9068100054132,2.9430059114169,18926.39077960762,24249.92493793862,1.2812757181399257,29199.303305443886,0.8304966965913015,early_low_mc,1,1
019ed6e6-5af3-7529-9b71-28340c23d4f7,Dzun8Xo5b5E1bHTNMbsLFiRqSMGUdNt2qxj2Pkqvpump,Plip,Plip Pet,newSignal,2026-06-17 18:44:41.331000+00:00,27503.187399238166,17539.534527445445,16161.905069956605,39219.34285100007,11.8477,23.0,22,Mascot,pump,,0.31687186666666667,39219.34285100007,22,120,23.6381246395166,36.375193650603,7.2459680951475,17539.534527445445,17539.534527445445,1.0,27503.187399238166,0.6377273394839788,early_low_mc,1,1
019ed530-87d7-7f1a-9b01-7497694d6fa1,E2ccc6bnFwXaeVmToQ7nuyaQfMZvNbE2toBJcCNKpump,LANDS,PLOTLANDS,newSignal,2026-06-17 10:46:28.055000+00:00,19114.639615642096,13098.65480749438,13339.596438507944,26260.78757337945,8.0012,25.0,18,Gaming,pump,,0.2751685333333333,26260.78757337945,18,118,29.7504531563242,18.0236264554925,0.4974375100404,13098.65480749438,17969.974580979648,1.3718946598011077,19114.639615642096,0.9401157930424315,early_low_mc,1,1
019ed2e2-44f8-7327-85f5-ae0343a1c5c7,E4Q3iSqNi4Jh5XdDg4r8wfccpzQvntnx5ZMbmLPwpump,DIGS,Diggers,newSignal,2026-06-17 00:01:44.696000+00:00,18192.945648507626,15041.386912085014,13117.997689020676,20641.2102202784,7.4702,98.0,74,Gaming,pump,,0.38032905,20641.2102202784,74,86,28.3434382038623,28.1512624799884,8.2691862427549,15041.386912085014,15041.386912085014,1.0,18192.945648507626,0.8267702879285447,early_low_mc,1,1
019ee052-1d5c-78f3-9dee-8223ece20716,E6Bh9FSsyY7qz7LBRtDuccn9VjhW9DYFBWXEKZL5pump,PIZZA,stable asset,newSignal,2026-06-19 14:38:58.396000+00:00,21854.085451504587,21976.1964269718,20064.393536864587,20356.08551322156,4.3147,27.0,14,Others,pump,,0.14674283333333332,20356.08551322156,14,83,26.2808747040429,2.6043523427938,,21976.1964269718,21976.1964269718,1.0,21854.085451504587,1.0055875582502953,early_low_mc,1,1
019ed57e-1a5a-7c51-8f90-006b02cc058d,E76Ud732NghAsFBcsFdru4xb394NbWjPoT3no3uqpump,Epsztin,Mohamed Epsztin,newSignal,2026-06-17 12:11:11.834000+00:00,17387.88381022833,16397.05186011798,12703.437039290104,22358.5302827196,6.2458,20.0,10,Others,,,0.3481541166666667,22358.5302827196,10,85,30.4976398877308,30.1632768189476,0.0,16397.05186011798,16397.05186011798,1.0,17387.88381022833,0.9430159551947604,early_low_mc,1,1
019ecc53-cebf-7e07-ad7f-d594edff0b57,E8UXwqhNiiMwVRRV4F81rUBUYXNUd4bA78ZxpQxZpump,JAMESON,Justice For Jameson The Doodle,newSignalRay,,223661.3251332512,111453.39895509112,35175.29958345375,273327.0986525309,1.9213,,0,Animals,,,763.7277401,273327.0986525309,20,430,24.8771435198096,18.3189593739572,1.3123954153987,18069.1329601974,206581.2703644976,11.432826955203321,223661.3251332512,0.9236342950280843,ray_migrated,5,1
019ed50c-2d47-727c-b754-9322ded69cd6,E8jatirZnb6SqBmJxeq4vQnvJozv7yJTgAyKkyJkjgQT,Longchu,Pikaman,newSignal,2026-06-17 10:06:45.575000+00:00,16185.812341653489,13279.192904395777,12283.638393206436,20619.53455324194,6.3113,50.0,35,Cartoon,pump,,1.0775114166666666,20619.53455324194,35,74,24.6022068926916,22.5627897153147,0.0,13279.192904395777,13279.192904395777,1.0,16185.812341653489,0.8204217758179704,early_low_mc,1,1
019ed37f-f422-7a83-a419-362faac0656a,EAnc2dLzmUjuyvvhx7MLZPDM8tQRq4RDfqdymjNfBAGS,SPCX,SpaceX,newSignalRay,2026-06-17 02:53:58.690000+00:00,301658.4605486445,295234.7366206859,7452.068417055984,32583.21505435212,3.3724,106.0,27,Space,meteora,dbc,0.5557207500000001,32583.21505435212,27,54,2.280289047707861,,0.5619342762942671,295234.7366206859,506900.59254436556,1.716940893698513,301658.4605486445,1.6803791666324717,ray_migrated,5,1
019edd16-ca4e-7552-af69-273ecd688aa0,EByQ7EqHEhARCnFsNFePZ2r7VgCHjKnzY2JC97atpump,INDIEGEN,Indie Generator,newSignal,2026-06-18 23:35:18.862000+00:00,22630.196944049618,15665.61724373925,14236.867741690556,20205.1688153616,9.9546,74.0,61,,pump,,0.26155635,20205.1688153616,61,170,23.2855678952624,39.7234571874776,0.0,15665.61724373925,15665.61724373925,1.0,22630.196944049618,0.6922439642249055,early_low_mc,1,1
019edbb5-8ec9-798c-b7e7-cff6de2b43ed,EFUtSY7W5Q5s7MvF6n4dFRsfdauNNwGEpTaiBKtrpump,CRASH,Crash Bandicoot,newSignal,2026-06-18 17:09:29.417000+00:00,34730.4724479417,15474.182299267199,12987.011195470448,15073.18442439075,16.6501,68.0,44,,pumpamm,pump,0.37074841666666664,15073.18442439075,44,116,38.7575648503149,30.6110770740921,16.177859873313,15474.182299267199,156380.2085023908,10.105878648579473,34730.4724479417,4.50268013879721,ray_migrated,5,1
019edd14-9a91-72b7-8895-eb364dcb8b53,EJaTyzGWEbZA3cqUnWghxpGXsAWYUDRD3ucK8Vkfpump,GSF,Grove Street Families,newSignal,2026-06-18 23:32:55.569000+00:00,14143.660212880859,14490.314919465734,11247.864112164685,43093.22611654112,1.7093,26.0,26,,pump,,0.62159935,43093.22611654112,26,122,22.0540152071725,39.4332649149468,0.0317052226535,14490.314919465734,14490.314919465734,1.0,14143.660212880859,1.0245095471304642,early_low_mc,1,1
019ed196-96a0-7a29-be3f-3157fa2df1a8,EKsUYQL6tQMjySmDWmE8PGuTZNM5xGw61Nufsffepump,Whitewhale,WhiteWhaleDropper,newSignal,2026-06-16 17:59:27.648000+00:00,15313.368820359266,13187.495508034039,12046.62158486947,28499.2666670916,6.28,22.0,17,Meme,pump,,0.3550120666666666,28499.2666670916,17,132,21.4294315532049,17.0427194146368,0.0,13187.495508034039,13187.495508034039,1.0,15313.368820359266,0.861175333967085,early_low_mc,1,1
019eddc0-e6df-76a5-9da6-610a662af631,EMNCR4iKCgR7F1RUY4Za6SzSpJwULQGYZmzZkdwNpump,infinity,infinity,newSignal,2026-06-19 02:41:07.295000+00:00,46341.97912590551,26873.678520579895,15053.605108133152,7251.51970902618,4.7464,26.0,15,Others,pumpamm,pump,0.26572656666666666,7251.51970902618,15,121,26.3109981228849,,1.9021996147893,26873.678520579895,53416.63116984737,1.9876933159314552,46341.97912590551,1.152661845207795,ray_migrated,5,1
019edfcd-1afc-768b-9e61-4116d0a14965,ENJByQZaQ6hhz54raVPNo8WvnuvN4Zd6uuzB8qSYpump,NA,North America,newSignal,2026-06-19 12:13:41.500000+00:00,15328.395340344081,11952.720761147328,11607.909566911396,17878.45627051902,7.0035,39.0,23,Others,pump,,0.8688554333333334,17878.45627051902,23,67,29.2702059404043,13.5287707345951,,11952.720761147328,13950.736527597932,1.1671599133266137,15328.395340344081,0.9101237421036386,early_low_mc,1,1
019eda70-f32a-7547-a2cc-6a4c23d0860a,ENYwSZtusdXf69tdfiEuop9FZ8FxBrhncQWRWjjvpump,DOVE,The Dove,newSignal,2026-06-18 11:14:55.914000+00:00,15558.817766727776,12945.039915015619,11933.933931835913,41950.16893331208,5.917,56.0,38,Elon,pump,,2.3266419166666665,41950.16893331208,38,168,21.31373264352,26.3119795423101,0.0,12945.039915015619,44140.865282458624,3.409867066632785,15558.817766727776,2.8370320897294006,early_low_mc,1,1
019ed5e9-5856-761f-97d8-e1a21ee9019e,EPgkue45xCdPaghryjBNNPXhfExQo9uXEt2291DJpump,Gentaro,ゲンタロウ,newSignal,2026-06-17 14:08:20.054000+00:00,14533.732235646004,13076.68242499934,11627.81297476407,24185.21427905949,6.1046,88.0,57,,pump,,1.6010961666666668,24185.21427905949,57,137,27.3072544594043,35.3616214714336,0.0,13076.68242499934,13235.78194570745,1.0121666578370023,14533.732235646004,0.9106939450311908,early_low_mc,1,1
019ed3ec-d720-7620-917b-dee51dc27fe4,EQKKq6hz8SStoeJ5v1JBkdkPEnri5xpdoiAq7MBAPkbz,SBF,OFFICIAL SBF COIN,newSignal,2026-06-17 04:52:54.688000+00:00,15285.82814658424,14680.652260370895,12058.696343372918,18491.00346133936,5.5295,89.0,68,Celebrities,pump,,0.9821085666666666,18491.00346133936,68,109,23.2856733268749,10.9525019329669,,14680.652260370895,35801.136286854984,2.4386611474680144,15285.82814658424,2.342112965260249,early_low_mc,1,1
019edd2a-1907-7eb5-8678-0ae8ce2f1803,ER2hhTpLnV9xgL2hAJmMvYwpFobwYXPkuYNQb9Wopump,Juanita,Merlin's Girlfriend,newSignal,2026-06-18 23:56:24.199000+00:00,16504.991503920162,13445.481899412998,12165.4319233132,24266.2795316544,7.3395,88.0,62,Religion,pump,,0.16148698333333333,24266.2795316544,62,149,22.4792344389503,18.4856133147697,0.0,13445.481899412998,18446.00468562349,1.3719110124590481,16504.991503920162,1.1176015862378548,early_low_mc,1,1
019ed54d-e4fd-7d15-9781-8e802b6d5b84,ET81rtsY83XrdRbUTjtbFPLywPG1TLyX24dSMxGeBAGS,SPCX,specex,newSignalRay,2026-06-17 11:18:32.445000+00:00,672766.7335628775,683889.9262170653,10877.137167805238,33775.26349193775,9.9187,61.0,23,Stocks,meteora,dbc,0.42618483333333335,33775.26349193775,23,78,1.9693648900732639,,0.0416748447822335,683889.9262170653,2145729.402549193,3.137536203257573,672766.7335628775,3.1894106760982566,ray_migrated,5,1
019ed25a-8d47-7562-a086-a7089bd11739,ETMeUUWoSzkF4cvibs6k2kRUn3xAuKX6VHYYyvKZpump,ANSEM,Nigger By Matt Furie,newSignal,2026-06-16 21:33:30.311000+00:00,13272.317983270628,13016.922773516091,11228.09372008773,43870.46521863966,3.6513,94.0,67,Meme,,,0.9448199666666667,43870.46521863966,67,133,25.8847843914699,19.4584658617963,0.0,13016.922773516091,13016.922773516091,1.0,13272.317983270628,0.9807573017707641,early_low_mc,1,1
019edc33-3bd5-7329-9c2a-d56dd22d3c3b,ETtABB3uDgZonCLohMv87zD1DQ74w1en2XEGMwNtpump,SCF,Smoking Chicken Fish,newSignal,2026-06-18 19:26:45.717000+00:00,16337.974435001626,12561.406427920152,12015.631213816383,25638.9317572089,7.7352,109.0,83,Meme,pump,,0.6468194333333332,25638.9317572089,83,135,20.0930331948053,34.105323347302,1.1987265823722,12561.406427920152,14499.649180015387,1.1543014122835096,16337.974435001626,0.8874814462282481,early_low_mc,1,1
019ed5e1-6aa5-718a-af60-931329ff973f,EVVtxoxCaWBVhDdFgo18P1trkG6h8AEvDxnau6YLpump,GOAT,Messi the GOAT,newSignal,2026-06-17 13:59:40.453000+00:00,16423.187668863204,12780.274210140076,12383.634092943867,39590.89999705296,2.7363,22.0,16,Sports,pump,,0.19528256666666666,39590.89999705296,16,176,16.9593083246423,17.8985125235778,0.1475031738067,12780.274210140076,160621.46067396962,12.567919751403295,16423.187668863204,9.780163504950538,early_low_mc,1,1
019edec9-f339-73b2-9c25-93e52ad05899,EXUZxPJwAM56rzEnVhNSjMAbvQgfykY2VqqNSh6Dpump,WAIFU,WaifuCoin,newSignal,2026-06-19 07:30:37.497000+00:00,15412.208301643328,12170.633657636534,11655.27061138134,39436.738304089,6.5557,141.0,94,Meme,pump,,0.2609339,39436.738304089,94,141,22.8391759739084,24.4319398127007,0.0,12170.633657636534,20936.704852962037,1.720264157308291,15412.208301643328,1.358449382670857,early_low_mc,1,1
019ede04-fc76-7767-9842-fe9941221c46,EXXZDh1CzomtLwixWvZ947frkwyMGDygw3CWkeRTpump,MCAT,Mayhem Cat,newSignalRay,2026-06-19 03:55:29.270000+00:00,55406.07911780964,107308.40866776225,7257.35524068019,110981.05855140976,27.8687,80.0,27,Cats,pumpamm,pump,0.3978112166666667,110981.05855140976,27,323,109.7000374061991,32.1982079537191,9.7030552005992,107308.40866776225,674344.7676565545,6.284174521163522,55406.07911780964,12.170952689554136,ray_migrated,5,1
019ecf36-24c7-7b69-8ff3-400365be4292,EXk6HJh7dYoMnX7En1apVcdw91PqsbNMaF5KiBuhpump,FATOU,RIP FATOU,newSignal,2026-06-16 06:54:52.615000+00:00,16769.097998779624,13912.811600115772,12654.922094275425,28403.5654839418,5.932,44.0,26,Animals,pump,,0.5218187,28403.5654839418,26,151,24.115767771648823,24.181552739313833,4.39061e-08,13912.811600115772,13912.811600115772,1.0,16769.097998779624,0.8296696459838377,early_low_mc,1,1
019edd33-ffc2-7b0e-a8e9-641adb93623e,EZamyy5m45D6j4BN3Vu4Qbkzw3dZtVe7yPafX6DApump,NeGa,那个,newSignal,2026-06-19 00:07:13.090000+00:00,18708.810283825667,14046.76504400952,12946.632412595296,27401.94226718235,8.0215,32.0,35,Animals,pump,,0.3168575,27401.94226718235,35,128,24.021205651213,37.8238348685895,8.4038018675958,14046.76504400952,35270.1473061451,2.510908895794954,18708.810283825667,1.8852159368272183,early_low_mc,1,1
019ed8f8-05c2-76e5-903c-a11e08929a4f,EZkVNB14BcwaLryUWDddezDj9efDofkmkJDnf5h9pump,Wursh,Kevun,newSignal,2026-06-18 04:23:13.602000+00:00,28312.419178066295,12559.2283077628,16102.947708014859,41087.77682479875,11.571,71.0,57,Others,pump,,0.5924721500000001,41087.77682479875,57,228,23.0493845447932,17.8649934680093,0.0,12559.2283077628,19821.613025136758,1.5782508717422639,28312.419178066295,0.7001031208414932,early_low_mc,1,1
019ee10d-44f2-793c-953a-e06058d1228a,EanGUxSKacCVBRBvWTcSrj9pqkxSZC6HPghCt3Xrpump,Dooge,Top Dooge,newSignal,2026-06-19 18:03:23.762000+00:00,14422.326611210088,13231.858366989454,11340.958356962676,15423.36597446281,5.1093,54.0,40,Meme,,,0.16357501666666666,15423.36597446281,40,107,34.0907883246646,43.3789321615046,0.0,13231.858366989454,19161.873222515973,1.4481619052332504,14422.326611210088,1.3286256606906934,early_low_mc,1,1
019edafc-0108-707b-85ef-f398c80b421e,EbLK3YpxoNevdM7C3BVXxM2fPviVFsh9GvCEW4Lbpump,TTWO,Take Two Interactive Software,newSignal,2026-06-18 13:46:48.968000+00:00,13061.604291990248,13416.097471562765,10912.851074911901,34408.2622198533,4.8702,67.0,57,Stocks,pump,,0.6294197333333333,34408.2622198533,57,87,26.79802032114,29.4149169844187,,13416.097471562765,14347.277750438707,1.0694076858676456,13061.604291990248,1.0984315119113561,early_low_mc,1,1
019ed2b8-1f81-70c2-b73e-7d7e62ff76c0,EbpXudrV5P3ThwkqzmUBXkdt7AL47noptiZXLMpdpump,p,p is everything,newSignal,2026-06-16 23:15:42.593000+00:00,27281.441923231476,13686.498023044642,11918.36734880605,50062.60612494342,11.1943,91.0,63,,pumpamm,pump,1.3137016000000001,50062.60612494342,63,207,31.882524219550977,22.814448062193613,5.409551662703416,13686.498023044642,210472.21950910322,15.37809154355779,27281.441923231476,7.714849534029793,ray_migrated,5,1
019edd30-3f9e-708f-89ce-e330b9f83dec,Ebv9RGybF848qVAtko1gW7u2RSs65v2kXSHUTQHCTRiX,POOKU,POOKU,newSignal,2026-06-19 00:03:07.294000+00:00,16374.974639778928,10229.497837412398,11742.835270658214,10729.37971914732,7.2146,21.0,19,Mascot,launchlab,,0.5034067166666667,10729.37971914732,19,66,42.90758403246,16.55886591212,0.27440024357,10229.497837412398,11389.796455745653,1.1134267426197293,16374.974639778928,0.6955611661270592,early_low_mc,1,1
019ed70f-165a-73a2-a66f-3a755b5cc6e5,EcHyVfqYvVtbMNyQbadwHTyMhCJDEWSXYLtVJDEoCaMC,cooked,cooked,newSignal,2026-06-17 19:29:10.746000+00:00,14586.748679507446,12758.080694217919,11659.530038134602,21299.8242280969,5.1631,51.0,36,Meme,pump,,0.29036293333333335,21299.8242280969,36,178,24.6867280246627,34.0468062415862,8e-13,12758.080694217919,12758.080694217919,1.0,14586.748679507446,0.8746349837466812,early_low_mc,1,1
019ed191-6a97-7834-b269-474b1643fa13,Ed3kkY1zUkNv5HoABewgzS7DVfVf1cfuVnPfJm7fbonk,BONKGUY,The Saviour,newSignalRay,2026-06-16 17:53:48.695000+00:00,241107.79199241343,394386.1133363069,16819.884526458423,50380.7090119308,121.3957,190.0,70,Religion,raydium,launchlab,0.8854985333333333,50380.7090119308,70,112,94.0341916114777,,,394386.1133363069,394386.1133363069,1.0,241107.79199241343,1.635725291485878,ray_migrated,5,1
019ed2aa-3d7d-7db9-b6c7-410060b1bb2a,Ee59eiwnaYWWPe588Er7qwy7HhJAFXb9nE8NGAempire,EMPIRE,AIge of Empires,newSignal,2026-06-16 23:00:32.765000+00:00,16403.52738850861,16911.42302423179,12481.581737451888,25265.32875624222,6.88,35.0,28,,pump,,0.5102624833333333,25265.32875624222,28,131,14.6410741947127,20.3247370547725,1.7333324064995,16911.42302423179,16911.42302423179,1.0,16403.52738850861,1.0309625865031313,early_low_mc,1,1
019ee016-04ac-79d6-b956-a1da30e9b5c5,EeMWsbbcCi3Wyp1biDUqa93YAdEronW6i25czafpump,SPDR,Spider Robotics,newSignal,2026-06-19 13:33:19.916000+00:00,16655.222169353146,12735.359498967879,12121.1200040304,7036.19429012115,7.6016,31.0,15,Others,pump,,0.28547581666666666,7036.19429012115,15,117,32.0978661875321,,0.0,12735.359498967879,12735.359498967879,1.0,16655.222169353146,0.7646466297160474,early_low_mc,1,1
019ed265-4623-7020-81f8-e4f618f6f4ea,EgYVDhUQgLQvcowhoNPukdXNnZmcRSiMSuMoiVkupump,DURRR,Durrr Market,newSignal,2026-06-16 21:45:12.995000+00:00,15757.93029816141,13189.000201564957,12239.831040746632,24575.77227631203,5.4094,34.0,23,Others,pump,,0.8206747,24575.77227631203,23,122,21.1074976999649,4.5489601836025,0.0,13189.000201564957,13189.000201564957,1.0,15757.93029816141,0.8369754118727009,early_low_mc,1,1
019ed7a7-1e7b-7d1a-b31d-55c8bfc5a0da,EhYBNftDgsCMDucwWDQzVtvAoJBeZFJe3tbs376sDdsf,BMC,boomercoin,newSignal,2026-06-17 22:15:14.299000+00:00,18522.14160091124,12863.373483898577,13051.113358581948,19490.493548038,6.4673,66.0,41,Meme,pump,,0.7458981166666666,19490.493548038,41,134,22.6147364974528,28.8009148736011,,12863.373483898577,21182.70591542824,1.646745773334125,18522.14160091124,1.1436423698642983,early_low_mc,1,1
019ed565-ecef-7e6d-86db-e19e406d9727,EhuobbLHWas7L3zV2VbgxcFtrBkBUsZJN5mNv99qBAGS,ELON,Speedrun to 1 elon,newSignalRay,2026-06-17 11:44:47.343000+00:00,768738.5456958873,405631.2453938783,11649.382851443032,16054.4507934708,7.6334,48.0,22,Meme,meteora,dbc,1.9492203333333333,16054.4507934708,22,43,2.7414227998448255,,3.0751575833e-06,405631.2453938783,405631.2453938783,1.0,768738.5456958873,0.5276582625718184,ray_migrated,5,1
019eda03-7c09-7d77-9d9a-46352182d733,EkrnLXAyAryizTvGicA2vvwXexDqy6sTTRhYeBfGpump,muffin,just a chill cat,newSignal,2026-06-18 09:15:21.993000+00:00,17155.589467559617,13755.159523365497,12597.271012120935,22896.29162859115,6.6876,37.0,27,Cats,pump,,0.21276801666666667,22896.29162859115,27,112,21.8619709805142,21.1042844802669,0.0,13755.159523365497,13755.159523365497,1.0,17155.589467559617,0.8017888017998934,early_low_mc,1,1
019ed254-504e-7bfe-9aa4-f98546610fc2,EmAnkHTaPNmHVn59Dkf3of6ZKGq1UKbHtEpi6hRXpump,ANSEM,Ansem The Wise,newSignal,2026-06-16 21:26:41.486000+00:00,19119.11213061838,13150.04891849963,13478.840761111216,27317.35858295746,6.9562,69.0,47,Celebrities,pump,,0.2094858,27317.35858295746,47,162,22.8932288106182,47.6126690392892,1.1293230708877,13150.04891849963,13150.04891849963,1.0,19119.11213061838,0.6877960037401752,early_low_mc,1,1
019edd1a-2692-72d2-8b41-9d085b604dce,EmfAFkiXqHqN6j1yGkxShnMLaHLpm7kFdzZzhbtupump,DAWN,Dawn The Scottish Duck,newSignal,2026-06-18 23:38:59.090000+00:00,15183.849137764595,12359.9554002156,11660.005854752071,15213.06573602182,4.8571,62.0,52,,pump,,0.8214339166666667,15213.06573602182,52,85,22.1516155803251,16.1300976580262,0.0,12359.9554002156,107352.50943677714,8.685509450536086,15183.849137764595,7.070177559244496,early_low_mc,1,1
019edadf-526c-799a-9659-34500ee5e4e7,EnLvyd1VnE2xmk7UVRwJXtXV7rQTmQbfkwsfKy3Mpump,NAILSCOIN,NAILS,newSignal,2026-06-18 13:15:29.260000+00:00,37780.5986852023,31579.609571957142,26381.174989017196,57172.07394780121,7.5176,140.0,103,Others,pump,,0.7515328833333333,57172.07394780121,103,185,28.8939351892253,10.5552033629192,4.3460668100106,31579.609571957142,53959.654472052614,1.7086865608360486,37780.5986852023,1.4282371468397943,early_mid_mc,2,1
019ee095-380b-73d5-b5c5-3fecd375e388,EoHKjiNy8w2ZcizdGexxsHcTHvDZT44HVGJg7eDUpump,CEX,CEXcoin,newSignal,2026-06-19 15:52:16.139000+00:00,16019.24917936483,13096.340419676499,11952.547638095335,35998.37766585924,4.9596,33.0,29,Others,pump,,0.134522,35998.37766585924,29,85,28.641954664032966,15.3242860740187,0.0,13096.340419676499,28290.94574248655,2.1602176513357145,16019.24917936483,1.7660594092592983,early_low_mc,1,1
019edf92-80cc-7761-9b6a-c5472dccff5b,EpPytnMzfZdPhMyp8Ak8FmPhZNFPULXDGXiyqrJ8pump,CryptoBandits,CryptoBandits,newSignal,2026-06-19 11:09:40.940000+00:00,15990.215027621482,12478.490734290031,11845.434774232706,41663.20501645865,6.4898,180.0,125,Others,pump,,0.8060020166666667,41663.20501645865,125,173,22.8506147005591,27.2018369029811,0.0,12478.490734290031,61219.510400552565,4.90600279345687,15990.215027621482,3.828560797637933,early_low_mc,1,1
019edad6-6434-76b8-871a-8d839aede9b7,EpVHyKK8oxcLmp2C2NhAos1oDxgBNriw3wSLSozYpump,GTAVI,Grand Theft Auto VI,newSignal,2026-06-18 13:05:43.988000+00:00,22843.569318512436,14520.65346676719,14497.924195847234,26368.73022657811,9.1684,69.0,38,Gaming,pump,,0.2660776833333333,26368.73022657811,38,73,31.3433865108422,65.4791625581186,3.21819e-08,14520.65346676719,1414308.3017841163,97.3997695779315,22843.569318512436,61.91275461658964,early_low_mc,1,1
019ed829-abac-720d-b296-d531c62a79bb,ErFUkwEzKuqsikBkMxFwnTQ4zLZXGUnot5Ewvnr5pump,CENTER,Card Center,newSignal,2026-06-18 00:37:50.124000+00:00,30076.79754620659,16428.92226179678,12370.086511388781,8659.53916975135,13.4016,65.0,41,Others,pumpamm,pump,0.26382194999999997,8659.53916975135,41,60,30.9258230030177,23.8956641186462,10.5338283138936,16428.92226179678,16428.92226179678,1.0,30076.79754620659,0.5462324317127594,ray_migrated,5,1
019ed201-fc8d-7b29-9fe6-8653f92abc51,Es1Dz2URMGzQFky12hftC1DEapvvraTJ1zg8PcEPpump,mdm,million dollar minion,newSignal,2026-06-16 19:56:46.093000+00:00,15106.38454119603,13676.232962135295,11990.089752451991,34297.3283630697,5.773,74.0,53,Mascot,,,1.4850629666666668,34297.3283630697,53,186,24.3397076876662,37.8808312931144,0.0,13676.232962135295,13676.232962135295,1.0,15106.38454119603,0.9053280038542231,early_low_mc,1,1
019ed176-fc4e-7e59-9a8a-25d39b134a3c,Es9ManscSwzmfBjiYqDrojLgzhc9PmRn68ufASBHpump,CHAIR,Empty CHAIR,newSignal,2026-06-16 17:24:56.526000+00:00,18463.39700766599,27446.550884352127,13181.82365501108,29365.24259068746,6.8875,137.0,83,Others,pump,,0.09622884999999999,29365.24259068746,83,102,20.5913032598425,61.9080484801761,0.0,27446.550884352127,27446.550884352127,1.0,18463.39700766599,1.4865385212134223,early_low_mc,1,1
019ed2ec-540f-7378-a2cc-190f719e3111,EuE8uFkJKSRRzsLcxbzyR6QEdN8dKgFMhBQ1E5iApump,BLACKMAN,The Reasonable Blackman,newSignal,2026-06-17 00:12:43.919000+00:00,15794.18309111208,13158.508392652724,12235.100872078128,66551.85111803553,5.5779,38.0,30,Meme,pump,,0.49483153333333335,66551.85111803553,30,145,26.4573156087876,16.2303769017494,0.0,13158.508392652724,13158.508392652724,1.0,15794.18309111208,0.8331237086935798,early_low_mc,1,1
019ed5f9-7e24-752f-b14d-ff9bab81b0cf,EvCtT2DFU1Z9aq9pcRqeioUCU14Vygo3z6h5uSwjpump,Ronaldo,Ronaldo Patriotic Dog,newSignal,2026-06-17 14:25:58.308000+00:00,18893.69062107832,12911.980029651397,13275.157020488137,22195.33503371856,7.2612,58.0,43,Sports,pump,,0.19235425,22195.33503371856,43,114,22.1807741461804,13.7635461921955,0.0,12911.980029651397,17314.185759424498,1.340939632780082,18893.69062107832,0.9164004061815385,early_low_mc,1,1
019edc03-410e-76f7-a6eb-49b0fdfbdea9,EvFZj7rVA4ttaCtx7NTb5euv2zB61soqJ9UcMiZdpump,AYOUB,Justice For Ayoub,newSignal,2026-06-18 18:34:21.326000+00:00,15062.5078647145,14677.792497595125,11546.334622293296,24624.55361950117,5.7176,65.0,49,Others,pump,,0.12891655,24624.55361950117,49,100,21.9883025351192,0.0504210851232,0.0,14677.792497595125,16568.68406011786,1.1288266994394796,15062.5078647145,1.0999950478984801,early_low_mc,1,1
019edb16-79d3-71c2-8a96-7df91665f841,Exj9Tiww7X4F3LxuSCGsqs2k7TbB5mQz6SvieUzspump,SENT,Sentient,newSignal,2026-06-18 14:15:43.827000+00:00,15045.223343194484,13734.500403772954,11716.298237350715,20290.75997222552,5.3589,55.0,38,Gaming,pump,,0.87624965,20290.75997222552,38,95,24.36399872134,25.3353494124386,2.284404436138,13734.500403772954,15976.930355728804,1.1632698595530886,15045.223343194484,1.0619270974768058,early_low_mc,1,1
019ed6e1-356b-7aa0-9ddb-c792078c9fe9,EzwHGpsACpzubwzCmaenibFBGqxQ7LFE7x3U36ASBAGS,INFINITE,Infinite Machine,newSignalRay,2026-06-17 18:39:04.043000+00:00,661635.823454685,447614.6492406127,10938.077492696553,32804.14241616909,8.4347,57.0,23,Cars,meteora,dbc,0.39036823333333337,32804.14241616909,23,119,1.1861042527558525,,0.6109178481175891,447614.6492406127,853189.6968665886,1.9060808182083453,661635.823454685,1.2895155712877189,ray_migrated,5,1
019ed6cb-9571-70ea-a9ce-311eeb4b49d9,F2GLrmimZgFAqakEVkcfdWGnnBgn9Sfj3xN7VmDwBAGS,ASTEROID,Asteroid The Space Shiba Inu,newSignalRay,2026-06-17 18:15:26.833000+00:00,434425.80175477214,500375.7524539823,8873.80572897727,40724.15549455284,7.0263,93.0,41,Space,meteora,dbc,0.45389698333333334,40724.15549455284,41,121,0.8440968752837564,,2.9530096506e-06,500375.7524539823,500375.7524539823,1.0,434425.80175477214,1.1518094699550974,ray_migrated,5,1
019edab3-ef2f-78e1-aa09-d7afc7484b09,F4rBqiXHkr6GrBx7yYefEoLhWP3Q21dr9JUE7cs5hsrY,Grok,Official Grok Coin,newSignal,2026-06-18 12:28:05.807000+00:00,17167.88512237039,14664.579310405974,12542.0499060813,25868.1020143581,7.612,144.0,102,Meme,pump,,0.18268608333333333,25868.1020143581,102,85,34.0292499370125,37.6218657836993,0.0,14664.579310405974,14664.579310405974,1.0,17167.88512237039,0.8541867100041044,early_low_mc,1,1
019ed2f5-9097-7c49-9ffe-41ecabd8980a,F4ypv6LYwFFw2rXuzFtQ3PuYxHksQsmRer7UmWkqpump,KARMA,GOOD KARMA,newSignal,2026-06-17 00:22:49.239000+00:00,20446.153997955935,14301.63499358176,13916.089714764117,18503.11346570844,3.7115,64.0,44,Charity,pump,,0.3525206166666666,18503.11346570844,44,130,24.2227272408675,6.2561752234703,0.8116771682738,14301.63499358176,40624.3558160333,2.840539269409726,20446.153997955935,1.986894739230402,early_low_mc,1,1
019edf35-1440-75c4-845f-85d327fca2f7,F5x2MoFMKF1NNyXznnFfxm7647SW3w2gp8yFB3AVpump,TRACEY,The Crocodile Hero,newSignal,2026-06-19 09:27:38.304000+00:00,16394.126844396884,12308.289275275674,12007.31680198343,28900.8795928934,6.6568,26.0,18,Animals,pump,,0.13745865000000002,28900.8795928934,18,117,25.700698737772,4.9955760293296,0.0,12308.289275275674,57894.46057318283,4.703696775268238,16394.126844396884,3.5314147025140135,early_low_mc,1,1
019ed272-4cde-7314-926a-b7a5be2d7ce3,F871NCYLqnKM3mwaYnMbHrj1MUn6sAytt83Cb7yapump,nfodor,The Uber Coder,newSignal,2026-06-16 21:59:26.686000+00:00,16222.096863237517,14056.115810888768,12421.627127309577,34976.4245529568,3.9523,109.0,75,Others,pump,,1.22436995,34976.4245529568,75,146,20.6160269137828,17.0460423978094,0.1980030511676,14056.115810888768,146978.08758057188,10.456522239715273,16222.096863237517,9.060363084975366,early_low_mc,1,1
019ee101-98a8-7392-b4a3-a53d42d2aefc,F8LJ4c2cPF3K3h7BpDfrcfJdjNQnyyer6wbk96Qwpump,Jasper,Smug Cat,newSignal,2026-06-19 17:50:38.760000+00:00,16404.779021774782,14142.796761323127,12098.79999553425,35459.04581449888,2.9489,30.0,25,Cats,pump,,0.5226341333333333,35459.04581449888,25,166,21.059300737637,50.567936938464,2.5002799603922,14142.796761323127,14142.796761323127,1.0,16404.779021774782,0.862114432785152,early_low_mc,1,1
019ee44f-997f-7995-8ce2-52447709d3b5,F9aCticvXxQNFWDiiMQK9zHvAz318DsqNhQGo1EtqmyV,WOJAK,Wojak,newSignal,2026-06-20 09:14:42.431000+00:00,20529.86871992379,20196.646327951472,13731.55789559779,14271.96804601502,8.4796,20.0,11,Meme,pump,,0.38719335000000005,14271.96804601502,11,82,29.6217566940168,26.9415046110693,0.0,20196.646327951472,64574.3582135115,3.1972812300100926,20529.86871992379,3.1453858324404917,early_low_mc,1,1
019ed6e8-c019-70c0-99e7-5bec06ab7a22,FGxuX4ji2uV81PniqW5MLWtCT6icXsrFwfyVAii9BAGS,MIM,magic internet money,newSignalRay,2026-06-17 18:47:18.297000+00:00,332041.0671027407,283112.634760229,7829.765787625113,40188.18200019104,5.2129,62.0,20,Meme,meteora,dbc,0.25944893333333335,40188.18200019104,20,146,1.5457870468037895,,0.719612611554095,283112.634760229,283112.634760229,1.0,332041.0671027407,0.8526434312193913,ray_migrated,5,1
019ed2bd-84f9-705b-96b1-ac116773ce79,FJVis6jGFFiizZ1NSyNdKYHSTnqUWHmM5P3nyco5pump,Meepcat,Meepcat,newSignal,2026-06-16 23:21:36.249000+00:00,16583.652428890244,13081.774101199904,12541.493558677665,30312.58448292312,6.105,118.0,86,Animals,pump,,0.24221198333333332,30312.58448292312,86,141,23.9255539961627,18.5532339015419,0.0,13081.774101199904,867587.9995214477,66.32036242254554,16583.652428890244,52.31585763399321,early_low_mc,1,1
019ed4d9-44eb-7b90-b455-22713f85dae5,FKxbCh3egLotiMNFAEMLw8MDQjAVmmEA1LLq7mFvpump,Monaka,もなか,newSignal,2026-06-17 09:11:09.291000+00:00,15932.588630174707,15939.395527124296,12181.31782745422,32574.96563483652,6.1549,37.0,24,Others,pump,,0.10351056666666666,32574.96563483652,24,126,27.1282457203292,22.824069821139,0.0,15939.395527124296,36230.24581116803,2.2729999860731547,15932.588630174707,2.273971082298053,early_low_mc,1,1
019edcc5-aab7-7568-93c1-0819962028f4,FLV5dyWooZCcQvPXDtUZscT8CFkFKdyaEtRakM3fpump,CHAT,Hey Chat,newSignal,2026-06-18 22:06:42.359000+00:00,17345.161413621623,12776.555305745731,12455.9916552634,17791.49133773174,6.8542,20.0,18,Meme,pump,,0.4784337166666666,17791.49133773174,18,69,29.0308722587218,51.0019811413545,0.0,12776.555305745731,12776.555305745731,1.0,17345.161413621623,0.736606307722911,early_low_mc,1,1
019ecf3a-8deb-739f-a853-de94da023902,FMG8uGf9ewX31bop9EJxDS8L9xVb2jtrHGSgFdF1pump,Fatou,Fatou,newSignal,2026-06-16 06:59:41.675000+00:00,15183.765892258338,14001.39966762347,12042.901434765114,36598.58021320738,5.9798,25.0,16,Animals,pump,,2.2485571833333333,36598.58021320738,16,144,16.90205049065878,9.960806190887777,0.3437839507872315,14001.39966762347,14001.39966762347,1.0,15183.765892258338,0.9221295801697184,early_low_mc,1,1
019ed72a-f769-74ee-bf62-bcc9da2fe418,FQqnRAD8vASS4NZTHTUNbQbTwVTNV2EtDMxMr6obpump,Niggamon,Niggamon,newSignal,2026-06-17 19:59:37.833000+00:00,15782.960776490574,13401.82892550282,12068.504562301354,32347.59823787798,5.9196,73.0,57,Others,pump,,2.333168683333333,32347.59823787798,57,141,24.9571827701125,12.6870161928571,0.0,13401.82892550282,13401.82892550282,1.0,15782.960776490574,0.849132752421551,early_low_mc,1,1
019ed6d7-e373-779f-b32b-4eb99d9ad84b,FS6jUBaKSEjynnVXYVixU16Au2ahHqoT6xQMk2QQpump,CHAN,MEMECHAN,newSignal,2026-06-17 18:28:53.235000+00:00,17667.15043195347,13952.397782225435,12904.153841891066,17135.16398025579,7.3573,28.0,25,Others,pump,,0.49061184999999996,17135.16398025579,25,76,25.4254133582434,18.3649269374303,12.3852010086081,13952.397782225435,13952.397782225435,1.0,17667.15043195347,0.7897367397172668,early_low_mc,1,1
019edcc7-7efa-7440-bd69-39831d9f32a5,FUYFqC4DM8SL2gnmzCmgkNcJprhM9hLbBguDyvEJBAGS,ASTEROID,Asteroid Shiba,newSignalRay,2026-06-18 22:08:42.234000+00:00,1571620.0633678073,1608283.4771856978,16293.685403023232,14665.54713412866,14.3314,82.0,34,Animals,meteora,dbc,0.41908306666666667,14665.54713412866,34,56,3.1960894331609353,,0.4351676543187002,1608283.4771856978,3999136.3974503907,2.4865867579814958,1571620.0633678073,2.5445948996608543,ray_migrated,5,1
019ed54a-fcf1-7dfb-ad67-6bf1eae5976f,FXcKm6Sifct3mFtccvaETBtjkGCrpsRQLFtmbV2hpump,Ponyo,ポニョ,newSignal,2026-06-17 11:15:21.969000+00:00,15222.878879458314,13312.944823006608,11878.04050199697,26412.00939394164,3.6534,67.0,56,Animals,pump,,0.5728171166666667,26412.00939394164,56,154,24.6874289357511,29.2520373834092,0.385850538381,13312.944823006608,30448.636878118872,2.287145127011976,15222.878879458314,2.0001891310589173,early_low_mc,1,1
019edb68-60bb-78d9-bd5e-662cc974f704,FXsUoxWMENpigXp4Rdpp74TGubsNoHfjECcvoWN2pump,404,Coin Not Found,newSignal,2026-06-18 15:45:11.355000+00:00,17315.19791832079,12900.651136253346,12415.666177878515,31086.261925971,6.9556,61.0,42,Meme,pump,,2.05335665,31086.261925971,42,141,13.774602376504,0.2127846201541,0.0,12900.651136253346,17547.946589318843,1.360237278256885,17315.19791832079,1.0134418718224287,early_low_mc,1,1
019edece-b374-787c-b2b1-0f08ef61a63a,FaNP3LYqaBKNPpk1r7bPcaTGS4DC5pz2jVuegT4kpump,GOTCHI,GotchiPets,newSignal,2026-06-19 07:35:48.852000+00:00,21876.72963945211,12736.157925620588,13875.573622412518,32595.62643466137,9.968,23.0,19,Mascot,pump,,0.2765969166666667,32595.62643466137,19,218,25.7593630079295,0.6546452596556,0.0,12736.157925620588,68489.79219955535,5.377586600255515,21876.72963945211,3.1307143859401205,early_low_mc,1,1
019edc1e-9916-7cdf-ad08-956adb040f85,FbBzPWxRZ1TBC4kKPKkmNCA2fNP5xFvkqQqHPubSpump,ANSEM,The Black Bear,newSignal,2026-06-18 19:04:13.334000+00:00,15452.032478312818,12525.735126666172,11678.503128148575,16425.90527190606,6.442,48.0,48,Meme,pump,,0.8106892833333333,16425.90527190606,48,154,17.6931096512335,28.8453379069935,1.9363430727159,12525.735126666172,38345.917700986574,3.061370635193422,15452.032478312818,2.4816099600363706,early_low_mc,1,1
019ed275-9315-7398-b103-4dc47e8b3cad,FbroMwessM4peLrkLcEYU8WJbFPk7FRAdrvnNRaJpump,DIALOG,The Dialog Society,newSignal,2026-06-16 22:03:01.269000+00:00,16192.657194937727,15050.325168743868,12407.872206309972,10222.1839760046,6.5933,22.0,16,Religion,pump,,0.32874635,10222.1839760046,16,58,28.0117424509215,25.1971878925626,,15050.325168743868,31513.867272229916,2.0938994286766053,16192.657194937727,1.9461825747834658,early_low_mc,1,1
019ed1db-8689-7cde-9357-e82aea0213d8,Fcgu5EyF4xAwZx9QiG9WcLTUg93xkMe2asb9cX49pump,Deflation,Deflationary Coin,newSignal,2026-06-16 19:14:45.513000+00:00,15318.047772847829,13006.282739336697,12055.866002362225,31783.92023947344,5.5601,68.0,62,Others,pump,,2.81997455,31783.92023947344,62,154,27.2131157275688,17.8537516788309,0.0,13006.282739336697,13006.282739336697,1.0,15318.047772847829,0.8490822676758538,early_low_mc,1,1
019edbcc-a3ec-7d31-8bec-9a121218e050,FdUCnpoTktJrmct55L3Rfpk9NDbd3KZpicwUXA9Bpump,Sheba,The Human Chimp,newSignal,2026-06-18 17:34:42.156000+00:00,16441.519817653025,13432.674873484559,12086.09574608716,39895.99595018735,6.7565,20.0,16,Animals,pump,,0.6083549,39895.99595018735,16,164,20.94877764359222,5.556433367759407,0.0,13432.674873484559,23172.512616833636,1.7250854974964844,16441.519817653025,1.409389939241118,early_low_mc,1,1
019ed259-a1d6-7e44-ad24-eb31ecc6319c,Fgxx5TmkW9MDs2quLB7sYQwJYNMDprdt4kHyWe8ypump,PIP,Pip The Baby Squirrel,newSignal,2026-06-16 21:32:30.038000+00:00,15760.652636242427,13227.914411012125,12235.38254009061,22553.66706316209,5.9412,26.0,17,Animals,pump,,0.4813348833333333,22553.66706316209,17,97,26.6033703775023,0.0,0.0,13227.914411012125,13227.914411012125,1.0,15760.652636242427,0.8392999145602549,early_low_mc,1,1
019ed2b3-abbe-7117-9caf-1d11e28f4446,FhbaGHu5ZhBqyigtqWasJrHyGQoFenrgcroVMTCNpump,topc,trenches of pumpcraft,newSignal,2026-06-16 23:10:50.814000+00:00,15460.851501729685,13076.954394793047,12123.688151002776,8900.7767951388,6.2531,55.0,50,,pump,,1.0445299666666668,8900.7767951388,50,63,24.7936753447657,24.400593260055,0.0,13076.954394793047,13076.954394793047,1.0,15460.851501729685,0.8458107493840207,early_low_mc,1,1
019edfcb-5b01-77fd-a93d-15cc996a3ce0,FhhDi7qyJqn2Gjt6k3574NrVi4awHqH2gKt1WJe9pump,WAR,WAR,newSignal,2026-06-19 12:11:46.817000+00:00,18455.900029860066,22193.190976871854,9421.463695439828,45294.81014022148,5.7604,22.0,19,Others,pumpamm,pump,1.0423097833333332,45294.81014022148,19,227,19.2219693441922,13.9679195674792,9.2450972716671,22193.190976871854,45365.72246776468,2.044127972180367,18455.900029860066,2.458060695732358,ray_migrated,5,1
019ed64c-da77-75d9-bf7f-45e0ab35d2ee,FidreAFHsPkgNdZgyRcu2EhFF3R7roA9KuYUM6tZpump,prutzker,prutzker,newSignal,2026-06-17 15:57:01.431000+00:00,15277.761951789364,13205.916205271475,12034.230916918108,31315.8588595402,5.3558,48.0,33,Others,pump,,0.11974226666666667,31315.8588595402,33,168,23.6729097910306,10.8107549746338,0.0,13205.916205271475,13205.916205271475,1.0,15277.761951789364,0.8643881379317322,early_low_mc,1,1
019ed8a2-95ae-787c-ae23-9e73ad23f112,FjjgcySgTgtATcmwit6FikQ45ARbgD3obbhXxAVNpump,500K,500K in 5 Minutes,newSignal,2026-06-18 02:49:54.350000+00:00,19193.4744783844,14665.803921817916,13380.999839387316,22735.89189396965,7.3727,99.0,73,Meme,pump,,0.25914753333333335,22735.89189396965,73,201,25.4170877932137,21.1961689109253,,14665.803921817916,14665.803921817916,1.0,19193.4744783844,0.7641036508702203,early_low_mc,1,1
019ed5b9-f8a0-7c80-9160-75adc0755b0d,Fjyn8W8PK9kfcMNuibAhG9SXNXFQ2xE7y65hZNhppump,Pilly,Pilly,newSignal,2026-06-17 13:16:35.360000+00:00,19058.897202725388,13967.562497154517,13327.97029153325,34498.71806728243,8.7283,125.0,71,Others,,,0.6187268833333334,34498.71806728243,71,123,31.814940220352,55.4289353808976,13.255990860582,13967.562497154517,30026.382431147307,2.149722432762646,19058.897202725388,1.5754522474077666,early_low_mc,1,1
019ed2e3-28f4-7b4d-8832-bdea9f9f82ba,Fk5TidwF6UH5PRV5sBkyg5KLV9XBt9SfVc977JvQpump,OG,Original Gainers,newSignal,2026-06-17 00:02:43.060000+00:00,12917.362774770008,21049.484435687315,11108.808245405195,33685.11827643794,1.8413,29.0,22,Meme,pump,,0.6589784000000001,33685.11827643794,22,128,36.1537415053204,43.4655579448836,4.0514659530093,21049.484435687315,21049.484435687315,1.0,12917.362774770008,1.629549684615256,early_low_mc,1,1
019ed23d-b5f7-7ed4-bbbf-e0c7a867bc3e,FnCMizjxJzKWk9KCy48K62jZXM9Zua27KvPyJQympump,coedoctopus41,coedoctopus4165,newSignal,2026-06-16 21:02:00.183000+00:00,14972.191083917645,13774.018527647986,11951.289202914559,16451.80779757599,4.8603,56.0,33,Animals,pump,,1.4605159666666667,16451.80779757599,33,44,33.499982832578,22.950415299862,0.0,13774.018527647986,13774.018527647986,1.0,14972.191083917645,0.9199734661711154,early_low_mc,1,1
019eded7-a6eb-7109-ae6f-644c30148054,FoiUBbx7SAtGVJrBx2rtDbka6XebS12Qzd2WzXvgpump,WAIFU,WaifuCoin,newSignalRay,2026-06-19 07:45:35.467000+00:00,50895.41441999507,51677.204524708446,15683.576915935246,81984.0671439928,25.497,70.0,30,Art,pumpamm,pump,0.2158794,81984.0671439928,30,323,22.6468201633795,10.1002817207746,0.2625359218205,51677.204524708446,144603.69614310918,2.798210496737875,50895.41441999507,2.841193018880289,ray_migrated,5,1
019edf00-8bbf-704c-acd4-e7837012da79,FpBYNrhzBV487ss9paCKoF6xbKFCHMpviZcbZNYjpump,MOG,Generational Mog,newSignal,2026-06-19 08:30:15.487000+00:00,16100.315627932025,12569.505341650916,11920.965552969883,37120.19479740755,6.8754,29.0,18,Others,pump,,0.4878399666666667,37120.19479740755,18,189,28.2620403653206,6.7589959129931,0.0,12569.505341650916,27043.826144783936,2.151542595329525,16100.315627932025,1.67970782497371,early_low_mc,1,1
019ed66a-4157-7158-9c8c-262b946b1ede,FpJfSLANsaPJkRFuFroPqPkYJGyNbXdQ194P499spump,mohammad,mohammad Something,newSignal,2026-06-17 16:29:08.311000+00:00,17142.74628274183,15329.259627849535,12782.197990100676,47681.48427265422,6.9537,196.0,120,Others,pump,,0.14562626666666667,47681.48427265422,120,180,22.7868246102138,18.7371486223611,0.0343297225649,15329.259627849535,25186.51712185973,1.6430354585489542,17142.74628274183,1.4692230000053044,early_low_mc,1,1
019ed634-18f3-77b8-82bf-1c778520634a,Fq8c4GcVpMjNz3KiV4tGi7s5iKcoVGGRXup3RNcApump,AGI,Artificial Glaze Intelligence,newSignal,2026-06-17 15:29:59.027000+00:00,15598.958706390147,14725.721518693636,12104.340937689469,29407.41468563125,6.3583,66.0,44,AI Agents,pump,,1.0123724166666668,29407.41468563125,44,101,16.0374147696753,7.6846962883676,0.0,14725.721518693636,14725.721518693636,1.0,15598.958706390147,0.9440195205248676,early_low_mc,1,1
019ed447-4c1a-7c5f-8e88-9fd28fefa932,FtGf422SGcLN9apk6T9STEFS536kLHbgf581vpR4pump,MEEP,MEEP CAT,newSignal,2026-06-17 06:31:42.874000+00:00,14081.715376354781,14496.738261911882,11538.814784012075,13694.65793542485,6.3701,26.0,15,Cats,,,0.34251871666666667,13694.65793542485,15,82,21.4919217051708,14.4666744458039,8.505391384855,14496.738261911882,25636.995948810458,1.7684664981617293,14081.715376354781,1.8205875678937986,early_low_mc,1,1
019ed50a-d4e3-7598-a1ef-074e3c75e5f2,Fvk8E2KUx2CNeuLzh1tWSwLzWDE5xZHTzHjcGjUopump,BOSS,I'm the boss,newSignal,2026-06-17 10:05:17.411000+00:00,15575.214374026693,14562.43469530878,12050.111787805332,31386.31228552596,5.799,95.0,68,Elon,pump,,1.9947107166666667,31386.31228552596,68,130,21.91007990497162,26.523377514618527,0.0,14562.43469530878,41273.483957389704,2.8342433680190693,15575.214374026693,2.649946444796136,early_low_mc,1,1
019ed193-54ba-7d06-bb90-4300845afa93,Fvqj37hHtB37A5KnjY7r12E4pgLLUTtJiLFMyswsicar,SICAR,Sicar.io,newSignalRay,2026-06-16 17:55:54.170000+00:00,74969.10493048021,62552.59397889174,19879.701805798028,89699.71577893202,34.0161,108.0,39,Others,pumpamm,pump,2.5235537,89699.71577893202,39,149,35.0479802633318,22.9632678904878,28.2966231872101,62552.59397889174,62552.59397889174,1.0,74969.10493048021,0.8343782953911153,ray_migrated,5,1
019ed4db-67bd-7074-b171-15c4428b6461,FxceNEQ6aMFY1UF3X3GPxb9f9zz1ULC6g1Zr8rCCpump,落ちる猫,Falling Cat,newSignal,2026-06-17 09:13:29.277000+00:00,15322.522233262665,14626.255012203606,11945.791002641303,36789.88444424608,5.9013,75.0,54,Cats,pump,,6.4303781833333336,36789.88444424608,54,137,27.6263300739519,4.9275857089246,,14626.255012203606,22248.07427652311,1.5211053176606137,15322.522233262665,1.4519851195403206,early_low_mc,1,1
019edaa7-faa9-70cb-9401-026687956d7f,FyGmxqqt6Vit6WhXg9rpedyvury8Vt7NNQZwGR5Jpump,DARK,Dark And Darker,newSignal,2026-06-18 12:15:02.313000+00:00,26046.978897651305,23530.74660211445,15424.68512833212,24618.40753599154,11.398,27.0,20,Gaming,pump,,0.2538202,24618.40753599154,20,129,27.3820360660286,17.223674045906,8.2059271250847,23530.74660211445,51337.54375338255,2.181721839151904,26046.978897651305,1.970959624726833,early_low_mc,1,1
019ed1c1-52d4-7aea-b99b-5a3491be197b,FzKQXsikKy2NzoBmfxEGDwMaRaDzTQxHGVs7p2ijMusk,MUSK,the most valuable sack,newSignal,2026-06-16 18:46:08.340000+00:00,16257.655734965656,15282.415709950146,12426.812679971923,37754.37244603873,3.9208,22.0,18,Others,,,0.2815366166666667,37754.37244603873,18,98,68.0103711507293,,31.4463416752973,15282.415709950146,15282.415709950146,1.0,16257.655734965656,0.9400134902033851,early_low_mc,1,1
019edbe9-1c03-7c36-913b-04904370d40b,G4fjJVJudj3fadE5DfcQS4v7DkmYFPsAnRwgvq1JyWcQ,PNUTEROID,Pnut Asteroid,newSignal,2026-06-18 18:05:47.907000+00:00,22887.560809662486,12127.067759490457,14203.935644916588,34196.578348232,9.6599,153.0,113,Space,pump,,0.50869665,34196.578348232,113,173,21.8652612095713,23.0415662092471,0.0,12127.067759490457,42119.621150123254,3.473190880554047,22887.560809662486,1.8402844016624755,early_low_mc,1,1
019ed660-5405-7c21-a34b-0f4bb2d87e6f,G4nJ8psjvB1AuVFiHeWsTGmGzrV2gEEfNMN45M5vpump,硬币,硬币,newSignal,2026-06-17 16:18:17.733000+00:00,25508.026127150937,13306.733990156468,11516.03936673097,38092.65531734278,9.2671,142.0,97,Others,pumpamm,pump,0.24189346666666667,38092.65531734278,97,229,25.0299105929705,47.1420864182104,2.0677112672792,13306.733990156468,13306.733990156468,1.0,25508.026127150937,0.5216685102887157,ray_migrated,5,1
019ecfbb-e3f5-7598-a518-1ef38bbeebff,G7pzH1i6A3A9Drj92mgnU3khHkJD4NohME8Vgphwpump,KOHEN,Justice for Kohen Wiley,newSignal,2026-06-16 09:20:57.845000+00:00,18441.58262994572,19758.790456801333,13352.165707628788,25997.95071333841,6.2356,75.0,59,Others,pump,,0.24715496666666667,25997.95071333841,59,90,39.7350787752833,36.1923384369528,22.185796522166,19758.790456801333,19758.790456801333,1.0,18441.58262994572,1.0714259645328224,early_low_mc,1,1
019eddee-1dca-7339-9f05-8988808e928a,G9QiASU1UxaXXvfJmZ911MDd8pFTjk5cYR5DWMH6pump,MCAT,Mayhem Cat,newSignal,2026-06-19 03:30:30.474000+00:00,16350.246824096246,14613.943354597772,12070.918532860103,14506.64623974768,6.2552,68.0,41,Cats,pump,,0.24428280000000002,14506.64623974768,41,105,26.6607681446354,19.650488025911,0.3193711123242,14613.943354597772,20279.385837726324,1.3876737678298252,16350.246824096246,1.2403106849640637,early_low_mc,1,1
019ed88a-bef8-7666-8516-ca232341b415,G9urCuGt7kQcdFu7Ss62Wd5kDFExH47w6riTEdMnoadM,ASI6900,ANSEM SHILL INDEX 6900,newSignal,2026-06-18 02:23:52.056000+00:00,14982.04228891441,12882.424515596224,11807.420315355645,40812.61824134424,5.4231,47.0,33,Meme,pump,,0.461098,40812.61824134424,33,181,22.9556066802059,17.5406435237625,0.0,12882.424515596224,14804.801202815897,1.1492247584988626,14982.04228891441,0.9881697646635493,early_low_mc,1,1
019ed8f9-1fdf-78d7-b7fd-229c9d9042d5,GABHHgioMnxWfnCSdubyLG4CJ4ZrHHH74Cq59XnRpump,WARSHIE,kevun warshie,newSignal,2026-06-18 04:24:25.823000+00:00,16399.935659745985,13416.161309944482,12257.418376131613,27656.71649277004,6.503,108.0,84,Others,pump,,1.1727658166666666,27656.71649277004,84,135,22.0390937852375,27.2176443241093,0.0,13416.161309944482,97749.9123259866,7.285982187284174,16399.935659745985,5.960383891378061,early_low_mc,1,1
019ed67c-bb47-7593-a5ba-72f73403c2c2,GBse64zcyGmPDjS2UseqHCHE2gfCV53cSmvh9axMpump,DIH,dih,newSignal,2026-06-17 16:49:19.175000+00:00,14413.990462299866,14229.930303244306,11717.650350747763,13943.92492763424,5.7038,66.0,47,Meme,pump,,0.17317071666666667,13943.92492763424,47,96,22.7735320872406,17.2538320887669,5.0474552272026,14229.930303244306,29087.215724277903,2.0440870126852455,14413.990462299866,2.0179849431950303,early_low_mc,1,1
019edb11-4f17-7b47-b62e-5201c065dc6f,GCixDrFnkfCUJMHYsENQBRBdXJtbniUFKzT3dymfpump,AFTER,AFTER GTAVI,newSignal,2026-06-18 14:10:05.207000+00:00,39727.372072219805,13805.77771835908,14079.198176560882,21357.14014834218,16.5217,37.0,26,Meme,pumpamm,pump,1.2712954833333332,21357.14014834218,26,85,25.9555721067493,25.2459334193098,6.7148505240076,13805.77771835908,28132.12812990725,2.0377068719929357,39727.372072219805,0.7081296008899423,ray_migrated,5,1
019ed19e-6cf6-70d2-a0f0-be0706913aad,GE4V2aoWts4zP9QHBi8qjAxoEab6bhuV1qYX52NXpump,FAP,Fried Apple Pie,newSignal,2026-06-16 18:08:01.270000+00:00,14066.364614622235,15565.825683655905,11577.81546193445,22772.18010987885,5.317,58.0,40,Meme,pump,,0.6136674666666667,22772.18010987885,40,146,17.7477581730221,18.5593685600666,0.8491496647149,15565.825683655905,15565.825683655905,1.0,14066.364614622235,1.106599047452172,early_low_mc,1,1
019eda0a-656a-7d98-a96b-29150b7db47b,GKPio535WcAG2xqeJvQeY2PkRswdbX3UgJMdscyGpump,Fansem,sleepyPanda2324,newSignal,2026-06-18 09:22:54.954000+00:00,18041.11971018075,12942.830775639377,12938.089015380694,38463.85852516316,7.053,52.0,37,Animals,pump,,3.1296337500000004,38463.85852516316,37,126,28.8926383570267,24.6934493290638,2.3684720531364,12942.830775639377,27298.549927705582,2.1091637834812866,18041.11971018075,1.5131294712434502,early_low_mc,1,1
019edc8a-0b67-78c7-a556-0896a59d611a,GQLo3D8LzH1FLRqwRuBQEWqQvzPu2AiwcdABwoUupump,TARDS,WE TARDS,newSignal,2026-06-18 21:01:34.951000+00:00,15034.12254273782,12656.491890650026,11622.380489555375,23521.731902086,4.5183,26.0,18,Meme,pump,,2.90356615,23521.731902086,18,133,21.7794726558273,2.5661458076839,0.0,12656.491890650026,25748.050224622188,2.0343749632268593,15034.12254273782,1.7126407045989986,early_low_mc,1,1
019ee04d-b38e-7e83-8c42-a2b257e9f163,GT541LwRhAZFL149mpHtrEMTjZqm1r269eBfrq7Npump,DRIP,Bitcoin Drip,newSignal,2026-06-19 14:34:09.166000+00:00,15263.683329391186,13501.135333424767,11652.734728656833,21626.32302315048,6.5334,20.0,21,Meme,pump,,0.8890566,21626.32302315048,21,142,26.2149494643708,21.60015192115,,13501.135333424767,15779.020652836043,1.1687180569008826,15263.683329391186,1.0337623175431412,early_low_mc,1,1
019ed6ce-fd6a-79ed-b599-4a5c65643e5f,GUrNWV2kARKwi7bhcimknoBpUhDHTsKht3aK2kJLBAGS,ASTEROID,Asteroid Shiba,newSignalRay,2026-06-17 18:19:10.058000+00:00,174525.57108686308,719359.7781456781,5648.771388684528,36291.25560533655,-0.0754,83.0,22,Meme,meteora,dbc,0.20476783333333334,36291.25560533655,22,54,3.0692652069629753,,0.0110515024431028,719359.7781456781,719359.7781456781,1.0,174525.57108686308,4.121801599993881,ray_migrated,5,1
019edbbb-7beb-7acf-b7df-2fda6820ed6d,GW637WykoW4cnzKsyxSUhHEZQLU5Vq9ev7d5kdzYpump,OBI,OBI,newSignalRay,2026-06-18 17:15:57.803000+00:00,72964.16949623369,68131.14504034305,18808.870944634255,25259.1275877444,28.6863,65.0,25,Others,,,3.019317033333333,25259.1275877444,25,93,82.67611498890976,,0.36999908489467415,68131.14504034305,2714753.0502600796,39.84599185368998,72964.16949623369,37.20666004976883,ray_migrated,5,1
019edaf9-85fd-7649-84fe-eea4386feffa,GWTWRZ4mdPyDyFqnCvg5VzD2fzTZXNM5Ag5vPEgipump,CLAWBUCKS,Lobsters Inc.,newSignal,2026-06-18 13:44:06.397000+00:00,16406.898695253145,12694.050624180378,12234.22649644521,15982.26258539955,6.4819,27.0,23,Mascot,pump,,1.4185013833333333,15982.26258539955,23,111,24.2830567610222,18.1834444720011,2.5847571063505,12694.050624180378,25408.880941490188,2.0016369631526323,16406.898695253145,1.548670557028642,early_low_mc,1,1
019ed652-1ee1-79c8-89bc-0ce69d0f05c7,GXB3aNL2ABERkqg8jDkGFnbtuZd2ohnk3fC7sqDZpump,DogTrain,DogTrain,newSignal,2026-06-17 16:02:46.625000+00:00,14062.165217685324,13003.566174258975,11551.312974762403,21927.45592425696,5.2218,51.0,35,Dogs,pump,,0.09511076666666667,21927.45592425696,35,85,23.6639830531736,15.1891481588957,0.0,13003.566174258975,13003.566174258975,1.0,14062.165217685324,0.9247200536305036,early_low_mc,1,1
019ed7e8-05b2-71a3-b3fd-70217e0ee16a,GYCDh8koGqQdQfCsbkxG9oCuvShWUyDQFMCdyAwZpump,Mussi,Leonel Mussi,newSignal,2026-06-17 23:26:07.794000+00:00,14816.08306948923,13554.480774704443,11720.720376786012,39371.13184669505,1.8378,27.0,23,Sports,pump,,1.9138467666666665,39371.13184669505,23,179,20.0154128980151,20.5112547166557,1.1905573127253,13554.480774704443,37724.269056144294,2.783158549794533,14816.08306948923,2.5461701908131107,early_low_mc,1,1
019ed6eb-2502-7126-a5d0-b2a383f782a3,GYLwtKNmTKSChXCK8C5u1SJev32mN6u7nTTVnHh5pump,Pekachu,Pekachu,newSignal,2026-06-17 18:49:55.202000+00:00,16300.376734482308,14533.632290888825,12466.711535535322,24542.5874729452,6.3811,94.0,67,Animals,pump,,0.6020011833333334,24542.5874729452,67,113,28.7401092451865,14.5847745657892,0.0,14533.632290888825,160127.9359305591,11.01775060257605,16300.376734482308,9.823572702575618,early_low_mc,1,1
019edaa1-71eb-7b5e-8555-e68fb20abe88,GZoTNWDs77uPdj5xm6K4CVGJZ6g6BoCHawY1RMfhpump,COGE,Cogecoin,newSignal,2026-06-18 12:07:54.091000+00:00,23137.095867664757,16292.036654000374,14532.401777949462,29233.720014394,9.0264,153.0,103,Others,pump,,0.13474763333333334,29233.720014394,103,188,25.2028097661699,27.05754591533,0.0,16292.036654000374,21875.62859836715,1.342719088039602,23137.095867664757,0.9454785822510867,early_low_mc,1,1
019edcb6-0cfd-70d6-877f-0c82fb2a8b86,Ga4NC8pM5s11fGtkxmtkgKEHZrvgySb2dh1Rd92Zpump,Donny,Donny the Scottish duck,newSignal,2026-06-18 21:49:38.941000+00:00,39124.31570189442,18815.849867627738,13847.919842173018,33691.15958789636,16.7709,76.0,50,Animals,pumpamm,pump,0.5799963,33691.15958789636,50,175,26.1393067413505,30.5870417348582,5.820729767988,18815.849867627738,46700.876471998585,2.4819966571027137,39124.31570189442,1.1936535025387627,ray_migrated,5,1
019ed23d-bb82-7cb5-abe1-bfe30d0cacf0,GaJ7uTMF6Xw38v6EaHHQ5iyqPJzUHdEJHNTrBoNaPvPA,OGHobbes,OG Hobbes,newSignal,2026-06-16 21:02:01.602000+00:00,24555.1432877699,17620.23347622651,15304.649009921732,25620.82714501128,7.0828,121.0,84,Meme,,,0.19256926666666668,25620.82714501128,84,96,32.2955481164765,40.9202007398658,0.4458151538169,17620.23347622651,17620.23347622651,1.0,24555.1432877699,0.7175781167199525,early_low_mc,1,1
019ed37b-bf8a-76f0-857d-f70efe82e1d1,GcAQw7vWYWqP8DXAKxUVM82dhz5YUVd7kzq3Ue1ipump,WIF,MessiWifHat,newSignal,2026-06-17 02:49:23.082000+00:00,20746.34471258067,13400.039459509258,14040.465746685464,36788.74573924905,8.0053,65.0,39,Sports,pump,,0.19757726666666667,36788.74573924905,39,151,24.0150423648189,23.1582094701486,0.0,13400.039459509258,23229.797108254734,1.7335618434891882,20746.34471258067,1.1197055399435298,early_low_mc,1,1
019ee4e5-f787-7071-b8d0-3c6625f8630b,GcaAmjhhVWKv4UrLaZp3GdKGkkpoeiCi4LNJzFwepump,LOTTO,Web3 Lotto,newSignal,2026-06-20 11:58:56.903000+00:00,15668.38659071497,12824.024028887767,12037.401453574555,19492.7190789114,6.7302,29.0,24,Gambling,pump,,0.7618601333333334,19492.7190789114,24,145,18.5205350583953,14.7684139576949,2.1041045881483,12824.024028887767,33255.73864190119,2.5932373931137644,15668.38659071497,2.1224737115950676,early_low_mc,1,1
019edb2b-90f7-7de5-9d37-66c7a573db5e,GckkAuTAA4WZFFnYiJ3yB25uERQJ7ogax5qHc3LPpump,ByQ,ByQ,newSignal,2026-06-18 14:38:46.007000+00:00,22384.511885352433,21478.930737806688,14312.236609930515,26153.395749162,8.9463,21.0,21,Others,,,0.2887606833333333,26153.395749162,21,87,42.1511094693134,29.8042212570617,22.721598908381,21478.930737806688,117267.67895483361,5.45966092941591,22384.511885352433,5.238786512542589,early_low_mc,1,1
019ed3c5-37c6-71bd-bdc9-7c826160bb9b,Gd343z31qUT57uKBHjzaNrtis3q2qVujwSktyWREpump,Dropper,Dropper,newSignal,2026-06-17 04:09:37.990000+00:00,14928.818097946201,13023.999238748554,11898.429875999711,15565.65575425136,6.1324,23.0,12,Others,pump,,0.23746178333333334,15565.65575425136,12,100,27.4763861747681,0.3929917985982,0.0,13023.999238748554,17505.639340122867,1.3441062932528967,14928.818097946201,1.1726071833195668,early_low_mc,1,1
019ed915-cd70-78ea-9497-26a68c334705,GeBxTNrdan9NSA6kC84ATxh4tM2QUKjni81p7jV2pump,COZUMEL,Cozumel Fox,newSignal,2026-06-18 04:55:45.264000+00:00,17691.149067488142,13436.957270108724,12712.90937043312,27947.43598011024,6.8805,40.0,30,Animals,pump,,0.13968601666666666,27947.43598011024,30,176,20.558766342171126,15.408707965507048,0.0,13436.957270108724,16520.874925846165,1.2295101185294226,17691.149067488142,0.9338497382404264,early_low_mc,1,1
019edbfa-9068-7075-afd4-0c3c5d31a1a2,GeYVEudE3LfnTdbqTpJHWENTfTft1uQydD7tw26mpump,Fang,Sabertooth Tiger,newSignal,2026-06-18 18:24:51.816000+00:00,14414.6279867292,12522.952001187668,11270.604364712855,21729.0904116475,6.7995,35.0,25,Animals,pump,,0.27008221666666665,21729.0904116475,25,91,29.5874575745847,42.082658710675,6.8898966697025,12522.952001187668,36865.14172558142,2.94380603887048,14414.6279867292,2.557481314087415,early_low_mc,1,1
019ed5fa-a1a5-702f-93b0-38bd604f6c41,GgubXNj1AfutmuYvKhwXnG1fHfENurXW4go1nPjqpump,WESLEY,The Patriotic Goat,newSignal,2026-06-17 14:27:12.933000+00:00,19489.086225174484,14260.953185729351,13480.86713317015,25575.66838744316,7.5328,89.0,61,Animals,pump,,0.37669265,25575.66838744316,61,118,23.2384181990121,45.7489863389298,3.1957551585991,14260.953185729351,14260.953185729351,1.0,19489.086225174484,0.7317404736661364,early_low_mc,1,1
019ed57a-75b2-7585-8698-27f34acc53fe,GhniVibenk22RoQQkeeKGmwWDSVmP7rD68tZfkHwpump,TOPPS,Unpack The Magic,newSignal,2026-06-17 12:07:13.074000+00:00,18104.460307101162,16267.308699341173,12956.70000064621,22841.1314843005,7.2777,97.0,62,Others,pump,,0.43416828333333335,22841.1314843005,62,79,25.5573859326302,31.0687106649349,0.0,16267.308699341173,16267.308699341173,1.0,18104.460307101162,0.8985249172526066,early_low_mc,1,1
019edd6a-47f9-796e-9a9b-5fe21da5852b,Gj2n3Y7BUH55rRViCKSpNFmoQzZ173DSH6HbMtKSpump,Ranch,Ranch,newSignalRay,2026-06-19 01:06:30.521000+00:00,169114.41848011024,56288.32940509729,29891.79180664366,429314.2277549332,63.9555,43.0,23,Others,pumpamm,pump,5.9713187166666675,429314.2277549332,23,864,22.94685703031087,10.139586758629047,0.33373727448300305,14428.215802666322,306758.9111875811,21.26104262530453,169114.41848011024,1.8139134081205464,ray_migrated,5,1
019ed24a-3669-72ba-80ab-cdef021fbf70,GkLoFk3ya6qg9HP1mcwtfdoySjnayPbp7tDUfYEcpump,Zeus,Ansems Dog,newSignal,2026-06-16 21:15:39.497000+00:00,16968.528120841595,14366.253834828727,17680.013815861766,15622.653093872175,3.2793,74.0,47,Dogs,,,0.3127672166666667,15622.653093872175,47,95,25.1656984573435,23.9293334711467,5.8318218509278,14366.253834828727,40243.36237347342,2.801242608975049,16968.528120841595,2.371647209874645,early_low_mc,1,1
019edee6-54d0-797a-87e1-7a914f6a1bf3,GkZwuG7UREDWnXjS8DxyCspUYKuYTsjYjrbKWwTSpump,Pari,Pari Mahulu,newSignal,2026-06-19 08:01:37.488000+00:00,16749.831395872017,13220.22938618741,12133.299010861727,19779.3206761479,5.9184,93.0,72,Others,pump,,0.11624355,19779.3206761479,72,121,21.2425863284765,32.9739759111747,0.2143157925899,13220.22938618741,13357.05823351272,1.0103499601503336,16749.831395872017,0.7974443394579217,early_low_mc,1,1
019edba2-7d4a-7879-b451-4fbccf41f715,Gn2SDa53t9zegwdKX71ywUVZbjJZDXnBBkGP3T2Apump,COMOS,ComputeOS,newSignal,2026-06-18 16:48:39.754000+00:00,16451.57390153202,13541.96043731449,12071.378934831655,21864.88198712076,7.2917,23.0,19,AI Agents,pump,,1.13829585,21864.88198712076,19,139,20.5770397518888,19.7750624607149,2.3146395154642,13541.96043731449,148789.79165545895,10.98731548834487,16451.57390153202,9.044106815920097,early_low_mc,1,1
019ed99b-925e-708e-83d9-adcc45caedc1,GoyCwEkFkKqHprFbM5EU92ipS5fR3Y8EYm2NcSYRpump,CGH,Chill Gorilla House,newSignal,2026-06-18 07:21:51.966000+00:00,12869.134062894153,13269.791148524226,10872.586508518634,32689.17282251448,5.8232,77.0,54,Meme,,,1.3334721666666667,32689.17282251448,54,110,22.4052210582935,35.1226268513358,0.0,13269.791148524226,25886.059610194956,1.9507510947580984,12869.134062894153,2.0114841825164276,early_low_mc,1,1
019ecfe6-0fbf-71c8-8205-61e3c7367545,Gpwny7K4hQbgbCf5sA2ty9tq3c2tWJ22reJbqHsgpump,Nong Sompoi,น้องส้มป่อ,newSignal,2026-06-16 10:07:01.567000+00:00,16889.946240626246,13293.585918319166,12758.593706505757,10918.05256156235,6.3462,67.0,53,Meme,pump,,0.18000988333333331,10918.05256156235,53,68,24.4025096724832,40.2115524925058,0.0,13293.585918319166,13293.585918319166,1.0,16889.946240626246,0.7870709432066414,early_low_mc,1,1
019ed5d6-ab0c-74b3-8874-59ba86d1b20b,GqtCwZ1tGGR8ntX4wgXyF91QUW1d5PUfjAijjNm2pump,Ooo,Beans,newSignalRay,2026-06-17 13:47:56.044000+00:00,1498343.8397578981,1461334.8105751136,87507.22406010386,37539.8066927109,194.0739,114.0,22,Meme,pumpamm,pump,0.2780238,37539.8066927109,22,56,96.6004478998255,,3.019223e-07,1461334.8105751136,1475996.9407153777,1.010033381832938,1498343.8397578981,0.9850856002143465,ray_migrated,5,1
019ed1a1-ebb1-7281-964b-5d438ee928f6,GrSHdnPQjF8bp4x89oBNV47gd1awdApzeYZ9Q3HTpump,FCAT,Falling Cat,newSignal,2026-06-16 18:11:50.321000+00:00,21872.754600488497,13063.737668029928,14440.273982707986,34511.7632526545,8.2204,51.0,26,Cats,pump,,0.3180887333333333,34511.7632526545,26,144,21.8098470055037,15.9438575391587,0.0,13063.737668029928,41298.57193454069,3.161313628917099,21872.754600488497,1.888128527424632,early_low_mc,1,1
019edfee-c2e0-738b-b754-71274b31d0c3,GrTuX8VAHTBisSozfp9VbnCfcN4UW6imdmMrhWhMpump,UP,OPERATION LEVEL UP,newSignal,2026-06-19 12:50:27.168000+00:00,19886.365274496962,13307.56854824608,13191.521103976631,35023.0323875349,7.4859,195.0,153,Meme,pump,,0.18787298333333335,35023.0323875349,153,127,23.30282866844818,37.839238871606895,0.0,13307.56854824608,13307.56854824608,1.0,19886.365274496962,0.6691805347311113,early_low_mc,1,1
019ed5ce-5bfc-7234-a267-f576cfab323c,Gt2JiwSH9FE27dCmLoYKwX2RxxNoGQqfpB6HXeKxpump,XLife,X Life,newSignal,2026-06-17 13:38:51.516000+00:00,13206.510684965657,12699.13905900403,11086.98146000008,28525.63450140512,6.8638,82.0,61,Others,,,0.7957850166666667,28525.63450140512,61,144,26.599010745532,26.5205918618894,1.2489122917735,12699.13905900403,19566.016197629167,1.5407356441030808,13206.510684965657,1.4815432073138892,early_low_mc,1,1
019edb31-995e-7c21-8abc-759c0ecc3a9b,GtN6g4goM6TknvaG7F6oTEpdExtkgMy3veZzsFD6pump,WASTED,WASTED,newSignal,2026-06-18 14:45:21.374000+00:00,21979.961570732445,14573.476883656736,14181.326105211172,59028.9383558168,9.0275,20.0,14,Meme,pump,,0.38042145,59028.9383558168,14,137,29.2334028253449,0.0,0.0,14573.476883656736,23468.038477488022,1.610325296073032,21979.961570732445,1.0677015244984338,early_low_mc,1,1
019ed6cb-e37a-7ca0-bdd5-377c9c3b195c,GwrZ7JmFmRLbztGxgrA95ipHuVhCF7hfPi6WuBfPpump,DRONE,Drone,newSignal,2026-06-17 18:15:46.810000+00:00,16305.430790798762,13827.001771903506,12395.182528454901,27365.19225575296,4.7124,40.0,27,Others,pump,,1.40934575,27365.19225575296,27,182,23.3435481218067,7.372426872909,0.7496253086783,13827.001771903506,17622.47580061891,1.274497254815416,16305.430790798762,1.080773395485102,early_low_mc,1,1
019ed2bc-a74a-7608-8328-d1b8d4e1c241,GwwXmFiyAVZVaT76aKDxUPfzZZ2PhTCF7GqUfPbkpump,FR,First Route,newSignal,2026-06-16 23:20:39.498000+00:00,16748.350464628114,14232.504805730834,12605.367452321683,20329.9165912576,7.077,27.0,25,Protocols,pump,,0.2748428666666667,20329.9165912576,25,113,24.612565570737,5.6563831273456,0.0,14232.504805730834,14232.504805730834,1.0,16748.350464628114,0.8497854660845167,early_low_mc,1,1
019eda98-c437-7d28-bed0-d73cbebfaae3,Gxa4tU6Vsq1Cv1pawzUEVufUGsymosu4HbFX9seipump,Sergeyevna,Сергеевна,newSignal,2026-06-18 11:58:25.335000+00:00,15628.644353534848,12647.723563772432,11939.617617978727,21576.49299565644,4.5258,78.0,58,Others,pump,,0.4417652166666667,21576.49299565644,58,116,25.1318766667911,19.2866098626509,0.0,12647.723563772432,18157.365960337473,1.435623246253311,15628.644353534848,1.1618004447219177,early_low_mc,1,1
019ee0ec-4fa9-79ac-b46b-6eeacede5a03,GxsEZJbMRzc9BiKz79W1PrpEcBArVDa2DNvYZ6DKpump,ROOTS,Rooted Acres,newSignal,2026-06-19 17:27:23.817000+00:00,16795.157579287774,13140.330609708595,12217.154594873355,9876.73432865385,7.2541,56.0,45,Others,pump,,0.17411848333333332,9876.73432865385,45,68,26.6906602983022,7.1160942757988,0.0,13140.330609708595,20904.091687586613,1.5908345313733465,16795.157579287774,1.2446499289394035,early_low_mc,1,1
019ecfe1-c066-7ca1-b3dd-7c21c571db32,H2cxSwXWvfHSNubCz3nTe8np2Jx9rRETYn6Cqicrpump,bully,bully,newSignal,2026-06-16 10:02:19.110000+00:00,15605.513359559473,14181.431239417445,12261.352326846882,28660.09468652928,6.2453,25.0,19,Meme,pump,,0.74296115,28660.09468652928,19,145,25.0336243185728,11.0329531242475,,14181.431239417445,64530.465683531715,4.5503492979022155,15605.513359559473,4.135106881569024,early_low_mc,1,1
019ed4b4-0dda-7c9c-a5c1-65d01a8f777a,H2wiDucfS8tq7kE3dnimVYGSsSy5tYjoV8MmVdWFBAGS,BAG,doginbag,newSignalRay,2026-06-17 08:30:30.362000+00:00,578061.2108630046,659789.8667525882,10133.788602218954,17259.80908737172,8.9484,56.0,24,Animals,meteora,dbc,0.35455238333333333,17259.80908737172,24,83,2.1791747707986433,,1.8522765660748763,659789.8667525882,1963974.0157107501,2.9766659275584364,578061.2108630046,3.3975191187429368,ray_migrated,5,1
019ede1b-1432-7440-bc3a-d56884c0dd86,H3i1AwrZzubrni3quqaV74G6FSBiXyEtLq9fmnpqpump,HLI,Hliland,newSignalRay,2026-06-19 04:19:37.138000+00:00,193358.9210016134,66974.0560474864,31241.76607585279,111051.7952826879,1.6124,43.0,23,Gaming,pumpamm,pump,67.6720368,111051.7952826879,23,427,46.0141330017204,0.2648460472578168,4.8452815452188745e-06,66974.0560474864,230259.91815359512,3.438046487588189,193358.9210016134,1.1908419687120297,ray_migrated,5,1
019ed216-6d55-702a-8fbb-d233ced47461,H4HHCabuv9q8JBA8DKbVjhH1K9xhQTTqtrsKstYipump,says,when she says,newSignal,2026-06-16 20:19:05.685000+00:00,18715.772863224254,16814.486014800525,13352.356040651433,24687.10544422848,7.1212,64.0,41,Meme,pump,,0.7612291,24687.10544422848,41,175,22.861210787102,20.2441205123995,3.2081998015134,16814.486014800525,16814.486014800525,1.0,18715.772863224254,0.8984125922921579,early_low_mc,1,1
019edec6-f467-784c-ab46-aed754257005,H4U66SohL6XN6LuNN6CN2Cz3TpGK6xdr1rMzaAmFpump,楚德,The Chud Dog,newSignal,2026-06-19 07:27:21.191000+00:00,16175.98062822973,13103.20207777975,11943.37656267804,35346.44358126228,6.7872,57.0,35,Dogs,pump,,0.22079721666666666,35346.44358126228,35,150,26.259170789077906,12.330932860625339,0.0,13103.20207777975,18382.664846142725,1.4029139394343786,16175.98062822973,1.1364173380661677,early_low_mc,1,1
019edc0a-13a1-76f4-8379-0c1e369e4110,H4chsqkobEKjjiAt7r3TLJvp7qprR6aasjJFtkQcAqun,SKI,Ski Mask Dog,newSignalRay,2026-06-18 18:41:48.449000+00:00,133731.59881816583,148026.5943378711,25850.013024945343,173221.09471543846,6.7613,82.0,24,Dogs,pumpamm,pump,0.7680782333333334,173221.09471543846,24,504,21.947042306444015,2.119915565465865,0.002751365019218373,148026.5943378711,190785.92593291178,1.288862496541955,133731.59881816583,1.4266331040603382,ray_migrated,5,1
019ecf18-3b6b-7cb1-bab6-cd949b39675c,H4oM947yrUoa3NEAXA83vw2bghNc14ymzb8nWTgapump,Accelerate,Accelerate Solana,newSignal,2026-06-16 06:22:12.331000+00:00,16228.541419353356,13761.617423785498,12419.370720840525,29050.3296038358,5.2254,92.0,64,Meme,pump,,1.0445789,29050.3296038358,64,123,25.5929271863262,19.8876796469216,0.0,13761.617423785498,36774.649244888205,2.672262141318296,16228.541419353356,2.2660477176976963,early_low_mc,1,1
019ed263-e07c-7112-9a6b-74ccd1edc20f,H5ZijmLydfM9uBqEsDv8GMD9rHTaWbijsYYLLu2Zpump,GAY,Gay Certificate,newSignal,2026-06-16 21:43:41.436000+00:00,28207.07054168463,23963.308687141758,12110.323356840174,41523.17530504563,11.3909,27.0,13,Others,pumpamm,pump,0.30014835,41523.17530504563,13,204,20.7513446350682,6.869000476602,0.5644923294987,23963.308687141758,23963.308687141758,1.0,28207.07054168463,0.8495497131376544,ray_migrated,5,1
019ee01e-7eb1-772e-845e-0964ed0741e9,H5gqAwecqhRueNjbNrdygDbs9VqmtzDFVJVgq1yDpump,Beatles,The Fab Four,newSignal,2026-06-19 13:42:35.441000+00:00,14648.23767690356,14154.382902204477,11428.653307643011,67252.67050406328,4.0645,110.0,92,Others,pump,,25.533939116666666,67252.67050406328,92,164,22.643894702668923,0.0437504654677,0.0437633340708,14154.382902204477,14154.382902204477,1.0,14648.23767690356,0.9662857208087385,early_low_mc,1,1
019ed536-442a-7c91-b9df-7dc3c9fcf9f0,H5pRCo5YkNrXVTGA8b3wQbAuesYgdePEXzCHsY6YBAGS,EXPERIMENT,THE 24 HOUR EXPERIMENT,newSignalRay,2026-06-17 10:52:43.946000+00:00,459430.1295170926,306873.54090441397,9013.914147468162,15220.5761379663,3.906,47.0,26,Others,meteora,dbc,0.19078341666666668,15220.5761379663,26,47,2.4741482034579696,,3.1498760802e-06,306873.54090441397,1215045.3106473885,3.9594332801271226,459430.1295170926,2.6446792070962424,ray_migrated,5,1
019ed466-1416-7228-93ff-e31338965879,H8sfJ3n9Pbv8rvzZRiGntjBTwThkSfCFz9nr3RqYpump,Turbo,Turbo The Snail,newSignal,2026-06-17 07:05:20.150000+00:00,17109.486606191327,13407.653089113353,12706.744673641615,19396.9084889346,6.5906,38.0,30,Animals,pump,,0.64317965,19396.9084889346,30,102,24.709922366185292,6.765222765984426,0.0,13407.653089113353,13407.653089113353,1.0,17109.486606191327,0.7836385391167489,early_low_mc,1,1
019ed6d7-3de5-7400-8602-5340733155b2,H97euUrSvGX2ddoF5D4UuMojUMbY67QBaJK4D5expump,VROOM,DrawRace,newSignal,2026-06-17 18:28:10.853000+00:00,,23206.783748474325,,24016.01772981931,16.1886,30.0,16,Gaming,pumpamm,pump,0.30965035,24016.01772981931,16,89,27.8796973813895,29.9863036459588,2.5669208830318,23206.783748474325,23206.783748474325,1.0,23206.783748474325,1.0,ray_migrated,5,1
019edcad-50fc-7553-91cd-5c5c4f9087b1,HA57ZhNgdoVT2HAjaKMgkomSVZbWusWCByXxrswGpump,Asteroid,Asteroid the Shiba,newSignal,2026-06-18 21:40:06.524000+00:00,15934.998256602772,12764.612982796167,11948.37136695798,15436.30301432228,6.6792,76.0,63,Dogs,pump,,0.2527493333333333,15436.30301432228,63,95,22.7024146723023,35.4745718222933,0.0,12764.612982796167,12764.612982796167,1.0,15934.998256602772,0.8010426344105225,early_low_mc,1,1
019ed5ab-b460-7157-918b-1ce391545a5b,HAtpoqBKEL2Kv1iQMKbAyoRafUp6MjaRQ189PzCLpump,Thaïs,Justice for Thaïs d'Escufon,newSignal,2026-06-17 13:01:00.384000+00:00,15774.883436766819,14675.435241269895,12110.783425932745,23350.06497123445,5.8404,101.0,70,Others,pump,,0.29892835,23350.06497123445,70,138,19.3857418058144,39.0128462881262,2.3897237164175,14675.435241269895,65082.5039973554,4.434792081282332,15774.883436766819,4.12570427275972,early_low_mc,1,1
019ee09d-28b6-7db5-a037-8fc4186e9e65,HDkd5H8NQZGRWXu7WShe5LhauD6oKiT9ogkVZF1Fc6QY,DONK,donk,newSignal,2026-06-19 16:00:56.502000+00:00,17952.547502754696,12167.933134705972,12653.208831900383,20711.55515104767,6.9464,51.0,32,Meme,pump,,0.5567150666666667,20711.55515104767,32,99,21.9369867750121,21.0454584503858,0.0,12167.933134705972,12396.219367105758,1.0187612990532184,17952.547502754696,0.6904991820912125,early_low_mc,1,1
019ed473-d4a3-7ef6-bb25-5e6193c7bdba,HGMw5B2wx4oMuGVk6xYtbg6hFbxDry11MtiwqJAVpump,SYDNEY,#FreeSydney,newSignal,2026-06-17 07:20:21.411000+00:00,16609.770057161775,16817.15156519113,12534.232801253347,19455.97249201928,6.5289,83.0,64,Meme,pump,,0.29137811666666663,19455.97249201928,64,132,26.5490258555043,28.9407214283539,0.0,16817.15156519113,41786.12669915165,2.484732716903283,16609.770057161775,2.5157558807464873,early_low_mc,1,1
019ed1f6-a5e4-7a29-8de3-e5aa0c7154c3,HM9XYQihDEaKQQHnxo8fJVVVkUbXQD5WdgaD5XKepump,TR,TRENCHROYALE,newSignal,2026-06-16 19:44:23.012000+00:00,21425.41457564814,17839.52870089257,10560.487967943694,57459.5991418296,8.9029,21.0,20,Gaming,pumpamm,pump,0.45300463333333335,57459.5991418296,20,148,23.0877474576203,44.1647971222506,11.667020297823,17839.52870089257,17839.52870089257,1.0,21425.41457564814,0.8326340028523301,ray_migrated,5,1
019ecc77-bccb-7a9c-bd78-095a57b80438,HN4nm315KuiVb9rLGfkdbvnNZ35dJEDXXyTYvaMApump,KROKO,Kroko,newSignal,,4615.227927681877,28048.26786716407,4956.320819639771,23304.34199008737,20.6197,,0,Frogs,pumpamm,pump,724.4830859,23304.34199008737,11,157,57.1292374050728,0.5883461797238,0.6299602194324,28048.26786716407,28048.26786716407,1.0,4615.227927681877,6.077331023876879,ray_migrated,5,1
019eda79-505c-71fb-b7d9-3f3a502a90e4,HPPAVYNoZzmtGdzbRBY2EFbXDcueDY64FCaD2ZKypump,CCM,Compute Capital Markets,newSignal,2026-06-18 11:24:04.060000+00:00,26377.283978155436,15896.371687890927,15516.652159733649,21178.54944342712,10.7479,116.0,93,Finance,pump,,0.20364061666666666,21178.54944342712,93,124,21.1983220184711,42.3810870598573,9.4984286845221,15896.371687890927,16309.399094116223,1.0259824955238006,26377.283978155436,0.6183122988562046,early_low_mc,1,1
019eddc7-333f-767f-bcf1-bb3eef627739,HPVwjSr4Bx3uyqYbKsJ82T7BTwH5hMATM7NZZrdupump,Jorge,The Thinking Monkey,newSignal,2026-06-19 02:48:00.063000+00:00,15570.925813571193,12684.643344823124,11812.814673792365,42496.76748374518,5.3336,33.0,22,Animals,pump,,12.496589833333333,42496.76748374518,22,126,23.897905547227953,17.645750554218463,0.0,12684.643344823124,30180.132126119825,2.3792653293982435,15570.925813571193,1.9382362030018565,early_low_mc,1,1
019edb7a-2120-7c51-a079-01b9026800c5,HQWWVyM3KfXt7bCf8dtw2yW3E5YybLg5LJ5tDzg1pump,ASI6900,ANSEM ETF,newSignal,2026-06-18 16:04:34.720000+00:00,15843.21799044601,12857.322016525812,11822.234351274808,22066.3458863586,5.5339,58.0,43,Celebrities,pump,,0.26847129999999997,22066.3458863586,43,95,29.6445752266694,23.5620247017883,8.2863457276009,12857.322016525812,12857.322016525812,1.0,15843.21799044601,0.8115347541313391,early_low_mc,1,1
019ed697-0f9f-78c3-a409-0f528049c410,HQwN1mRj5ekntMbzJSLo9x9FY6GTDAh6eadkioQxpump,MOOSE,Elon's Dog,newSignal,2026-06-17 17:18:04.703000+00:00,18542.072702608377,13955.87263819364,13250.482698682677,38954.62001012039,7.5666,53.0,38,Dogs,pump,,0.5762524333333333,38954.62001012039,38,177,16.4936935592575,25.6462286919362,1.453236978826,13955.87263819364,59448.109403202725,4.259719971971406,18542.072702608377,3.206119960625543,early_low_mc,1,1
019ed710-c0b4-7b0e-bde5-908884141457,HREUDWzLtmJrMjav48RY9iPRJr9r8KoTBLjWNjdPpump,RIV,Riviera,newSignalRay,2026-06-17 19:30:59.892000+00:00,139768.80306686403,128032.15958987654,27547.84986315846,386740.4178813872,67.7868,77.0,37,Gaming,pumpamm,pump,0.2976336,386740.4178813872,37,169,15.8477772562903,4.0102323009437,0.3056164062032,128032.15958987654,985726.547729483,7.699054291414328,139768.80306686403,7.052550541324455,ray_migrated,5,1
019ecc57-ccda-7d9c-aaa3-9c0816db9ba8,HWQjsHJxQM9BxZd49mxtSs41m5y8Ub12WxuCYDk3pump,KARTS,Pump Karts,newSignal,,15872.123156485071,13364.948295806289,12399.56498947213,54772.84212839322,6.1939,,0,Others,pump,,759.3667226666668,54772.84212839322,31,143,24.669870781852786,7.755878791428688,3.9564088746539,13364.948295806289,54323.31897135191,4.064611232981553,15872.123156485071,3.4225615839653027,early_low_mc,1,1
019ed380-cd12-7727-b2ef-323c5eb84748,HWd4LGj4AGtNhpMpiJBkjp6w271t36vuvTxx8r6QBAGS,1B,Speedrun To 1 BIllion,newSignalRay,2026-06-17 02:54:54.226000+00:00,198512.4520252764,108043.81354748826,6038.185052315716,21215.17153383936,1.8709,52.0,27,Meme,meteora,dbc,1.0687229500000002,21215.17153383936,27,45,2.2339465421946443,,5.2200643869e-06,108043.81354748826,495238.8355306766,4.583685259434177,198512.4520252764,2.4947494753005133,ray_migrated,5,1
019edaec-6b04-734d-92fc-49ffdd7f6471,HWjFeJtgHk1oXBr5AyrbDGzFZQ4PTAHAhXrm92Xrpump,Gain,Everyone Has Something To Gain,newSignal,2026-06-18 13:29:47.524000+00:00,27937.045868416946,18759.03885398593,16050.875282947803,26598.31189447154,11.3854,111.0,83,Meme,pump,,0.2600813166666667,26598.31189447154,83,141,21.1431772051485,52.2248193372624,0.0,18759.03885398593,18759.03885398593,1.0,27937.045868416946,0.6714753930082913,early_low_mc,1,1
019ee11c-59cd-7eb0-91bb-f0442ccce481,HYf9XyMhaLU1su7RKy6bZAR5nAmunEEVqazfptg4pump,Callback,The Commodore Callback,newSignal,2026-06-19 18:19:52.141000+00:00,16650.74445494263,12809.113885525081,12176.850420131983,32582.8243808826,6.4732,80.0,66,Others,pump,,0.20377251666666665,32582.8243808826,66,152,15.148750988889,25.2605690378003,5.3998198406486,12809.113885525081,12809.113885525081,1.0,16650.74445494263,0.7692817531484489,early_low_mc,1,1
019ed1a9-a0b7-77b7-baf2-1f9244c0eb60,Hb4ah2Vr4NzuQb8NhyB8a6ZFBSFWGSHBa3axpqwbpump,Rescue,Rescue Pack,newSignal,2026-06-16 18:20:15.415000+00:00,17539.978220726483,13553.475356724457,12919.193691926776,63356.09879082889,6.1323,28.0,14,Others,pump,,1.9384880166666667,63356.09879082889,14,85,26.46656023488404,4.467692133367092,,13553.475356724457,13553.475356724457,1.0,17539.978220726483,0.7727190527927058,early_low_mc,1,1
019ee067-964a-799d-b4ef-337be875c3cb,HbiGTMusSryVbR2ZReEz34By9NFHqZaahWnbQyQEpump,RICH,Get Rich Quick,newSignal,2026-06-19 15:02:25.610000+00:00,29091.617654585443,13596.33504822605,11887.538069759597,39215.04158707443,6.9493,20.0,13,Meme,pumpamm,pump,2.6901938833333334,39215.04158707443,13,46,69.0139506814944,7.2624398931101,0.0105839963375,13596.33504822605,13596.33504822605,1.0,29091.617654585443,0.46736263378887716,ray_migrated,5,1
019edf26-3d25-7c58-945b-64c41cd78e83,Hdda1yxF4e31hxvRExfQRcMvRVFk8VhzuCk6f2mxpump,QWANT,The Qwant,newSignal,2026-06-19 09:11:25.733000+00:00,19196.680361948067,12449.241558397398,12999.791852566737,10269.11510328105,8.4486,62.0,50,Others,pump,,0.10905345,10269.11510328105,50,111,28.1223185872791,33.677736517244,0.0,12449.241558397398,22547.21645337384,1.811131734219186,19196.680361948067,1.1745372652069184,early_low_mc,1,1
019ed6da-e14e-70f0-8a46-34b601a84edf,HdifyLNtMwRj5KDmief3zfdwq4ucjFCUoPnNc4rLpump,GoodDay,Good Day,newSignal,2026-06-17 18:32:09.294000+00:00,23788.371285910827,16588.49794943657,14966.51467061556,18299.73152069232,9.9496,80.0,51,Others,pump,,0.23718111666666666,18299.73152069232,51,62,45.3818436521822,44.4583050291736,0.0,16588.49794943657,20381.77437553333,1.2286690716458508,23788.371285910827,0.8567957062114997,early_low_mc,1,1
019edb49-f458-7131-a952-634f0caa7bff,HfJ4jfZaH1LQKQGNbi3gVjP2ei4UxU3A35UypGG7pump,gta,grend thuft autism,newSignal,2026-06-18 15:11:57.528000+00:00,16246.23345377686,12463.1767803536,12163.7828566838,18831.21893331767,6.2919,27.0,17,Meme,pump,,0.86627215,18831.21893331767,17,119,24.2878235668641,5.4614206936808,0.8502629751879,12463.1767803536,21981.160742067113,1.7636884342936738,16246.23345377686,1.3530004234278081,early_low_mc,1,1
019eda4b-8d25-78d1-af50-ecdf219562eb,Hfgj64CwJrxQwKbxQo1jAYW9g9cdwNrJTCE9KPfNpump,ASS,AYE SOLANA SOLANA,newSignal,2026-06-18 10:34:04.965000+00:00,16214.339432481895,13446.040338706936,12190.439887630126,14132.61065673114,7.122,74.0,59,Others,pump,,0.42240751666666665,14132.61065673114,59,90,24.2980468559474,36.1388383339905,0.0,13446.040338706936,41668.7768953322,3.0989626570865516,16214.339432481895,2.5698719993401573,early_low_mc,1,1
019edc79-c4c7-7b9b-b5c6-a7b828752891,HgjjhWAfjrJP5v2i2RATJ9AVg9JJ9Xhdpb9PFZ5vbank,POKEBANK,Pokebank,newSignal,2026-06-18 20:43:48.295000+00:00,15683.184727092745,12602.724243372691,16998.653584324766,15413.754114453775,2.8268,26.0,17,Gaming,pump,,2.2127980333333332,15413.754114453775,17,62,19.4541102047146,2.4344885594295,2.2137798021299,12602.724243372691,16532.04834097564,1.3117837081668462,15683.184727092745,1.0541257167248999,early_low_mc,1,1
019ee4cd-5233-75f0-82c4-65a4de24b97e,HhM9E6uU9WQk2r3umKpiXLTCTEFQ1bDL8xE3sjYKpump,SAIWA,SAIWA,newSignal,2026-06-20 11:32:01.715000+00:00,16273.052318901679,15232.839576013834,12241.620365179253,15919.11636166774,6.8346,24.0,20,Others,pump,,0.68909755,15919.11636166774,20,101,25.5975112735201,29.679908889522,2.1868912924036,15232.839576013834,15858.6282080647,1.0410815481203028,16273.052318901679,0.974533105239537,early_low_mc,1,1
019ed864-3479-7429-8623-d73466d1842f,Hkb3kxi9VuCGfXME4LFo8HCfJhhnMj6RV1VGTbjmpump,motion,motion,newSignal,2026-06-18 01:41:46.233000+00:00,17057.5443705068,15152.757699069703,12599.828781745167,24023.99931316245,6.9131,21.0,15,Others,pump,,0.23694303333333336,24023.99931316245,15,78,27.8672014156697,36.0245125945429,0.0,15152.757699069703,22240.298685755595,1.4677393466880968,17057.5443705068,1.3038394157256301,early_low_mc,1,1
019ed76f-3fb3-7587-9350-e344acd7821c,HkxGeftPi2MKzSysaUhpxixBnn7tWospcRSbnDTTpump,LECHATON,LECHATONCHAIN,newSignal,2026-06-17 21:14:12.787000+00:00,15392.123026788788,12834.319895138213,11947.20482291615,23897.7340348119,6.5122,48.0,35,AI Agents,pump,,0.1985967,23897.7340348119,35,127,19.8098607449822,3.8410017808945,1.6203128783549,12834.319895138213,12834.319895138213,1.0,15392.123026788788,0.8338238898429464,early_low_mc,1,1
019ecef3-f7e8-7753-a684-66fbb05db57d,HnMurnqedgVPuHhcMV9T2kbgPU9N1j4wnXGhqpMSYkVC,SHHPE,shhpe,newSignal,2026-06-16 05:42:35.752000+00:00,23912.136553763004,14961.479428652114,15063.761153088239,33472.03104218745,8.239,169.0,113,Meme,pump,,29.549526500000002,33472.03104218745,113,139,24.2933112914856,45.5615801681498,0.0682196567041,14961.479428652114,14961.479428652114,1.0,23912.136553763004,0.625685596726724,early_low_mc,1,1
019ed6c0-5cb7-7358-be00-e15ed1f9515d,HoAVURefi1Nyo5qW3YFX3VBSimyX4fxZ5xnUewKDpump,NOTE,NOTE,newSignal,2026-06-17 18:03:11.415000+00:00,37156.13171517332,13658.440567736892,13984.313943144189,75049.80833609875,16.3466,38.0,16,Others,pumpamm,pump,0.4293256166666667,75049.80833609875,16,108,44.6857202603788,36.878715904244,27.6367606932306,13658.440567736892,13658.440567736892,1.0,37156.13171517332,0.3675958701093538,ray_migrated,5,1
019ed731-9e32-71ed-9d5b-84855311dd48,HpHcPyBzmbXx2Tp4VAALW3SxB6fHSd4vGtYWoKkWpump,miniontcg,minion TCG,newSignal,2026-06-17 20:06:53.746000+00:00,21626.478771300808,21566.27116199695,14140.124608521523,35631.81314359185,1.0011,25.0,11,Others,pump,,0.35043814999999995,35631.81314359185,11,104,25.7683880692269,11.3351671052234,0.0,21566.27116199695,47450.19577156797,2.2002039858973133,21626.478771300808,2.1940786696415993,early_low_mc,1,1
019ed9a0-54fc-7a66-aab6-1aa387650c58,HsgV7ehjamv7wPpmWuGbTUBvnmparxgnCasFuWRRnTEi,CGH,Chill Gorilla House,newSignal,2026-06-18 07:27:03.932000+00:00,15878.783725127747,15580.391058871388,12087.336376482213,20830.36174366704,5.8242,48.0,29,TikTok,pump,,0.38248526666666666,20830.36174366704,29,87,27.8549658763854,23.8039782210116,0.0,15580.391058871388,21755.213338216596,1.3963201087837458,15878.783725127747,1.3700805877083366,early_low_mc,1,1
019edea9-2ab0-76d9-b4a9-3e802054461a,HtLJZPKoMFcP8BrYkqFAjWZfgeLkb4sM5U1zJHmopump,dream,dream,newSignal,2026-06-19 06:54:49.008000+00:00,17697.068879394985,12218.449172381383,12492.671393380022,24848.68378208704,6.296,90.0,74,Others,pump,,0.48046428333333335,24848.68378208704,74,160,21.2974336445829,6.0686219875011,6.1641270403384,12218.449172381383,32229.88472585844,2.637804869599242,17697.068879394985,1.8211990327609717,early_low_mc,1,1
019ed735-a545-70cf-a254-fa1247fc96aa,HxXve5u46BNutV2QLyYW7jZFfrSrp1e7pGCvKKN1pump,WUF,Just Wuf,newSignal,2026-06-17 20:11:17.701000+00:00,16013.169867471632,12902.506780479207,12168.916565108038,46766.244039361,3.6296,31.0,25,Dogs,pump,,0.46666063333333335,46766.244039361,25,125,25.8343421544368,22.5395162420396,0.0,12902.506780479207,12902.506780479207,1.0,16013.169867471632,0.8057434528742948,early_low_mc,1,1
019eda42-7594-7333-a1a0-0fb0e13e1135,HzL2M7ZwkcCkRxodo7QHaU2PYMSePpYfq7pKjTkjpump,AYESOL,Aye Solana,newSignal,2026-06-18 10:24:09.108000+00:00,15427.5725739215,13246.882165905887,11893.710201942737,14626.82021823935,6.0408,55.0,50,Others,pump,,0.43703610000000004,14626.82021823935,50,83,22.4289993898153,32.1658774649938,15.4393751604589,13246.882165905887,27338.691343176633,2.0637830850144865,15427.5725739215,1.77206694132747,early_low_mc,1,1
019ed8e8-c7c8-7b91-8fd8-2ff73d110772,HzsHZPiqizPA8jqJz2QubtwU3DiZiGf9HFyzUfQ8pump,THING,Thing,newSignal,2026-06-18 04:06:34.696000+00:00,16332.092349514365,13210.230936962029,12268.089212879686,34805.4422979102,6.4282,78.0,51,Others,pump,,0.31515078333333335,34805.4422979102,51,120,23.6339964072455,21.2794154613878,0.0,13210.230936962029,68594.07552278106,5.192496319716551,16332.092349514365,4.199956383715936,early_low_mc,1,1
019ed970-032f-765e-9568-4c5e568bb214,J1PSbntLgRqXCQ1xtNnJ1N36R5JjPUJjDdaho9K5pump,ジラーチ,Wish Upon a Jirachi,newSignal,2026-06-18 06:34:17.263000+00:00,18045.578315975006,15709.140489276379,12854.303587639582,38433.08439334126,7.2606,130.0,86,Others,pump,,0.2996644,38433.08439334126,86,120,30.1679617096219,23.8589601826107,0.0,15709.140489276379,15709.140489276379,1.0,18045.578315975006,0.8705257439917968,early_low_mc,1,1
019ed507-9b38-7c5a-98d6-c45361c3857f,J2mLV4MPVE8dQRKeRBKraPRT8nqiPJyKRmXQ9Xk5pump,HAM,Hero Archetype Meme,newSignal,2026-06-17 10:01:46.040000+00:00,16890.623228675715,13964.7860662813,12551.700362978465,23095.53155891644,6.9932,51.0,44,Meme,pump,,0.39297496666666665,23095.53155891644,44,108,22.48752838963342,17.6904039903756,0.0,13964.7860662813,21879.043531815336,1.5667295888365538,16890.623228675715,1.2953366631653136,early_low_mc,1,1
019ed280-a928-745c-b1d6-407e3ae0ac40,J8tHnmyXeo74pyXGcs1pAfQiJbThAb3xu1E8EyNQpump,BOG,ogpepe,newSignal,2026-06-16 22:15:07.816000+00:00,15156.848168120525,13263.98457694224,12010.188794754478,53412.5596175014,4.1364,39.0,28,Meme,pump,,0.9031372666666667,53412.5596175014,28,83,27.21790027823471,23.105318770642878,0.0,13263.98457694224,78222.71791773503,5.897377026034494,15156.848168120525,5.160882859687232,early_low_mc,1,1
019ed97f-9af3-76de-8b1f-a2264a230ec9,J9uiX5CLZ8x9Dk1QDDnDFC8Fw3UZQDnnL8RK3GJGpump,Villager,The villager,newSignal,2026-06-18 06:51:19.155000+00:00,15222.33995593893,12642.029328772456,11816.674196817894,29737.41554944888,6.6171,22.0,17,Charity,pump,,4.588625483333333,29737.41554944888,17,121,25.8260465082643,12.6696408654598,0.0,12642.029328772456,19721.40727901732,1.5599874645230136,15222.33995593893,1.295556881274557,early_low_mc,1,1
019ed187-ef0f-7188-9911-a48b2877888c,JAZYu8Kz7epcKeKtCW2mbkwYf1rkaqKZqZgoPFg4pump,MBGA,Make Bagworking Great Again,newSignal,2026-06-16 17:43:27.247000+00:00,16314.474664274676,15208.147754589105,12402.870199408606,29534.0782407315,3.8046,110.0,68,Politics,pump,,0.14705618333333334,29534.0782407315,68,87,29.1918888602046,49.8984688430899,0.0,15208.147754589105,15208.147754589105,1.0,16314.474664274676,0.9321874021412287,early_low_mc,1,1
019ede31-941d-7998-a786-43a6e79ad5da,JBXSxKhCCgjyCRCAKFYctCUQQjiWRjNZPT7pCFahpump,yns,young niggas,newSignal,2026-06-19 04:44:11.677000+00:00,15083.10238227015,12083.177372443683,11531.145310072889,34563.6190000368,5.4981,138.0,113,Others,pump,,1.5518830833333332,34563.6190000368,113,121,23.1206219051371,28.4428277845362,0.0,12083.177372443683,17171.64792686216,1.421120239948062,15083.10238227015,1.1384692281242517,early_low_mc,1,1
019ed579-75e7-7e51-a9a2-e9b7e3aa6fe4,JDE87hhU9rw2uUf2K8kkah4JW9Lp9CbyNMk9pW8Tpump,Jane,The Prediction Chimp,newSignal,2026-06-17 12:06:07.591000+00:00,14550.239915038315,12709.974218087264,11614.131537035606,35252.45676576195,5.8951,75.0,55,Animals,pump,,0.47436085,35252.45676576195,55,86,20.8779275248728,1.8542873805818,,12709.974218087264,12709.974218087264,1.0,14550.239915038315,0.8735233434158666,early_low_mc,1,1
019edf7e-f389-78f2-bbb2-5d525667f2d1,Jm7FXQSGE18mnL2GuNScDxjcH23zix2uBBfm5ABpump,Cap,Self-Hosted CAPTCHA,newSignal,2026-06-19 10:48:19.593000+00:00,15869.977419033508,12106.786985691811,11799.984466805343,44202.43993108125,7.1714,32.0,20,Others,pump,,3.5446594,44202.43993108125,20,131,25.5333764684858,0.1409375999349,0.0,12106.786985691811,28822.864190583172,2.3807195273731137,15869.977419033508,1.8161881034572072,early_low_mc,1,1
019ed60e-6236-7464-ad7e-9d3da391a895,LCCzL7F1uZxJhmEhQzoy2WtMPJW2jZXQG1AJrCKpump,RONALDO,Ronaldo The GOAT,newSignal,2026-06-17 14:48:47.414000+00:00,29286.56978444436,21612.36239216607,16519.098690297178,30963.49318500396,11.7915,127.0,84,Sports,pump,,0.1759537833333333,30963.49318500396,84,154,25.4785870278819,52.7129697005358,0.127992889222,21612.36239216607,31204.653130936607,1.4438335136489984,29286.56978444436,1.0654936156951724,early_low_mc,1,1
019edde9-24a0-7b99-b6a1-c04ad39a8bdc,MXQcb928CL59NrZoV1u5VoLnX3RFUGFdn3NssXApump,#1,#1,newSignal,2026-06-19 03:25:04.544000+00:00,17576.15893253293,13810.799941610585,12490.740123203914,12802.50331797151,7.8245,62.0,44,Others,pump,,0.2984798166666666,12802.50331797151,44,107,31.0770531868117,29.7031387961314,8.7562118325763,13810.799941610585,23963.839507064135,1.7351521713715827,17576.15893253293,1.3634286990149938,early_low_mc,1,1
019ee0fa-c235-7ac2-b144-2d6b88ba33f0,Mv47FV3DbDiyYmBLjaV8ezWpdiVSr4NwwQ8rzz5pump,ZALUMAN,Zaluman,newSignal,2026-06-19 17:43:10.645000+00:00,23200.74076203867,21530.94298821188,14381.0571865697,23894.7929378496,10.2458,25.0,16,Others,pump,,0.18664486666666666,23894.7929378496,16,105,24.7948515066438,27.1624775930106,0.0,21530.94298821188,21530.94298821188,1.0,23200.74076203867,0.9280282560391807,early_low_mc,1,1
019edc3d-aa7f-7d47-9656-5693570c6e02,Nn1eM2aRiP6LCmBVnSPiB37mytdDUfiwnqEBg4rpump,クマキチ,Kumakichi,newSignal,2026-06-18 19:38:09.407000+00:00,19027.838008620423,14666.892782234538,12997.341109630555,32816.6241892842,7.3099,87.0,59,Others,pump,,2.4892881333333334,32816.6241892842,59,134,23.2843520754148,17.5120666208077,0.0,14666.892782234538,15883.141464276645,1.0829247680541652,19027.838008620423,0.8347317996443371,early_low_mc,1,1
019ed784-155d-78c2-9d47-681f0bbe76c8,Rzd3U1qcQpDMG7C3CkdhFgocNPxijC2P3rjR5f3pump,FIFA,FIFA Coin,newSignal,2026-06-17 21:36:58.205000+00:00,14206.854974621474,12865.013267216555,11465.455223106559,29150.28867054898,6.7071,66.0,49,Sports,,,1.3287328999999999,29150.28867054898,49,154,22.8337480742414,22.9213099111753,0.0,12865.013267216555,17474.28110630524,1.3582792915444801,14206.854974621474,1.2299894056440048,early_low_mc,1,1
019edcf0-72f7-79c1-b482-76dd77363afd,SEAT94f87htprjQ6H929XfHNk8SE3HUAcuinRk4Xs28,SEATd,SEATd,newSignalRay,2026-06-18 22:53:26.135000+00:00,100517.84572522779,78230.62879125163,36877.650127593086,24047.84617545287,2.0579,53.0,21,Sports,meteora,dbc,0.3208144333333333,24047.84617545287,21,159,21.4302646612662,,0.0,78230.62879125163,267151.64473118883,3.4149239097137856,100517.84572522779,2.657753385020463,ray_migrated,5,1
019ed68f-b344-7218-8599-afc3089a7927,SLVTKDwzZ4GRBwDxaAA9biL29YZepQX8aWTX7paBpzx,SOLVATARS,Solvatars.com,newSignal,2026-06-17 17:10:02.308000+00:00,16143.152632176036,14575.617373990584,12378.13538084609,30280.64311297147,3.6611,23.0,18,Mascot,pump,,0.7151135166666667,30280.64311297147,18,163,21.6118251543434,33.2193625687302,5.7557155857019,14575.617373990584,20762.199599837062,1.4244473538998152,16143.152632176036,1.2861304153474016,early_low_mc,1,1
019ee0b1-6cf0-7b76-9ea7-0ed9f920179c,TzyyGEL7R5r2QrUzx8txqyWscvhnKKNqffYoYjNpump,SPRITE,Design A Sprite,newSignal,2026-06-19 16:23:04.688000+00:00,14938.880343666386,12719.061673327848,16588.94983476228,19990.82123563002,2.1742,20.0,13,Gaming,pump,,5.93124245,19990.82123563002,13,77,21.3914023049595,0.0569283935986,0.0,12719.061673327848,66290.8411110266,5.2119285851125285,14938.880343666386,4.437470518942327,early_low_mc,1,1
019ed569-3d04-7c0c-affb-1277ed13cb7d,UhHp5yN9DKQTCrjtBkpoWUNDHztWfxJ1GqzteMVpump,1ELON,1ELON,newSignal,2026-06-17 11:48:24.452000+00:00,21339.94123416872,15549.124637040335,14077.157004310082,29568.06461715498,7.1303,69.0,44,Elon,pump,,2.5825552833333334,29568.06461715498,44,124,23.8428736318763,19.0807299793675,0.0,15549.124637040335,67153.35216043498,4.318786666643965,21339.94123416872,3.1468386638718355,early_low_mc,1,1
019ed251-766c-7e2d-a626-f227a3f73c42,VES7YdEc6YMBGSgfeWawdxofnSLLJ9QdvzLA2QVpump,WIF,dogwifhat,newSignal,2026-06-16 21:23:34.636000+00:00,17429.09680085294,14016.541783220702,12875.436954029441,34212.9535538699,7.2154,37.0,20,Dogs,,,0.12767656666666666,34212.9535538699,20,92,28.8567156641005,11.0837567230929,0.5014403500874,14016.541783220702,14301.921262322101,1.0203601918015919,17429.09680085294,0.8205773039037914,early_low_mc,1,1
019ed6cf-7d82-7148-9313-896180069582,XVZ5i1VNDtSgc6Bksy8vHZoBncNx8sgyACGyqkSpump,COLLECTOOOR,the collectooor,newSignal,2026-06-17 18:19:42.850000+00:00,23295.02918898168,13982.748293128587,10954.671701113477,39474.52811419039,8.3579,148.0,77,Others,pumpamm,pump,0.1964082666666667,39474.52811419039,77,153,29.0258527494472,,,13982.748293128587,44162.9827174003,3.15839073918701,23295.02918898168,1.895811435097448,ray_migrated,5,1
019ee0e5-933b-758f-9f5a-755e76a15284,ZW7hkfYCdfzoQxXwSf1DeFBCXCcbRfqucyKzjT1pump,PIP,Baby Squirrel,newSignal,2026-06-19 17:20:02.363000+00:00,14818.869774819641,13719.086804634626,8476.946079639129,51885.35480809944,6.256,67.0,54,Meme,pumpamm,pump,0.7093896,51885.35480809944,54,202,16.5596181939029,23.9706786436909,8.6862952583145,13719.086804634626,20469.105660635796,1.4920166299786701,14818.869774819641,1.38128656042427,ray_migrated,5,1
019ed7c9-d6fe-70ca-aefb-4b235395038e,a3PUpweSGZv4848NyzbSQg73NbJBbUq8RnH8Erspump,CLAW,The Claw Is The Law,newSignal,2026-06-17 22:53:09.758000+00:00,20403.66117440614,18298.326933590193,13749.186905841372,6966.0772868547,2.5365,32.0,17,Meme,pump,,0.38320868333333336,6966.0772868547,17,88,24.3848324738456,0.0382722638698,,18298.326933590193,37047.96963502253,2.024664318736904,20403.66117440614,1.8157510712584566,early_low_mc,1,1
019ed631-678d-7004-9591-b517f914c900,cDEZiJtVyTDKC8kQ7TVPgyV91bLELAzwGZGSxC6pump,MEMELLIONAIRE,MEMELLIONAIRE,newSignal,2026-06-17 15:27:02.541000+00:00,17591.59696814146,17413.92290268476,12853.686522334716,50775.71210058172,5.6832,20.0,13,Meme,pump,,0.41494213333333335,50775.71210058172,13,205,22.3249173230412,14.4000048128251,0.0587801744918,17413.92290268476,17413.92290268476,1.0,17591.59696814146,0.9899000604789622,early_low_mc,1,1
019edc48-5f43-7859-9867-fbd114f0609d,cY435H7F4wcZ4NgWQFM3wUjBDffdb3qdsQST2EVpump,SPEEDYCAT,Speedycat,newSignal,2026-06-18 19:49:51.043000+00:00,17882.042000199264,13310.01663358081,12629.991043823078,40430.8313250534,5.129,31.0,17,Animals,pump,,0.25194565,40430.8313250534,17,177,18.4607108209438,28.9767490252436,0.0,13310.01663358081,32438.12110051871,2.437121003942115,17882.042000199264,1.8140054195240813,early_low_mc,1,1
019ed3aa-daaa-7588-99ee-e844cfe7dcd7,cbAhbADA5yxN4gbECXfhomvr4nEFpBFyFCenqNepump,HAM,Hero Archetype Meme,newSignal,2026-06-17 03:40:50.218000+00:00,17231.050855446167,13983.404962812927,12788.206541839556,56760.16147257354,6.1434,118.0,93,Meme,pump,,0.28660098333333334,56760.16147257354,93,95,24.7542903984586,26.0007883276692,0.0,13983.404962812927,60196.839112749236,4.304877050534903,17231.050855446167,3.4935094567214398,early_low_mc,1,1
019ecc50-28c4-7d2f-b442-3af3aa7fc920,ctKpkKoiywGGVUgqQ4exW4MRNd6s2KFzm2TCu7Lpump,THOMAS,Human Thomas,newSignal,,15169.300579623803,14350.391883323486,8969.445349285143,95079.89464017304,6.127,,0,Others,pumpamm,pump,767.7127504666666,95079.89464017304,31,152,21.4977353610141,5.1062178817498,7.2301468e-06,14350.391883323486,27527.42769545389,1.918235259306289,15169.300579623803,1.8146800869929474,ray_migrated,5,1
019ee00b-dc97-7695-8c4c-e523d1cd9e90,gAYuqKUgzEz11eQbpH3125GUc8Lvc21W4P31pXKpump,YOU,Your next opponent is,newSignal,2026-06-19 13:22:14.295000+00:00,17922.015948682612,12287.731296224347,12566.313562699086,22353.55094083248,7.9213,35.0,17,Meme,pump,,2.0414923833333334,22353.55094083248,17,96,27.776039677776478,9.334094504809368,0.0,12287.731296224347,24227.667783203273,1.9716957670329032,17922.015948682612,1.3518383117488615,early_low_mc,1,1
019ee0ef-d7bd-787a-9912-7307cab7d4f7,gJatUS5aQZ1whmuVLQzhReovStquUR91SXALV6Tpump,Shadow,Only UP Dog,newSignal,2026-06-19 17:31:15.261000+00:00,14002.373443214356,13018.4604391512,11149.81409869095,37905.86712237346,5.5962,158.0,101,Dogs,,,0.4042888833333333,37905.86712237346,101,126,26.2200611515886,44.1399588555196,0.001061174468,13018.4604391512,17625.50147620333,1.3538852430812094,14002.373443214356,1.2587509930143141,early_low_mc,1,1
019ee095-3b12-7691-81c0-f598365706bc,gLK8xzV1FbccRw9CkqZngTqCwUezWvDSkKUCijbpump,BALLSACK,Ballsack Coin,newSignal,2026-06-19 15:52:16.914000+00:00,14603.648103817,12727.582291595701,11412.115406914683,34441.67743576586,3.2422,39.0,29,Meme,pump,,0.9914355,34441.67743576586,29,145,20.4988922289541,22.9355658742905,0.1833393425119,12727.582291595701,13988.027177144217,1.099032546533273,14603.648103817,0.9578447164505507,early_low_mc,1,1
019ed2e7-b38b-7f2a-9be9-72d53a62149b,hQrnw6SscDqSoDxH4fquStmsTFucTd1GoKNTaGqpump,JarJar,JarJarBinks,newSignal,2026-06-17 00:07:40.683000+00:00,22589.051895886707,21616.889564655263,14624.510193924641,35176.11635106432,9.5628,24.0,15,Meme,pump,,0.1560155166666667,35176.11635106432,15,244,9.895154211948103,,1e-13,21616.889564655263,21616.889564655263,1.0,22589.051895886707,0.9569631193149604,early_low_mc,1,1
019ed83d-f708-7446-899c-466cd5b819ee,hUTHZAtjZ23QqBs9seaxR9ToQ9v744T2FmVMRCcpump,PACKS,Pump Packs,newSignal,2026-06-18 01:00:00.136000+00:00,16586.110432863195,15129.348050217513,12415.011372938852,25313.25173678325,5.2249,98.0,73,Meme,pump,,0.5295034,25313.25173678325,73,141,21.2912547729851,21.9823127840545,1.8753484837792,15129.348050217513,22244.364413422776,1.4702791118023735,16586.110432863195,1.341144115943452,early_low_mc,1,1
019ed6cc-f89b-731a-b260-e3fbbcae906e,iaGJA8Yg2KS4Cf9JirGzXXn6pPBfVoDrSrFHXkspump,HAWK,The Hawk,newSignal,2026-06-17 18:16:57.755000+00:00,18423.99647014858,13479.198763726592,13176.047202408636,11379.29717259776,7.1188,55.0,36,Animals,pump,,0.2258424,11379.29717259776,36,75,26.1760496465101,22.6840786592763,0.8946084486166,13479.198763726592,18994.681198468166,1.4091847394953547,18423.99647014858,1.0309750780317526,early_low_mc,1,1
019ed4b8-69cf-7a6e-b288-207dfd850be8,m5HoubAkSxBn5P2ccdv8Pbn5e99dUdLSwcspUwXpump,CHUD,CHUD,newSignal,2026-06-17 08:35:16.047000+00:00,15864.3956981173,12938.181169967005,12174.493117050033,34323.08562152892,3.6933,121.0,96,Others,pump,,0.17120596666666668,34323.08562152892,96,138,21.8953438748678,33.6203908552221,2.9059227831136,12938.181169967005,47188.00993167187,3.6471903826179153,15864.3956981173,2.974459968700345,early_low_mc,1,1
019ed4f3-14f2-7a7b-a238-25fee883d522,mHbBQMh3ExWvFz8NUp7iPHe3Gs3SvUxdcrHRtbSpump,CCM,Collectible Capital Markets,newSignal,2026-06-17 09:39:20.946000+00:00,13088.032103656538,13067.139856134263,11048.083785301365,30179.29003832288,7.3978,92.0,74,Others,,,1.9884325833333334,30179.29003832288,74,142,22.529321779878,25.2682587031599,0.0,13067.139856134263,73110.1294087589,5.594960351973117,13088.032103656538,5.586029192909251,early_low_mc,1,1
019edc96-a548-78d0-8975-c0e594120f51,n6LWdEBYbnuYyPLTnRUAgwZ5rV2V4mNphnKhEvkGR2h,TAY,RIP Tay Keith,newSignal,2026-06-18 21:15:20.776000+00:00,16528.34930255127,15329.038844060382,12178.750358505738,16588.77146147145,5.3007,74.0,57,Celebrities,pump,,0.17826446666666668,16588.77146147145,57,103,32.4135578609666,48.6190018760554,0.0,15329.038844060382,15329.038844060382,1.0,16528.34930255127,0.9274391872692475,early_low_mc,1,1
019ed55f-3a27-7c84-beed-949be6657b18,oLQXV7Z2RY9GsRsM6Gp9Y7dT7Fd24QhD6JZtY94BAGS,Elon,Speedrun to an Elon,newSignalRay,2026-06-17 11:37:28.359000+00:00,761920.4264640011,376044.98915122956,11641.730080309404,32587.5497560214,12.3961,60.0,26,Elon,meteora,dbc,0.23894163333333335,32587.5497560214,26,120,1.0584311136383795,,0.5589258600103234,376044.98915122956,376044.98915122956,1.0,761920.4264640011,0.493548901026867,ray_migrated,5,1
019edc1c-6f08-7cbf-a005-7fdaa9ff3564,ooMnSRKs3d8zrw39MAFHij7JP8skRFA3dihionMpump,Clitcoin,Clitcoin,newSignal,2026-06-18 19:01:51.496000+00:00,18921.084970166343,14478.82138698843,12923.19160229189,43735.81453332488,8.5538,88.0,57,Meme,pump,,1.3875413833333332,43735.81453332488,57,188,21.5734422680925,13.6252535002934,0.0,14478.82138698843,16638.781353697013,1.1491806486852347,18921.084970166343,0.8793777618953706,early_low_mc,1,1
019edde0-5daf-78e3-a032-a4cd1c3d5e1c,pQ7VeXJGCE8LEBLUUoLGFqiLNJJfJH6Pj2vRPj8pump,GWF,Gamble With Friends,newSignal,2026-06-19 03:15:29.327000+00:00,20579.730961379464,12900.50296225485,13567.78712292551,18630.6633616494,9.3978,61.0,48,Gambling,pump,,0.32861799999999997,18630.6633616494,48,87,25.8335781478334,32.0697565876553,5.5225715574751,12900.50296225485,27155.013902503113,2.1049577665270154,20579.730961379464,1.3195028619889648,early_low_mc,1,1
019ed29c-de1a-721c-95c7-ba3c8356e390,qZqCSzKHrQiUgp34H3NSeCrJAFPzaG9mCyWgB9upump,MUTUMBO,MUTUMBO,newSignal,2026-06-16 22:45:56.378000+00:00,19513.806721512232,18075.564211376062,13613.648065550356,33585.09406060788,7.4373,51.0,34,Others,pump,,0.46907435,33585.09406060788,34,98,27.585055858761812,17.887527008650522,0.0,18075.564211376062,18075.564211376062,1.0,19513.806721512232,0.926296158885768,early_low_mc,1,1
019edcfc-e736-7310-b63f-e1fc00b8c33f,qvm1XFQAUMYg3UzhoNt9AxAhrbvph93jnYDguMNg9Yc,VOYAGER,the sprite voyager,newSignal,2026-06-18 23:07:02.326000+00:00,17289.60349814131,13699.395704674103,12433.343240046173,24897.99715680987,6.102,98.0,79,Others,pump,,0.37544991666666666,24897.99715680987,79,118,25.619645377073407,20.491857909447248,0.0,13699.395704674103,96682.7288412028,7.057444789934462,17289.60349814131,5.591957551345612,early_low_mc,1,1
019ed67b-c79a-7587-8715-b01cb2a8ef57,qyTCUucHzAs9ZLou5BG4aFwFNGHDGdWUZsgnqZwpump,SON,Son😭🥀,newSignal,2026-06-17 16:48:16.794000+00:00,12904.46460344249,13646.200743022562,11094.06954184551,24556.11079838619,5.4208,79.0,60,Others,,,2.841820033333333,24556.11079838619,60,67,33.7048948902331,40.3695278545728,0.0,13646.200743022562,13646.200743022562,1.0,12904.46460344249,1.0574790324413925,early_low_mc,1,1
019edd29-9c14-7330-9168-5b037657e4a4,sBRr1CwcRYW2cE9WFNEhHRam5TVWq2pb8YgMHAFpump,GRIND,Grindscape,newSignal,2026-06-18 23:55:52.212000+00:00,20216.185351699412,13863.213797037304,13462.893786696679,32945.1538930432,7.8913,140.0,67,Meme,pump,,0.1782726166666667,32945.1538930432,67,97,33.3073719255154,53.901218196722,8.110111613938,13863.213797037304,40198.71700405655,2.899667969677232,20216.185351699412,1.988442245889745,early_low_mc,1,1
019ed93e-e737-774e-b831-0849c249244c,siVs14QAPvUMP4sEvvAs8uEu8RvX3uQEbQ5AsEdpump,NTC,Net Cash,newSignal,2026-06-18 05:40:38.839000+00:00,21288.616073231213,12527.35547455334,13940.79537956245,22364.20433845168,9.0202,50.0,44,Others,pump,,0.49803818333333333,22364.20433845168,44,136,21.0985231483345,41.1721605639701,4.5218635974053,12527.35547455334,42789.575182351546,3.415690986758496,21288.616073231213,2.0099744875457697,early_low_mc,1,1
019ed2f6-1804-7d8a-b76c-b674f528d1ee,tungXo9vjMeyxRcXMRvejsiAWpCBBD64VNVi8KYX4Ar,TUNGTARDIO,tungtardio,newSignal,2026-06-17 00:23:23.908000+00:00,15594.600074225184,13376.393022613005,12151.157357537668,18660.41113668252,6.2251,59.0,44,Others,pump,,0.3145404,18660.41113668252,44,91,25.6123259195478,19.038543040952,0.0,13376.393022613005,13376.393022613005,1.0,15594.600074225184,0.8577580033438343,early_low_mc,1,1
019edc80-4618-730f-adbe-95d8db9d5e6f,wF4Cdd3h7TYtyKdHN2KD5xmxPasmuMEcLAyqHWVpump,SPDR,Spider Robotics,newSignal,2026-06-18 20:50:54.616000+00:00,21814.64007527414,12697.410815848218,13997.10161768531,15328.60204422075,8.1155,88.0,74,Others,pump,,0.22256928333333334,15328.60204422075,74,94,23.0575371890219,44.4266911394029,7.538422366699,12697.410815848218,211870.72280428448,16.686135927793952,21814.64007527414,9.7123180613202,early_low_mc,1,1
019eda3e-2bce-7eba-9b46-3fe160b4dfb0,xYv6TnoTKyXVWpZzmgBBRCxgb7fj6BXXbXdwQzJpump,Inugami,The Megashiba,newSignal,2026-06-18 10:19:28.078000+00:00,15617.033068691095,14161.497018033642,11977.229719595587,71027.463267492,6.2342,20.0,16,Dogs,pump,,0.5216269166666667,71027.463267492,16,102,26.40405124252299,16.294490867723734,0.0,14161.497018033642,14161.497018033642,1.0,15617.033068691095,0.906798170673308,early_low_mc,1,1
