formation_type,conditions,features,tokens,failed,survived,failure_pct,survival_pct,baseline_failure_pct,failure_lift_over_baseline,ci95_low_pct,ci95_high_pct,median_first_vlak_mc,median_age_minutes,earliness_score,avoid_score,avg_post_vlak_multiple,median_post_vlak_multiple
2-way,age_minutes <= 0.2573 AND dev_hold_percent <= 0,age_minutes + dev_hold_percent,122,106,16,86.88524590163934,13.11475409836066,75.13661202185791,1.1563636363636365,79.75482045886586,91.76365991646311,17033.626929140337,0.18314054166666666,1.5953854213450578,8.877737554155354,1.9327828785417258,1.0311647020107448
2-way,age_minutes <= 0.2573 AND market_cap <= 2.178e+04,age_minutes + market_cap,132,110,22,83.33333333333334,16.666666666666664,75.13661202185791,1.1090909090909091,76.05297055206518,88.72836300113208,16628.1319692935,0.1857564916666667,1.5921238156937496,8.635427639273459,2.1460162649954513,1.0734530567395786
3-way,age_minutes <= 0.2573 AND dev_hold_percent <= 0 AND market_cap <= 2.178e+04,age_minutes + dev_hold_percent + market_cap,99,84,15,84.84848484848484,15.151515151515149,75.13661202185791,1.1292561983471074,76.49571422359813,90.5977576788227,16528.34930255127,0.18268608333333333,1.6133745978906844,8.390220649083433,2.0680497579542254,1.06760042240938
3-way,age_minutes <= 0.2573 AND first_call_market_cap <= 1.402e+04 AND market_cap <= 2.178e+04,age_minutes + first_call_market_cap + market_cap,78,68,10,87.17948717948718,12.82051282051282,75.13661202185791,1.1602797202797204,77.98385083935379,92.88475388000654,16232.0666516778,0.18332074166666668,1.6189617775601692,8.207782844741118,2.3171060353307453,1.0351327940747612
2-way,age_minutes <= 0.2573 AND holders <= 118,age_minutes + holders,112,95,17,84.82142857142857,15.17857142857143,75.13661202185791,1.128896103896104,77.031213348588,90.30211077676938,17227.85692192182,0.1923361,1.5373508900151083,8.20442613892256,1.8020292037299082,1.0665088457615455
2-way,age_minutes <= 0.2573 AND first_call_market_cap <= 1.402e+04,age_minutes + first_call_market_cap,89,76,13,85.39325842696628,14.60674157303371,75.13661202185791,1.1365066394279877,76.59688971390855,91.26062243581742,16544.364870527286,0.18877705,1.5774214445024328,8.067033538334037,2.293012641572664,1.042310778093231
3-way,age_minutes <= 0.2573 AND first_call_market_cap <= 1.402e+04 AND dev_hold_percent <= 0,age_minutes + first_call_market_cap + dev_hold_percent,65,58,7,89.23076923076924,10.769230769230765,75.13661202185791,1.1875804195804198,79.3984669685314,94.68464556807439,16394.126844396884,0.18300148333333333,1.6156932021000943,8.038965440390495,2.12544229999682,1.0309750780317526
3-way,age_minutes <= 0.2573 AND dev_hold_percent <= 0 AND count_buy <= 59,age_minutes + dev_hold_percent + count_buy,76,65,11,85.52631578947368,14.473684210526317,75.13661202185791,1.1382775119617226,75.91234649192224,91.72156866007872,16675.457694438715,0.1807762,1.6204449340913516,8.012218722464254,1.5750698484830825,1.0715402856778575
3-way,age_minutes <= 0.2573 AND avg_buy_size_sol >= 1.444 AND dev_hold_percent <= 0,age_minutes + avg_buy_size_sol + dev_hold_percent,64,57,7,89.0625,10.9375,75.13661202185791,1.1853409090909093,79.10113670806147,94.59995524731696,17110.417215496036,0.18095095,1.6064085043428655,7.948624943142736,1.5847592199562677,1.0366429280624918
2-way,age_minutes <= 0.2573 AND count_buy <= 59,age_minutes + count_buy,131,105,26,80.1526717557252,19.84732824427481,75.13661202185791,1.0667591950034698,72.50688807373157,86.08037283091505,17691.149067488142,0.19528256666666666,1.5086759642280012,7.858351908029043,2.00946650885948,1.0999950478984801
3-way,age_minutes <= 0.2573 AND holders <= 118 AND dev_hold_percent <= 0,age_minutes + holders + dev_hold_percent,73,64,9,87.67123287671232,12.328767123287676,75.13661202185791,1.1668244084682442,78.19948926528207,93.37632383595475,16672.61150969675,0.19235425,1.5536915511807834,7.802776015547786,1.638496852886008,1.008104201918644
3-way,age_minutes <= 0.2573 AND holders <= 118 AND market_cap <= 2.178e+04,age_minutes + holders + market_cap,88,74,14,84.0909090909091,15.909090909090907,75.13661202185791,1.1191735537190084,75.04968606350918,90.2801862383671,16500.2786133505,0.19404773333333333,1.5499109086668987,7.7860752758265015,1.8518358680238203,1.0734530567395786
2-way,age_minutes <= 0.2573 AND vol_24h <= 2.739e+04,age_minutes + vol_24h,102,85,17,83.33333333333334,16.666666666666664,75.13661202185791,1.1090909090909091,74.9210784258427,89.32587173364092,17416.09947777736,0.19589871666666667,1.5130343189464828,7.7775044565574625,1.8643961076038305,1.0734530567395786
3-way,age_minutes <= 0.2573 AND holders <= 118 AND count_buy <= 59,age_minutes + holders + count_buy,87,72,15,82.75862068965517,17.24137931034483,75.13661202185791,1.1014420062695924,73.48278122915765,89.26380183410852,17127.84482122832,0.19235425,1.5401347635124951,7.595215929152135,1.8886942171468615,1.075480148946335
3-way,age_minutes <= 0.2573 AND holders <= 118 AND vol_24h <= 2.739e+04,age_minutes + holders + vol_24h,81,69,12,85.18518518518519,14.814814814814813,75.13661202185791,1.133737373737374,75.86664574880994,91.31737718333655,17155.589467559617,0.19605621666666667,1.5196258582104838,7.5921454697190205,1.9239223745953695,1.075480148946335
3-way,age_minutes <= 0.2573 AND market_cap <= 2.178e+04 AND count_buy <= 59,age_minutes + market_cap + count_buy,95,77,18,81.05263157894737,18.947368421052634,75.13661202185791,1.0787368421052632,72.02621940964428,87.66524653182165,16423.187668863204,0.19605621666666667,1.5417321252541718,7.591073571710536,1.925158788439292,1.0999950478984801
2-way,age_minutes <= 0.2573 AND avg_buy_size_sol >= 1.444,age_minutes + avg_buy_size_sol,102,82,20,80.3921568627451,19.6078431372549,75.13661202185791,1.0699465240641712,71.64507018692818,86.93303142907158,18718.797853566597,0.19088578333333334,1.5059639331151593,7.467942876915039,1.9048155980344168,1.0715402856778575
3-way,age_minutes <= 0.2573 AND market_cap <= 2.178e+04 AND vol_24h <= 2.739e+04,age_minutes + market_cap + vol_24h,79,66,13,83.54430379746836,16.455696202531644,75.13661202185791,1.1118987341772153,73.85413250068677,90.12338604072237,16749.831395872017,0.19693713333333335,1.527054036420658,7.440372074206965,1.9063331934915457,1.075480148946335
3-way,age_minutes <= 0.2573 AND avg_buy_size_sol >= 1.444 AND market_cap <= 2.178e+04,age_minutes + avg_buy_size_sol + market_cap,63,52,11,82.53968253968253,17.460317460317466,75.13661202185791,1.0985281385281385,71.37834026557441,89.96070607682313,16544.364870527286,0.18154251666666665,1.6197984146736393,7.400292176089402,1.74690038311768,1.107493637107322
3-way,age_minutes <= 0.2573 AND dev_hold_percent <= 0 AND vol_24h <= 2.739e+04,age_minutes + dev_hold_percent + vol_24h,66,57,9,86.36363636363636,13.636363636363635,75.13661202185791,1.149421487603306,76.07018517959348,92.65676265665311,16950.390795832533,0.1964268,1.523695032179942,7.363963306825014,1.7205524038847975,1.0588954635197831
3-way,age_minutes <= 0.2573 AND chg_1h <= 5.576 AND dev_hold_percent <= 0,age_minutes + chg_1h + dev_hold_percent,27,25,2,92.5925925925926,7.4074074074074066,75.13661202185791,1.2323232323232325,76.63002270926938,97.94457783026164,16019.24917936483,0.16268905,1.7647930445144566,7.246863270502445,1.2299806230261239,1.0055875582502953
3-way,age_minutes <= 0.2573 AND first_call_market_cap <= 1.402e+04 AND vol_24h <= 2.739e+04,age_minutes + first_call_market_cap + vol_24h,49,43,6,87.75510204081633,12.244897959183676,75.13661202185791,1.1679406307977738,75.75533759811903,94.26525224019016,16544.364870527286,0.1887165,1.5777626389903663,7.208814248108832,1.8636444862768684,1.008104201918644
3-way,age_minutes <= 0.2573 AND first_call_market_cap <= 1.402e+04 AND count_buy <= 59,age_minutes + first_call_market_cap + count_buy,60,51,9,85.0,15.000000000000002,75.13661202185791,1.1312727272727274,73.88517410884039,91.90265075770431,16280.900861982369,0.19628494166666666,1.545064390185769,7.185352056460907,1.8310366622117047,1.0676861468345562
3-way,age_minutes <= 0.2573 AND count_buy <= 59 AND vol_24h <= 2.739e+04,age_minutes + count_buy + vol_24h,72,59,13,81.94444444444444,18.055555555555557,75.13661202185791,1.0906060606060606,71.51944298987885,89.13328585550414,17349.979850820542,0.19823605833333333,1.5028127149344874,7.031962862680483,1.965280490071576,1.1132113363234624
3-way,age_minutes <= 0.2573 AND first_call_market_cap <= 1.402e+04 AND holders <= 118,age_minutes + first_call_market_cap + holders,48,41,7,85.41666666666666,14.583333333333337,75.13661202185791,1.136818181818182,72.83255295714139,92.75184258620602,16077.55360072904,0.190535375,1.582532524831246,7.001586108454007,1.9701401729934414,1.0406110201265082
3-way,age_minutes <= 0.2573 AND first_call_market_cap <= 1.402e+04 AND avg_buy_size_sol >= 1.444,age_minutes + first_call_market_cap + avg_buy_size_sol,46,41,5,89.13043478260869,10.869565217391308,75.13661202185791,1.1862450592885376,76.96189698736853,95.2669239172573,16824.854157134356,0.19607474166666666,1.5292734654825204,6.984526170252036,1.284780236493994,1.0366429280624918
2-way,age_minutes <= 0.2573 AND top10_percent >= 27.13,age_minutes + top10_percent,50,44,6,88.0,12.0,75.13661202185791,1.1712,76.19492111337642,94.38247628937535,18400.504243899333,0.194173825,1.496014410774302,6.889077815801284,1.6842562125002203,1.050425584252066
3-way,age_minutes <= 0.2573 AND chg_24h <= 5.732 AND dev_hold_percent <= 0,age_minutes + chg_24h + dev_hold_percent,28,25,3,89.28571428571429,10.71428571428571,75.13661202185791,1.1883116883116884,72.80377463234292,96.28823079452006,15697.676375523628,0.1721883416666667,1.7075948983293112,6.832765091054777,1.2773111081448305,1.0942727878331318
3-way,age_minutes <= 0.2573 AND holders <= 118 AND avg_buy_size_sol >= 1.444,age_minutes + holders + avg_buy_size_sol,57,47,10,82.45614035087719,17.543859649122805,75.13661202185791,1.0974162679425838,70.63240094940684,90.1812528664034,18297.527076811915,0.1891909,1.5258449989200469,6.799159539601049,1.720281330658973,1.0656746844467184
3-way,age_minutes <= 0.2573 AND avg_buy_size_sol >= 1.444 AND count_buy <= 59,age_minutes + avg_buy_size_sol + count_buy,81,63,18,77.77777777777779,22.22222222222222,75.13661202185791,1.0351515151515152,67.58450977587792,85.45550832844826,18423.99647014858,0.19574121666666666,1.4871466094040289,6.783800847804231,2.0212057882528605,1.0885505277677832
3-way,age_minutes <= 0.2573 AND top10_percent >= 27.13 AND holders <= 118,age_minutes + top10_percent + holders,39,35,4,89.74358974358975,10.256410256410254,75.13661202185791,1.1944055944055945,76.42084129775517,95.93873444171301,17429.09680085294,0.19260643333333333,1.5301864631281592,6.742029493281699,1.676951574328357,0.9725173243871325
2-way,holders <= 118 AND market_cap <= 2.178e+04,holders + market_cap,290,230,60,79.3103448275862,20.68965517241379,75.13661202185791,1.055548589341693,74.2796195467601,83.57468018479595,16201.980035819837,0.3486888,1.1005980356040723,6.590896525996544,1.9697663675289026,1.1011767072354866
3-way,age_minutes <= 0.2573 AND chg_1h <= 5.576 AND market_cap <= 2.178e+04,age_minutes + chg_1h + market_cap,29,25,4,86.20689655172413,13.793103448275868,75.13661202185791,1.1473354231974922,69.44064228730068,94.50264914795217,15640.030907881288,0.17826446666666668,1.66985372020265,6.516293946500987,1.6561631843594993,1.107493637107322
2-way,holders <= 118 AND dev_hold_percent <= 0,holders + dev_hold_percent,229,185,44,80.78602620087337,19.213973799126638,75.13661202185791,1.0751885668916237,75.19206229649711,85.364126975523,16286.026337773177,0.34295986666666667,1.1075063083706727,6.475545858720962,2.11559154302449,1.0515250824117008
2-way,holders <= 118 AND count_buy <= 59,holders + count_buy,305,239,66,78.36065573770492,21.63934426229508,75.13661202185791,1.042909090909091,73.40174954308449,82.6140203531989,16678.303879180676,0.3530257333333333,1.0785349952979275,6.437968375043513,2.632821461189298,1.1083167039620911
2-way,age_minutes <= 0.2573 AND chg_24h <= 5.732,age_minutes + chg_24h,44,35,9,79.54545454545455,20.45454545454546,75.13661202185791,1.0586776859504132,65.49913631816676,88.8468721765324,15941.822438741065,0.18978145833333332,1.5912214684270862,6.412668083763168,1.713151432065973,1.103744342502901
3-way,age_minutes <= 0.2573 AND top10_percent >= 27.13 AND count_buy <= 59,age_minutes + top10_percent + count_buy,37,33,4,89.1891891891892,10.81081081081081,75.13661202185791,1.1870270270270271,75.29115358483284,95.71487947949373,17429.09680085294,0.2024995,1.4792670817401072,6.387346688062883,1.7453838428208517,1.0714259645328224
2-way,age_minutes <= 0.2573 AND chg_1h <= 5.576,age_minutes + chg_1h,42,34,8,80.95238095238095,19.047619047619047,75.13661202185791,1.0774025974025976,66.69893264500357,90.01811039014356,16475.768485707238,0.18978145833333332,1.5739335447033667,6.378093043696911,1.6829191222042243,1.0980220824375526
3-way,age_minutes <= 0.2573 AND total_buy >= 119.5 AND dev_hold_percent <= 0,age_minutes + total_buy + dev_hold_percent,24,23,1,95.83333333333334,4.1666666666666625,75.13661202185791,1.2754545454545456,79.75777375115779,99.26067346451948,19199.795128943682,0.18152273333333332,1.5488274877444905,6.358757409218639,1.0611036104171963,0.9223201539777661
3-way,age_minutes <= 0.2573 AND chg_24h <= 5.732 AND market_cap <= 2.178e+04,age_minutes + chg_24h + market_cap,33,27,6,81.81818181818183,18.181818181818176,75.13661202185791,1.0889256198347108,65.61143295070478,91.38934877430174,15477.249769140277,0.18154251666666665,1.6552386409166397,6.35602421747923,1.7588362877766643,1.107493637107322
3-way,age_minutes <= 0.2573 AND chg_24h <= 5.732 AND chg_1h <= 5.576,age_minutes + chg_24h + chg_1h,39,32,7,82.05128205128204,17.948717948717952,75.13661202185791,1.092027972027972,67.33164837555724,91.02284818853,16314.474664274676,0.19078341666666668,1.5734813422395089,6.338548590705777,1.6430155993839048,1.0885505277677832
2-way,holders <= 118 AND vol_24h <= 2.739e+04,holders + vol_24h,266,207,59,77.81954887218046,22.180451127819545,75.13661202185791,1.0357074504442927,72.45055986584299,82.39643185077892,16832.5075983215,0.3416283333333333,1.0928349494714416,6.323968176866304,2.4508488458446616,1.107330401114461
3-way,age_minutes <= 0.2573 AND chg_24h <= 5.732 AND holders <= 118,age_minutes + chg_24h + holders,34,28,6,82.35294117647058,17.647058823529417,75.13661202185791,1.0960427807486632,66.48593225994784,91.65114439643031,15697.676375523628,0.18620975,1.6198074543842544,6.31208767849824,1.531855697957695,1.0942727878331318
2-way,age_minutes <= 0.2573 AND total_buy >= 119.5,age_minutes + total_buy,27,25,2,92.5925925925926,7.4074074074074066,75.13661202185791,1.2323232323232325,76.63002270926938,97.94457783026164,20063.379124933534,0.18035938333333332,1.536895905887797,6.311037164149828,1.23591858155179,1.0
3-way,holders <= 118 AND market_cap <= 2.178e+04 AND count_buy <= 59,holders + market_cap + count_buy,238,191,47,80.25210084033614,19.747899159663863,75.13661202185791,1.0680825057295646,74.73118721622298,84.8119186844988,16106.638129841793,0.369665525,1.0710358891024736,6.2648261985748945,1.8580912025431697,1.1134909811469824
3-way,age_minutes <= 0.2573 AND top10_percent >= 27.13 AND dev_hold_percent <= 0,age_minutes + top10_percent + dev_hold_percent,27,24,3,88.88888888888889,11.111111111111116,75.13661202185791,1.183030303030303,71.94181745602704,96.14803521050128,17429.09680085294,0.18268608333333333,1.586784017874335,6.25525954953934,1.8540721341694708,0.9517237269260378
3-way,age_minutes <= 0.2573 AND top10_percent >= 27.13 AND market_cap <= 2.178e+04,age_minutes + top10_percent + market_cap,34,29,5,85.29411764705883,14.70588235294118,75.13661202185791,1.1351871657754011,69.87161182594804,93.55065361737358,16421.411983412974,0.19589871666666667,1.5426113362049518,6.225956968502324,1.8708757607430364,1.0799882461503028
3-way,age_minutes <= 0.2573 AND holders <= 118 AND chg_1h <= 5.576,age_minutes + holders + chg_1h,29,25,4,86.20689655172413,13.793103448275868,75.13661202185791,1.1473354231974922,69.44064228730068,94.50264914795217,16019.24917936483,0.1887795,1.594257331019909,6.2212930807071585,1.4062772101941756,1.0673430070763723
3-way,age_minutes <= 0.2573 AND chg_1h <= 5.576 AND vol_24h <= 2.739e+04,age_minutes + chg_1h + vol_24h,21,19,2,90.47619047619048,9.523809523809524,75.13661202185791,1.2041558441558442,71.08541613925932,97.34817912030528,15640.030907881288,0.17826446666666668,1.66985372020265,6.215357246453839,1.3043934775724544,1.0885505277677832
3-way,age_minutes <= 0.2573 AND top10_percent >= 27.13 AND vol_24h <= 2.739e+04,age_minutes + top10_percent + vol_24h,37,32,5,86.48648648648648,13.513513513513509,75.13661202185791,1.1510565110565112,72.02227252929444,94.08679273749237,18359.425857852944,0.19693713333333335,1.4825421454909744,6.207503639938029,1.7920903357801627,1.0714259645328224
3-way,holders <= 118 AND market_cap <= 2.178e+04 AND vol_24h <= 2.739e+04,holders + market_cap + vol_24h,216,170,46,78.70370370370371,21.29629629629629,75.13661202185791,1.0474747474747477,72.7670176065112,83.63722981526887,16249.91219561176,0.3486888,1.0990498001887836,6.193482616735623,2.144399187633116,1.107330401114461
3-way,age_minutes <= 0.2573 AND avg_buy_size_sol >= 1.444 AND vol_24h <= 2.739e+04,age_minutes + avg_buy_size_sol + vol_24h,46,37,9,80.43478260869566,19.565217391304344,75.13661202185791,1.070513833992095,66.8284622588308,89.3495095558782,18328.47646733243,0.19336468333333334,1.5021568206006723,6.19134403582994,1.8389870280091667,1.0705774166965267
3-way,holders <= 118 AND dev_hold_percent <= 0 AND market_cap <= 2.178e+04,holders + dev_hold_percent + market_cap,209,170,39,81.3397129186603,18.66028708133971,75.13661202185791,1.082557633753806,75.50952721133447,86.03859120160737,16120.907057782164,0.3725061833333333,1.0664273823702564,6.173070437995326,1.80194770323961,1.0541257167248999
3-way,age_minutes <= 0.2573 AND chg_24h <= 5.732 AND vol_24h <= 2.739e+04,age_minutes + chg_24h + vol_24h,26,22,4,84.61538461538461,15.384615384615385,75.13661202185791,1.1261538461538463,66.46841558168643,93.85006600107052,15558.640338510782,0.17990349166666667,1.6624385960134849,6.170339282673102,1.4882045255366185,1.103744342502901
2-way,market_cap <= 2.178e+04 AND vol_24h <= 2.739e+04,market_cap + vol_24h,302,230,72,76.15894039735099,23.841059602649008,75.13661202185791,1.0136062612883805,71.04344059930592,80.61728835319761,16206.179160929478,0.37607128333333334,1.0585429702977112,6.1305255162120655,2.10987482269567,1.122871755364459
3-way,holders <= 118 AND dev_hold_percent <= 0 AND vol_24h <= 2.739e+04,holders + dev_hold_percent + vol_24h,165,134,31,81.21212121212122,18.787878787878785,75.13661202185791,1.0808595041322315,74.56727920165993,86.43664400210027,16350.246824096246,0.3424968666666667,1.1062465957702279,6.112389213792293,2.355820362006399,1.0574790324413925
3-way,holders <= 118 AND count_buy <= 59 AND vol_24h <= 2.739e+04,holders + count_buy + vol_24h,224,176,48,78.57142857142857,21.42857142857143,75.13661202185791,1.0457142857142858,72.7399039346748,83.43947682810075,16726.326303399805,0.35273994166666667,1.0775317821653712,6.10280981906072,2.3723004844524382,1.1259496904305724
2-way,avg_buy_size_sol >= 1.444 AND market_cap <= 2.178e+04,avg_buy_size_sol + market_cap,223,178,45,79.82062780269058,20.17937219730942,75.13661202185791,1.0623399918467182,74.06841853383975,84.56280254730234,16246.23345377686,0.3737496833333333,1.0605649984570422,6.097196684623603,1.8829046614538396,1.1600261584352216
2-way,dev_hold_percent <= 0 AND market_cap <= 2.178e+04,dev_hold_percent + market_cap,394,305,89,77.41116751269035,22.58883248730964,75.13661202185791,1.0302722658052608,73.0288384800965,81.2641263581708,16079.844723416498,0.4441711833333334,0.9808243709669561,6.041760606699202,1.9900680884257806,1.1359946768859466
2-way,avg_buy_size_sol >= 1.444 AND dev_hold_percent <= 0,avg_buy_size_sol + dev_hold_percent,211,173,38,81.99052132701422,18.00947867298578,75.13661202185791,1.0912193020249894,76.24833824621899,86.58865421706558,16923.746415744692,0.38248526666666666,1.0273423837246365,6.00503231983919,1.9520405890425165,1.1197055399435298
2-way,dev_hold_percent <= 0 AND vol_24h <= 2.739e+04,dev_hold_percent + vol_24h,226,175,51,77.43362831858407,22.56637168141593,75.13661202185791,1.0305711987127917,71.55140734477318,82.39879140079768,16361.312205605689,0.3627302,1.0732003796752492,6.0000457233091335,2.2648720113725265,1.1044787070123325
2-way,market_cap <= 2.178e+04 AND count_buy <= 59,market_cap + count_buy,418,324,94,77.51196172248804,22.488038277511958,75.13661202185791,1.0316137451065681,73.26934411564454,81.2534909959234,16021.232501603638,0.46421144166666667,0.9632479843899406,5.999831491706203,1.8690407415699857,1.1512103411408012
3-way,holders <= 118 AND dev_hold_percent <= 0 AND count_buy <= 59,holders + dev_hold_percent + count_buy,178,147,31,82.58426966292134,17.41573033707865,75.13661202185791,1.0991215526046987,76.34082458592336,87.4509590323466,16173.075346766513,0.38208654166666667,1.0512133675841815,5.993564015152149,2.1362542696142386,1.0528253995683003
2-way,count_buy <= 59 AND vol_24h <= 2.739e+04,count_buy + vol_24h,294,222,72,75.51020408163265,24.489795918367353,75.13661202185791,1.0049721706864565,70.28628834053393,80.07605191012279,16570.12814952227,0.377893925,1.0444427910493572,5.969253717531741,2.3214829933360113,1.1496562200085356
3-way,age_minutes <= 0.2573 AND chg_24h <= 5.732 AND count_buy <= 59,age_minutes + chg_24h + count_buy,36,28,8,77.77777777777779,22.22222222222222,75.13661202185791,1.0351515151515152,61.91498017214091,88.2838070251604,15895.43705465725,0.18978145833333332,1.5927781501496163,5.953561266509113,1.783886327985768,1.0942727878331318
2-way,top10_percent >= 27.13 AND market_cap <= 2.178e+04,top10_percent + market_cap,128,106,22,82.8125,17.1875,75.13661202185791,1.102159090909091,75.34585042802074,88.36696859116591,16197.153812824454,0.3453254916666667,1.1063616450340992,5.92598985665304,2.056906534956344,1.1259496904305724
2-way,first_call_market_cap <= 1.402e+04 AND avg_buy_size_sol >= 1.444,first_call_market_cap + avg_buy_size_sol,139,121,18,87.05035971223022,12.949640287769782,75.13661202185791,1.1585611510791367,80.45840204547372,91.64944328809858,16165.847984841266,0.3944519,1.0349782878839964,5.925452449930783,1.6390353871238383,1.0773763869130704
3-way,age_minutes <= 0.2573 AND chg_1h <= 5.576 AND count_buy <= 59,age_minutes + chg_1h + count_buy,34,27,7,79.41176470588235,20.588235294117652,75.13661202185791,1.0568983957219251,63.20128389178602,89.65060397764867,16600.48040612401,0.18978145833333332,1.5700558756538154,5.899707370686003,1.750701409681243,1.0781611995137577
2-way,top10_percent >= 27.13 AND vol_24h <= 2.739e+04,top10_percent + vol_24h,118,94,24,79.66101694915254,20.33898305084746,75.13661202185791,1.060215716486903,71.51753531939933,85.93410681268035,16966.027172084832,0.3040650833333333,1.161451110570291,5.884958767393583,2.922216393019793,1.11388269586177
3-way,avg_buy_size_sol >= 1.444 AND dev_hold_percent <= 0 AND market_cap <= 2.178e+04,avg_buy_size_sol + dev_hold_percent + market_cap,165,136,29,82.42424242424242,17.575757575757578,75.13661202185791,1.09699173553719,75.89812245164195,87.47488514838079,16165.847984841266,0.38358585,1.04939485957696,5.884805262273002,1.704546513878208,1.1364173380661677
2-way,top10_percent >= 27.13 AND holders <= 118,top10_percent + holders,128,103,25,80.46875,19.53125,75.13661202185791,1.0709659090909092,72.75577251368665,86.40613086127239,17044.48478548622,0.31899489166666667,1.1282443719973863,5.872166047407779,2.802594111431311,1.0796519655241077
2-way,top10_percent >= 27.13 AND count_buy <= 59,top10_percent + count_buy,140,115,25,82.14285714285714,17.85714285714286,75.13661202185791,1.0932467532467534,74.96682125749768,87.60200445078142,17092.694595867557,0.3415536,1.0852730084426372,5.871561050345636,2.5027577270056054,1.1398255959754944
3-way,avg_buy_size_sol >= 1.444 AND market_cap <= 2.178e+04 AND count_buy <= 59,avg_buy_size_sol + market_cap + count_buy,184,147,37,79.8913043478261,20.108695652173914,75.13661202185791,1.0632806324110673,73.51553936415975,85.04443883023383,16170.914306535498,0.38508390000000003,1.0471941529566775,5.812663980972071,1.73035994744042,1.1611158318850683
3-way,dev_hold_percent <= 0 AND market_cap <= 2.178e+04 AND vol_24h <= 2.739e+04,dev_hold_percent + market_cap + vol_24h,204,159,45,77.94117647058823,22.058823529411764,75.13661202185791,1.0373262032085562,71.76391035347514,83.08555192934024,16182.606962433383,0.38453360833333333,1.0475601938204364,5.784310745619436,1.9898475090067624,1.1070463422797472
2-way,avg_buy_size_sol >= 1.444 AND count_buy <= 59,avg_buy_size_sol + count_buy,301,231,70,76.74418604651163,23.25581395348837,75.13661202185791,1.0213953488372094,71.65269509581499,81.16161896105915,18239.47788321752,0.38248526666666666,0.991094098998335,5.780659005218255,2.6201299785826344,1.1936535025387627
2-way,holders <= 118 AND avg_buy_size_sol >= 1.444,holders + avg_buy_size_sol,188,146,42,77.6595744680851,22.3404255319149,75.13661202185791,1.0335783365570599,71.18548769836522,83.02590336592948,17580.46692926599,0.3453364166666667,1.065030847921598,5.770077437426643,3.1483573168254413,1.1047627658470465
3-way,top10_percent >= 27.13 AND holders <= 118 AND vol_24h <= 2.739e+04,top10_percent + holders + vol_24h,103,81,22,78.64077669902912,21.359223300970875,75.13661202185791,1.0466372462488969,69.77157609952813,85.45035992539101,17031.42520046564,0.2924064833333333,1.1858496789489683,5.7644063968985515,3.0968111284635578,1.0885505277677832
2-way,dev_hold_percent <= 0 AND count_buy <= 59,dev_hold_percent + count_buy,325,254,71,78.15384615384615,21.846153846153847,75.13661202185791,1.0401566433566434,73.34678398833373,82.30310945580473,16201.65043071118,0.46458513333333334,0.956989244499313,5.760385985791172,2.0103030660072694,1.1440091901651104
2-way,age_minutes <= 0.2573 AND bundle_hold_percent >= 41.14,age_minutes + bundle_hold_percent,29,24,5,82.75862068965517,17.24137931034483,75.13661202185791,1.1014420062695924,65.45119942718489,92.40225472852006,20216.185351699412,0.18035938333333332,1.5336920950089594,5.745550558020634,1.5311046472917147,0.9274391872692475
3-way,dev_hold_percent <= 0 AND market_cap <= 2.178e+04 AND count_buy <= 59,dev_hold_percent + market_cap + count_buy,283,225,58,79.50530035335689,20.49469964664311,75.13661202185791,1.0581432701574045,74.42198694916873,83.7982990902342,15904.799049402323,0.47436085,0.9578812225868572,5.725662279351216,1.7903642432381248,1.1364173380661677
3-way,holders <= 118 AND avg_buy_size_sol >= 1.444 AND dev_hold_percent <= 0,holders + avg_buy_size_sol + dev_hold_percent,104,87,17,83.65384615384616,16.346153846153843,75.13661202185791,1.1133566433566435,75.3734656692018,89.5365505026651,16438.124823037448,0.34250779166666667,1.1034473374532252,5.717531881084241,2.2413123682514757,1.0366429280624918
3-way,market_cap <= 2.178e+04 AND count_buy <= 59 AND vol_24h <= 2.739e+04,market_cap + count_buy + vol_24h,241,185,56,76.76348547717843,23.236514522821572,75.13661202185791,1.0216522067144476,71.03667134890996,81.65045371480471,16163.894669061689,0.40726066666666666,1.0190356776692242,5.714533334625095,2.034582301165255,1.1451288360875505
3-way,first_call_market_cap <= 1.402e+04 AND avg_buy_size_sol >= 1.444 AND market_cap <= 2.178e+04,first_call_market_cap + avg_buy_size_sol + market_cap,123,108,15,87.8048780487805,12.195121951219512,75.13661202185791,1.1686031042128604,80.85114511144008,92.46864902549923,15899.354146267044,0.41906071666666667,1.013909720811651,5.711349402449597,1.634747472511835,1.06760042240938
3-way,age_minutes <= 0.2573 AND vol_1h >= 3.66e+04 AND dev_hold_percent <= 0,age_minutes + vol_1h + dev_hold_percent,20,19,1,95.0,5.000000000000004,75.13661202185791,1.2643636363636364,76.38641064874331,99.11187805671267,19314.193356389966,0.19317715833333332,1.4794847994799263,5.695104316958255,1.1207862154338815,0.9920282072813693
3-way,top10_percent >= 27.13 AND market_cap <= 2.178e+04 AND count_buy <= 59,top10_percent + market_cap + count_buy,102,85,17,83.33333333333334,16.666666666666664,75.13661202185791,1.1090909090909091,74.9210784258427,89.32587173364092,16182.606962433383,0.3453254916666667,1.1068336112259258,5.6894964219788555,1.8151217895999525,1.1303633904892485
3-way,top10_percent >= 27.13 AND holders <= 118 AND market_cap <= 2.178e+04,top10_percent + holders + market_cap,99,81,18,81.81818181818183,18.181818181818176,75.13661202185791,1.0889256198347108,73.08102684012943,88.1782301142548,16264.592186113849,0.33068705,1.1299179931742027,5.666185974491418,2.165216840030909,1.107493637107322
3-way,top10_percent >= 27.13 AND count_buy <= 59 AND vol_24h <= 2.739e+04,top10_percent + count_buy + vol_24h,96,77,19,80.20833333333334,19.791666666666664,75.13661202185791,1.0675000000000001,71.14464935801418,86.94736839811154,16619.880566711785,0.31043676666666664,1.1583399550555136,5.656757768604705,2.8601892337827977,1.1259496904305724
2-way,first_call_market_cap <= 1.402e+04 AND holders <= 118,first_call_market_cap + holders,178,144,34,80.89887640449437,19.10112359550562,75.13661202185791,1.0766905005107252,74.49533180599053,85.99687679754133,15990.941228629279,0.41829485,1.0117233605320597,5.650686438616982,2.001016251088026,1.04584463435979
3-way,first_call_market_cap <= 1.402e+04 AND holders <= 118 AND market_cap <= 2.178e+04,first_call_market_cap + holders + market_cap,170,138,32,81.17647058823529,18.823529411764707,75.13661202185791,1.080385026737968,74.63590676511086,86.33914178483346,15872.054966980655,0.41829485,1.015706757564418,5.642226985287905,1.9996790375813789,1.04584463435979
3-way,top10_percent >= 27.13 AND holders <= 118 AND count_buy <= 59,top10_percent + holders + count_buy,104,84,20,80.76923076923077,19.23076923076923,75.13661202185791,1.074965034965035,72.15434846683544,87.19195203315714,16570.12814952227,0.32775647500000005,1.1257048793746214,5.631726633858185,2.7006364788651003,1.0796519655241077
3-way,avg_buy_size_sol >= 1.444 AND dev_hold_percent <= 0 AND count_buy <= 59,avg_buy_size_sol + dev_hold_percent + count_buy,161,131,30,81.36645962732919,18.633540372670808,75.13661202185791,1.0829136081309996,74.64649737409269,86.62444394169167,16472.20792414973,0.3978112166666667,1.0208968075459124,5.6245567461625345,2.055242916797173,1.1557700874723262
3-way,holders <= 118 AND avg_buy_size_sol >= 1.444 AND market_cap <= 2.178e+04,holders + avg_buy_size_sol + market_cap,128,101,27,78.90625,21.09375,75.13661202185791,1.0501704545454547,71.04917146716522,85.07878814497542,16372.720844169347,0.3453364166666667,1.100713200990824,5.617634456836038,2.036774079659498,1.1225464415401591
2-way,first_call_market_cap <= 1.402e+04 AND market_cap <= 2.178e+04,first_call_market_cap + market_cap,340,267,73,78.52941176470588,21.47058823529412,75.13661202185791,1.0451550802139038,73.858723217528,82.56260567344971,15907.231210949896,0.5215209416666666,0.919531011262767,5.604745280195287,2.1135469061486085,1.1222717166405594
3-way,first_call_market_cap <= 1.402e+04 AND avg_buy_size_sol >= 1.444 AND dev_hold_percent <= 0,first_call_market_cap + avg_buy_size_sol + dev_hold_percent,104,93,11,89.42307692307693,10.576923076923073,75.13661202185791,1.1901398601398603,82.04672014603477,93.99072736958074,15965.569254182305,0.41902280833333333,1.0117347482496764,5.603860891579129,1.366047022042358,1.0724884046612253
3-way,top10_percent >= 27.13 AND holders <= 118 AND dev_hold_percent <= 0,top10_percent + holders + dev_hold_percent,70,59,11,84.28571428571429,15.714285714285714,75.13661202185791,1.1217662337662337,74.01153685651781,90.99247172401132,16542.03331876269,0.30606420833333337,1.1699863517878741,5.594559249090941,2.755470635624871,1.001876323452064
3-way,first_call_market_cap <= 1.402e+04 AND holders <= 118 AND vol_24h <= 2.739e+04,first_call_market_cap + holders + vol_24h,135,111,24,82.22222222222221,17.777777777777782,75.13661202185791,1.0943030303030303,74.90888062732284,87.75245430399458,16117.086318406513,0.39634793333333335,1.0341352765768623,5.5594420924869805,2.1661442976909577,1.042310778093231
3-way,first_call_market_cap <= 1.402e+04 AND avg_buy_size_sol >= 1.444 AND count_buy <= 59,first_call_market_cap + avg_buy_size_sol + count_buy,115,100,15,86.95652173913044,13.043478260869568,75.13661202185791,1.1573122529644269,79.59008950874154,91.93368667737509,16023.215823842444,0.4189849,1.009861771889798,5.555641608985552,1.4105410384833301,1.06760042240938
3-way,holders <= 118 AND avg_buy_size_sol >= 1.444 AND count_buy <= 59,holders + avg_buy_size_sol + count_buy,164,127,37,77.4390243902439,22.560975609756095,75.13661202185791,1.0306430155210644,70.4562722885464,83.16571415581544,17566.313554659653,0.35144614999999996,1.0553148531684837,5.553496313054402,3.1842495171459886,1.1088443453932897
2-way,first_call_market_cap <= 1.402e+04 AND dev_hold_percent <= 0,first_call_market_cap + dev_hold_percent,276,218,58,78.98550724637681,21.014492753623195,75.13661202185791,1.0512252964426878,73.7975874603118,83.37761451108913,15981.132689451959,0.49605469166666666,0.9368199083433478,5.538581851933003,2.0186141286221178,1.129372215801971
2-way,top10_percent >= 27.13 AND dev_hold_percent <= 0,top10_percent + dev_hold_percent,98,82,16,83.6734693877551,16.326530612244895,75.13661202185791,1.113617810760668,75.11323869612639,89.69328437499583,16979.08675710541,0.3453254916666667,1.0821822412523932,5.537750873188841,2.5361935432896985,1.0980220824375526
2-way,avg_buy_size_sol >= 1.444 AND vol_24h <= 2.739e+04,avg_buy_size_sol + vol_24h,156,120,36,76.92307692307693,23.076923076923073,75.13661202185791,1.023776223776224,69.71230773935652,82.83971876688466,17472.496612786832,0.3453364166666667,1.0680200007103542,5.528567338167431,2.629416437033643,1.1225464415401591
2-way,first_call_market_cap <= 1.402e+04 AND vol_24h <= 2.739e+04,first_call_market_cap + vol_24h,192,152,40,79.16666666666666,20.833333333333336,75.13661202185791,1.0536363636363637,72.87790691776831,84.31116833488484,16072.802722565375,0.42972180833333334,0.9962530970035851,5.524185319773007,2.129487466989588,1.0629303948444728
2-way,first_call_market_cap <= 1.402e+04 AND count_buy <= 59,first_call_market_cap + count_buy,279,223,56,79.92831541218638,20.07168458781362,75.13661202185791,1.0637732160312807,74.83620367932393,84.20744477974291,15899.354146267044,0.5285947833333333,0.9146446823256285,5.482506682642392,1.8235247771584093,1.1083167039620911
3-way,top10_percent >= 27.13 AND market_cap <= 2.178e+04 AND vol_24h <= 2.739e+04,top10_percent + market_cap + vol_24h,92,75,17,81.52173913043478,18.478260869565222,75.13661202185791,1.0849802371541502,72.38575588369481,88.1307630391946,16190.3447162076,0.34064326666666667,1.1145728987974315,5.481225283277085,2.2214338218448555,1.0980220824375526
3-way,first_call_market_cap <= 1.402e+04 AND dev_hold_percent <= 0 AND market_cap <= 2.178e+04,first_call_market_cap + dev_hold_percent + market_cap,262,207,55,79.00763358778626,20.992366412213737,75.13661202185791,1.0515197779319918,73.67489566264533,83.50200968249254,15891.262677432169,0.5020327666666666,0.9350104085871124,5.47844119574236,2.0294337843504078,1.129372215801971
3-way,first_call_market_cap <= 1.402e+04 AND market_cap <= 2.178e+04 AND vol_24h <= 2.739e+04,first_call_market_cap + market_cap + vol_24h,184,148,36,80.43478260869566,19.565217391304344,75.13661202185791,1.070513833992095,74.10515709253353,85.51954797812174,15945.158975435821,0.4501628333333333,0.9792760964114059,5.472648358011526,2.1089900302532967,1.0558023745831462
3-way,age_minutes <= 0.2573 AND chg_24h <= 5.732 AND avg_buy_size_sol >= 1.444,age_minutes + chg_24h + avg_buy_size_sol,23,19,4,82.6086956521739,17.391304347826086,75.13661202185791,1.0994466403162055,62.86194521470434,93.02145964938722,16672.61150969675,0.19078341666666668,1.5622843496754721,5.458778693757923,1.4402422663824472,1.0673430070763723
3-way,first_call_market_cap <= 1.402e+04 AND holders <= 118 AND count_buy <= 59,first_call_market_cap + holders + count_buy,150,125,25,83.33333333333334,16.666666666666664,75.13661202185791,1.1090909090909091,76.55327510904787,88.44864894790422,15901.63103507613,0.4501628333333333,0.9807360084922861,5.45742267344452,1.7690512540547054,1.0438681423818092
3-way,first_call_market_cap <= 1.402e+04 AND holders <= 118 AND dev_hold_percent <= 0,first_call_market_cap + holders + dev_hold_percent,135,111,24,82.22222222222221,17.777777777777782,75.13661202185791,1.0943030303030303,74.90888062732284,87.75245430399458,15903.907923885215,0.41906071666666667,1.0137565706029643,5.44988753193014,1.772163962863237,1.0309750780317526
3-way,top10_percent >= 27.13 AND dev_hold_percent <= 0 AND vol_24h <= 2.739e+04,top10_percent + dev_hold_percent + vol_24h,61,52,9,85.24590163934425,14.754098360655743,75.13661202185791,1.1345454545454545,74.2765304981049,92.03892131061049,16528.34930255127,0.30965035,1.1628158814604532,5.444794149999308,2.9133774493370184,1.0522630188886746
2-way,chg_24h <= 5.732 AND holders <= 118,chg_24h + holders,107,84,23,78.50467289719626,21.495327102803742,75.13661202185791,1.0448258283772303,69.80560989198506,85.22787933949482,15742.496606596376,0.3530257333333333,1.1088452813926466,5.424484021259835,3.1340852930375602,1.1264276247484446
2-way,chg_24h <= 5.732 AND chg_1h <= 5.576,chg_24h + chg_1h,160,127,33,79.375,20.625000000000004,75.13661202185791,1.0564090909090909,72.45248445564205,84.92000214116851,15711.070224635158,0.4291335,1.0090755461374579,5.41675967646763,2.6217573124278064,1.1370206219149885
3-way,avg_buy_size_sol >= 1.444 AND count_buy <= 59 AND vol_24h <= 2.739e+04,avg_buy_size_sol + count_buy + vol_24h,137,107,30,78.1021897810219,21.897810218978098,75.13661202185791,1.0394691439946915,70.4627671229954,84.2085799789972,17324.732354303356,0.35455238333333333,1.0570612128887102,5.413980191841783,2.4837224440528622,1.1418323843816494
3-way,first_call_market_cap <= 1.402e+04 AND market_cap <= 2.178e+04 AND count_buy <= 59,first_call_market_cap + market_cap + count_buy,264,213,51,80.68181818181817,19.318181818181824,75.13661202185791,1.073801652892562,75.49320494977601,84.99030470667765,15831.951565868068,0.5602840166666667,0.8954421651709137,5.365062426144845,1.841175327561395,1.102799338516478
3-way,chg_24h <= 5.732 AND holders <= 118 AND chg_1h <= 5.576,chg_24h + holders + chg_1h,95,76,19,80.0,19.999999999999996,75.13661202185791,1.064727272727273,70.86247086247087,86.80555555555556,15979.996434439361,0.3530257333333333,1.1008166388348803,5.34973329182531,3.226817335182442,1.107493637107322
2-way,holders <= 118 AND chg_1h <= 5.576,holders + chg_1h,100,80,20,80.0,19.999999999999996,75.13661202185791,1.064727272727273,71.11690380734976,86.66340774409012,16011.727089576378,0.361172925,1.0869347827561042,5.341028701061792,3.140703622814534,1.1225464415401591
3-way,sniper_hold_percent >= 6.89 AND holders <= 118 AND market_cap <= 2.178e+04,sniper_hold_percent + holders + market_cap,27,26,1,96.29629629629629,3.703703703703709,75.13661202185791,1.2816161616161617,81.71614606584349,99.34320234669023,16004.204999787926,0.2815366166666667,1.2444044775807162,5.314362664489063,1.6390395057229654,1.1264276247484446
3-way,dev_hold_percent <= 0 AND count_buy <= 59 AND vol_24h <= 2.739e+04,dev_hold_percent + count_buy + vol_24h,168,130,38,77.38095238095238,22.619047619047617,75.13661202185791,1.02987012987013,70.48368947626369,83.0539870816827,16230.286443129378,0.41832786666666666,1.003842998965544,5.303432516791753,2.3616536766143588,1.1438257800147045
3-way,avg_buy_size_sol >= 1.444 AND dev_hold_percent <= 0 AND vol_24h <= 2.739e+04,avg_buy_size_sol + dev_hold_percent + vol_24h,84,69,15,82.14285714285714,17.85714285714286,75.13661202185791,1.0932467532467534,72.60538098918103,88.86890909660974,16482.769635517732,0.3486888,1.0916565054284106,5.302081832051527,2.545499791946358,1.0829634573404268
3-way,age_minutes <= 0.2573 AND chg_1h <= 5.576 AND avg_buy_size_sol >= 1.444,age_minutes + chg_1h + avg_buy_size_sol,25,20,5,80.0,19.999999999999996,75.13661202185791,1.064727272727273,60.86866446346176,91.13954589934752,17882.042000199264,0.19078341666666668,1.5277867178915707,5.299868048295474,1.5376950959470137,1.0673430070763723
2-way,chg_24h <= 5.732 AND count_buy <= 59,chg_24h + count_buy,146,115,31,78.76712328767124,21.232876712328764,75.13661202185791,1.0483188044831881,71.44007368410374,84.61912482952667,15711.070224635158,0.4256196583333334,1.012937570582041,5.2992480559120505,2.716723930257362,1.134479470540358
3-way,avg_buy_size_sol >= 1.444 AND market_cap <= 2.178e+04 AND vol_24h <= 2.739e+04,avg_buy_size_sol + market_cap + vol_24h,112,87,25,77.67857142857143,22.32142857142857,75.13661202185791,1.033831168831169,69.12242655289212,84.39893364931504,16285.011488456305,0.35724469166666667,1.0841336270582222,5.298508905876168,2.1994541338156255,1.1225464415401591
3-way,first_call_market_cap <= 1.402e+04 AND dev_hold_percent <= 0 AND vol_24h <= 2.739e+04,first_call_market_cap + dev_hold_percent + vol_24h,138,112,26,81.15942028985508,18.840579710144922,75.13661202185791,1.0801581027667986,73.82507783104435,86.80593591950557,15990.324631987169,0.43940065833333336,0.9886920220779808,5.26974034372264,1.925925169185742,1.0558023745831462
3-way,chg_24h <= 5.732 AND holders <= 118 AND count_buy <= 59,chg_24h + holders + count_buy,94,74,20,78.72340425531915,21.276595744680847,75.13661202185791,1.0477369439071569,69.4080201974153,85.7832276971408,15812.094601156157,0.3570977833333333,1.0999831988843982,5.2483114004926765,3.3054447480419578,1.147593685048454
2-way,age_minutes <= 0.2573 AND vol_1h >= 3.66e+04,age_minutes + vol_1h,31,25,6,80.64516129032258,19.354838709677423,75.13661202185791,1.0733137829912023,63.71939644454012,90.81311641365237,21788.265844939466,0.19682866666666668,1.41020940754114,5.245728137684285,2.498401719140667,1.1197055399435298
3-way,holders <= 118 AND avg_buy_size_sol >= 1.444 AND vol_24h <= 2.739e+04,holders + avg_buy_size_sol + vol_24h,125,96,29,76.8,23.2,75.13661202185791,1.0221381818181818,68.66850458237091,83.33333333333334,17562.544084013392,0.3481541166666667,1.0608198420513264,5.244002063728131,2.820245342417372,1.107493637107322
3-way,first_call_market_cap <= 1.402e+04 AND dev_hold_percent <= 0 AND count_buy <= 59,first_call_market_cap + dev_hold_percent + count_buy,203,165,38,81.2807881773399,18.7192118226601,75.13661202185791,1.0817733990147784,75.35229182493532,86.04734925306833,15876.781799877284,0.5342858166666667,0.9113599060624027,5.243054215905674,1.753631330367992,1.1197055399435298
3-way,top10_percent >= 27.13 AND dev_hold_percent <= 0 AND market_cap <= 2.178e+04,top10_percent + dev_hold_percent + market_cap,79,66,13,83.54430379746836,16.455696202531644,75.13661202185791,1.1118987341772153,73.85413250068677,90.12338604072237,16201.65043071118,0.36428438333333335,1.0759613769544123,5.24248179244627,1.9764549204434618,1.120271754616218
3-way,top10_percent >= 27.13 AND dev_hold_percent <= 0 AND count_buy <= 59,top10_percent + dev_hold_percent + count_buy,73,61,12,83.56164383561644,16.43835616438356,75.13661202185791,1.1121295143212953,73.42874444391131,90.3387981371906,16481.01547415272,0.3481541166666667,1.0925955860783754,5.229903059982215,2.7914710901355253,1.120271754616218
3-way,chg_24h <= 5.732 AND chg_1h <= 5.576 AND count_buy <= 59,chg_24h + chg_1h + count_buy,126,100,26,79.36507936507937,20.63492063492064,75.13661202185791,1.0562770562770563,71.48135106579153,85.51116905102774,15764.453911090193,0.41832786666666666,1.0193259524655702,5.215690780352813,2.8323318817310796,1.134479470540358
3-way,age_minutes <= 0.2573 AND bundle_hold_percent >= 41.14 AND dev_hold_percent <= 0,age_minutes + bundle_hold_percent + dev_hold_percent,20,17,3,85.0,15.000000000000002,75.13661202185791,1.1312727272727274,63.95767041130426,94.7632208040504,21699.141787188437,0.17931192499999998,1.5114453912769303,5.205697849309436,1.5918725647046776,0.9660937010706143
3-way,age_minutes <= 0.2573 AND top10_percent >= 27.13 AND avg_buy_size_sol >= 1.444,age_minutes + top10_percent + avg_buy_size_sol,26,21,5,80.76923076923077,19.23076923076923,75.13661202185791,1.074965034965035,62.12336384535001,91.49306422821174,19317.7770769506,0.19607474166666666,1.4640461503571598,5.186982856280392,2.1403281840091135,1.1169606309278834
2-way,liq_to_mc >= 0.7982 AND chg_1h <= 5.576,liq_to_mc + chg_1h,48,42,6,87.5,12.5,75.13661202185791,1.1645454545454546,75.29927291394517,94.14302824959915,14613.77227135128,0.361172925,1.1377415697522744,5.156474206134396,1.429054113755843,1.0934910198395698
3-way,chg_24h <= 5.732 AND liq_to_mc >= 0.7982 AND chg_1h <= 5.576,chg_24h + liq_to_mc + chg_1h,48,42,6,87.5,12.5,75.13661202185791,1.1645454545454546,75.29927291394517,94.14302824959915,14613.77227135128,0.361172925,1.1377415697522744,5.156474206134396,1.429054113755843,1.0934910198395698
3-way,holders <= 118 AND chg_1h <= 5.576 AND count_buy <= 59,holders + chg_1h + count_buy,87,70,17,80.45977011494253,19.54022988505747,75.13661202185791,1.070846394984326,70.91659220053535,87.42672187583496,16481.01547415272,0.36117601666666665,1.071806717934593,5.138820167381097,3.326839566004351,1.1333869253749904
3-way,age_minutes <= 0.2573 AND first_call_market_cap <= 1.402e+04 AND chg_24h <= 5.732,age_minutes + first_call_market_cap + chg_24h,20,15,5,75.0,25.0,75.13661202185791,0.9981818181818183,53.12949900419365,88.8139947210597,15558.640338510782,0.17637424166666665,1.6847668415298291,5.119984432367497,2.083039058879881,1.157876566441825
2-way,top10_percent >= 27.13 AND avg_buy_size_sol >= 1.444,top10_percent + avg_buy_size_sol,103,83,20,80.58252427184466,19.417475728155342,75.13661202185791,1.0724801412180054,71.90200678052375,87.06378931388143,18045.578315975006,0.36428438333333335,1.0223270320664917,5.092228333830334,3.1598304070895975,1.2250950607628892
3-way,chg_24h <= 5.732 AND holders <= 118 AND market_cap <= 2.178e+04,chg_24h + holders + market_cap,80,65,15,81.25,18.75,75.13661202185791,1.0813636363636365,71.34147429619243,88.29479218727163,15252.043683798398,0.3911447416666667,1.0707990696073373,5.088434520742062,1.761349914195107,1.1130794477195978
2-way,chg_1h <= 5.576 AND vol_24h <= 2.739e+04,chg_1h + vol_24h,83,67,16,80.72289156626506,19.277108433734934,75.13661202185791,1.0743483023001097,70.9564135859026,87.77120082930855,15628.644353534848,0.38320868333333336,1.0679920229877495,5.08389888752682,1.734757782048466,1.1333869253749904
3-way,sniper_hold_percent >= 6.89 AND holders <= 118 AND count_buy <= 59,sniper_hold_percent + holders + count_buy,32,29,3,90.625,9.375,75.13661202185791,1.2061363636363638,75.78150066422117,96.75990373736805,16401.010302746472,0.29362024999999997,1.2022043078949238,5.070014049085549,1.7255162791557437,1.1167973949350223
3-way,chg_24h <= 5.732 AND holders <= 118 AND vol_24h <= 2.739e+04,chg_24h + holders + vol_24h,74,58,16,78.37837837837837,21.62162162162162,75.13661202185791,1.0431449631449632,67.72606074069529,86.2296647325735,15634.337630708069,0.3454207,1.1251020974306494,5.067196549392567,1.9092249257585459,1.1299072750617176
2-way,total_buy >= 119.5 AND dev_hold_percent <= 0,total_buy + dev_hold_percent,60,49,11,81.66666666666667,18.333333333333336,75.13661202185791,1.086909090909091,70.08000677353371,89.44231096286387,18696.42863827348,0.295592925,1.1339823258812052,5.066798791394049,1.5701909700177683,1.0834317703353424
3-way,holders <= 118 AND chg_1h <= 5.576 AND market_cap <= 2.178e+04,holders + chg_1h + market_cap,72,60,12,83.33333333333334,16.666666666666664,75.13661202185791,1.1090909090909091,73.08907909789521,90.20072491467837,15418.15206767674,0.391905175,1.0637961927024624,5.062084354994865,1.6482859269559353,1.1130794477195978
3-way,holders <= 118 AND chg_1h <= 5.576 AND vol_24h <= 2.739e+04,holders + chg_1h + vol_24h,67,55,12,82.08955223880598,17.910447761194025,75.13661202185791,1.092537313432836,71.2522863873702,89.44651205874055,15683.184727092745,0.36116983333333336,1.0980657710327488,5.062049836682372,1.78881771402566,1.1264276247484446
3-way,first_call_market_cap <= 1.402e+04 AND count_buy <= 59 AND vol_24h <= 2.739e+04,first_call_market_cap + count_buy + vol_24h,156,124,32,79.48717948717949,20.512820512820518,75.13661202185791,1.0579020979020979,72.47853117175943,85.07845023983803,15901.63103507613,0.48842679166666664,0.9458004485441349,5.05909893721681,1.9985311952926565,1.0790748911990862
2-way,sniper_hold_percent >= 6.89 AND holders <= 118,sniper_hold_percent + holders,38,33,5,86.8421052631579,13.157894736842103,75.13661202185791,1.1557894736842107,72.67282994850113,94.24621712426857,17352.001876880626,0.28514865,1.194098936245176,5.056180274562333,2.0640298464395452,1.2449281618817192
2-way,chg_1h <= 5.576 AND count_buy <= 59,chg_1h + count_buy,149,115,34,77.18120805369128,22.818791946308725,75.13661202185791,1.0272117144600368,69.80973295555208,83.18631000657342,16248.425485442556,0.43920628333333334,0.9804462875529429,5.046340640131978,2.712239757798427,1.2162131409580554
3-way,liq_to_mc >= 0.7982 AND chg_1h <= 5.576 AND market_cap <= 2.178e+04,liq_to_mc + chg_1h + market_cap,45,40,5,88.88888888888889,11.111111111111116,75.13661202185791,1.183030303030303,76.50062450910904,95.15959956217444,14563.911116953188,0.3816878166666667,1.10985990152103,5.026998096664635,1.328265151155903,1.0984315119113561
3-way,liq_to_mc >= 0.7982 AND holders <= 118 AND chg_1h <= 5.576,liq_to_mc + holders + chg_1h,38,33,5,86.8421052631579,13.157894736842103,75.13661202185791,1.1557894736842107,72.67282994850113,94.24621712426857,14970.468355751786,0.3252914416666667,1.1851859976268,5.018440165210654,1.476554818015369,1.0934910198395698
3-way,chg_24h <= 5.732 AND holders <= 118 AND dev_hold_percent <= 0,chg_24h + holders + dev_hold_percent,69,55,14,79.71014492753623,20.28985507246377,75.13661202185791,1.0608695652173914,68.77573759423548,87.51078000010621,15285.82814658424,0.36117601666666665,1.1121519437307086,5.0125792473726545,1.9393599402795092,1.0984315119113561
3-way,chg_24h <= 5.732 AND chg_1h <= 5.576 AND vol_24h <= 2.739e+04,chg_24h + chg_1h + vol_24h,80,64,16,80.0,19.999999999999996,75.13661202185791,1.064727272727273,69.95355220341885,87.29726362070666,15452.774243583135,0.385755775,1.070725967605604,5.009808876515728,1.7475033731574796,1.1225464415401591
2-way,chg_24h <= 5.732 AND liq_to_mc >= 0.7982,chg_24h + liq_to_mc,52,43,9,82.6923076923077,17.307692307692314,75.13661202185791,1.1005594405594405,70.26887630639472,90.6176312435322,14575.329898230317,0.361172925,1.139276393715945,4.9781163336211725,1.6345568231471124,1.102515279681764
2-way,chg_24h <= 5.732 AND avg_buy_size_sol >= 1.444,chg_24h + avg_buy_size_sol,87,71,16,81.60919540229885,18.39080459770115,75.13661202185791,1.0861442006269593,72.1943165293875,88.35063204043074,16305.430790798762,0.4018444666666667,1.0211125308513176,4.965704358310578,3.3133341916740204,1.1600261584352216
3-way,top10_percent >= 27.13 AND avg_buy_size_sol >= 1.444 AND market_cap <= 2.178e+04,top10_percent + avg_buy_size_sol + market_cap,62,52,10,83.87096774193549,16.129032258064512,75.13661202185791,1.1162463343108506,72.79343069043937,90.99602764593156,16082.451702998158,0.3683952833333333,1.0737023816296456,4.965614700034191,2.404264598179916,1.1988511220412281
3-way,top10_percent >= 27.13 AND avg_buy_size_sol >= 1.444 AND count_buy <= 59,top10_percent + avg_buy_size_sol + count_buy,81,67,14,82.71604938271605,17.28395061728395,75.13661202185791,1.100875420875421,73.05366228248569,89.4156923737207,17557.10941534533,0.3725061833333333,1.023275250532545,4.964162939695014,3.126811480662103,1.1908419687120297
2-way,bundle_hold_percent >= 41.14 AND avg_buy_size_sol >= 1.444,bundle_hold_percent + avg_buy_size_sol,39,34,5,87.17948717948718,12.82051282051282,75.13661202185791,1.1602797202797204,73.29395096236952,94.39726505197169,21768.01731161144,0.26256386666666665,1.1552308517674739,4.944540560487597,2.773652536603112,1.0
3-way,sniper_hold_percent >= 6.89 AND holders <= 118 AND vol_24h <= 2.739e+04,sniper_hold_percent + holders + vol_24h,33,29,4,87.87878787878788,12.121212121212121,75.13661202185791,1.1695867768595043,72.67415674973485,95.18391673241578,16900.629143704027,0.2887606833333333,1.1983818869221874,4.942587847312526,1.979258343027827,1.1264276247484446
2-way,chg_24h <= 5.732 AND vol_24h <= 2.739e+04,chg_24h + vol_24h,91,70,21,76.92307692307693,23.076923076923073,75.13661202185791,1.023776223776224,67.28313720583671,84.38195490564182,15427.439832094135,0.38982373333333337,1.0661991633306651,4.9357553967118095,1.8400341735590673,1.1333869253749904
2-way,chg_24h <= 5.732 AND dev_hold_percent <= 0,chg_24h + dev_hold_percent,118,94,24,79.66101694915254,20.33898305084746,75.13661202185791,1.060215716486903,71.51753531939933,85.93410681268035,15348.284009324703,0.47838945,0.9737047745924159,4.933666512469048,1.8657908842508353,1.1070463422797472
3-way,top10_percent >= 27.13 AND holders <= 118 AND avg_buy_size_sol >= 1.444,top10_percent + holders + avg_buy_size_sol,64,53,11,82.8125,17.1875,75.13661202185791,1.102159090909091,71.7865585098341,90.12235873268378,17559.826749679363,0.3414370666666667,1.0722381751455037,4.9331950832113085,3.7466691324898447,1.0796519655241077
2-way,bundle_hold_percent >= 41.14 AND holders <= 118,bundle_hold_percent + holders,37,29,8,78.37837837837837,21.62162162162162,75.13661202185791,1.0431449631449632,62.80453872612309,88.61362314804441,18775.14468920478,0.23718111666666666,1.2993281413175177,4.930339196969935,3.1295965329959268,0.9321874021412287
3-way,chg_24h <= 5.732 AND chg_1h <= 5.576 AND dev_hold_percent <= 0,chg_24h + chg_1h + dev_hold_percent,103,83,20,80.58252427184466,19.417475728155342,75.13661202185791,1.0724801412180054,71.90200678052375,87.06378931388143,15359.054366213202,0.46458513333333334,0.9857847562786664,4.910210636642704,1.8074347761402128,1.106599047452172
3-way,first_call_market_cap <= 1.402e+04 AND avg_buy_size_sol >= 1.444 AND vol_24h <= 2.739e+04,first_call_market_cap + avg_buy_size_sol + vol_24h,64,55,9,85.9375,14.0625,75.13661202185791,1.14375,75.38349160536258,92.42151299358557,15927.336920267957,0.4060234583333333,1.028351731289392,4.909819517629578,1.8648097830854287,1.0151488774065562
3-way,chg_24h <= 5.732 AND chg_1h <= 5.576 AND avg_buy_size_sol >= 1.444,chg_24h + chg_1h + avg_buy_size_sol,79,64,15,81.0126582278481,18.9873417721519,75.13661202185791,1.0782048331415421,71.00715339970887,88.14187317631091,16314.474664274676,0.38887931666666664,1.037478679194554,4.90179864769274,3.4472480797856693,1.168164027876151
3-way,first_call_market_cap <= 1.402e+04 AND holders <= 118 AND avg_buy_size_sol >= 1.444,first_call_market_cap + holders + avg_buy_size_sol,65,56,9,86.15384615384616,13.846153846153841,75.13661202185791,1.1466293706293709,75.73167852534054,92.54099381231576,15832.830381731479,0.41906071666666667,1.016157056175877,4.881599373797302,1.8249390930951916,0.9862740170668561
3-way,liq_to_mc >= 0.7982 AND chg_1h <= 5.576 AND count_buy <= 59,liq_to_mc + chg_1h + count_buy,39,34,5,87.17948717948718,12.82051282051282,75.13661202185791,1.1602797202797204,73.29395096236952,94.39726505197169,14938.880343666386,0.3530257333333333,1.1379046497729373,4.870382128525609,1.4682138802443483,1.106599047452172
2-way,chg_1h <= 5.576 AND market_cap <= 2.178e+04,chg_1h + market_cap,134,108,26,80.59701492537313,19.402985074626866,75.13661202185791,1.072672998643148,73.08768275661566,86.40088963372223,15417.644619325514,0.5392478083333334,0.923853691098475,4.861092522806653,1.7199443388854172,1.1492476932797366
2-way,sniper_hold_percent >= 6.89 AND vol_24h <= 2.739e+04,sniper_hold_percent + vol_24h,44,37,7,84.0909090909091,15.909090909090907,75.13661202185791,1.1191735537190084,70.63350943621745,92.0734234422816,17014.236982466173,0.31348955,1.140182958974199,4.857539687635662,1.8977284749495424,1.2449281618817192
3-way,holders <= 118 AND chg_1h <= 5.576 AND dev_hold_percent <= 0,holders + chg_1h + dev_hold_percent,63,50,13,79.36507936507937,20.63492063492064,75.13661202185791,1.0562770562770563,67.82995165388411,87.52479748437707,15477.249769140277,0.36117601666666665,1.1052711690001578,4.855381949854119,1.8884291731014655,1.0885505277677832
3-way,chg_24h <= 5.732 AND avg_buy_size_sol >= 1.444 AND count_buy <= 59,chg_24h + avg_buy_size_sol + count_buy,76,63,13,82.89473684210526,17.105263157894733,75.13661202185791,1.1032535885167465,72.90191762204464,89.72207788906738,16576.813491924735,0.40149202500000003,1.0130126323665456,4.854679603760992,3.4097429061387743,1.2007633462604264
3-way,chg_24h <= 5.732 AND liq_to_mc >= 0.7982 AND holders <= 118,chg_24h + liq_to_mc + holders,41,33,8,80.48780487804879,19.512195121951216,75.13661202185791,1.071219512195122,65.9861176474433,89.76568425079408,14938.880343666386,0.3127672166666667,1.2110989237769907,4.849076138581818,1.746577287409484,1.107493637107322
2-way,chg_24h <= 5.732 AND market_cap <= 2.178e+04,chg_24h + market_cap,147,116,31,78.91156462585033,21.08843537414966,75.13661202185791,1.0502411873840445,71.62363875333297,84.72686402574124,15343.570226893504,0.5433785166666667,0.9236866161775311,4.84776428698687,1.7802574351060447,1.1332726754912419
3-way,chg_24h <= 5.732 AND liq_to_mc >= 0.7982 AND market_cap <= 2.178e+04,chg_24h + liq_to_mc + market_cap,49,41,8,83.6734693877551,16.326530612244895,75.13661202185791,1.113617810760668,70.96339333048476,91.48740301179103,14493.308637439157,0.3816878166666667,1.112704385574848,4.84749498108138,1.554577329497653,1.106599047452172
2-way,top10_percent >= 27.13 AND first_call_market_cap <= 1.402e+04,top10_percent + first_call_market_cap,72,60,12,83.33333333333334,16.666666666666664,75.13661202185791,1.1090909090909091,73.08907909789521,90.20072491467837,16226.312211795663,0.4060234583333333,1.018513853722535,4.8466079119691114,2.130165559167663,1.1070111419402417
3-way,top10_percent >= 27.13 AND holders <= 118 AND chg_1h <= 5.576,top10_percent + holders + chg_1h,22,20,2,90.9090909090909,9.090909090909093,75.13661202185791,1.209917355371901,72.18461934161421,97.47051037171623,15184.11170793992,0.28014195000000003,1.2766534205110303,4.843225871628467,1.4383267439387935,1.0730147801045877
2-way,total_buy >= 119.5 AND first_call_market_cap <= 1.402e+04,total_buy + first_call_market_cap,34,29,5,85.29411764705883,14.70588235294118,75.13661202185791,1.1351871657754011,69.87161182594804,93.55065361737358,17165.49917893464,0.2879900083333333,1.1924779656697906,4.812823765714185,1.533660875576126,1.315556820397699
3-way,top10_percent >= 27.13 AND avg_buy_size_sol >= 1.444 AND dev_hold_percent <= 0,top10_percent + avg_buy_size_sol + dev_hold_percent,54,47,7,87.03703703703704,12.962962962962965,75.13661202185791,1.1583838383838385,75.57801946793228,93.57636077051203,17397.8113706797,0.3683952833333333,1.0337238574561973,4.798577154711747,3.0311004204185568,1.0980220824375526
3-way,chg_1h <= 5.576 AND count_buy <= 59 AND vol_24h <= 2.739e+04,chg_1h + count_buy + vol_24h,68,55,13,80.88235294117648,19.11764705882353,75.13661202185791,1.0764705882352943,69.98913522432758,88.47281439817526,15729.270748661242,0.39217413333333334,1.052535160551491,4.7973406614019725,1.7141037951206588,1.1572311449648565
3-way,chg_1h <= 5.576 AND market_cap <= 2.178e+04 AND vol_24h <= 2.739e+04,chg_1h + market_cap + vol_24h,66,54,12,81.81818181818183,18.181818181818176,75.13661202185791,1.0889256198347108,70.85458078248001,89.28149857423577,15268.181328675062,0.4102302583333333,1.046332421374855,4.790735026238277,1.6645572182305621,1.1225464415401591
3-way,chg_24h <= 5.732 AND chg_1h <= 5.576 AND market_cap <= 2.178e+04,chg_24h + chg_1h + market_cap,126,102,24,80.95238095238095,19.047619047619047,75.13661202185791,1.0774025974025976,73.22043694706765,86.85275993282293,15348.284009324703,0.5536157416666667,0.9166848607219782,4.784306394134,1.701399091013197,1.1298501501198432
3-way,first_call_market_cap <= 1.402e+04 AND vol_1h >= 3.66e+04 AND avg_buy_size_sol >= 1.444,first_call_market_cap + vol_1h + avg_buy_size_sol,37,33,4,89.1891891891892,10.81081081081081,75.13661202185791,1.1870270270270271,75.29115358483284,95.71487947949373,16266.114413978536,0.34335505000000005,1.1074718301072468,4.781967106195135,1.5123224064791538,1.3354801980455113
3-way,liq_to_mc >= 0.7982 AND chg_1h <= 5.576 AND vol_24h <= 2.739e+04,liq_to_mc + chg_1h + vol_24h,36,31,5,86.11111111111111,13.888888888888884,75.13661202185791,1.1460606060606062,71.34014871960682,93.91827463688489,14821.909631069153,0.3454207,1.1549167906824933,4.7794276932880555,1.3627945963285355,1.0730147801045877
2-way,chg_1h <= 5.576 AND dev_hold_percent <= 0,chg_1h + dev_hold_percent,114,91,23,79.82456140350878,20.175438596491226,75.13661202185791,1.0623923444976078,71.54154623254458,86.16303347445195,15436.959678632942,0.5108485833333333,0.943858890919686,4.757973384516392,1.7927683827428025,1.1259689669115578
3-way,top10_percent >= 27.13 AND chg_24h <= 5.732 AND chg_1h <= 5.576,top10_percent + chg_24h + chg_1h,26,24,2,92.3076923076923,7.692307692307687,75.13661202185791,1.2285314685314688,75.85805251948496,97.86453608166245,15254.67012666446,0.32545715833333333,1.1742885518128814,4.754740501739994,1.3824784747257655,1.0730147801045877
3-way,top10_percent >= 27.13 AND first_call_market_cap <= 1.402e+04 AND vol_24h <= 2.739e+04,top10_percent + first_call_market_cap + vol_24h,49,42,7,85.71428571428571,14.28571428571429,75.13661202185791,1.140779220779221,73.33202681083708,92.90366627945542,16188.032237477477,0.3725061833333333,1.0642399681200985,4.749441766195297,2.1984451914038057,1.0574790324413925
3-way,chg_24h <= 5.732 AND dev_hold_percent <= 0 AND market_cap <= 2.178e+04,chg_24h + dev_hold_percent + market_cap,113,91,22,80.53097345132744,19.469026548672563,75.13661202185791,1.0717940466613034,72.27754502435684,86.77676439968393,15318.047772847829,0.5295034,0.9342909085026113,4.742674885208012,1.7560917524371178,1.106599047452172
3-way,age_minutes <= 0.2573 AND vol_1h >= 3.66e+04 AND avg_buy_size_sol >= 1.444,age_minutes + vol_1h + avg_buy_size_sol,22,18,4,81.81818181818183,18.181818181818176,75.13661202185791,1.0889256198347108,61.48297802336214,92.69323397589488,22933.709952997422,0.19720296666666667,1.3887793600122738,4.741737120269016,2.653010482073007,1.275969310791942
3-way,chg_24h <= 5.732 AND dev_hold_percent <= 0 AND count_buy <= 59,chg_24h + dev_hold_percent + count_buy,87,70,17,80.45977011494253,19.54022988505747,75.13661202185791,1.070846394984326,70.91659220053535,87.42672187583496,15352.997791755904,0.46458513333333334,0.9860031793481815,4.7274316706097785,1.8170029564859806,1.106599047452172
3-way,liq_to_mc >= 0.7982 AND chg_1h <= 5.576 AND dev_hold_percent <= 0,liq_to_mc + chg_1h + dev_hold_percent,39,34,5,87.17948717948718,12.82051282051282,75.13661202185791,1.1602797202797204,73.29395096236952,94.39726505197169,14704.938918471922,0.3816878166666667,1.1042598425344177,4.7263779117180995,1.3892812435113022,1.0574790324413925
3-way,top10_percent >= 27.13 AND first_call_market_cap <= 1.402e+04 AND market_cap <= 2.178e+04,top10_percent + first_call_market_cap + market_cap,63,53,10,84.12698412698413,15.873015873015872,75.13661202185791,1.1196536796536798,73.18819237681831,91.14300256764741,16019.24917936483,0.41759501666666665,1.011587864446448,4.71046773969321,2.1673467892301543,1.0885505277677832
2-way,sniper_hold_percent >= 6.89 AND count_buy <= 59,sniper_hold_percent + count_buy,50,43,7,86.0,14.000000000000002,75.13661202185791,1.1445818181818181,73.81354280147191,93.04925473797714,17659.130780194555,0.35580587500000005,1.0457713524243641,4.7062807717253445,1.8429240798396882,1.2326291836936143
3-way,chg_24h <= 5.732 AND liq_to_mc >= 0.7982 AND count_buy <= 59,chg_24h + liq_to_mc + count_buy,43,35,8,81.3953488372093,18.6046511627907,75.13661202185791,1.0832980972515858,67.38270676469403,90.25836441989402,14704.938918471922,0.3530257333333333,1.1469610366811902,4.70185830184136,1.7130860156488126,1.1186652583318737
3-way,age_minutes <= 0.2573 AND vol_1h >= 3.66e+04 AND count_buy <= 59,age_minutes + vol_1h + count_buy,25,19,6,76.0,24.0,75.13661202185791,1.0114909090909092,56.56994004476144,88.50384226967326,20780.892476144272,0.19757726666666667,1.4252656068990373,4.697012733377504,2.8272232891993316,1.1197055399435298
3-way,chg_24h <= 5.732 AND market_cap <= 2.178e+04 AND count_buy <= 59,chg_24h + market_cap + count_buy,113,91,22,80.53097345132744,19.469026548672563,75.13661202185791,1.0717940466613034,72.27754502435684,86.77676439968393,15343.570226893504,0.5433785166666667,0.9236866161775311,4.688845065793236,1.7094975434953756,1.1186652583318737
3-way,top10_percent >= 27.13 AND first_call_market_cap <= 1.402e+04 AND count_buy <= 59,top10_percent + first_call_market_cap + count_buy,57,49,8,85.96491228070175,14.035087719298245,75.13661202185791,1.1441148325358852,74.6752921041072,92.7128107728717,16182.256024471339,0.41759501666666665,1.0062403283156287,4.674603225848404,1.5908425495266185,1.0773763869130704
2-way,top10_percent >= 27.13 AND chg_24h <= 5.732,top10_percent + chg_24h,29,26,3,89.65517241379311,10.344827586206895,75.13661202185791,1.1932288401253919,73.61455275293085,96.41857596186989,15203.344296280724,0.33969113333333334,1.1503244631151208,4.66848463108694,1.5954844380813957,1.0885505277677832
3-way,vol_1h >= 3.66e+04 AND avg_buy_size_sol >= 1.444 AND market_cap <= 2.178e+04,vol_1h + avg_buy_size_sol + market_cap,47,42,5,89.36170212765957,10.63829787234043,75.13661202185791,1.1893230174081237,77.40546030798721,95.36959004448006,15979.996434439361,0.4189849,1.0112971997688232,4.656122000398616,1.4039860671191524,1.2990763904440266
3-way,chg_24h <= 5.732 AND count_buy <= 59 AND vol_24h <= 2.739e+04,chg_24h + count_buy + vol_24h,75,58,17,77.33333333333333,22.666666666666668,75.13661202185791,1.0292363636363637,66.66425143266056,85.33875205788249,15640.030907881288,0.4011395833333333,1.0441795767416828,4.6542719934492025,1.836533673780996,1.1618004447219177
3-way,liq_to_mc >= 0.7982 AND chg_1h <= 5.576 AND avg_buy_size_sol >= 1.444,liq_to_mc + chg_1h + avg_buy_size_sol,26,22,4,84.61538461538461,15.384615384615385,75.13661202185791,1.1261538461538463,66.46841558168643,93.85006600107052,14970.468355751786,0.29271695,1.253861851211774,4.653857925417456,1.3798796500637045,1.1130794477195978
3-way,sniper_hold_percent >= 6.89 AND top10_percent >= 27.13 AND vol_24h <= 2.739e+04,sniper_hold_percent + top10_percent + vol_24h,25,22,3,88.0,12.0,75.13661202185791,1.1712,70.04380781662651,95.83325864293191,17576.15893253293,0.27345828333333333,1.2179448028354083,4.647534460469325,1.870900185503613,1.1264276247484446
3-way,chg_1h <= 5.576 AND dev_hold_percent <= 0 AND market_cap <= 2.178e+04,chg_1h + dev_hold_percent + market_cap,103,83,20,80.58252427184466,19.417475728155342,75.13661202185791,1.0724801412180054,71.90200678052375,87.06378931388143,15359.054366213202,0.5295034,0.9328086808720274,4.646335904057844,1.6997676421069068,1.1186652583318737
2-way,liq_to_mc >= 0.7982 AND holders <= 118,liq_to_mc + holders,52,40,12,76.92307692307693,23.076923076923073,75.13661202185791,1.023776223776224,63.86595708887026,86.27587265812839,14490.972420356611,0.361172925,1.1426729340317379,4.644611776767882,1.8183319253547863,1.1225464415401591
3-way,bundle_hold_percent >= 41.14 AND avg_buy_size_sol >= 1.444 AND dev_hold_percent <= 0,bundle_hold_percent + avg_buy_size_sol + dev_hold_percent,22,20,2,90.9090909090909,9.090909090909093,75.13661202185791,1.209917355371901,72.18461934161421,97.47051037171623,22040.417998266115,0.23953729166666665,1.2238992606083188,4.643093002384624,3.799336568123897,0.9660937010706143
3-way,chg_24h <= 5.732 AND dev_hold_percent <= 0 AND vol_24h <= 2.739e+04,chg_24h + dev_hold_percent + vol_24h,62,49,13,79.03225806451613,20.967741935483875,75.13661202185791,1.0518475073313782,67.36054886034556,87.31612971368666,15269.690501707573,0.39521270000000003,1.064872007853429,4.640654637380255,1.9002902627779716,1.103297047675326
2-way,chg_1h <= 5.576 AND avg_buy_size_sol >= 1.444,chg_1h + avg_buy_size_sol,98,76,22,77.55102040816327,22.44897959183674,75.13661202185791,1.0321335807050094,68.34165090713728,84.68186796923544,17776.317966762377,0.40149202500000003,0.9783957364872925,4.6403132896946575,3.200267296713232,1.275788413601096
3-way,top10_percent >= 27.13 AND chg_24h <= 5.732 AND holders <= 118,top10_percent + chg_24h + holders,24,21,3,87.5,12.5,75.13661202185791,1.1645454545454546,68.99571185214243,95.65574496068442,15184.11170793992,0.29637990000000003,1.237393335762771,4.638402589317535,1.716596895847345,1.0980220824375526
2-way,bundle_hold_percent >= 41.14 AND dev_hold_percent <= 0,bundle_hold_percent + dev_hold_percent,38,30,8,78.94736842105263,21.052631578947366,75.13661202185791,1.0507177033492825,63.65391162355783,88.92533964790405,21366.23277132647,0.24881753333333334,1.2048166790047137,4.637784069903562,3.127457364396037,0.9884637952477865
3-way,chg_24h <= 5.732 AND market_cap <= 2.178e+04 AND vol_24h <= 2.739e+04,chg_24h + market_cap + vol_24h,75,58,17,77.33333333333333,22.666666666666668,75.13661202185791,1.0292363636363637,66.66425143266056,85.33875205788249,15236.538303081794,0.41759501666666665,1.0388589241690835,4.630555992095493,1.792955361763698,1.1264276247484446
2-way,total_buy >= 119.5 AND market_cap <= 2.178e+04,total_buy + market_cap,38,31,7,81.57894736842105,18.42105263157895,75.13661202185791,1.0857416267942583,66.58083165848865,90.77835154674251,16936.461212403236,0.30389720833333334,1.1626908344347935,4.624813684606687,1.7297382674377844,1.2055667431243964
3-way,sniper_hold_percent >= 6.89 AND top10_percent >= 27.13 AND market_cap <= 2.178e+04,sniper_hold_percent + top10_percent + market_cap,22,20,2,90.9090909090909,9.090909090909093,75.13661202185791,1.209917355371901,72.18461934161421,97.47051037171623,16161.121756514973,0.29000821666666665,1.2184162128061464,4.622292024966472,1.872308233356051,1.1074890762581138
3-way,chg_24h <= 5.732 AND holders <= 118 AND avg_buy_size_sol >= 1.444,chg_24h + holders + avg_buy_size_sol,62,48,14,77.41935483870968,22.580645161290324,75.13661202185791,1.0303812316715544,65.59414245921727,86.04494286070205,16576.813491924735,0.3553061666666667,1.0780070831617987,4.602021144900856,4.011060422630731,1.1798951446965733
3-way,sniper_hold_percent >= 6.89 AND count_buy <= 59 AND vol_24h <= 2.739e+04,sniper_hold_percent + count_buy + vol_24h,36,31,5,86.11111111111111,13.888888888888884,75.13661202185791,1.1460606060606062,71.34014871960682,93.91827463688489,16722.497007115657,0.33339024166666664,1.1106785925886795,4.596355396845131,1.8005478092176241,1.3925504216484488
3-way,chg_1h <= 5.576 AND dev_hold_percent <= 0 AND vol_24h <= 2.739e+04,chg_1h + dev_hold_percent + vol_24h,56,45,11,80.35714285714286,19.64285714285714,75.13661202185791,1.0694805194805197,68.15514267252283,88.6615199835559,15342.723619336157,0.39521270000000003,1.062220968014195,4.593005831427622,1.8369817036168556,1.0975747876099775
3-way,chg_24h <= 5.732 AND liq_to_mc >= 0.7982 AND vol_24h <= 2.739e+04,chg_24h + liq_to_mc + vol_24h,40,32,8,80.0,19.999999999999996,75.13661202185791,1.064727272727273,65.24239261814334,89.50013502683312,14672.867390833519,0.3454207,1.1607447877776966,4.589516939315718,1.636574070279916,1.0975747876099775
3-way,chg_24h <= 5.732 AND liq_to_mc >= 0.7982 AND dev_hold_percent <= 0,chg_24h + liq_to_mc + dev_hold_percent,42,35,7,83.33333333333334,16.666666666666664,75.13661202185791,1.1090909090909091,69.39570379522571,91.6841887041635,14672.867390833519,0.385755775,1.0999776193587965,4.588570780013649,1.5486437271455664,1.0730147801045877
3-way,chg_1h <= 5.576 AND market_cap <= 2.178e+04 AND count_buy <= 59,chg_1h + market_cap + count_buy,102,83,19,81.37254901960785,18.627450980392158,75.13661202185791,1.0829946524064171,72.72970187923336,87.73801591792768,15427.869275060064,0.5536157416666667,0.913826638417568,4.586849283756794,1.6730726579260455,1.1486862302138214
3-way,top10_percent >= 27.13 AND first_call_market_cap <= 1.402e+04 AND holders <= 118,top10_percent + first_call_market_cap + holders,52,43,9,82.6923076923077,17.307692307692314,75.13661202185791,1.1005594405594405,70.26887630639472,90.6176312435322,16348.196079824218,0.3834790416666667,1.0436730023287486,4.560373275975723,2.223837930139766,1.060706362326766
3-way,top10_percent >= 27.13 AND chg_24h <= 5.732 AND market_cap <= 2.178e+04,top10_percent + chg_24h + market_cap,27,24,3,88.88888888888889,11.111111111111116,75.13661202185791,1.183030303030303,71.94181745602704,96.14803521050128,15191.292480481092,0.33969113333333334,1.1507682226929328,4.536442157987788,1.6334811300121042,1.0885505277677832
3-way,top10_percent >= 27.13 AND avg_buy_size_sol >= 1.444 AND vol_24h <= 2.739e+04,top10_percent + avg_buy_size_sol + vol_24h,57,44,13,77.19298245614034,22.807017543859654,75.13661202185791,1.0273684210526315,64.79374119255287,86.15823903150434,17149.942522667236,0.34052673333333333,1.0853845705795466,4.527758716551468,4.224310207577812,1.1726071833195668
3-way,holders <= 118 AND chg_1h <= 5.576 AND avg_buy_size_sol >= 1.444,holders + chg_1h + avg_buy_size_sol,61,47,14,77.04918032786885,22.95081967213115,75.13661202185791,1.0254545454545454,65.0863560925485,85.80689762111679,17210.970229742674,0.35043814999999995,1.066953047523806,4.515546647001055,3.9588267503861116,1.1264276247484446
3-way,bundle_hold_percent >= 41.14 AND holders <= 118 AND dev_hold_percent <= 0,bundle_hold_percent + holders + dev_hold_percent,21,17,4,80.95238095238095,19.047619047619047,75.13661202185791,1.0774025974025976,59.9990134607267,92.3325593848227,18775.14468920478,0.22256928333333334,1.3548937787156858,4.512198914102753,4.454224812525445,0.9321874021412287
3-way,liq_to_mc >= 0.7982 AND holders <= 118 AND count_buy <= 59,liq_to_mc + holders + count_buy,47,36,11,76.59574468085107,23.404255319148938,75.13661202185791,1.0194197292069633,62.77546774315923,86.39686357607542,14493.308637439157,0.36116983333333336,1.1425830949337303,4.50906557311083,1.7579068077921367,1.1264276247484446
3-way,liq_to_mc >= 0.7982 AND holders <= 118 AND market_cap <= 2.178e+04,liq_to_mc + holders + market_cap,49,38,11,77.55102040816327,22.44897959183674,75.13661202185791,1.0321335807050094,64.12094381295425,86.97516228527138,14413.990462299866,0.3816878166666667,1.1159332518085583,4.505837517434622,1.7496039685751847,1.1264276247484446
2-way,liq_to_mc >= 0.7982 AND vol_24h <= 2.739e+04,liq_to_mc + vol_24h,53,41,12,77.35849056603774,22.64150943396226,75.13661202185791,1.0295711835334478,64.47347199775757,86.54550002273447,14413.990462299866,0.39634793333333335,1.0964796752575048,4.503179555358789,1.7804256923245119,1.0885505277677832
3-way,total_buy >= 119.5 AND dev_hold_percent <= 0 AND market_cap <= 2.178e+04,total_buy + dev_hold_percent + market_cap,36,29,7,80.55555555555556,19.444444444444443,75.13661202185791,1.0721212121212123,64.9716379364848,90.24702798054665,16936.461212403236,0.30389720833333334,1.1626908344347935,4.501173499200835,1.7323619071354566,1.0849117770569943
2-way,total_buy >= 119.5 AND holders <= 118,total_buy + holders,20,17,3,85.0,15.000000000000002,75.13661202185791,1.1312727272727274,63.95767041130426,94.7632208040504,17339.180666985987,0.247005125,1.3031765793629673,4.488381489409204,1.5836796955247223,0.9600840107904242
3-way,liq_to_mc >= 0.7982 AND holders <= 118 AND vol_24h <= 2.739e+04,liq_to_mc + holders + vol_24h,42,33,9,78.57142857142857,21.42857142857143,75.13661202185791,1.0457142857142858,64.05986210195627,88.29433146894876,14545.38160098632,0.361172925,1.1404777110191855,4.4856592939972915,1.7924027308969794,1.1130794477195978
3-way,sniper_hold_percent >= 6.89 AND top10_percent >= 27.13 AND holders <= 118,sniper_hold_percent + top10_percent + holders,26,22,4,84.61538461538461,15.384615384615385,75.13661202185791,1.1261538461538463,66.46841558168643,93.85006600107052,17884.552290520278,0.27749745000000003,1.198916267039533,4.449920831295365,2.070593464418148,1.1074890762581138
3-way,total_buy >= 119.5 AND first_call_market_cap <= 1.402e+04 AND dev_hold_percent <= 0,total_buy + first_call_market_cap + dev_hold_percent,31,26,5,83.87096774193549,16.129032258064512,75.13661202185791,1.1162463343108506,67.36529727502113,92.90748009456007,17043.169636396025,0.3085075,1.1496755412507782,4.447652040784948,1.5123752525397247,1.1384692281242517
3-way,liq_to_mc >= 0.7982 AND holders <= 118 AND avg_buy_size_sol >= 1.444,liq_to_mc + holders + avg_buy_size_sol,26,21,5,80.76923076923077,19.23076923076923,75.13661202185791,1.074965034965035,62.12336384535001,91.49306422821174,14953.812985626157,0.29271695,1.2544945486356234,4.444560518452761,1.6810405374283464,1.1225464415401591
3-way,vol_1h >= 3.66e+04 AND holders <= 118 AND count_buy <= 59,vol_1h + holders + count_buy,28,25,3,89.28571428571429,10.71428571428571,75.13661202185791,1.1883116883116884,72.80377463234292,96.28823079452006,16142.539742867219,0.34589185833333336,1.1071861071037827,4.4302911594085925,6.179709826755696,0.9925428001071734
3-way,liq_to_mc >= 0.7982 AND holders <= 118 AND dev_hold_percent <= 0,liq_to_mc + holders + dev_hold_percent,41,32,9,78.04878048780488,21.95121951219512,75.13661202185791,1.0387583148558759,63.29469790176472,87.99695984461367,14563.911116953188,0.36117601666666665,1.1397290952133847,4.425038551938196,1.7620761298858028,1.107493637107322
2-way,vol_1h >= 3.66e+04 AND count_buy <= 59,vol_1h + count_buy,138,110,28,79.71014492753623,20.28985507246377,75.13661202185791,1.0608695652173914,72.23838506625397,85.57258153310757,17736.819484170363,0.5488840333333334,0.8451959227106972,4.424459690248017,2.828450746252436,1.1673128020869807
3-way,chg_1h <= 5.576 AND dev_hold_percent <= 0 AND count_buy <= 59,chg_1h + dev_hold_percent + count_buy,84,67,17,79.76190476190477,20.238095238095234,75.13661202185791,1.0615584415584418,69.95798859846239,86.96265036986242,15544.79455629376,0.5177861416666667,0.9347721702538019,4.408510762253176,1.7704734801226272,1.1344223455984837
2-way,sniper_hold_percent >= 6.89 AND top10_percent >= 27.13,sniper_hold_percent + top10_percent,40,33,7,82.5,17.500000000000004,75.13661202185791,1.098,68.04970794560757,91.25469700311693,19606.65599022186,0.3120972,1.07695243145621,4.391275832354324,2.198543242923563,1.1074890762581138
3-way,vol_1h >= 3.66e+04 AND dev_hold_percent <= 0 AND market_cap <= 2.178e+04,vol_1h + dev_hold_percent + market_cap,83,70,13,84.33734939759037,15.662650602409634,75.13661202185791,1.1224534501642938,75.02466907604597,90.61207644683708,15844.755787694266,0.5807452166666667,0.882384465662085,4.388438197753119,1.5103846147991546,1.168164027876151
2-way,sniper_hold_percent >= 6.89 AND market_cap <= 2.178e+04,sniper_hold_percent + market_cap,43,37,6,86.04651162790698,13.953488372093027,75.13661202185791,1.145200845665962,72.7361234055743,93.44436573228604,16064.58777806429,0.4154620666666667,1.012557586314644,4.388077442880393,1.7233125677185337,1.338830742638784
3-way,sniper_hold_percent >= 6.89 AND market_cap <= 2.178e+04 AND vol_24h <= 2.739e+04,sniper_hold_percent + market_cap + vol_24h,33,29,4,87.87878787878788,12.121212121212121,75.13661202185791,1.1695867768595043,72.67415674973485,95.18391673241578,15874.09199481659,0.38032905,1.0635448361699278,4.386467986282907,1.6801459605036873,1.1264276247484446
3-way,vol_1h >= 3.66e+04 AND dev_hold_percent <= 0 AND count_buy <= 59,vol_1h + dev_hold_percent + count_buy,86,73,13,84.88372093023256,15.116279069767447,75.13661202185791,1.129725158562368,75.83624424375594,90.94796262700324,16207.13673514191,0.5858662666666666,0.8673623805380564,4.3760589726875985,1.534574788983859,1.1611158318850683
3-way,chg_24h <= 5.732 AND liq_to_mc >= 0.7982 AND avg_buy_size_sol >= 1.444,chg_24h + liq_to_mc + avg_buy_size_sol,27,22,5,81.48148148148148,18.518518518518523,75.13661202185791,1.0844444444444445,63.30094349480825,91.81941342571469,14968.745627585928,0.3127672166666667,1.2099631487866744,4.37231154406218,1.6228956428692494,1.1186652583318737
3-way,first_call_market_cap <= 1.402e+04 AND holders <= 118 AND chg_1h <= 5.576,first_call_market_cap + holders + chg_1h,44,37,7,84.0909090909091,15.909090909090907,75.13661202185791,1.1191735537190084,70.63350943621745,92.0734234422816,15213.915391781444,0.4304129666666667,1.0253727669843626,4.368411991289939,1.5220631506649076,1.0752388126222945
2-way,top10_percent >= 27.13 AND chg_1h <= 5.576,top10_percent + chg_1h,30,26,4,86.66666666666667,13.33333333333333,75.13661202185791,1.1534545454545455,70.31831605558307,94.69043057578189,15530.129121485355,0.3616384916666667,1.1026894965376721,4.367695921386201,1.6163076454384495,1.1169606309278834
3-way,sniper_hold_percent >= 6.89 AND dev_hold_percent <= 0 AND vol_24h <= 2.739e+04,sniper_hold_percent + dev_hold_percent + vol_24h,22,19,3,86.36363636363636,13.636363636363635,75.13661202185791,1.149421487603306,66.66458812053,95.25108273576373,16722.497007115657,0.28596904999999995,1.2105284558120815,4.3627499125999725,2.1342280007120134,1.2259896133913886
2-way,vol_1h >= 3.66e+04 AND dev_hold_percent <= 0,vol_1h + dev_hold_percent,120,98,22,81.66666666666667,18.333333333333336,75.13661202185791,1.086909090909091,73.79892641067633,87.56978975578146,17199.000934332966,0.5913823249999999,0.8339061634918608,4.346809546227153,1.5692131688322073,1.202571157919711
3-way,bundle_hold_percent >= 41.14 AND holders <= 118 AND market_cap <= 2.178e+04,bundle_hold_percent + holders + market_cap,26,21,5,80.76923076923077,19.23076923076923,75.13661202185791,1.074965034965035,62.12336384535001,91.49306422821174,17507.87767347356,0.27110129166666663,1.2262141830994755,4.344365745788282,1.3649440239645898,0.9467952390340268
2-way,vol_1h >= 3.66e+04 AND market_cap <= 2.178e+04,vol_1h + market_cap,104,84,20,80.76923076923077,19.23076923076923,75.13661202185791,1.074965034965035,72.15434846683544,87.19195203315714,15971.314856166544,0.5996711083333333,0.8672219665056438,4.338576775957441,1.6267800563614752,1.192311225707262
3-way,chg_24h <= 5.732 AND avg_buy_size_sol >= 1.444 AND market_cap <= 2.178e+04,chg_24h + avg_buy_size_sol + market_cap,56,47,9,83.92857142857143,16.07142857142857,75.13661202185791,1.117012987012987,72.1935455503243,91.30743035941073,15315.379871772635,0.49580556666666675,0.9601549081755357,4.336194729524954,1.837050080976846,1.1225464415401591
3-way,chg_1h <= 5.576 AND avg_buy_size_sol >= 1.444 AND vol_24h <= 2.739e+04,chg_1h + avg_buy_size_sol + vol_24h,45,36,9,80.0,19.999999999999996,75.13661202185791,1.064727272727273,66.17674868607057,89.10399559749101,15757.93029816141,0.38320868333333336,1.0635276554677846,4.335426789645942,1.7348032863307887,1.1264276247484446
3-way,chg_1h <= 5.576 AND avg_buy_size_sol >= 1.444 AND count_buy <= 59,chg_1h + avg_buy_size_sol + count_buy,88,69,19,78.4090909090909,21.590909090909093,75.13661202185791,1.0435537190082644,68.72227423488249,85.71928601668107,20424.907586181038,0.39500945,0.9245656047748163,4.330788423555326,3.2417733238251314,1.3024201444878027
3-way,vol_1h >= 3.66e+04 AND market_cap <= 2.178e+04 AND count_buy <= 59,vol_1h + market_cap + count_buy,83,69,14,83.13253012048193,16.867469879518072,75.13661202185791,1.1064184008762323,73.65568909919546,89.6780127211303,15833.480342714673,0.5807452166666667,0.88276667462172,4.327619940714695,1.5890960215729237,1.1557700874723262
3-way,liq_to_mc >= 0.7982 AND count_buy <= 59 AND vol_24h <= 2.739e+04,liq_to_mc + count_buy + vol_24h,46,36,10,78.26086956521739,21.739130434782606,75.13661202185791,1.0415810276679842,64.42603416081054,87.73922538141925,14511.184219460034,0.407704325,1.0784200102817092,4.3247238122485765,1.7212954938967824,1.0975747876099775
3-way,top10_percent >= 27.13 AND first_call_market_cap <= 1.402e+04 AND avg_buy_size_sol >= 1.444,top10_percent + first_call_market_cap + avg_buy_size_sol,38,33,5,86.8421052631579,13.157894736842103,75.13661202185791,1.1557894736842107,72.67282994850113,94.24621712426857,16144.17393270475,0.4060234583333333,1.0211803381647473,4.323990019483067,2.4219123973460706,1.111424841998918
3-way,sniper_hold_percent >= 6.89 AND market_cap <= 2.178e+04 AND count_buy <= 59,sniper_hold_percent + market_cap + count_buy,36,32,4,88.88888888888889,11.111111111111116,75.13661202185791,1.183030303030303,74.68487098496365,95.59343109125815,16034.396388926107,0.41814672500000005,1.0104521015174075,4.316474864243019,1.6320344293395874,1.2326291836936143
2-way,bundle_hold_percent >= 41.14 AND market_cap <= 2.178e+04,bundle_hold_percent + market_cap,37,29,8,78.37837837837837,21.62162162162162,75.13661202185791,1.0431449631449632,62.80453872612309,88.61362314804441,18209.93419775585,0.29993263333333336,1.1363078144964287,4.311753728318522,1.473657836777192,1.042310778093231
3-way,liq_to_mc >= 0.7982 AND market_cap <= 2.178e+04 AND vol_24h <= 2.739e+04,liq_to_mc + market_cap + vol_24h,51,39,12,76.47058823529412,23.529411764705888,75.13661202185791,1.0177540106951872,63.237511863654206,85.99518740113747,14394.972322972135,0.41906071666666667,1.069807798203234,4.30211881256828,1.8124597610841182,1.106599047452172
3-way,sniper_hold_percent >= 6.89 AND top10_percent >= 27.13 AND count_buy <= 59,sniper_hold_percent + top10_percent + count_buy,28,24,4,85.71428571428571,14.28571428571429,75.13661202185791,1.140779220779221,68.50982695512266,94.3010870692982,18008.870781239326,0.31137079166666665,1.116935002054564,4.290528344013637,2.142223931559855,1.1074890762581138
2-way,first_call_market_cap <= 1.402e+04 AND chg_1h <= 5.576,first_call_market_cap + chg_1h,87,70,17,80.45977011494253,19.54022988505747,75.13661202185791,1.070846394984326,70.91659220053535,87.42672187583496,15318.047772847829,0.5909873166666666,0.894848671429527,4.290387737406266,1.619524780522023,1.1186652583318737
3-way,first_call_market_cap <= 1.402e+04 AND chg_24h <= 5.732 AND chg_1h <= 5.576,first_call_market_cap + chg_24h + chg_1h,87,70,17,80.45977011494253,19.54022988505747,75.13661202185791,1.070846394984326,70.91659220053535,87.42672187583496,15318.047772847829,0.5909873166666666,0.894848671429527,4.290387737406266,1.619524780522023,1.1186652583318737
3-way,first_call_market_cap <= 1.402e+04 AND chg_24h <= 5.732 AND holders <= 118,first_call_market_cap + chg_24h + holders,51,41,10,80.3921568627451,19.6078431372549,75.13661202185791,1.0699465240641712,67.54165732550454,88.98477516370073,15191.292480481092,0.4417652166666667,1.0142198002162741,4.287735386857124,1.7206064419101221,1.0885505277677832
3-way,first_call_market_cap <= 1.402e+04 AND chg_1h <= 5.576 AND vol_24h <= 2.739e+04,first_call_market_cap + chg_1h + vol_24h,43,36,7,83.72093023255815,16.279069767441857,75.13661202185791,1.1142494714587738,70.02730466408175,91.88347549714247,15176.930935398745,0.4417652166666667,1.014749526586635,4.278723139998448,1.4523534197859282,1.0619270974768058
2-way,first_call_market_cap <= 1.402e+04 AND chg_24h <= 5.732,first_call_market_cap + chg_24h,100,78,22,78.0,21.999999999999996,75.13661202185791,1.038109090909091,68.92946528499971,84.9988254963442,15297.904862318595,0.5965795666666667,0.8923955670476511,4.275465880400516,1.7590506962991932,1.108548385121615
3-way,total_buy >= 119.5 AND first_call_market_cap <= 1.402e+04 AND market_cap <= 2.178e+04,total_buy + first_call_market_cap + market_cap,27,22,5,81.48148148148148,18.518518518518523,75.13661202185791,1.0844444444444445,63.30094349480825,91.81941342571469,15990.215027621482,0.3085075,1.1825330089513701,4.2731902467091105,1.6582845705568028,1.358449382670857
3-way,chg_1h <= 5.576 AND avg_buy_size_sol >= 1.444 AND market_cap <= 2.178e+04,chg_1h + avg_buy_size_sol + market_cap,55,45,10,81.81818181818183,18.181818181818176,75.13661202185791,1.0889256198347108,69.66928866143076,89.8124385519693,15570.925813571193,0.4715003833333334,0.971913461548866,4.2601966197738745,1.8385169443844658,1.168164027876151
3-way,first_call_market_cap <= 1.402e+04 AND chg_1h <= 5.576 AND market_cap <= 2.178e+04,first_call_market_cap + chg_1h + market_cap,86,69,17,80.23255813953489,19.76744186046512,75.13661202185791,1.0678224101479916,70.60389309236785,87.27575286229009,15297.904862318595,0.5965795666666667,0.8923955670476511,4.255653098378467,1.6162131877889463,1.108548385121615
3-way,top10_percent >= 27.13 AND chg_1h <= 5.576 AND market_cap <= 2.178e+04,top10_percent + chg_1h + market_cap,27,24,3,88.88888888888889,11.111111111111116,75.13661202185791,1.183030303030303,71.94181745602704,96.14803521050128,15318.047772847829,0.38358585,1.0785101228163219,4.251593581122091,1.511183406583883,1.0885505277677832
3-way,top10_percent >= 27.13 AND chg_24h <= 5.732 AND count_buy <= 59,top10_percent + chg_24h + count_buy,21,18,3,85.71428571428571,14.28571428571429,75.13661202185791,1.140779220779221,65.36350585077048,95.0190782017865,15203.344296280724,0.3112231833333333,1.2043808445334352,4.246884122462235,1.8018518145162414,1.1264276247484446
3-way,first_call_market_cap <= 1.402e+04 AND chg_24h <= 5.732 AND market_cap <= 2.178e+04,first_call_market_cap + chg_24h + market_cap,99,77,22,77.77777777777779,22.22222222222222,75.13661202185791,1.0351515151515152,68.63829656761376,84.84200712272167,15277.761951789364,0.6021718166666666,0.8900035304731306,4.242690346983019,1.7575833118621482,1.0984315119113561
2-way,vol_1h >= 3.66e+04 AND holders <= 118,vol_1h + holders,34,28,6,82.35294117647058,17.647058823529417,75.13661202185791,1.0960427807486632,66.48593225994784,91.65114439643031,16734.312982354164,0.34589185833333336,1.0885564577425169,4.2419015826039415,5.435595885424481,1.0272805048192053
3-way,top10_percent >= 27.13 AND first_call_market_cap <= 1.402e+04 AND dev_hold_percent <= 0,top10_percent + first_call_market_cap + dev_hold_percent,45,37,8,82.22222222222221,17.777777777777782,75.13661202185791,1.0943030303030303,68.66989315634586,90.70572107414617,16019.24917936483,0.41759501666666665,1.011587864446448,4.238243486899781,1.8480899203604764,1.1342991562300526
2-way,sniper_hold_percent >= 6.89 AND dev_hold_percent <= 0,sniper_hold_percent + dev_hold_percent,28,23,5,82.14285714285714,17.85714285714286,75.13661202185791,1.0932467532467534,64.4082084514089,92.12161417056988,17621.6546822432,0.30132498333333335,1.1488055423329175,4.229080878985454,2.5356658873724354,1.3925504216484488
3-way,top10_percent >= 27.13 AND chg_24h <= 5.732 AND dev_hold_percent <= 0,top10_percent + chg_24h + dev_hold_percent,20,18,2,90.0,9.999999999999998,75.13661202185791,1.197818181818182,69.89617935882066,97.21341060158467,15184.11170793992,0.33518909166666666,1.1589704352468337,4.226515223186443,1.6542964040249621,1.0306158396727603
2-way,total_buy >= 119.5 AND avg_buy_size_sol >= 1.444,total_buy + avg_buy_size_sol,47,37,10,78.72340425531915,21.276595744680847,75.13661202185791,1.0477369439071569,65.09569794902073,88.01041987575269,23295.02918898168,0.2996644,1.0349641195416877,4.197814796343325,1.5777187952198206,1.1013699249755124
2-way,liq_to_mc >= 0.7982 AND count_buy <= 59,liq_to_mc + count_buy,61,48,13,78.68852459016394,21.311475409836067,75.13661202185791,1.0472727272727274,66.87734610328795,87.10034722938738,14308.608084829591,0.5342858166666667,0.970063327748075,4.192841942176946,1.7056050622077454,1.1264276247484446
2-way,bundle_hold_percent >= 41.14 AND vol_24h <= 2.739e+04,bundle_hold_percent + vol_24h,38,27,11,71.05263157894737,28.947368421052634,75.13661202185791,0.9456459330143541,55.24256173381023,82.99689373634386,19771.23855457374,0.25791145833333334,1.2084779817954767,4.186689998089332,3.198377308438546,0.9884637952477865
2-way,vol_1h >= 3.66e+04 AND chg_24h <= 5.732,vol_1h + chg_24h,42,36,6,85.71428571428571,14.28571428571429,75.13661202185791,1.140779220779221,72.15861764782122,93.28412431581008,15759.33428999626,0.4638793166666667,0.9723788071477153,4.172184714360797,4.843328158865964,1.0480053460053438
3-way,chg_24h <= 5.732 AND avg_buy_size_sol >= 1.444 AND vol_24h <= 2.739e+04,chg_24h + avg_buy_size_sol + vol_24h,46,36,10,78.26086956521739,21.739130434782606,75.13661202185791,1.0415810276679842,64.42603416081054,87.73922538141925,15673.52845211344,0.40455256666666667,1.0387955662935109,4.1658202544241005,1.8618629517873502,1.1225464415401591
3-way,first_call_market_cap <= 1.402e+04 AND chg_24h <= 5.732 AND dev_hold_percent <= 0,first_call_market_cap + chg_24h + dev_hold_percent,78,63,15,80.76923076923077,19.23076923076923,75.13661202185791,1.074965034965035,70.66498081657022,87.98489895117626,15297.904862318595,0.6070740916666666,0.886578559318315,4.164262741103207,1.6659551497858962,1.0934910198395698
3-way,first_call_market_cap <= 1.402e+04 AND chg_1h <= 5.576 AND dev_hold_percent <= 0,first_call_market_cap + chg_1h + dev_hold_percent,69,57,12,82.6086956521739,17.391304347826086,75.13661202185791,1.0994466403162055,72.01615375755637,89.76173140696501,15318.047772847829,0.6021718166666666,0.8885396076848482,4.150363016561547,1.521666037298612,1.0984315119113561
3-way,chg_24h <= 5.732 AND avg_buy_size_sol >= 1.444 AND dev_hold_percent <= 0,chg_24h + avg_buy_size_sol + dev_hold_percent,45,37,8,82.22222222222221,17.777777777777782,75.13661202185791,1.0943030303030303,68.66989315634586,90.70572107414617,15253.55285683091,0.46458513333333334,0.989614346402687,4.1461811727831455,1.9178500853650635,1.107493637107322
2-way,liq_to_mc >= 0.7982 AND market_cap <= 2.178e+04,liq_to_mc + market_cap,70,55,15,78.57142857142857,21.42857142857143,75.13661202185791,1.0457142857142858,67.60859281841938,86.56141433202156,14171.008086091588,0.6084849916666666,0.9300177445876341,4.14559617315169,1.726192160150887,1.1225464415401591
3-way,vol_1h >= 3.66e+04 AND avg_buy_size_sol >= 1.444 AND dev_hold_percent <= 0,vol_1h + avg_buy_size_sol + dev_hold_percent,69,58,11,84.05797101449275,15.94202898550725,75.13661202185791,1.1187351778656127,73.66529959201307,90.85826935759813,18466.944679064214,0.4878399666666667,0.872004420694972,4.144585633302796,1.552652220232458,1.3251543102641101
2-way,top10_percent >= 27.13 AND bundle_hold_percent >= 41.14,top10_percent + bundle_hold_percent,37,27,10,72.97297297297297,27.027027027027028,75.13661202185791,0.9712039312039312,57.02152452607867,84.60270175300933,20063.379124933534,0.27008221666666665,1.167139951899025,4.123316348199324,3.2111548103625895,1.1600261584352216
3-way,first_call_market_cap <= 1.402e+04 AND chg_24h <= 5.732 AND count_buy <= 59,first_call_market_cap + chg_24h + count_buy,80,63,17,78.75,21.250000000000004,75.13661202185791,1.0480909090909092,68.57763938182242,86.28772578296451,15265.657404310135,0.5965795666666667,0.8935698618240854,4.115588172511883,1.7747286865257024,1.0934910198395698
3-way,top10_percent >= 27.13 AND chg_1h <= 5.576 AND count_buy <= 59,top10_percent + chg_1h + count_buy,23,19,4,82.6086956521739,17.391304347826086,75.13661202185791,1.0994466403162055,62.86194521470434,93.02145964938722,15672.236568799419,0.31634011666666667,1.1772120885320143,4.113297472542501,1.7751539126713836,1.1908419687120297
3-way,vol_to_mc >= 2.658 AND vol_1h >= 3.66e+04 AND market_cap <= 2.178e+04,vol_to_mc + vol_1h + market_cap,59,51,8,86.4406779661017,13.559322033898303,75.13661202185791,1.150446841294299,75.46010154508225,92.96590925031444,15558.817766727776,0.62159935,0.8695292728537434,4.0957661406305705,1.4395025035704339,1.0286676849343155
2-way,liq_to_mc >= 0.7982 AND avg_buy_size_sol >= 1.444,liq_to_mc + avg_buy_size_sol,33,27,6,81.81818181818183,18.181818181818176,75.13661202185791,1.0889256198347108,65.61143295070478,91.38934877430174,14533.732235646004,0.41906071666666667,1.0641674600812498,4.0863437938979486,1.701208726774621,1.1264276247484446
3-way,first_call_market_cap <= 1.402e+04 AND chg_24h <= 5.732 AND vol_24h <= 2.739e+04,first_call_market_cap + chg_24h + vol_24h,50,40,10,80.0,19.999999999999996,75.13661202185791,1.064727272727273,66.96262789551477,88.7563700540261,15140.51053503963,0.48844115833333335,0.9726727588622446,4.07192135246632,1.6615687048315402,1.071350246480954
3-way,first_call_market_cap <= 1.402e+04 AND chg_1h <= 5.576 AND count_buy <= 59,first_call_market_cap + chg_1h + count_buy,68,55,13,80.88235294117648,19.11764705882353,75.13661202185791,1.0764705882352943,69.98913522432758,88.47281439817526,15309.819481784089,0.5965795666666667,0.8919629463822151,4.065469992376538,1.6676488973895927,1.108548385121615
2-way,vol_to_mc >= 2.658 AND vol_1h >= 3.66e+04,vol_to_mc + vol_1h,72,59,13,81.94444444444444,18.055555555555557,75.13661202185791,1.0906060606060606,71.51944298987885,89.13328585550414,15812.302940066773,0.6066883416666666,0.8687045279700627,4.064843156184074,1.5492169974301926,1.0845708981176223
3-way,top10_percent >= 27.13 AND chg_1h <= 5.576 AND dev_hold_percent <= 0,top10_percent + chg_1h + dev_hold_percent,20,18,2,90.0,9.999999999999998,75.13661202185791,1.197818181818182,69.89617935882066,97.21341060158467,15254.67012666446,0.3616384916666667,1.1125774902487287,4.057330158304972,1.4658181447464416,1.0306158396727603
3-way,total_buy >= 119.5 AND avg_buy_size_sol >= 1.444 AND dev_hold_percent <= 0,total_buy + avg_buy_size_sol + dev_hold_percent,36,29,7,80.55555555555556,19.444444444444443,75.13661202185791,1.0721212121212123,64.9716379364848,90.24702798054665,21971.542473843114,0.30389720833333334,1.0476234143901153,4.055708198893126,1.5344999467795744,1.0834317703353424
3-way,liq_to_mc >= 0.7982 AND market_cap <= 2.178e+04 AND count_buy <= 59,liq_to_mc + market_cap + count_buy,58,46,12,79.3103448275862,20.68965517241379,75.13661202185791,1.055548589341693,67.23053695067634,87.74863564511679,14242.920727681012,0.5844232916666667,0.9405708055715258,4.048253332470874,1.6417110885587525,1.1410988561103854
3-way,vol_1h >= 3.66e+04 AND holders <= 118 AND avg_buy_size_sol >= 1.444,vol_1h + holders + avg_buy_size_sol,20,19,1,95.0,5.000000000000004,75.13661202185791,1.2643636363636364,76.38641064874331,99.11187805671267,17375.47422523458,0.361593,1.0446032735358406,4.021078563777031,8.045477989624924,1.0382392550221977
2-way,first_call_market_cap <= 1.402e+04 AND vol_1h >= 3.66e+04,first_call_market_cap + vol_1h,76,60,16,78.94736842105263,21.052631578947366,75.13661202185791,1.0507177033492825,68.50414943195868,86.60496661781988,16184.07881288488,0.5761967916666666,0.8738601234118203,3.9883965737184295,1.7622596232084617,1.317278294244769
2-way,bundle_hold_percent >= 41.14 AND count_buy <= 59,bundle_hold_percent + count_buy,32,24,8,75.0,25.0,75.13661202185791,0.9981818181818183,57.89310822975337,86.74775601737845,19631.13928352025,0.2838332416666667,1.140462618363474,3.980385921098334,3.1770648569351145,1.001856927010028
3-way,first_call_market_cap <= 1.402e+04 AND vol_1h >= 3.66e+04 AND dev_hold_percent <= 0,first_call_market_cap + vol_1h + dev_hold_percent,60,50,10,83.33333333333334,16.666666666666664,75.13661202185791,1.1090909090909091,71.96814850279219,90.68692279867896,16006.715425731963,0.5917297333333333,0.8705370566136545,3.9690681829722463,1.5301291436721156,1.2189784872554577
3-way,top10_percent >= 27.13 AND bundle_hold_percent >= 41.14 AND holders <= 118,top10_percent + bundle_hold_percent + holders,27,20,7,74.07407407407408,25.92592592592593,75.13661202185791,0.9858585858585859,55.32106959738432,86.82979157713321,18775.14468920478,0.2660776833333333,1.2074092848612343,3.966439022919812,3.6370501942216547,1.0
3-way,liq_to_mc >= 0.7982 AND avg_buy_size_sol >= 1.444 AND count_buy <= 59,liq_to_mc + avg_buy_size_sol + count_buy,31,25,6,80.64516129032258,19.354838709677423,75.13661202185791,1.0733137829912023,63.71939644454012,90.81311641365237,14533.732235646004,0.41906071666666667,1.0641674600812498,3.9585136496073026,1.750665125951502,1.1557700874723262
3-way,liq_to_mc >= 0.7982 AND dev_hold_percent <= 0 AND market_cap <= 2.178e+04,liq_to_mc + dev_hold_percent + market_cap,55,44,11,80.0,19.999999999999996,75.13661202185791,1.064727272727273,67.63486849309407,88.44790287954027,14278.98648074055,0.6119763666666667,0.9235975392635389,3.9584482889931403,1.6156400485576987,1.106599047452172
2-way,liq_to_mc >= 0.7982 AND dev_hold_percent <= 0,liq_to_mc + dev_hold_percent,57,45,12,78.94736842105263,21.052631578947366,75.13661202185791,1.0507177033492825,66.71363132153347,87.5255734331081,14308.608084829591,0.6049936166666666,0.9261506607417078,3.9513100582579272,1.6975674036715698,1.106599047452172
2-way,bundle_hold_percent >= 41.14 AND first_call_market_cap <= 1.402e+04,bundle_hold_percent + first_call_market_cap,24,18,6,75.0,25.0,75.13661202185791,0.9981818181818183,55.10017468789356,88.00079652065767,19089.004666671884,0.25598784166666666,1.2296994251855629,3.9510529338539784,1.7921386220985107,0.9159821262543617
2-way,vol_to_mc >= 2.658 AND market_cap <= 2.178e+04,vol_to_mc + market_cap,60,51,9,85.0,15.000000000000002,75.13661202185791,1.1312727272727274,73.88517410884039,91.90265075770431,15538.74053287205,0.665494475,0.8489340906375965,3.947984532365807,1.516799645575541,1.0291002183800853
3-way,vol_to_mc >= 2.658 AND market_cap <= 2.178e+04 AND count_buy <= 59,vol_to_mc + market_cap + count_buy,51,43,8,84.31372549019608,15.686274509803921,75.13661202185791,1.1221390374331552,71.98929160164018,91.83087411197867,15518.663299016325,0.5909873166666666,0.8876717875176363,3.9357989596373115,1.5302861852742342,1.0295327518258548
3-way,sniper_hold_percent >= 6.89 AND dev_hold_percent <= 0 AND market_cap <= 2.178e+04,sniper_hold_percent + dev_hold_percent + market_cap,21,18,3,85.71428571428571,14.28571428571429,75.13661202185791,1.140779220779221,65.36350585077048,95.0190782017865,16064.58777806429,0.34251871666666667,1.1154579588475702,3.933324509606452,2.0462987477209404,1.3634286990149938
3-way,vol_to_mc >= 2.658 AND vol_1h >= 3.66e+04 AND count_buy <= 59,vol_to_mc + vol_1h + count_buy,62,50,12,80.64516129032258,19.354838709677423,75.13661202185791,1.0733137829912023,69.14796824829172,88.56630357985338,15759.33428999626,0.5858662666666666,0.8822721664317017,3.923361633487113,1.5578444624976087,1.0845708981176223
3-way,top10_percent >= 27.13 AND bundle_hold_percent >= 41.14 AND avg_buy_size_sol >= 1.444,top10_percent + bundle_hold_percent + avg_buy_size_sol,22,18,4,81.81818181818183,18.181818181818176,75.13661202185791,1.0889256198347108,61.48297802336214,92.69323397589488,21711.309497051436,0.2667503333333333,1.14425197923478,3.906842397795209,4.08655635172746,0.9879017779866464
3-way,first_call_market_cap <= 1.402e+04 AND vol_1h >= 3.66e+04 AND count_buy <= 59,first_call_market_cap + vol_1h + count_buy,59,48,11,81.35593220338984,18.644067796610166,75.13661202185791,1.082773497688752,69.62080757461749,89.25738776095642,16013.169867471632,0.5762524333333333,0.8794347489043344,3.89875215032818,1.6713139089400293,1.2164584235383729
2-way,vol_1h >= 3.66e+04 AND avg_buy_size_sol >= 1.444,vol_1h + avg_buy_size_sol,113,89,24,78.76106194690266,21.238938053097346,75.13661202185791,1.048238133547868,70.3392237873653,85.29164740919484,24927.224172032653,0.45389698333333334,0.7834298996451943,3.8894660795731486,3.1084428409469567,1.3354801980455113
3-way,liq_to_mc >= 0.7982 AND avg_buy_size_sol >= 1.444 AND vol_24h <= 2.739e+04,liq_to_mc + avg_buy_size_sol + vol_24h,26,20,6,76.92307692307693,23.076923076923073,75.13661202185791,1.023776223776224,57.94807424804321,88.96630031632333,14619.335577058962,0.35184736666666666,1.152251801684749,3.8879273619300054,1.8521777110401092,1.1130794477195978
3-way,vol_1h >= 3.66e+04 AND holders <= 118 AND market_cap <= 2.178e+04,vol_1h + holders + market_cap,23,19,4,82.6086956521739,17.391304347826086,75.13661202185791,1.0994466403162055,62.86194521470434,93.02145964938722,15844.755787694266,0.3494363166666667,1.1112000447793198,3.8826447504285806,1.4862873269724672,1.0454255066703877
2-way,vol_to_mc >= 2.658 AND count_buy <= 59,vol_to_mc + count_buy,63,50,13,79.36507936507937,20.63492063492064,75.13661202185791,1.0562770562770563,67.82995165388411,87.52479748437707,15724.485488880442,0.5909873166666666,0.8804989573112244,3.8679727329372526,1.629582344424264,1.1013699249755124
3-way,liq_to_mc >= 0.7982 AND dev_hold_percent <= 0 AND vol_24h <= 2.739e+04,liq_to_mc + dev_hold_percent + vol_24h,41,33,8,80.48780487804879,19.512195121951216,75.13661202185791,1.071219512195122,65.9861176474433,89.76568425079408,14526.852085019453,0.52910875,0.9648106437112949,3.8629712064145827,1.627404654846326,1.0694640151988701
3-way,first_call_market_cap <= 1.402e+04 AND chg_1h <= 5.576 AND avg_buy_size_sol >= 1.444,first_call_market_cap + chg_1h + avg_buy_size_sol,34,30,4,88.23529411764706,11.764705882352944,75.13661202185791,1.174331550802139,73.37882520370123,95.32862902656389,15234.527216135228,0.5494850333333334,0.9235480494038053,3.8559584752084306,1.3844613964660641,1.0846619616264426
3-way,vol_1h >= 3.66e+04 AND chg_24h <= 5.732 AND count_buy <= 59,vol_1h + chg_24h + count_buy,35,29,6,82.85714285714286,17.14285714285714,75.13661202185791,1.1027532467532468,67.31739236041119,91.89747005514327,15794.18309111208,0.461098,0.9737985154414592,3.848195764421469,5.548632924522354,1.0673430070763723
3-way,bundle_hold_percent >= 41.14 AND dev_hold_percent <= 0 AND market_cap <= 2.178e+04,bundle_hold_percent + dev_hold_percent + market_cap,21,16,5,76.19047619047619,23.809523809523814,75.13661202185791,1.014025974025974,54.90841802765406,89.37214361088773,17556.83271627558,0.27008221666666665,1.2276537775238712,3.8479547279870583,1.5485088450259201,0.976927590495573
3-way,bundle_hold_percent >= 41.14 AND holders <= 118 AND vol_24h <= 2.739e+04,bundle_hold_percent + holders + vol_24h,28,20,8,71.42857142857143,28.57142857142857,75.13661202185791,0.9506493506493507,52.9403642629825,84.74618415167004,18841.05759898103,0.26807994999999996,1.200189688569563,3.8419483284825406,3.7992445018905916,0.9807015379634125
3-way,liq_to_mc >= 0.7982 AND dev_hold_percent <= 0 AND count_buy <= 59,liq_to_mc + dev_hold_percent + count_buy,46,37,9,80.43478260869566,19.565217391304344,75.13661202185791,1.070513833992095,66.8284622588308,89.3495095558782,14453.649549869511,0.5844232916666667,0.9318656512860912,3.840811267613094,1.5819188672039082,1.1126321528920229
2-way,chg_24h <= 5.732 AND liquidity >= 1.607e+04,chg_24h + liquidity,22,18,4,81.81818181818183,18.181818181818176,75.13661202185791,1.0889256198347108,61.48297802336214,92.69323397589488,16820.569815269173,0.3252914416666667,1.1227049123199286,3.8332738166620848,1.6707670278061426,1.3114401491629764
3-way,chg_24h <= 5.732 AND holders <= 118 AND liquidity >= 1.607e+04,chg_24h + holders + liquidity,22,18,4,81.81818181818183,18.181818181818176,75.13661202185791,1.0889256198347108,61.48297802336214,92.69323397589488,16820.569815269173,0.3252914416666667,1.1227049123199286,3.8332738166620848,1.6707670278061426,1.3114401491629764
3-way,chg_24h <= 5.732 AND chg_1h <= 5.576 AND liquidity >= 1.607e+04,chg_24h + chg_1h + liquidity,22,18,4,81.81818181818183,18.181818181818176,75.13661202185791,1.0889256198347108,61.48297802336214,92.69323397589488,16820.569815269173,0.3252914416666667,1.1227049123199286,3.8332738166620848,1.6707670278061426,1.3114401491629764
3-way,liq_to_mc >= 0.7982 AND avg_buy_size_sol >= 1.444 AND market_cap <= 2.178e+04,liq_to_mc + avg_buy_size_sol + market_cap,32,26,6,81.25,18.75,75.13661202185791,1.0813636363636365,64.69050424507756,91.11057606383723,14511.184219460034,0.46958573333333337,1.0135346225724142,3.832170486824441,1.7229468882910062,1.1410988561103854
3-way,holders <= 118 AND chg_1h <= 5.576 AND liquidity >= 1.607e+04,holders + chg_1h + liquidity,23,19,4,82.6086956521739,17.391304347826086,75.13661202185791,1.0994466403162055,62.86194521470434,93.02145964938722,16968.528120841595,0.3378156666666667,1.0954170473896296,3.827497369676559,1.6396311709978628,1.2990763904440266
3-way,first_call_market_cap <= 1.402e+04 AND chg_24h <= 5.732 AND avg_buy_size_sol >= 1.444,first_call_market_cap + chg_24h + avg_buy_size_sol,37,32,5,86.48648648648648,13.513513513513509,75.13661202185791,1.1510565110565112,72.02227252929444,94.08679273749237,15253.55285683091,0.56979505,0.9098296450573925,3.809517895052429,1.5365887047402231,1.080773395485102
3-way,bundle_hold_percent >= 41.14 AND dev_hold_percent <= 0 AND vol_24h <= 2.739e+04,bundle_hold_percent + dev_hold_percent + vol_24h,23,17,6,73.91304347826086,26.086956521739136,75.13661202185791,0.9837154150197629,53.52960945624944,87.45155411075103,20063.379124933534,0.2557416,1.208818961182114,3.779131374340533,4.254928890565783,0.976927590495573
3-way,liq_to_mc >= 0.7982 AND avg_buy_size_sol >= 1.444 AND dev_hold_percent <= 0,liq_to_mc + avg_buy_size_sol + dev_hold_percent,28,24,4,85.71428571428571,14.28571428571429,75.13661202185791,1.140779220779221,68.50982695512266,94.3010870692982,14821.909631069153,0.4914568416666667,0.9822242685265323,3.7730584649412533,1.5180566052682019,1.1130794477195978
3-way,first_call_market_cap <= 1.402e+04 AND vol_1h >= 3.66e+04 AND market_cap <= 2.178e+04,first_call_market_cap + vol_1h + market_cap,63,49,14,77.77777777777779,22.22222222222222,75.13661202185791,1.0351515151515152,66.08748439801619,86.27511613817686,15962.633277893727,0.5909873166666666,0.8724304223742417,3.755877637294017,1.805172489508994,1.3358193659915347
3-way,vol_to_mc >= 2.658 AND dev_hold_percent <= 0 AND market_cap <= 2.178e+04,vol_to_mc + dev_hold_percent + market_cap,47,41,6,87.2340425531915,12.765957446808507,75.13661202185791,1.1610058027079304,74.82578662713098,94.01547721979753,15518.663299016325,0.7093896,0.8309768831043381,3.7348146630575263,1.4335917543961665,1.016544150969708
3-way,chg_1h <= 5.576 AND avg_buy_size_sol >= 1.444 AND dev_hold_percent <= 0,chg_1h + avg_buy_size_sol + dev_hold_percent,49,39,10,79.59183673469387,20.408163265306122,75.13661202185791,1.0592949907235623,66.36272988905617,88.51827295718618,15683.184727092745,0.5638529666666667,0.8982695827571625,3.7224169104464853,1.8062213913931715,1.107493637107322
2-way,chg_1h <= 5.576 AND liquidity >= 1.607e+04,chg_1h + liquidity,32,26,6,81.25,18.75,75.13661202185791,1.0813636363636365,64.69050424507756,91.11057606383723,20140.802993929574,0.3570977833333333,0.9843929350047348,3.72198587887323,1.6586351285051248,1.2662195275443642
3-way,vol_1h >= 3.66e+04 AND holders <= 118 AND dev_hold_percent <= 0,vol_1h + holders + dev_hold_percent,24,19,5,79.16666666666666,20.833333333333336,75.13661202185791,1.0536363636363637,59.52915551476453,90.75531089521192,15903.694532793997,0.35804854166666666,1.0953927637176732,3.7150515257446717,1.4948997017028847,1.0877985396329168
3-way,vol_to_mc >= 2.658 AND dev_hold_percent <= 0 AND count_buy <= 59,vol_to_mc + dev_hold_percent + count_buy,45,37,8,82.22222222222221,17.777777777777782,75.13661202185791,1.0943030303030303,68.66989315634586,90.70572107414617,15617.033068691095,0.5909873166666666,0.884220048716312,3.704611328556033,1.488019807200296,1.1013699249755124
2-way,vol_to_mc >= 2.658 AND dev_hold_percent <= 0,vol_to_mc + dev_hold_percent,55,46,9,83.63636363636363,16.36363636363637,75.13661202185791,1.1131239669421487,71.73600361268822,91.14467944147754,15652.85614445088,0.7093896,0.8262789095496126,3.7023206696892164,1.4894210629842806,1.1013699249755124
3-way,vol_to_mc >= 2.658 AND vol_1h >= 3.66e+04 AND dev_hold_percent <= 0,vol_to_mc + vol_1h + dev_hold_percent,55,46,9,83.63636363636363,16.36363636363637,75.13661202185791,1.1131239669421487,71.73600361268822,91.14467944147754,15652.85614445088,0.7093896,0.8262789095496126,3.7023206696892164,1.4894210629842806,1.1013699249755124
2-way,holders <= 118 AND liquidity >= 1.607e+04,holders + liquidity,32,26,6,81.25,18.75,75.13661202185791,1.0813636363636365,64.69050424507756,91.11057606383723,20140.802993929574,0.361172925,0.9780500432824368,3.698003429810345,2.633097607386398,1.2662195275443642
3-way,chg_1h <= 5.576 AND dev_hold_percent <= 0 AND liquidity >= 1.607e+04,chg_1h + dev_hold_percent + liquidity,23,19,4,82.6086956521739,17.391304347826086,75.13661202185791,1.0994466403162055,62.86194521470434,93.02145964938722,17410.182538925033,0.3530257333333333,1.0571005135419855,3.693615545519758,1.579829799991566,1.207622546691149
3-way,top10_percent >= 27.13 AND vol_1h >= 3.66e+04 AND count_buy <= 59,top10_percent + vol_1h + count_buy,26,24,2,92.3076923076923,7.692307692307687,75.13661202185791,1.2285314685314688,75.85805251948496,97.86453608166245,20564.94721312132,0.4083980583333333,0.9050697262976846,3.6646628955742884,1.7524874104918395,1.2964526899885698
3-way,chg_24h <= 5.732 AND count_buy <= 59 AND liquidity >= 1.607e+04,chg_24h + count_buy + liquidity,21,17,4,80.95238095238095,19.047619047619047,75.13661202185791,1.0774025974025976,59.9990134607267,92.3325593848227,16968.528120841595,0.3378156666666667,1.0954170473896296,3.6480642906238683,1.7058914585000287,1.3238039078819264
3-way,vol_to_mc >= 2.658 AND first_call_market_cap <= 1.402e+04 AND count_buy <= 59,vol_to_mc + first_call_market_cap + count_buy,36,30,6,83.33333333333334,16.666666666666664,75.13661202185791,1.1090909090909091,68.10888526532568,92.1296593714359,15687.192697280061,0.5466637416666666,0.9093258623142724,3.641701158624309,1.5339848662622446,1.134935585967889
2-way,vol_to_mc >= 2.658 AND first_call_market_cap <= 1.402e+04,vol_to_mc + first_call_market_cap,41,34,7,82.92682926829268,17.07317073170732,75.13661202185791,1.1036807095343681,68.73709004537022,91.4748560047261,15721.52925010924,0.5909873166666666,0.8806006517928316,3.6326483986401668,1.542121493735802,1.1342991562300526
3-way,vol_to_mc >= 2.658 AND first_call_market_cap <= 1.402e+04 AND vol_1h >= 3.66e+04,vol_to_mc + first_call_market_cap + vol_1h,41,34,7,82.92682926829268,17.07317073170732,75.13661202185791,1.1036807095343681,68.73709004537022,91.4748560047261,15721.52925010924,0.5909873166666666,0.8806006517928316,3.6326483986401668,1.542121493735802,1.1342991562300526
3-way,top10_percent >= 27.13 AND chg_1h <= 5.576 AND avg_buy_size_sol >= 1.444,top10_percent + chg_1h + avg_buy_size_sol,20,17,3,85.0,15.000000000000002,75.13661202185791,1.1312727272727274,63.95767041130426,94.7632208040504,15546.23195194442,0.40059043333333333,1.048146288440762,3.6100099355147792,1.6773042787077959,1.1754340635736256
3-way,vol_1h >= 3.66e+04 AND chg_24h <= 5.732 AND market_cap <= 2.178e+04,vol_1h + chg_24h + market_cap,34,29,5,85.29411764705883,14.70588235294118,75.13661202185791,1.1351871657754011,69.87161182594804,93.55065361737358,15544.79455629376,0.5835642333333333,0.8910713983125094,3.5963512334903514,1.6542147763524944,1.048219778097024
2-way,first_call_market_cap <= 1.402e+04 AND liq_to_mc >= 0.7982,first_call_market_cap + liq_to_mc,50,38,12,76.0,24.0,75.13661202185791,1.0114909090909092,62.58705062480764,85.70274759812779,14171.008086091588,0.6762314166666666,0.8969664788910247,3.567240963969626,1.7715102580268762,1.0790072714833268
3-way,first_call_market_cap <= 1.402e+04 AND liq_to_mc >= 0.7982 AND market_cap <= 2.178e+04,first_call_market_cap + liq_to_mc + market_cap,50,38,12,76.0,24.0,75.13661202185791,1.0114909090909092,62.58705062480764,85.70274759812779,14171.008086091588,0.6762314166666666,0.8969664788910247,3.567240963969626,1.7715102580268762,1.0790072714833268
3-way,vol_1h >= 3.66e+04 AND avg_buy_size_sol >= 1.444 AND count_buy <= 59,vol_1h + avg_buy_size_sol + count_buy,87,69,18,79.3103448275862,20.68965517241379,75.13661202185791,1.055548589341693,69.6489313921971,86.49274819072527,24774.05040291266,0.4878399666666667,0.7547667566867717,3.5670628329324434,3.5259697235221736,1.2990763904440266
3-way,holders <= 118 AND count_buy <= 59 AND liquidity >= 1.607e+04,holders + count_buy + liquidity,28,22,6,78.57142857142857,21.42857142857143,75.13661202185791,1.0457142857142858,60.46105292072612,89.78767829881058,18918.250769773615,0.3570977833333333,1.011678865664805,3.562353318239164,2.879116049774427,1.3114401491629764
2-way,liq_to_mc >= 0.7982 AND liquidity >= 1.607e+04,liq_to_mc + liquidity,20,16,4,80.0,19.999999999999996,75.13661202185791,1.064727272727273,58.397827797424014,91.93436467288001,16453.921857403213,0.3454207,1.098008056340666,3.559287622239619,1.7076832549409033,1.3114401491629764
3-way,chg_24h <= 5.732 AND liq_to_mc >= 0.7982 AND liquidity >= 1.607e+04,chg_24h + liq_to_mc + liquidity,20,16,4,80.0,19.999999999999996,75.13661202185791,1.064727272727273,58.397827797424014,91.93436467288001,16453.921857403213,0.3454207,1.098008056340666,3.559287622239619,1.7076832549409033,1.3114401491629764
3-way,liq_to_mc >= 0.7982 AND holders <= 118 AND liquidity >= 1.607e+04,liq_to_mc + holders + liquidity,20,16,4,80.0,19.999999999999996,75.13661202185791,1.064727272727273,58.397827797424014,91.93436467288001,16453.921857403213,0.3454207,1.098008056340666,3.559287622239619,1.7076832549409033,1.3114401491629764
3-way,liq_to_mc >= 0.7982 AND chg_1h <= 5.576 AND liquidity >= 1.607e+04,liq_to_mc + chg_1h + liquidity,20,16,4,80.0,19.999999999999996,75.13661202185791,1.064727272727273,58.397827797424014,91.93436467288001,16453.921857403213,0.3454207,1.098008056340666,3.559287622239619,1.7076832549409033,1.3114401491629764
3-way,bundle_hold_percent >= 41.14 AND holders <= 118 AND count_buy <= 59,bundle_hold_percent + holders + count_buy,21,15,6,71.42857142857143,28.57142857142857,75.13661202185791,0.9506493506493507,50.04322617716242,86.1863242543718,18186.340111434478,0.27008221666666665,1.2108874298780177,3.5581896868277068,4.184359284610731,0.9274391872692475
3-way,chg_1h <= 5.576 AND count_buy <= 59 AND liquidity >= 1.607e+04,chg_1h + count_buy + liquidity,31,25,6,80.64516129032258,19.354838709677423,75.13661202185791,1.0733137829912023,63.71939644454012,90.81311641365237,21227.055414295686,0.36116983333333336,0.9564478578459708,3.5578158912431586,1.6820377460944986,1.2990763904440266
3-way,vol_1h >= 3.66e+04 AND chg_24h <= 5.732 AND chg_1h <= 5.576,vol_1h + chg_24h + chg_1h,36,30,6,83.33333333333334,16.666666666666664,75.13661202185791,1.1090909090909091,68.10888526532568,92.1296593714359,15687.192697280061,0.5835642333333333,0.8861054383698954,3.5487071635269167,5.47313846785087,1.0675574391680525
3-way,first_call_market_cap <= 1.402e+04 AND liq_to_mc >= 0.7982 AND chg_1h <= 5.576,first_call_market_cap + liq_to_mc + chg_1h,28,24,4,85.71428571428571,14.28571428571429,75.13661202185791,1.140779220779221,68.50982695512266,94.3010870692982,14613.77227135128,0.5879146666666667,0.9233790147892706,3.547013772451563,1.3367820367058239,1.0528253995683003
2-way,sniper_hold_percent >= 6.89 AND avg_buy_size_sol >= 1.444,sniper_hold_percent + avg_buy_size_sol,27,24,3,88.88888888888889,11.111111111111116,75.13661202185791,1.183030303030303,71.94181745602704,96.14803521050128,23940.454411924646,0.37012325,0.8975955571564274,3.5384104687721156,1.7958529679654656,1.1079679541802028
3-way,first_call_market_cap <= 1.402e+04 AND liq_to_mc >= 0.7982 AND count_buy <= 59,first_call_market_cap + liq_to_mc + count_buy,42,33,9,78.57142857142857,21.42857142857143,75.13661202185791,1.0457142857142858,64.05986210195627,88.29433146894876,14174.763106164148,0.6706399833333334,0.8992825628604725,3.537004841962162,1.6103217733403048,1.0790072714833268
3-way,bundle_hold_percent >= 41.14 AND market_cap <= 2.178e+04 AND vol_24h <= 2.739e+04,bundle_hold_percent + market_cap + vol_24h,24,17,7,70.83333333333334,29.166666666666664,75.13661202185791,0.9427272727272729,50.83193634129031,85.08553966583573,17871.58641385503,0.2940134333333333,1.1586239112089782,3.515869780297545,1.4335721202867084,0.969165333211199
3-way,top10_percent >= 27.13 AND bundle_hold_percent >= 41.14 AND vol_24h <= 2.739e+04,top10_percent + bundle_hold_percent + vol_24h,24,16,8,66.66666666666666,33.333333333333336,75.13661202185791,0.8872727272727273,46.70595949408046,82.02802131162036,20058.385004453266,0.2516294,1.2217524777391358,3.4893504056524662,4.083291434080834,1.4223988551224922
2-way,vol_24h <= 2.739e+04 AND liquidity >= 1.607e+04,vol_24h + liquidity,24,19,5,79.16666666666666,20.833333333333336,75.13661202185791,1.0536363636363637,59.52915551476453,90.75531089521192,18539.73902139784,0.361172925,1.0145134630966481,3.440747386511975,2.9344194374048125,1.3298651412592377
3-way,holders <= 118 AND vol_24h <= 2.739e+04 AND liquidity >= 1.607e+04,holders + vol_24h + liquidity,24,19,5,79.16666666666666,20.833333333333336,75.13661202185791,1.0536363636363637,59.52915551476453,90.75531089521192,18539.73902139784,0.361172925,1.0145134630966481,3.440747386511975,2.9344194374048125,1.3298651412592377
2-way,top10_percent >= 27.13 AND vol_1h >= 3.66e+04,top10_percent + vol_1h,39,34,5,87.17948717948718,12.82051282051282,75.13661202185791,1.1602797202797204,73.29395096236952,94.39726505197169,26043.414550129102,0.4293256166666667,0.7941206090322683,3.3989410473860047,1.8123209423912017,1.40206341126511
3-way,first_call_market_cap <= 1.402e+04 AND chg_24h <= 5.732 AND liq_to_mc >= 0.7982,first_call_market_cap + chg_24h + liq_to_mc,31,25,6,80.64516129032258,19.354838709677423,75.13661202185791,1.0733137829912023,63.71939644454012,90.81311641365237,14586.748679507446,0.6119763666666667,0.9110317866973592,3.388876185513396,1.6714280460624968,1.0541257167248999
3-way,vol_1h >= 3.66e+04 AND chg_1h <= 5.576 AND count_buy <= 59,vol_1h + chg_1h + count_buy,40,32,8,80.0,19.999999999999996,75.13661202185791,1.064727272727273,65.24239261814334,89.50013502683312,16253.040610204105,0.6062933333333334,0.8543360094193881,3.3779945672679728,5.126763764163198,1.1173213002333773
2-way,vol_1h >= 3.66e+04 AND chg_1h <= 5.576,vol_1h + chg_1h,46,38,8,82.6086956521739,17.391304347826086,75.13661202185791,1.0994466403162055,69.27636765607747,90.91431643111075,16165.597665124253,0.74355745,0.7960430007474055,3.369675372488754,4.641711079408873,1.1173213002333773
3-way,bundle_hold_percent >= 41.14 AND count_buy <= 59 AND vol_24h <= 2.739e+04,bundle_hold_percent + count_buy + vol_24h,23,15,8,65.21739130434783,34.78260869565217,75.13661202185791,0.8679841897233203,44.88997690689163,81.18894536301777,18209.93419775585,0.26742298333333336,1.2176726538684268,3.3589505987562687,4.06089492085304,1.042310778093231
3-way,top10_percent >= 27.13 AND vol_1h >= 3.66e+04 AND dev_hold_percent <= 0,top10_percent + vol_1h + dev_hold_percent,21,18,3,85.71428571428571,14.28571428571429,75.13661202185791,1.140779220779221,65.36350585077048,95.0190782017865,18056.045000781312,0.4189849,0.9501090511383701,3.3502716870678246,1.9979342124805075,1.416585964568606
3-way,count_buy <= 59 AND vol_24h <= 2.739e+04 AND liquidity >= 1.607e+04,count_buy + vol_24h + liquidity,23,18,5,78.26086956521739,21.739130434782606,75.13661202185791,1.0415810276679842,58.09611981726508,90.33616439828094,18781.950965983764,0.36117601666666665,1.0085933566398158,3.3386463086848304,3.021430978890476,1.335926374636549
3-way,vol_to_mc >= 2.658 AND first_call_market_cap <= 1.402e+04 AND market_cap <= 2.178e+04,vol_to_mc + first_call_market_cap + market_cap,39,32,7,82.05128205128204,17.948717948717952,75.13661202185791,1.092027972027972,67.33164837555724,91.02284818853,15652.85614445088,0.7093896,0.8262789095496126,3.328548535695561,1.5679205915993533,1.1342991562300526
3-way,top10_percent >= 27.13 AND bundle_hold_percent >= 41.14 AND count_buy <= 59,top10_percent + bundle_hold_percent + count_buy,20,14,6,70.0,30.000000000000004,75.13661202185791,0.9316363636363636,48.102322377102055,85.45247260310062,19395.15657392112,0.27607470833333336,1.1656096970517673,3.3061211393039995,4.363436459422798,0.9160705592850764
3-way,first_call_market_cap <= 1.402e+04 AND liq_to_mc >= 0.7982 AND dev_hold_percent <= 0,first_call_market_cap + liq_to_mc + dev_hold_percent,41,32,9,78.04878048780488,21.95121951219512,75.13661202185791,1.0387583148558759,63.29469790176472,87.99695984461367,14199.344934476354,0.7957850166666667,0.8511705609543521,3.3046998293859433,1.7183834886763458,1.0885505277677832
3-way,first_call_market_cap <= 1.402e+04 AND liq_to_mc >= 0.7982 AND vol_24h <= 2.739e+04,first_call_market_cap + liq_to_mc + vol_24h,36,27,9,75.0,25.0,75.13661202185791,0.9981818181818183,58.92923231679658,86.2496761607746,14351.790203900862,0.629724175,0.9113313467580936,3.2847595158459617,1.845094684314619,1.0528253995683003
3-way,vol_to_mc >= 2.658 AND chg_24h <= 5.732 AND count_buy <= 59,vol_to_mc + chg_24h + count_buy,23,20,3,86.95652173913044,13.043478260869568,75.13661202185791,1.1573122529644269,67.87210202698179,95.4624234856553,15518.663299016325,0.5909873166666666,0.8876717875176363,3.264857401217002,1.395069904863449,1.0245095471304642
3-way,first_call_market_cap <= 1.402e+04 AND liq_to_mc >= 0.7982 AND holders <= 118,first_call_market_cap + liq_to_mc + holders,34,25,9,73.52941176470588,26.470588235294112,75.13661202185791,0.9786096256684493,56.88253783710155,85.39897245844621,14102.418227696073,0.6084849916666666,0.9329364796865013,3.245963874502392,1.8912881966125943,1.0934910198395698
3-way,vol_1h >= 3.66e+04 AND chg_24h <= 5.732 AND dev_hold_percent <= 0,vol_1h + chg_24h + dev_hold_percent,26,23,3,88.46153846153845,11.538461538461542,75.13661202185791,1.1773426573426573,71.02370691310168,95.9968281788505,15544.79455629376,0.7282514333333333,0.8227263546188469,3.192449207673704,1.4044739338371917,1.0226059179520117
2-way,vol_to_mc >= 2.658 AND chg_24h <= 5.732,vol_to_mc + chg_24h,26,23,3,88.46153846153845,11.538461538461542,75.13661202185791,1.1773426573426573,71.02370691310168,95.9968281788505,15407.540633581744,0.74355745,0.8219254817240083,3.1893415570870642,1.3847573146720036,1.020526849050086
3-way,vol_to_mc >= 2.658 AND vol_1h >= 3.66e+04 AND chg_24h <= 5.732,vol_to_mc + vol_1h + chg_24h,26,23,3,88.46153846153845,11.538461538461542,75.13661202185791,1.1773426573426573,71.02370691310168,95.9968281788505,15407.540633581744,0.74355745,0.8219254817240083,3.1893415570870642,1.3847573146720036,1.020526849050086
3-way,vol_to_mc >= 2.658 AND chg_24h <= 5.732 AND market_cap <= 2.178e+04,vol_to_mc + chg_24h + market_cap,26,23,3,88.46153846153845,11.538461538461542,75.13661202185791,1.1773426573426573,71.02370691310168,95.9968281788505,15407.540633581744,0.74355745,0.8219254817240083,3.1893415570870642,1.3847573146720036,1.020526849050086
3-way,top10_percent >= 27.13 AND bundle_hold_percent >= 41.14 AND market_cap <= 2.178e+04,top10_percent + bundle_hold_percent + market_cap,21,15,6,71.42857142857143,28.57142857142857,75.13661202185791,0.9506493506493507,50.04322617716242,86.1863242543718,17345.161413621623,0.3387212666666667,1.0829458617793501,3.1822337086810815,1.7581914634578197,1.4483427099148134
2-way,sniper_hold_percent >= 6.89 AND first_call_market_cap <= 1.402e+04,sniper_hold_percent + first_call_market_cap,22,17,5,77.27272727272727,22.72727272727273,75.13661202185791,1.0284297520661156,56.55964393704065,89.87710920517965,16722.497007115657,0.4250785,0.9807996849285245,3.162721520751497,2.37858908142968,1.222998953880192
3-way,top10_percent >= 27.13 AND vol_1h >= 3.66e+04 AND avg_buy_size_sol >= 1.444,top10_percent + vol_1h + avg_buy_size_sol,28,24,4,85.71428571428571,14.28571428571429,75.13661202185791,1.140779220779221,68.50982695512266,94.3010870692982,28186.52978890846,0.38578045,0.8220718315840743,3.1578583245566247,1.9475577948842686,1.409324687916858
3-way,vol_to_mc >= 2.658 AND first_call_market_cap <= 1.402e+04 AND dev_hold_percent <= 0,vol_to_mc + first_call_market_cap + dev_hold_percent,35,29,6,82.85714285714286,17.14285714285714,75.13661202185791,1.1027532467532468,67.31739236041119,91.89747005514327,15570.925813571193,0.7938991666666666,0.7990142847907641,3.157494427941454,1.525312828586722,1.1342991562300526
3-way,bundle_hold_percent >= 41.14 AND market_cap <= 2.178e+04 AND count_buy <= 59,bundle_hold_percent + market_cap + count_buy,21,15,6,71.42857142857143,28.57142857142857,75.13661202185791,0.9506493506493507,50.04322617716242,86.1863242543718,17670.593933325494,0.3424968666666667,1.0673831083737126,3.136502596688152,1.3747779812307894,0.9614030759268251
3-way,dev_hold_percent <= 0 AND count_buy <= 59 AND liquidity >= 1.607e+04,dev_hold_percent + count_buy + liquidity,29,23,6,79.3103448275862,20.68965517241379,75.13661202185791,1.055548589341693,61.60955339174229,90.15406348441479,21854.085451504587,0.41906071666666667,0.868169588262544,3.1168409010684632,1.5491770592660274,1.214300347127392
3-way,first_call_market_cap <= 1.402e+04 AND liq_to_mc >= 0.7982 AND avg_buy_size_sol >= 1.444,first_call_market_cap + liq_to_mc + avg_buy_size_sol,21,17,4,80.95238095238095,19.047619047619047,75.13661202185791,1.0774025974025976,59.9990134607267,92.3325593848227,14704.938918471922,0.6049936166666666,0.9101319943074629,3.0310100030845786,1.6781304075448509,1.0885505277677832
3-way,vol_1h >= 3.66e+04 AND chg_1h <= 5.576 AND market_cap <= 2.178e+04,vol_1h + chg_1h + market_cap,31,26,5,83.87096774193549,16.129032258064512,75.13661202185791,1.1162463343108506,67.36529727502113,92.90748009456007,15518.663299016325,0.86551555,0.7799308110271959,3.017252032310137,1.7237468995396454,1.1332726754912419
2-way,dev_hold_percent <= 0 AND liquidity >= 1.607e+04,dev_hold_percent + liquidity,37,29,8,78.37837837837837,21.62162162162162,75.13661202185791,1.0431449631449632,62.80453872612309,88.61362314804441,28312.419178066295,0.41906071666666667,0.7794049521825599,2.957475224204431,1.5452495719566302,1.214300347127392
3-way,vol_to_mc >= 2.658 AND avg_buy_size_sol >= 1.444 AND market_cap <= 2.178e+04,vol_to_mc + avg_buy_size_sol + market_cap,27,23,4,85.18518518518519,14.814814814814813,75.13661202185791,1.133737373737374,67.52093665317052,94.0841681403551,15558.817766727776,0.86551555,0.7785165418414303,2.9411146616193404,1.6153925767366208,1.3358193659915347
3-way,vol_to_mc >= 2.658 AND avg_buy_size_sol >= 1.444 AND dev_hold_percent <= 0,vol_to_mc + avg_buy_size_sol + dev_hold_percent,27,23,4,85.18518518518519,14.814814814814813,75.13661202185791,1.133737373737374,67.52093665317052,94.0841681403551,15833.480342714673,0.86551555,0.7690350730920936,2.905295144301956,1.4922521220920322,1.3358193659915347
3-way,holders <= 118 AND avg_buy_size_sol >= 1.444 AND liquidity >= 1.607e+04,holders + avg_buy_size_sol + liquidity,21,16,5,76.19047619047619,23.809523809523814,75.13661202185791,1.014025974025974,54.90841802765406,89.37214361088773,19054.55057356346,0.41906071666666667,0.9253416226511998,2.9003883155604635,3.1547133471709814,1.2990763904440266
3-way,vol_to_mc >= 2.658 AND vol_1h >= 3.66e+04 AND avg_buy_size_sol >= 1.444,vol_to_mc + vol_1h + avg_buy_size_sol,37,29,8,78.37837837837837,21.62162162162162,75.13661202185791,1.0431449631449632,62.80453872612309,88.61362314804441,15979.996434439361,0.86551555,0.7641105818364043,2.8994402819810112,1.679379653274256,1.3358193659915347
3-way,chg_1h <= 5.576 AND avg_buy_size_sol >= 1.444 AND liquidity >= 1.607e+04,chg_1h + avg_buy_size_sol + liquidity,23,18,5,78.26086956521739,21.739130434782606,75.13661202185791,1.0415810276679842,58.09611981726508,90.33616439828094,21854.085451504587,0.41906071666666667,0.868169588262544,2.873815469915171,1.5713554667108796,1.233362664644702
3-way,first_call_market_cap <= 1.402e+04 AND vol_1h >= 3.66e+04 AND chg_24h <= 5.732,first_call_market_cap + vol_1h + chg_24h,22,17,5,77.27272727272727,22.72727272727273,75.13661202185791,1.0284297520661156,56.55964393704065,89.87710920517965,15687.192697280061,0.5835642333333333,0.8861054383698954,2.8573670879509296,1.9706078164576608,1.217324203074876
3-way,vol_1h >= 3.66e+04 AND chg_1h <= 5.576 AND dev_hold_percent <= 0,vol_1h + chg_1h + dev_hold_percent,29,25,4,86.20689655172413,13.793103448275868,75.13661202185791,1.1473354231974922,69.44064228730068,94.50264914795217,15721.52925010924,1.1120124833333334,0.7214465611304721,2.8153111869271563,1.4005268064735688,1.1013699249755124
3-way,vol_to_mc >= 2.658 AND chg_24h <= 5.732 AND chg_1h <= 5.576,vol_to_mc + chg_24h + chg_1h,22,19,3,86.36363636363636,13.636363636363635,75.13661202185791,1.149421487603306,66.66458812053,95.25108273576373,15263.154398022063,0.9239786166666667,0.7744288820544949,2.7910451185813603,1.433553320431628,1.020526849050086
3-way,vol_to_mc >= 2.658 AND chg_1h <= 5.576 AND market_cap <= 2.178e+04,vol_to_mc + chg_1h + market_cap,22,19,3,86.36363636363636,13.636363636363635,75.13661202185791,1.149421487603306,66.66458812053,95.25108273576373,15263.154398022063,0.9239786166666667,0.7744288820544949,2.7910451185813603,1.433553320431628,1.020526849050086
2-way,vol_to_mc >= 2.658 AND chg_1h <= 5.576,vol_to_mc + chg_1h,25,21,4,84.0,16.000000000000004,75.13661202185791,1.1179636363636365,65.34598601976184,93.59665239142201,15445.620639239889,0.9448199666666667,0.7630543236078,2.77937459497157,1.4320155766914275,1.0405440485506245
3-way,vol_to_mc >= 2.658 AND vol_1h >= 3.66e+04 AND chg_1h <= 5.576,vol_to_mc + vol_1h + chg_1h,25,21,4,84.0,16.000000000000004,75.13661202185791,1.1179636363636365,65.34598601976184,93.59665239142201,15445.620639239889,0.9448199666666667,0.7630543236078,2.77937459497157,1.4320155766914275,1.0405440485506245
3-way,first_call_market_cap <= 1.402e+04 AND vol_1h >= 3.66e+04 AND chg_1h <= 5.576,first_call_market_cap + vol_1h + chg_1h,21,16,5,76.19047619047619,23.809523809523814,75.13661202185791,1.014025974025974,54.90841802765406,89.37214361088773,15652.85614445088,0.5909873166666666,0.8829738139629107,2.7675907689383394,2.0247737263511882,1.2990763904440266
3-way,vol_to_mc >= 2.658 AND chg_24h <= 5.732 AND dev_hold_percent <= 0,vol_to_mc + chg_24h + dev_hold_percent,20,17,3,85.0,15.000000000000002,75.13661202185791,1.1312727272727274,63.95767041130426,94.7632208040504,15407.540633581744,0.9239786166666667,0.7692075984327023,2.6492934273004933,1.432957820932201,1.0082720754848542
3-way,vol_to_mc >= 2.658 AND chg_1h <= 5.576 AND count_buy <= 59,vol_to_mc + chg_1h + count_buy,22,18,4,81.81818181818183,18.181818181818176,75.13661202185791,1.0889256198347108,61.48297802336214,92.69323397589488,15544.79455629376,0.8843264083333333,0.774075972129735,2.642943059668924,1.4492412294396781,1.0541579599051785
2-way,total_buy >= 119.5 AND vol_1h >= 3.66e+04,total_buy + vol_1h,33,24,9,72.72727272727273,27.27272727272727,75.13661202185791,0.9679338842975208,55.78211674561319,84.93272734367719,25508.026127150937,0.47411861666666666,0.756798598551603,2.583168426589878,1.5972001448494968,1.3923681079611292
2-way,vol_to_mc >= 2.658 AND avg_buy_size_sol >= 1.444,vol_to_mc + avg_buy_size_sol,38,29,9,76.31578947368422,23.684210526315784,75.13661202185791,1.0156937799043064,60.79288083466214,87.0064385030305,15926.059795462217,1.309601975,0.6872626135185866,2.557343205110273,1.7951152156585355,1.3651553472440643
3-way,total_buy >= 119.5 AND vol_1h >= 3.66e+04 AND dev_hold_percent <= 0,total_buy + vol_1h + dev_hold_percent,25,18,7,72.0,28.000000000000004,75.13661202185791,0.9582545454545455,52.4230281034417,85.71632616261843,23814.305473965047,0.47411861666666666,0.7805099397800046,2.4368190130839884,1.6164011495000918,1.3923681079611292
2-way,count_buy <= 59 AND liquidity >= 1.607e+04,count_buy + liquidity,59,45,14,76.27118644067797,23.728813559322038,75.13661202185791,1.015100154083205,64.02486613269723,85.30551374305388,69779.31054701892,0.45714321666666663,0.5610031355242682,2.331624287316816,2.6875888139920594,1.3238039078819264
3-way,vol_to_mc >= 2.658 AND avg_buy_size_sol >= 1.444 AND count_buy <= 59,vol_to_mc + avg_buy_size_sol + count_buy,34,25,9,73.52941176470588,26.470588235294112,75.13661202185791,0.9786096256684493,56.88253783710155,85.39897245844621,15871.05028775929,1.8460882083333334,0.6445668696115863,2.242640114323075,1.830203612748178,1.335649782018523
3-way,total_buy >= 119.5 AND vol_1h >= 3.66e+04 AND avg_buy_size_sol >= 1.444,total_buy + vol_1h + avg_buy_size_sol,26,19,7,73.07692307692307,26.923076923076927,75.13661202185791,0.9725874125874125,53.91659658023868,86.29572447493261,44403.89695386571,0.41849834166666666,0.6711990455975217,2.1515214593903353,1.5746237267816048,1.379756075181371
3-way,avg_buy_size_sol >= 1.444 AND dev_hold_percent <= 0 AND liquidity >= 1.607e+04,avg_buy_size_sol + dev_hold_percent + liquidity,28,21,7,75.0,25.0,75.13661202185791,0.9981818181818183,56.6439747592954,87.32366505779923,61274.75868126843,0.44658966666666666,0.5882954498466898,1.9773630608595598,1.4643576132111462,1.202571157919711
2-way,avg_buy_size_sol >= 1.444 AND liquidity >= 1.607e+04,avg_buy_size_sol + liquidity,58,41,17,70.6896551724138,29.31034482758621,75.13661202185791,0.9408150470219436,57.986855543322214,80.82197217135528,93674.29010278094,0.48049701666666667,0.5085721315498385,1.9509887756286588,2.718364622131543,1.3521360447560329
3-way,avg_buy_size_sol >= 1.444 AND count_buy <= 59 AND liquidity >= 1.607e+04,avg_buy_size_sol + count_buy + liquidity,49,36,13,73.46938775510205,26.530612244897956,75.13661202185791,0.9778107606679036,59.73744384734165,83.78886875485057,90833.1379924552,0.5201107500000001,0.47959130304071435,1.834541376487118,2.8822023504209544,1.335926374636549
2-way,vol_1h >= 3.66e+04 AND liquidity >= 1.607e+04,vol_1h + liquidity,43,32,11,74.4186046511628,25.581395348837212,75.13661202185791,0.9904439746300212,59.76131013174514,85.07063412293445,103978.29100642615,0.7076198166666666,0.36547930938543394,1.3698266198585232,2.2443360577589644,1.368345714875517
3-way,vol_1h >= 3.66e+04 AND chg_1h <= 5.576 AND avg_buy_size_sol >= 1.444,vol_1h + chg_1h + avg_buy_size_sol,21,18,3,85.71428571428571,14.28571428571429,75.13661202185791,1.140779220779221,65.36350585077048,95.0190782017865,69779.31054701892,0.86551555,0.3538096557926841,1.247602547300448,8.093771546368616,1.2990763904440266
3-way,vol_1h >= 3.66e+04 AND count_buy <= 59 AND liquidity >= 1.607e+04,vol_1h + count_buy + liquidity,32,25,7,78.125,21.875,75.13661202185791,1.0397727272727273,61.244669209555155,88.97630306846814,125529.91860856018,0.7681487166666667,0.32908315140321304,1.196405886838393,2.4243406011714193,1.2566883687857093
3-way,vol_1h >= 3.66e+04 AND avg_buy_size_sol >= 1.444 AND liquidity >= 1.607e+04,vol_1h + avg_buy_size_sol + liquidity,38,27,11,71.05263157894737,28.947368421052634,75.13661202185791,0.9456459330143541,55.24256173381023,82.99689373634386,126879.8461816744,0.737849025,0.3390941702460303,1.1747687524022459,2.410863370380724,1.3933536985030928
