notification_id,mint,symbol,name,first_vlak_alert_time,market_cap,first_call_market_cap,liquidity,total_buy,count_buy,vol_1h,vol_24h,chg_1h,chg_24h,age_minutes,volume_usd,buy_volume_sol,sell_volume_sol,buy_sell_volume_ratio,buys,holders,unique_buyers,top_buyer_share,bundle_hold_percent,sniper_hold_percent,dev_hold_percent,top10_percent,liq_to_mc,vol_to_mc,avg_buy_size_sol,top10_holder_pct,bundle_pct,sniper_pct,ath_mc,token_level_max_multiple,token_level_outcome_bucket,first_vlak_market_cap,post_vlak_multiple,survived_2x_after_vlak
019edb5f-012c-776e-a6c9-433bd721dacd,12z7AWnW5Q8mAS9qFtCWnnMdhNvqScZHe8w627EfEASY,VSK,Varsko Intelligence,2026-06-18T15:24:52.000Z,121627.95566887943,65666.98574341489,34134.238539351645,325.0,112,171231.07905100673,171231.07905100673,26.7646,26.7646,4.9331145,171231.07905100673,325.0,,,112,297,,,4.184355900612684,1.2440607795758025,8.2265661910298,26.811467078711463,0.2806446786977072,1.407826663774298,2.9017857142857144,26.811467078711463,4.184355900612684,1.2440607795758025,283015.0597371528,4.309853064415001,2x-5x,121627.95566887943,2.326891529013564,1.0
019ed6e7-7080-7b6d-a6ff-83addb16f382,13zLVUHkQpnLKMqf8aWtVy4w45eEdrw9B4z8AhwLpump,Tie,The Blue Tie,2026-06-17T18:38:07.000Z,16082.769844805947,13282.910062416886,12379.536476559926,82.0,58,59360.4636660546,59360.4636660546,5.1104,5.1104,0.5909873166666666,59360.4636660546,82.0,,,58,95,,,1.138101467804,0.0,0.0,16.5051799774929,0.7697390807689753,3.6909353450223947,1.4137931034482758,16.5051799774929,1.138101467804,0.0,13282.910062416886,1.0,<2x,16082.769844805947,0.8259093545821463,0.0
019ecc65-dee1-74fe-a8e2-04de1d4d22cd,1GeyzSHQBzo6K4snM9fTf6VHHDPVNbVsL2NYCEgpump,GAMER,Gamer Street,https://pump.fun,26032.6315851893,16565.936371013766,15874.612702903212,,0,27564.74784893115,59126.9766553737,4.0666,10.6979,743.9983964333334,27564.74784893115,20.0,,,17,156,,,12.235082874478433,0.0,0.5027648559363239,25.705701880128913,0.6097966950039245,1.0588536836442426,1.1764705882352942,25.705701880128913,12.235082874478433,0.0,54925.65524636222,3.3155780643023802,2x-5x,26032.6315851893,2.1098771772889444,1.0
019ed73c-a3ab-76ad-95ab-3b3cddf84dcd,1HzvfoqESQMaRz7hBYpAYNutp4kdXSZnB3HCfFNLoop,LOOP,LOOP,https://pump.fun,18700.673443263957,16215.56305606241,13142.288617005406,26.0,12,23613.31890044694,23613.31890044694,8.2639,8.2639,0.18100845000000002,23613.31890044694,26.0,,,12,86,,,38.4813465185446,,0.2384601060042,21.9349545086187,0.7027708738339208,1.2626988526422578,2.1666666666666665,21.9349545086187,38.4813465185446,,49848.42603491973,3.07411009180364,2x-5x,18700.673443263957,2.6655952357092945,1.0
019ed389-6cea-71d4-a372-c705675ae840,1eMHNCWBs35e9xqqHZ1WsbWCzqySBkpiTwzCaMTpump,1000000,1 Million Speedrun,https://pump.fun,23172.306999363012,16407.142189943173,14848.10559133197,39.0,27,12485.4568956838,12485.4568956838,6.8898,6.8898,0.2607849666666667,12485.4568956838,39.0,,,27,78,,,0.0,0.0170749167634,0.0,33.1924498583717,0.6407694146180668,0.5388094027939045,1.4444444444444444,33.1924498583717,0.0,0.0170749167634,16407.142189943173,1.0,<2x,23172.306999363012,0.7080495779032356,0.0
019ed1f4-97f2-7079-bb2b-ea2a932a2d7b,21cispdHbn5bCPCRWZ3WJKeEEqxYvTG1umdyyKTSpump,BASED,BasedBaldBrianIAmGayBlueInu,https://pump.fun,17042.865886604985,14638.520388838717,12737.146735097875,119.0,79,30420.82997825625,30420.82997825625,4.5197,4.5197,0.78858615,30420.82997825625,119.0,,,79,100,,,25.6317029855652,0.0,0.0,25.5842754407641,0.7473594417655287,1.7849597703028228,1.5063291139240507,25.5842754407641,25.6317029855652,0.0,14638.520388838717,1.0,<2x,17042.865886604985,0.8589236391482733,0.0
019ed267-e4c2-731d-81d5-3bdad50dcc8c,21vBTF7Kwg17j2m2tpSejgNzwqgz5nQBf54aSVBnpump,Stonks,Stonks Street,https://pump.fun,24375.972125329532,18758.566645411636,15223.076065449033,34.0,33,40557.31075485342,40557.31075485342,10.3436,10.3436,0.09930836666666668,40557.31075485342,34.0,,,33,107,,,30.6858124644592,14.8830815971985,4.2411067152941,25.9179991477013,0.624511547157147,1.6638233152847082,1.0303030303030303,25.9179991477013,30.6858124644592,14.8830815971985,37914.652444534884,2.021191339467765,2x-5x,24375.972125329532,1.555410887803611,0.0
019ecf9e-97c5-7d50-897f-8e3b71340776,28GijvEV2F95aKcUtm1H8ZxzmezXe5eEKyGCzRtKpump,Elgatito,The Exploding Cat,pump.fun,15041.83888429512,13564.303781949042,12048.331033253731,80.0,59,24088.20441020216,24088.20441020216,5.6981,5.6981,1.8413569166666666,24088.20441020216,80.0,,,59,166,,,27.6508087565772,0.0,0.0,23.411101209881,0.8009879061949766,1.6014135369680211,1.3559322033898304,23.411101209881,27.6508087565772,0.0,13564.303781949042,1.0,<2x,15041.83888429512,0.901771644164548,0.0
019edcbe-419e-717c-9f95-7512154b81b3,29Bhih4PhiMkq6PnbS9NDQstc8n2AXBxCm38uh9Xpump,DAWN,Dawn The Scottish Duck,pump.fun,20009.969931170657,14104.236635323332,13379.621625755834,232.0,148,48607.53529419102,48607.53529419102,7.8067,7.8067,0.4668734333333333,48607.53529419102,232.0,,,148,234,,,35.690814904034,0.0,0.0,22.4911722039203,0.6686477626792254,2.4291658339012456,1.5675675675675675,22.4911722039203,35.690814904034,0.0,47284.61570886614,3.3525115134869665,2x-5x,20009.969931170657,2.363052811749019,1.0
019ed755-7df8-7402-8e58-0c3379e00f5a,2AoPFVJm9TEHso3apMFyGzZxrsAoUfmC8cAbDKygpump,croc,croc,2026-06-17T20:33:58.000Z,16282.061905729817,14005.235069539849,12265.534318614586,20.0,16,22073.04422587587,22073.04422587587,6.4941,6.4941,0.34295986666666667,22073.04422587587,20.0,,,16,101,,,8.1042459173736,0.0,0.0,26.3268477411992,0.7533157894638777,1.3556663986216726,1.25,26.3268477411992,8.1042459173736,0.0,14005.235069539849,1.0,<2x,16282.061905729817,0.8601634824033724,0.0
019edb0c-bce2-7bed-b5de-511c70a585e8,2ByLqiPoVzecXvHtrwx67EPkBDavyLA13CkbeRzLpump,YEAH,OH YEAH,pump.fun,15165.938246903843,14040.494256457845,11769.553136116068,60.0,48,32640.35105439896,32640.35105439896,5.6716,5.6716,3.625533416666667,32640.35105439896,60.0,,,48,76,,,27.949534965874513,0.0,0.0,24.44461121828873,0.7760517644543915,2.1522144243902983,1.25,24.44461121828873,27.949534965874513,0.0,25283.87263480026,1.800782235509344,<2x,15165.938246903843,1.6671485946451097,0.0
019ed186-ca33-757f-936d-65b4ac5918bd,2ChXKPRmEGT9xvHQccEUSpRg1LueVfZDg8gx1JAxpump,币安之死,Binance Death,2026-06-16T17:14:12.000Z,15088.908818954349,13844.01322647313,11929.108098645409,28.0,16,68765.79469290923,68765.79469290923,5.7886,5.7886,0.15969126666666666,68765.79469290923,28.0,,,16,99,,,3.682889540480474,0.10034827437565653,0.0,26.729155566975635,0.790587857729005,4.557373599244445,1.75,26.729155566975635,3.682889540480474,0.10034827437565653,13844.01322647313,1.0,<2x,15088.908818954349,0.917495982816371,0.0
019ee086-97fd-7dfc-9d37-b15dd5c8c5ab,2CvqowBpUSGLWgU1p3k6KW87KHVzSCWD3ADX1pafpump,MUST,Elon Must,pump.fun,17287.828721473248,12910.75142748588,12405.657200982407,131.0,97,21959.56918113892,21959.56918113892,6.3292,6.3292,0.25127525,21959.56918113892,131.0,,,97,71,,,32.0768400934954,4.3678275639357,0.0,24.5831511656572,0.7175948698273088,1.270232921376812,1.3505154639175259,24.5831511656572,32.0768400934954,4.3678275639357,26188.559027568183,2.028430271828717,2x-5x,17287.828721473248,1.5148553036645556,0.0
019ed7ce-0140-7ed7-8e3f-53df1b3bd825,2FLy8ya4Knk8n66LuqNtVuWZGDYdwUQDKXpw6zDMpump,ASDF,Asdf character,https://rapidlaunch.io,15428.298718025993,14669.572134080028,11944.336906168859,79.0,58,26183.93046629493,26183.93046629493,4.1441,4.1441,1.2798892833333333,26183.93046629493,79.0,,,58,119,,,30.126721135388454,0.2402756149317,0.0,19.42092044388668,0.7741836688845951,1.6971366023463337,1.3620689655172413,19.42092044388668,30.126721135388454,0.2402756149317,46696.16191175314,3.183198629445343,2x-5x,15428.298718025993,3.026656585096751,1.0
019edcb4-e353-7d11-9836-ccc89b06c8fa,2GNjBTa9E1HSsj4y4djEas9BwqewDnpM6Es3GcTopump,bread,"market's dead, send this bread",2026-06-18T21:47:34.000Z,16295.687309986204,13611.03154490106,12068.940080917806,69.0,48,16211.61637021318,16211.61637021318,6.4963,6.4963,0.16113306666666669,16211.61637021318,69.0,,,48,90,,,35.767671942203535,0.0,0.0,23.239072142634924,0.7406217271683783,0.9948409086297634,1.4375,23.239072142634924,35.767671942203535,0.0,15543.507658474771,1.141978666877578,<2x,16295.687309986204,0.9538417964702546,0.0
019ed687-8672-7a2a-a95a-2911c35a7f65,2GYbMPSsW2Dm59rXpHySaZfbTqmxs6P7kres4uq2BAGS,X,X Coin,2026-06-17T16:59:52.000Z,93968.03585038874,164333.0014903836,4146.9821127179375,70.0,31,29152.43924868639,29152.43924868639,0.5822,0.5822,0.19231795000000002,29152.43924868639,70.0,,,31,55,,,,3.101051747e-06,,1.2460340396212377,0.04413183775939041,0.31023782698939734,2.2580645161290325,1.2460340396212377,,3.101051747e-06,164333.0014903836,1.0,<2x,93968.03585038874,1.748818095464148,0.0
019ed6ff-f564-7a94-81ff-77be0730c127,2NJ9SZNmJkAZZ2zP4koEQ5M4LpRoXgQ3tyv29HowBAGS,SPCX,SpaceX,https://bags.fm,226503.69895352278,204963.59860422017,6443.490994225585,77.0,32,35254.25947402614,35254.25947402614,3.0233,3.0233,0.43920628333333334,35254.25947402614,77.0,,,32,86,,,,0.2035948459939508,,1.2785107494103436,0.02844761928390296,0.15564540286496648,2.40625,1.2785107494103436,,0.2035948459939508,204963.59860422017,1.0,<2x,226503.69895352278,0.9049017722499865,0.0
019ed2a6-0d5b-7069-a76f-46f429de14c0,2Ng9FaSUmeQw2UY8CjiJJnKdqV1obKPMVLSEPfPbpump,JITO,JITO,https://pump.fun,16492.95178387369,13619.264982864015,12507.917725111944,23.0,25,19576.9915660711,19576.9915660711,6.9289,6.9289,2.7345861833333336,19576.9915660711,23.0,,,25,122,,,17.7140120162451,0.0,0.0,21.4882160094575,0.7583795726209427,1.1869913780511316,0.92,21.4882160094575,17.7140120162451,0.0,13619.264982864015,1.0,<2x,16492.95178387369,0.825762735581421,0.0
019eddb6-75f4-700b-8b45-7622936f02a4,2SGbksug7gfx5iPCyRJ255ZXEcyu97TzdxqAdM2dpump,FOMO,Fear of Missing Out,https://pump.fun,19640.983983619146,13165.683247793106,13260.448715200251,54.0,38,10169.92774916773,10169.92774916773,5.337,5.337,1.6602625833333333,10169.92774916773,54.0,,,38,93,,,0.9487500873366,2.9371295732296,23.9999999979155,23.9999999979155,0.6751417712197948,0.5177911533174504,1.4210526315789473,23.9999999979155,0.9487500873366,2.9371295732296,25283.617382268363,1.920418174006011,<2x,19640.983983619146,1.2872887327516407,0.0
019edb1b-b221-7581-8df6-7ce2f1d64016,2SMH5d728QGNJCigAZPWJiQR3jmbpXjdNoNZD7FDpump,GTAIFY,GTAification,https://pump.fun,18009.051932517308,15021.087751833778,12846.604397951984,42.0,27,20197.97820484894,20197.97820484894,7.9039,7.9039,0.10530795,20197.97820484894,42.0,,,27,70,,,7.9919797667403,,0.0,25.0326545697098,0.713341515482891,1.1215458915068863,1.5555555555555556,25.0326545697098,7.9919797667403,,48684.91401390772,3.241104427205297,2x-5x,18009.051932517308,2.703357966667962,1.0
019ed222-dc4a-79a5-a6eb-d2c6f87b7352,2SoWK76yqZHmagS9t78vwxnn7EBadYhWnCFt9VmrtrDw,Pip,The Baby Squirrel,https://pump.fun,17226.47354129084,15269.19369376713,12798.754551009777,90.0,71,37558.31857561927,37558.31857561927,6.8713,6.8713,0.3338233,37558.31857561927,90.0,,,71,200,,,27.6416878621097,0.2601957346097,0.0,17.5916831471223,0.7429700873096236,2.1802673939964667,1.267605633802817,17.5916831471223,27.6416878621097,0.2601957346097,56441.04383610685,3.6963997554858463,2x-5x,17226.47354129084,3.276413115012832,1.0
019ecfe8-3a7b-7898-8190-9f23da525e3e,2Uoqp16nkqm1x8GiNyAWZaWyB3h9GNnQbi2SioCypump,SOMPOI,ส้มป่อย,pump.fun,15764.081755140442,15435.865333013744,12327.654916672202,71.0,42,38943.374796909,38943.374796909,5.8461,5.8461,0.3423474,38943.374796909,71.0,,,42,76,,,25.9037845327644,0.0,0.0,30.7220599480199,0.7820090702493553,2.470386502798371,1.6904761904761905,30.7220599480199,25.9037845327644,0.0,15435.865333013744,1.0,<2x,15764.081755140442,0.979179477293711,0.0
019ed431-88fa-7889-a8c4-f8ba7955ea8f,2Vr2YRq957Bmtpp7FoHLVqu35qbZf9NNJvWRPXEzpump,HOBL,Hodl and Believe,https://pump.fun,15671.366066317218,14417.946213147048,12187.436721193544,43.0,34,39040.12754905524,39040.12754905524,6.3719,6.3719,2.5594780333333333,39040.12754905524,43.0,,,34,122,,,17.2469595647166,5.1210603207229,3.4199203154141,24.9412861097638,0.7776882161784381,2.491175777775045,1.2647058823529411,24.9412861097638,17.2469595647166,5.1210603207229,36148.19526045041,2.5071667438659584,2x-5x,15671.366066317218,2.3066397088473645,1.0
019ed38f-5ab7-7387-b326-9f0040bc73bf,2XfSoA6HtnLS8p1Vva9yCFUww2ypxWd4gsY2khbfBAGS,trilly,trilly,pump.fun,602975.1484222556,533890.6677617786,10438.715904092849,48.0,20,27027.14223256464,27027.14223256464,8.8126,8.8126,0.35245414999999997,27027.14223256464,48.0,,,20,118,,,,3.15387559e-06,,1.6619140284256468,0.01731201680766908,0.04482297869702233,2.4,1.6619140284256468,,3.15387559e-06,533890.6677617786,1.0,<2x,602975.1484222556,0.8854273167953215,0.0
019edfbc-0908-71f3-8268-a9cb4629a689,2YW7BsxxWktDHT6AtWXUkPwL8GwHu5XMVJqsGfuRpump,Nothing,Nothing Tech,pump.fun,15113.1450147406,13084.259161954682,11527.828794418949,41.0,29,58287.89094815296,58287.89094815296,5.9842,5.9842,0.5807452166666667,58287.89094815296,41.0,,,29,157,,,24.172114912509603,0.0,0.0,23.970306526490994,0.7627683571602923,3.8567677932886832,1.4137931034482758,23.970306526490994,24.172114912509603,0.0,13240.192721928815,1.0119176453205347,<2x,15113.1450147406,0.8760713080576544,0.0
019ecfce-95ef-723a-911e-296a78ca58c3,2ZYT2onVuqaSf121sz3u3YjDAV1seKPPu2WXpMn5pump,Robert,justice for Robert Kuzovkov,pump.fun,13788.093081725732,13788.093081725732,11530.901463728631,38.0,32,32443.63625095882,32443.63625095882,5.2677,5.2677,1.31925515,32443.63625095882,38.0,,,32,109,,,5.6217800224731,0.0,0.0,22.1130491166659,0.8362941412842139,2.3530183658216313,1.1875,22.1130491166659,5.6217800224731,0.0,13788.093081725732,1.0,<2x,13788.093081725732,1.0,0.0
019edbdc-9ac7-7c5b-81d8-8d555fb34eb2,2b7TqTfTW3Mo9AUunUADFtRxGqcDDZryHJg69MRPpump,JIN,Aladdin X Jin,2026-06-18T17:49:36.000Z,21524.454463043476,17527.076216881025,13795.6450200052,94.0,72,16690.84274320608,16690.84274320608,9.8493,9.8493,0.08929235,16690.84274320608,94.0,,,72,115,,,27.0671910812853,5.0113297095663,3.4612903225806,29.0567578276059,0.6409289045486242,0.7754362728153464,1.3055555555555556,29.0567578276059,27.0671910812853,5.0113297095663,17527.076216881025,1.0,<2x,21524.454463043476,0.8142866638954418,0.0
019ee03a-c315-7af5-a9be-a51c7c13e6a0,2bJLvamPNX7iTxZwtsu3SL2fLuSgejfB4rxtYeaipump,FATTOO,Fattoo Coin,https://pump.fun,21933.577396225763,13318.432922346012,13965.565002143738,51.0,30,22344.09134643642,22344.09134643642,9.5413,9.5413,0.1400613,22344.09134643642,51.0,,,30,174,,,18.4649316961274,0.989264884746,1.737651816691,21.8401299272852,0.6367208025329636,1.018716233234315,1.7,21.8401299272852,18.4649316961274,0.989264884746,71339.44108514584,5.356444072744525,5x-10x,21933.577396225763,3.2525219117890742,1.0
019ed1b3-8261-793c-afe2-de6d0c07866d,2dkKiShdYvHy58fP5UsxZQDUA2YZAnsKFhMMTqCqpump,SPCX,Shit Penis Cum Index,2026-06-16T18:29:09.000Z,14134.396228720083,14281.790793970682,11576.744253110695,98.0,73,25848.87642211287,25848.87642211287,4.2002,4.2002,0.30271733333333334,25848.87642211287,98.0,,,73,167,,,21.3226292165142,9.9298650279497,0.0,21.4033967447235,0.8190476668248183,1.8287924014461827,1.3424657534246576,21.4033967447235,21.3226292165142,9.9298650279497,14281.790793970682,1.0,<2x,14134.396228720083,1.0104280765068057,0.0
019ed92d-3829-785e-8f58-42a64b530781,2ePgWCNZ2t5ofLYhNVYdjoY8YxamdR7GMVm3oweCpump,HAL,hal medina,https://pump.fun,18764.17415044579,13563.406795871926,13085.569915972916,27.0,18,27605.46359943918,27605.46359943918,8.1208,8.1208,3.1437881833333337,27605.46359943918,27.0,,,18,120,,,9.5479502227252,2e-13,0.4427250991765,22.6573228754007,0.6973698821518364,1.4711792471177498,1.5,22.6573228754007,9.5479502227252,2e-13,13563.406795871926,1.0,<2x,18764.17415044579,0.7228352650707889,0.0
019ed6fa-49aa-747e-bcda-2dbf5b858479,2ev3K9xuLAU9cZXB3nkbRcgnvZBgpWuJzrEnoNcApump,PENALDO,Crustieno Penaldo,pump,16512.666225574252,13123.478231096928,12483.922856771751,71.0,54,28218.0322196018,28218.0322196018,6.333,6.333,1.0730313333333332,28218.0322196018,71.0,,,54,120,,,27.5166914292442,0.0,0.0,22.9907579204505,0.7560210256922094,1.708871955269021,1.3148148148148149,22.9907579204505,27.5166914292442,0.0,53169.507934809924,4.05147987435384,2x-5x,16512.666225574252,3.2199226465598154,1.0
019ed3ba-0a05-7eb0-9ce1-a88671388b3e,2fHqck8fyk9NciRWvRHCnNqLjBbz3n1tjNEoSzhapump,X,X Coin,https://pump.fun,16781.55129397161,14551.063728324194,12612.602458576876,28.0,20,25919.68075684923,25919.68075684923,6.9114,6.9114,5.84619355,25919.68075684923,28.0,,,20,209,,,9.6325363536315,0.0,0.0035323892708,23.7655303299093,0.7515754793841775,1.544534250904461,1.4,23.7655303299093,9.6325363536315,0.0,14551.063728324194,1.0,<2x,16781.55129397161,0.8670869261980167,0.0
019edd94-393d-7cc5-83f4-a6ea3902852e,2ifzrbHmRRrDKRgcdvBRRDeFE1iuxQSCiEDwAT8mpump,ARFUR,Arfur Grok,2026-06-19T01:50:24.000Z,17402.244814707738,13500.277931051258,12499.7968497956,89.0,66,16306.61556094088,16306.61556094088,6.876,6.876,0.28590591666666665,16306.61556094088,89.0,,,66,92,,,25.1393686538474,0.0,0.0,29.4926840478911,0.7182864614817528,0.9370409240053402,1.3484848484848484,29.4926840478911,25.1393686538474,0.0,32812.52096039029,2.430507070148533,2x-5x,17402.244814707738,1.8855338095610719,0.0
019ed5ff-320d-7a07-b2f5-5d74648740b5,2kzUqtKR47EwQRYJLPQn2fPrxhtxoZJDtsGGPex4pump,Ronaldo,Ronaldo,https://pump.fun,15830.422789021464,12919.50777014467,12143.331023313753,57.0,37,43797.11459234676,43797.11459234676,6.1235,6.1235,0.22284006666666667,43797.11459234676,57.0,,,37,151,,,28.71029965162127,0.0,0.0,30.40410799906281,0.7670882316380873,2.7666421280119216,1.5405405405405406,30.40410799906281,28.71029965162127,0.0,12919.50777014467,1.0,<2x,15830.422789021464,0.8161189339241439,0.0
019ee083-8566-73f5-bd6e-c513d9f8d041,2mdfssaGr9MAVNNpaCxxd3LuhhHKNShByT9RWjZBpump,CHADLON,chadlon musk,pump.fun,22312.818684920792,14721.364359396252,14077.851452244924,136.0,79,26074.31687274342,26074.31687274342,9.7643,9.7643,0.22678513333333333,26074.31687274342,136.0,,,79,105,,,57.78472230694,0.0,0.0,34.9312166877263,0.6309311096476962,1.1685801440391161,1.7215189873417722,34.9312166877263,57.78472230694,0.0,14721.364359396252,1.0,<2x,22312.818684920792,0.6597716123308565,0.0
019ed23c-2f29-7715-a90f-43d5d6717c5c,2mnRiRvi5NvWEYB3SBcCdFuiGB37CrvU6zm7spyKEeS9,$WIF,dogwifhat,pump,30327.762908930665,13247.587677830958,17009.487908376243,95.0,69,37972.83824346034,37972.83824346034,10.0144,10.0144,0.5727661000000001,37972.83824346034,95.0,,,69,64,,,51.5831486674388,0.0,26.57585138939,33.2835281767075,0.560855344307886,1.2520817429721602,1.3768115942028984,33.2835281767075,51.5831486674388,0.0,13247.587677830958,1.0,<2x,30327.762908930665,0.43681387636837266,0.0
019ed26e-ae09-77d2-b940-8e55af1822f7,2nkh9CkXPwmYAM7cmiTxLswgpnNvisXiCfVrF7hnpump,Unbroken,The Unbroken Duck,pump.fun,18793.38001356363,14302.793269643631,13369.86380340729,22.0,13,28097.62280873704,28097.62280873704,7.2504,7.2504,1.4446807833333333,28097.62280873704,22.0,,,13,105,,,29.4396165246964,0.0,0.0,30.0950327525617,0.7114134761154162,1.4950808629665508,1.6923076923076923,30.0950327525617,29.4396165246964,0.0,14302.793269643631,1.0,<2x,18793.38001356363,0.7610548639638514,0.0
019ed267-40d7-7e53-8108-283f3bf8a3c4,2o3u2NXmDXgr4MSee4tPfYFF1NB9SuJmPmURKZUNpump,DIALOG,The Dialog Society,2026-06-16T21:46:54.000Z,15700.611199161072,14671.140529523467,12216.19111873152,65.0,48,18522.50140695295,18522.50140695295,5.5203,5.5203,0.49219376666666664,18522.50140695295,65.0,,,48,104,,,40.8341510858733,,0.0,23.9802715255341,0.7780710549271015,1.1797312328798166,1.3541666666666667,23.9802715255341,40.8341510858733,,14671.140529523467,1.0,<2x,15700.611199161072,0.9344311723550855,0.0
019ed36c-caef-79ae-b46f-ae8643f4385c,2ozinNKNKHfxbhEXMQ3JVyXfzE3SSuQC1QK9L4aZpump,what,Guess what,https://pump.fun,15721.52925010924,13243.94924579057,12234.38374531004,20.0,20,42241.13075127911,42241.13075127911,3.5855,3.5855,4.5735601,42241.13075127911,20.0,,,20,204,,,5.454419742660844,0.027293902019004244,0.0,17.91649988442358,0.7781929830537974,2.6868334548934287,1.0,17.91649988442358,5.454419742660844,0.027293902019004244,32405.5259526269,2.446817437247927,2x-5x,15721.52925010924,2.0612197094250058,1.0
019ed795-6521-7e97-a877-d58026226ebe,2pGdxH9gV8Ajwr5GrbFLzva4AbwPze4GCywP1EzRpump,Kirk,Kirk The Sprite,https://pump.fun,23783.151860597955,19777.943128071995,14795.237045005995,20.0,15,42149.8752040648,42149.8752040648,9.8891,9.8891,0.15485405,42149.8752040648,20.0,,,15,174,,,11.7861943266146,0.0,0.0,27.4418336017714,0.6220889952570826,1.7722577499870984,1.3333333333333333,27.4418336017714,11.7861943266146,0.0,19777.943128071995,1.0,<2x,23783.151860597955,0.8315947038474125,0.0
019ed84d-67d6-70d9-8567-7c95b6357284,2w6zuEB1qarSnoZKT65JASN4hh1HVnrFKVzmBAUhpump,YOSHI,YOSHI,https://pump.fun,15672.236568799419,14917.35126145869,12093.082231398685,29.0,19,27211.5218010575,27211.5218010575,4.139,4.139,0.5762390166666667,27211.5218010575,29.0,,,19,102,,,43.5913625859079,3.8528908456257,35.4710743772565,27.5595818741795,0.7716245335062015,1.7362883517998131,1.5263157894736843,27.5595818741795,43.5913625859079,3.8528908456257,23569.890544478098,1.5800318790759185,<2x,15672.236568799419,1.503926414140626,0.0
019ed20c-87e6-7066-8417-4d576f85c581,2wc8dLNPNCZYtFJf2P5PBLZsk2nhjVjmVPz4ZiUcpump,BELLS,BELLSCOIN,https://pump.fun,70787.89993133002,71106.08408060788,26726.99040636486,59.0,27,41325.611776723534,215938.65734479798,1.7232,16.1182,0.08067629999999999,41325.611776723534,59.0,,,27,247,,,8.555599315446203,4.124984900435143,0.0,23.507924479765613,0.37756439211068843,0.5837948550078857,2.185185185185185,23.507924479765613,8.555599315446203,4.124984900435143,61590.98601579799,2.801803573673317,2x-5x,70787.89993133002,0.8700778816089505,0.0
019ed60f-5f0c-747f-8b48-0b78042faddb,2xoiUVRXV9YnJzLwjBBfpZtSjMPuJoB3aihuzjWUpump,GOATS,Ronaldo and messi,pump.fun,24429.134064015423,18797.515782517978,15074.425468647103,143.0,83,37938.53002135392,37938.53002135392,5.7319,5.7319,0.37012325,37938.53002135392,143.0,,,83,133,,,21.3062581701266,28.1784165640252,9.3509683098592,37.135498130849,0.6170675321173998,1.553003472081235,1.7228915662650603,37.135498130849,21.3062581701266,28.1784165640252,18797.515782517978,1.0,<2x,24429.134064015423,0.7694712278077459,0.0
019eda7a-8f8a-766a-a42b-2437dd3eef64,2ycd6NX7ur1pqvW5qe8gfd4vzJCoX3zcg8F2gxZFpump,👍🏼,👍🏼,2026-06-18T11:10:56.000Z,16286.026337773177,13098.480277851411,12188.337844859272,24.0,20,32113.5231093045,32113.5231093045,6.4835,6.4835,0.6230946333333333,32113.5231093045,24.0,,,20,112,,,5.6050589392775,0.0,0.0,26.7609884997189,0.7483923697575089,1.9718452152334816,1.2,26.7609884997189,5.6050589392775,0.0,22637.695868424224,1.7282688822078802,<2x,16286.026337773177,1.3900073227757976,0.0
019ed1ba-1205-7efb-8cbf-aa666572c65b,31e5p5ZNwX3DfkT8DTRucdyzEdeLZNwYXuzK7FJzpump,ANSEM,The Black Bull,pump.fun,18466.691340259382,14384.96279797919,13242.496359813511,100.0,74,29326.7490371784,29326.7490371784,7.2201,7.2201,0.2535262833333333,29326.7490371784,100.0,,,74,85,,,22.0692578228026,0.0,0.0,26.9533505724379,0.7171017328341563,1.5880889812265893,1.3513513513513513,26.9533505724379,22.0692578228026,0.0,14384.96279797919,1.0,<2x,18466.691340259382,0.7789680637926956,0.0
019eda0f-0e2d-7687-b42e-50f495c02632,32UUZNDi4hhd6NYCkTBkrTtxcQyMzwcjDTeX7Jhypump,ANSUM,ansum,pump.fun,15369.4606279236,12966.623852051829,11921.022072168447,80.0,58,52930.03984237341,52930.03984237341,4.6979,4.6979,5.788996466666666,52930.03984237341,80.0,,,58,167,,,17.3976290878613,,0.0,23.6835485928602,0.7756304766160793,3.4438449808842906,1.3793103448275863,23.6835485928602,17.3976290878613,,15077.04228710229,1.1627577431974714,<2x,15369.4606279236,0.9809740661757487,0.0
019ed2a5-bba9-725d-9bfd-395361ef6bf6,3ALxU164ur3NtAaMKsPyLm29YLneP2tanw6X6MNSpump,GOOGLE,Google Coin,https://pump.fun,17876.2860962782,14275.23523199268,13019.420210084887,38.0,33,8909.31497580464,8909.31497580464,7.4874,7.4874,0.20672026666666668,8909.31497580464,38.0,,,33,95,,,31.895182136352,7.5248977883264,0.0,25.7270971945364,0.72830677132626,0.4983873567373448,1.1515151515151516,25.7270971945364,31.895182136352,7.5248977883264,32795.62815880989,2.2973791763032088,2x-5x,17876.2860962782,1.8345884588207535,0.0
019ed680-b96c-7c6a-827f-af424e6b407a,3Bizspecy45G42iyCHramF1cSVdZx6Jkgs2RW2w9pump,Fish,Fishcoin,2026-06-17T16:53:10.000Z,12683.412694247716,13806.53558221995,10986.522300212522,90.0,59,26683.36469053882,26683.36469053882,4.295,4.295,0.12626711666666665,26683.36469053882,90.0,,,59,81,,,28.6948867029237,21.4168505863027,0.0,32.2739307949432,0.866211844166769,2.103800083919092,1.5254237288135593,32.2739307949432,28.6948867029237,21.4168505863027,13806.53558221995,1.0,<2x,12683.412694247716,1.0885505277677832,0.0
019ed634-e54c-7302-b0ab-fad089699096,3C8Hz8sqdwn4gUJaWek23PsRfvyDsVZhaqoKooNMpump,Arnold,Arnold The Psychic Armadillo,https://pump.fun,15979.996434439361,14457.237065945708,12250.989618031988,21.0,14,54871.69277402496,54871.69277402496,4.2455,4.2455,0.86551555,54871.69277402496,21.0,,,14,102,,,11.5170814019644,0.6812097157527,0.0,25.6769739493994,0.7666453286328158,3.433773780810613,1.5,25.6769739493994,11.5170814019644,0.6812097157527,14457.237065945708,1.0,<2x,15979.996434439361,0.9047084037383218,0.0
019ed499-d894-7bef-b063-78a891cf6aa2,3CfrMh1YK42FWq1eayNdNBRTpPNQduRsVqJVcsPMBAGS,speedrun,fastest speedrun to 10m,pump.fun,304486.48537374625,349295.7222267078,7427.338040082496,68.0,25,31195.669459692,31195.669459692,4.1483,4.1483,0.3527110666666667,31195.669459692,68.0,,,25,138,,,,9.214220921e-07,,1.29196311745327,0.024392997380378655,0.10245337956921284,2.72,1.29196311745327,,9.214220921e-07,506615.340368128,1.4503909098529213,<2x,304486.48537374625,1.6638352265332097,0.0
019edc9c-f03c-7dd8-9625-2c68c8cca499,3FfN9vJQyVbNDhPJ6cc6DzPTwuDUdz7zG2PQakVhBAGS,BAG,Dog Wif Bag,https://bags.fm,12443138.54171246,11878746.660668975,46006.00526258914,84.0,30,25986.91729481172,65159.28000634746,0.5622,232.8242,0.45714321666666663,25986.91729481172,84.0,,,30,76,,,,3.1498760802e-06,,3.7512816982870665,0.003697299126612285,0.0020884535848971855,2.8,3.7512816982870665,,3.1498760802e-06,11878746.660668975,1.0,<2x,12443138.54171246,0.9546423212157042,0.0
019ed6e4-bc9f-7d9b-a40d-6d329ca0a0b8,3HwB3NUsH4qmDrLo7c1gvEjpWMybrrvxHnmvadPEpump,Memecoin,My Meme Coin,https://pump.fun,24511.49208683073,13619.883857659943,15230.677910062135,30.0,20,47945.13736137849,47945.13736137849,10.386,10.386,0.19682866666666668,47945.13736137849,30.0,,,20,136,,,10.2285389725615,1.4704456074958,3.0916438535129,26.0962463440213,0.6213688606188568,1.9560268788017983,1.5,26.0962463440213,10.2285389725615,1.4704456074958,52582.45476518343,3.860712419776663,2x-5x,24511.49208683073,2.1452163980435266,1.0
019ed6cb-e6ce-7443-b88d-e05b1aa55dfa,3KrFi5Mnc483rzs9LmeYyE7a7F7FW89dT8hZaGwVBAGS,STARGRACE,Liv's Stargrace Foundation,pump.fun,276771.25397210364,131178.24120230353,7151.093773816441,85.0,28,43106.53682441334,43106.53682441334,2.3292,2.3292,0.28285713333333334,43106.53682441334,85.0,,,28,77,,,,1.0352209946e-06,,1.9639841502837232,0.025837559613532752,0.1557478827940641,3.0357142857142856,1.9639841502837232,,1.0352209946e-06,131178.24120230353,1.0,<2x,276771.25397210364,0.4739590521764419,0.0
019ed28d-4d6c-7f3e-8aee-c223dceea4e7,3KtvNALV5LcUaTdKNKaT5mRVGdkrDVvaqQQkTCrFpump,PAB,Pabbo,https://pump.fun,15319.793853677422,14812.74480918618,12057.347242194228,33.0,27,26467.7577133602,26467.7577133602,6.2614,6.2614,0.8873732666666666,26467.7577133602,33.0,,,27,122,,,30.8824628474469,2.8197126974611,2.5,17.6974055092127,0.7870437002845136,1.7276836729109626,1.2222222222222223,17.6974055092127,30.8824628474469,2.8197126974611,14812.74480918618,1.0,<2x,15319.793853677422,0.9669023585216503,0.0
019ed287-d309-787c-9afb-4d0374646027,3LQGitBLtCWmCZUPMZgyJFonzrHhKAu8VJPpvyEFpump,GLM-5.2,GLM 5.2,2026-06-16T21:53:23.000Z,21788.265844939466,13174.750813941491,14390.711687336609,24.0,12,63865.9217859131,63865.9217859131,8.4064,8.4064,0.2390059833333333,63865.9217859131,24.0,,,12,127,,,16.0683113451251,0.0,0.0,24.0320749608738,0.6604799018770459,2.931207203015956,2.0,24.0320749608738,16.0683113451251,0.0,29097.797585668006,2.208603259112634,2x-5x,21788.265844939466,1.3354801980455113,0.0
019ecc6e-383f-7b17-a703-9fcb9f01e1ea,3LW7r3jPYr9k8BsHBCEKwSfnRJuJk3hZjA9pyy6rpump,sob,sob,https://pump.fun,17410.182538925033,13245.828412816894,17908.870711639294,,0,25541.904971372096,25541.904971372096,3.5905,3.5905,734.8781625333334,25541.904971372096,57.0,,,43,115,,,19.7269664424522,,0.0,19.1245563310178,1.0286434775511004,1.4670670404670636,1.3255813953488371,19.1245563310178,19.7269664424522,,23047.66768196664,1.7399944317310734,<2x,17410.182538925033,1.3238039078819264,0.0
019ed9bb-bc59-7806-91ee-3a7640705f53,3MTLAC7jfkAFytG7rGdStNpJjLwB9Qtcjbj73rBmpump,4,Justice For The 4 Kittens,2026-06-18T07:53:16.000Z,15790.864330443312,12615.715773417654,12074.05120729736,44.0,39,15328.30005750225,15328.30005750225,5.8075,5.8075,0.5491399833333334,15328.30005750225,44.0,,,39,88,,,34.7431400569345,7.7039358431888,0.0,21.9500560761995,0.7646225662277217,0.9707068426869275,1.1282051282051282,21.9500560761995,34.7431400569345,7.7039358431888,12615.715773417654,1.0,<2x,15790.864330443312,0.7989249675900092,0.0
019ed727-865d-7a68-ac9f-df1e1ac32a83,3MuboDr1XiSNVz4UuqQEV1eNyFpDxikK3g3eEdPLpump,NUT,NUT,https://pump.fun,19264.094529472513,18816.387241042827,13329.480381644438,21.0,15,15443.8987775162,15443.8987775162,8.1708,8.1708,0.20088371666666666,15443.8987775162,21.0,,,15,107,,,20.3588434988457,0.0,1e-13,25.3729967420133,0.6919339168135521,0.8016934693654186,1.4,25.3729967420133,20.3588434988457,0.0,27611.25845976827,1.4674048799092434,<2x,19264.094529472513,1.4333016492171624,0.0
019ecc12-4770-72c8-9de9-4a0485ef9c0e,3MyvmhME3kzxgEv7v6FcYANMZ9TY9NRtybMAHspqpump,IDIOT,Elon Musk's Idiot Index,https://pump.fun,27920.82585745082,92489.20904487079,12939.507449188544,,0,29895.30698036805,700888.8137773654,-0.4343,11.9905,835.3025044999999,29895.30698036805,59.0,,,20,441,,,3.6451942188085775,0.0,,24.03238526367129,0.463435699045971,1.070717146154555,2.95,24.03238526367129,3.6451942188085775,0.0,121469.87407242492,1.31334104082882,<2x,27920.82585745082,4.350511503226544,1.0
019edb4a-a662-7098-8d19-c838dc2392b8,3NM6eyKwURUuYfor6Kj4tBo1zJt2StMWAszjGbQzpump,RETIRE,I will Retire Before This Game,pump.fun,18271.04937951948,15753.335747906402,12899.53548896152,164.0,123,40010.013569909,40010.013569909,7.3993,7.3993,0.62452315,40010.013569909,164.0,,,123,191,,,38.7407672138404,0.0,0.0,28.0899726036355,0.7060095575802537,2.1898038114196834,1.3333333333333333,28.0899726036355,38.7407672138404,0.0,15753.335747906402,1.0,<2x,18271.04937951948,0.8622020235775153,0.0
019edc86-6c13-78c4-a58d-b9e7db3df9a2,3NMQuwg7WGqzqjqwUnR3Ciwo3AoVE39yYQnTqK49pump,TRENCHES,Trenches Tokens,https://pump.fun,214216.5832009469,100753.08247188728,34088.989930112075,78.0,27,595684.2656243362,595684.2656243362,93.7688,93.7688,6.501577433333334,595684.2656243362,78.0,,,27,847,,,5.020793137442701,0.08775091559709337,0.009481984328848616,25.768355982375,0.15913329127341524,2.780757011073936,2.888888888888889,25.768355982375,5.020793137442701,0.08775091559709337,434922.65915396455,4.316718143837627,2x-5x,214216.5832009469,2.030294072732844,1.0
019ed533-aed5-7bc3-8a36-8d545d38c199,3NUEBLBewVeRYYGmZ75Ht6DhAEKwpLNnS6ZkW8rjpump,MINICAR,Run It Back Turbo,https://pump.fun,15962.633277893727,12824.742002971174,12187.722140102464,48.0,39,43501.0963808288,43501.0963808288,5.7713,5.7713,2.1230676833333333,43501.0963808288,48.0,,,39,102,,,3.229144254885,0.0070548669139,0.0,14.7660480139651,0.763515763842107,2.7251829709746223,1.2307692307692308,14.7660480139651,3.229144254885,0.0070548669139,15294.423218714837,1.1925716100309465,<2x,15962.633277893727,0.958139108532658,0.0
019edb91-67cd-7f31-bc6c-7a785a042a56,3P9p3R2fXMcJQXUqrv1hnyiWiBhGArVgrwzujRgbpump,Fetch,The Robodog,2026-06-18T16:22:44.000Z,17573.671482057547,12222.141944385148,12475.353432093498,53.0,39,67581.69044074125,67581.69044074125,7.3078,7.3078,0.50602735,67581.69044074125,53.0,,,39,218,,,11.6179452054042,0.0,0.0,21.4582520452054,0.7098888496254551,3.8456215885076226,1.358974358974359,21.4582520452054,11.6179452054042,0.0,21466.214250600784,1.7563381564605673,<2x,17573.671482057547,1.2214985509725422,0.0
019edc9b-f520-7585-bfa9-276e033d530e,3PZQAKazQ2KMXDrW5ykMeLWqhtrqaxo5PcGo71Phpump,GTA,GREAT TIMES AHEAD,https://pump.fun,15518.663299016325,12198.4824621816,11790.415884595985,64.0,54,41266.831466302,41266.831466302,3.7035,3.7035,7.351545466666667,41266.831466302,64.0,,,54,178,,,22.2782783402238,1.0492858484085,0.0,21.8933946759704,0.759757181235019,2.6591743548503795,1.1851851851851851,21.8933946759704,22.2782783402238,1.0492858484085,17622.55976352243,1.4446518096129457,<2x,15518.663299016325,1.1355720157057254,0.0
019ed2ac-9209-7032-90fc-6341906ebc7c,3Q4mDLfCrMViTC79VybKarm12q8Dbxf1RDXggXukpump,SBF,Sam Bankman-Fried,pump,22572.390717013168,13699.165359179324,10828.054203239564,176.0,112,39080.11025101616,39080.11025101616,12.2171,12.2171,0.18877705,39080.11025101616,176.0,,,112,133,,,50.2205014587603,0.0,0.0,23.0620198556615,0.479703472219196,1.7313234889896205,1.5714285714285714,23.0620198556615,50.2205014587603,0.0,13699.165359179324,1.0,<2x,22572.390717013168,0.6068991774475199,0.0
019ed2b3-3564-73ad-9dda-ac2b81dc2244,3QwSbYMieVftAJr4SHJBwQUcXP4KgErpdHYKgR59pump,PIP,Pip the Baby Squirrel,https://pump.fun,15079.404281361785,13181.672091379365,11972.098730291887,38.0,36,12544.2025749486,12544.2025749486,5.6824,5.6824,0.65221635,12544.2025749486,38.0,,,36,101,,,4.3702779182642,3.6754777653226,0.7462480666622,20.0823237080816,0.7939371149488617,0.8318765344366617,1.0555555555555556,20.0823237080816,4.3702779182642,3.6754777653226,39429.72327397039,2.991253537535416,2x-5x,15079.404281361785,2.614806429900266,1.0
019ed998-04f9-7c26-9304-0b5809836edd,3RQKHzM2JwTx1no1XEnBJtpDEePUvs3BTgQuEkf1riTD,VALOR,Valor,2026-06-18T07:17:44.000Z,15770.288265290645,18293.946913801163,12024.036992327461,106.0,60,31519.0802747808,31519.0802747808,3.8878,3.8878,0.4715003833333334,31519.0802747808,106.0,,,60,122,,,54.3006220878378,0.0,7.1985102252435,28.4013327503851,0.7624487764622265,1.998636914212418,1.7666666666666666,28.4013327503851,54.3006220878378,0.0,18293.946913801163,1.0,<2x,15770.288265290645,1.1600261584352216,0.0
019ed4c0-b17f-7ad4-a837-02ffe81eaba6,3V3h9aSABvopyu1kKT6t2k3MMdQ6Wz8zQFfJQ2TKBAGS,INDEX,INDEX,https://bags.fm,311223.2707201147,303120.69409725454,7447.251930909981,59.0,26,22148.56486063056,22148.56486063056,4.8078,4.8078,0.14415318333333332,22148.56486063056,59.0,,,26,100,,,,0.466462152583653,,1.6968654116290705,0.023928968787193767,0.0711661592958096,2.269230769230769,1.6968654116290705,,0.466462152583653,303120.69409725454,1.0,<2x,311223.2707201147,0.9739653895285135,0.0
019ed5ec-7671-785e-a5c7-8d5a3f287ead,3VU3TG3Mj45Hy3Yo9N9BEyPSkdKxrJsoPV2Auj2Rpump,Gentaro,セクシーなゴリラ,pump.fun,16678.303879180676,12951.805520058722,12459.246522217012,74.0,54,30421.84733792455,30421.84733792455,6.9867,6.9867,0.13540178333333333,30421.84733792455,74.0,,,54,114,,,4.9453054105501,0.0,0.0,15.8436325040252,0.7470331882949883,1.8240372377373322,1.3703703703703705,15.8436325040252,4.9453054105501,0.0,12951.805520058722,1.0,<2x,16678.303879180676,0.7765661073142038,0.0
019ed834-6e1b-707b-b1ad-b68231b3a198,3XhQa9baZzP9CVHBSnryqUSwJsiS2RiYozNT1kEYpump,Cheetah,チータ,2026-06-18T00:42:15.000Z,14308.608084829591,13859.627632484826,11545.400904771719,38.0,24,14074.92732661248,14074.92732661248,5.6314,5.6314,0.8460475666666666,14074.92732661248,38.0,,,24,73,,,13.4860815790289,0.0,0.0,29.1632536313976,0.8068849769540123,0.9836685191996511,1.5833333333333333,29.1632536313976,13.4860815790289,0.0,113629.11330080159,8.19856898856882,5x-10x,14308.608084829591,7.941311455813408,1.0
019ed657-55aa-7b34-b379-2bc3581930d2,3d86NDe7yraaTxWTXdiay3QZYKEqTdXMzUnMhL1qpump,WEED,Weed Farm,pump.fun,15758.221299662064,13886.751888370365,12238.635228016708,95.0,72,31633.56831463815,31633.56831463815,2.4715,2.4715,0.2666625,31633.56831463815,95.0,,,72,189,,,32.7901747963115,0.8192241763067,0.0,17.6778246803566,0.7766508031131132,2.0074326735921986,1.3194444444444444,17.6778246803566,32.7901747963115,0.8192241763067,19716.215352486204,1.4197859593788664,<2x,15758.221299662064,1.2511701021046722,0.0
019ed5c4-6d18-797e-bbd4-b158487ca891,3dc5cX8QBBa71SdP1uS78cqRo9PLAtyHMVhK3KLxpump,COIN,"Hi, i'm Coin",2026-06-17T12:49:28.000Z,15203.344296280724,16124.83893989146,11889.419163690862,35.0,20,58815.09208488468,58815.09208488468,5.6445,5.6445,0.33068705,58815.09208488468,35.0,,,20,77,,,29.63528803426918,0.0,0.0,27.150470238578226,0.7820265681018245,3.868562793731701,1.75,27.150470238578226,29.63528803426918,0.0,24535.547414827408,1.5215995338799062,<2x,15203.344296280724,1.6138256778694193,0.0
019ee0a9-224c-75ca-af1c-966f881d9ffb,3dnqJMeEKNghTZVJc2ucABsbJfkCUMXbTJfggAjcpump,RonaldoAi,Ronaldo Ai slop,2026-06-19T16:11:03.000Z,17592.167864951007,12454.606515606687,12526.437147760958,86.0,74,14347.95182257416,14347.95182257416,6.7858,6.7858,0.8529216500000001,14347.95182257416,86.0,,,74,74,,,12.0226214609685,0.0,0.0,27.1296479828504,0.7120462494402104,0.8155874780594653,1.162162162162162,27.1296479828504,12.0226214609685,0.0,12454.606515606687,1.0,<2x,17592.167864951007,0.7079631465102196,0.0
019ed27a-e3f4-70f0-8f20-1e080fe999d8,3fUZnhQkRJSACCgJL5uWJwj9DZz95NA1f7DwhKNDpump,AIRY,AIRY,https://pump.fun,32818.1422393587,24397.740469891574,13072.375640250932,32.0,11,33497.01577748064,33497.01577748064,14.6055,14.6055,0.7451597333333333,33497.01577748064,32.0,,,11,209,,,3.8722552029234,2.5282541563286,0.1763077748892,20.1815643563478,0.39832771595990196,1.0206859222307767,2.909090909090909,20.1815643563478,3.8722552029234,2.5282541563286,24397.740469891574,1.0,<2x,32818.1422393587,0.7434223513307661,0.0
019ed519-1e83-75ae-86ed-2a83d05ee48a,3iVyAEWJxNSG4Qof9jYGrYPhRdhEPx4jxkkGHm8XEHfX,SHITTER,AI Shitter,2026-06-17T10:17:55.000Z,17051.5209630325,13477.641795920905,12609.632355676993,70.0,52,18628.80685013852,18628.80685013852,6.0521,6.0521,1.2809155166666666,18628.80685013852,70.0,,,52,119,,,17.6322117721554,0.0,0.0,22.7799289872422,0.7395019120590198,1.0925011845292603,1.3461538461538463,22.7799289872422,17.6322117721554,0.0,13638.944591263844,1.0119681764647996,<2x,17051.5209630325,0.7998667462470308,0.0
019edce7-99ae-7e72-b69b-204712e7c216,3kFK8vV2S2nNgLg5aaATE9VksgixpGkWpoDCHbXKpump,Ballerina,Ballerina Cappuccina,https://pump.fun,23288.33649244796,12960.222740265139,10656.176334446582,71.0,50,12501.61167004038,12501.61167004038,10.5464,10.5464,0.2820672,12501.61167004038,71.0,,,50,100,,,50.7266939025687,0.5348054782631,5.0012711810223,32.2374570216483,0.4575756769017062,0.536818577578285,1.42,32.2374570216483,50.7266939025687,0.5348054782631,54353.82540240592,4.193895930008836,2x-5x,23288.33649244796,2.333950534424475,1.0
019ed4f8-dc92-7445-918f-e3510f4730bc,3oX9emrqYRGzFEDPP3jA6tYnUBML4QSr3DfgD2r5pump,滑る猫,Sliding Cat,2026-06-17T09:13:31.000Z,18359.425857852944,18044.547030051082,13088.781826053817,22.0,11,21519.3255126723,21519.3255126723,7.5118,7.5118,0.241943,21519.3255126723,22.0,,,11,99,,,19.7515817701275,0.0,0.0,29.3813380194346,0.7129189075624227,1.1721132065503979,2.0,29.3813380194346,19.7515817701275,0.0,352059.6875166828,19.510586047428543,10x-20x,18359.425857852944,19.175963902275026,1.0
019ed7e5-aaa2-76b0-90ca-84c4ae2d9135,3pTCFu1NBLfn1WkUVxpGiZWK7JRQ87HJQST9Riw5pump,Yeat,Million Dollar Minion,https://pump.fun,15994.20269916616,13580.999469073693,12176.943552049474,115.0,65,25622.62578937509,25622.62578937509,6.4544,6.4544,0.36428438333333335,25622.62578937509,115.0,,,65,119,,,20.811657086390838,0.0,0.0,28.134461619313633,0.7613348274424648,1.6019945646125204,1.7692307692307692,28.134461619313633,20.811657086390838,0.0,20046.386532740788,1.4760612117237697,<2x,15994.20269916616,1.253353287424942,0.0
019ed305-7d4f-7dde-b3db-4b1e7f0a941a,3q6AA6e5QvxSXZ3sA4kSmZk9phq8M3vxrB9zf5d1pump,STAX,stax,https://pump.fun,19149.93285551019,14660.75494504304,13461.338226710943,66.0,50,53626.32598302954,53626.32598302954,6.113,6.113,5.7401545333333335,53626.32598302954,66.0,,,50,147,,,17.1962696621688,29.4754862503328,3.7499602856533,31.9569487034629,0.7029444086451502,2.8003401572031694,1.32,31.9569487034629,17.1962696621688,29.4754862503328,14660.75494504304,1.0,<2x,19149.93285551019,0.7655773550571257,0.0
019ed5f6-2354-71fa-9e7e-7570e05c3857,3rPcJKq3jybz2Yn9fx3RCvVVFPkJqgnjZY5SygXTpump,DEGEN,The Financial Nihilist,2026-06-17T14:21:45.000Z,26918.092963533454,14259.689498567515,15835.504346714366,113.0,59,31408.708883089,31408.708883089,10.252,10.252,0.4560072,31408.708883089,113.0,,,59,153,,,48.0783784740278,0.0,0.0,27.3679809983777,0.5882847781292337,1.166825188011613,1.9152542372881356,27.3679809983777,48.0783784740278,0.0,14603.867371458846,1.0241364212682125,<2x,26918.092963533454,0.5425297918111448,0.0
019ed605-9fff-7521-852c-924c306be320,3sPxGyKxwCrAebxZsFb56GsNd7mjK7jZAng5uJtPpump,SPROUT,Sprout Valley,https://pump.fun,15165.12004543048,13597.036749686897,11885.458078304893,39.0,40,13343.56512176855,13343.56512176855,6.327,6.327,0.5949291833333333,13343.56512176855,39.0,,,40,134,,,15.2371498918851,10.2988247331277,0.0,21.2058845356703,0.7837364981417468,0.8798852288537737,0.975,21.2058845356703,15.2371498918851,10.2988247331277,46904.103144989225,3.4495827295656385,2x-5x,15165.12004543048,3.0928936272497403,1.0
019ed45f-ec6f-78d7-b9d3-92e050fc4f58,3wMNHtTmRjXr8PQC5vEfpLPXoFXbqs9uFjzk41hApump,Sneed,Sneed,https://pump.fun,16948.86332867951,12870.217142888872,12654.644253358687,82.0,62,24906.6162050688,24906.6162050688,5.5262,5.5262,0.20854103333333332,24906.6162050688,82.0,,,62,141,,,16.895898429413545,0.5761178648049,0.0,22.694037871406195,0.7466367512649366,1.4695154313341958,1.3225806451612903,22.694037871406195,16.895898429413545,0.5761178648049,20799.68923070827,1.616110202320917,<2x,16948.86332867951,1.2272026051158667,0.0
019ed40f-74b1-74b0-890e-87fa4b21abaa,3wSoTGhiLnoRwbqKQiVHajYwrxpn2KEzCYK2Pgwmpump,rich,"if you can't hold, you won't be",https://pump.fun,16324.014572533308,13171.534858862753,12436.23071826414,31.0,23,12104.101169336,12104.101169336,6.7801,6.7801,0.2719322,12104.101169336,31.0,,,23,102,,,11.3366446701248,0.0,0.0,27.9252509011868,0.761836536166126,0.7414904658136173,1.3478260869565217,27.9252509011868,11.3366446701248,0.0,18372.21734775837,1.3948425559073114,<2x,16324.014572533308,1.1254717561127001,0.0
019ecf38-145f-7eab-b148-d462e6ebcdd2,3xqDG39sMvtMYzLuqn6Wp32zbhQhScsYb92aZqaMpump,Miaowtocracy,Miaowtocracy,https://pump.fun,16421.174400508175,14480.29614936443,12525.486327436614,45.0,26,17839.90820163049,17839.90820163049,6.1959,6.1959,0.41598921666666666,17839.90820163049,45.0,,,26,100,,,22.3053733950673,0.1416077485746,0.0,17.1473499518337,0.7627643444946908,1.086396610042605,1.7307692307692308,17.1473499518337,22.3053733950673,0.1416077485746,38338.890628053705,2.6476592904307745,2x-5x,16421.174400508175,2.334722821460763,1.0
019ed9e8-6217-7be9-ac6b-1aa941f8ce5e,42ZzQ2vczbV9xHQSW5aUZuRdkJMdZpyuq1ts9tTxpump,SHILL,Shill Coin,https://pump.fun,15903.907923885215,13520.312819759136,12132.392488308507,52.0,43,18217.96384626733,18217.96384626733,6.766,6.766,0.23086845,18217.96384626733,52.0,,,43,117,,,27.4535781075941,0.0,0.0,17.4854533215555,0.7628560569121207,1.1455023465589083,1.2093023255813953,17.4854533215555,27.4535781075941,0.0,21273.41703565969,1.5734411858111637,<2x,15903.907923885215,1.337621994384808,0.0
019ed891-1268-7e46-a4f7-9ce481d74613,44d8uZdzcke7w1uBs2Xst3tEpzv6NpR9ehNcgMBqpump,WHILOM,Whilom,https://pump.fun,15774.657725143185,15431.88931007015,12135.829823487496,54.0,46,16371.40277157366,16371.40277157366,6.5508,6.5508,0.4154620666666667,16371.40277157366,54.0,,,46,104,,,22.1327542679653,6.9734307304574,3.0477689280008,35.116066884249,0.7693244465231236,1.0378293498868965,1.173913043478261,35.116066884249,22.1327542679653,6.9734307304574,26074.852234482772,1.6896733582366683,<2x,15774.657725143185,1.6529583518583821,0.0
019ed265-ec97-7716-89dd-3e5802dee135,46bogbQqk32gPe4eYnbK5jL7tTmW4Dco46dTZFmkpump,vibes,vibe shift,2026-06-16T21:41:55.000Z,15343.570226893504,13455.836561503023,16812.29297700178,68.0,53,26600.00711202354,26600.00711202354,2.3229,2.3229,0.3530257333333333,26600.00711202354,68.0,,,53,67,,,13.4276559172596,0.0,0.0,20.9886767619112,1.0957223598151862,1.7336256633022915,1.2830188679245282,20.9886767619112,13.4276559172596,0.0,13455.836561503023,1.0,<2x,15343.570226893504,0.8769690732029403,0.0
019ed74b-a9a0-72d4-98f0-111bee01386f,47dofk383AxA9hbngWfNo8PQcTRSQ8uwqzBi5SG9pump,BOBBLEHEAD,BOBBLEHEAD,https://pump.fun,17327.85152646924,13143.483783276342,12676.214929845839,74.0,52,29726.86107381056,29726.86107381056,7.5212,7.5212,1.08021685,29726.86107381056,74.0,,,52,116,,,5.4892609039734,0.0210284152559,0.0,16.608913419611,0.7315514511699404,1.7155537735535855,1.4230769230769231,16.608913419611,5.4892609039734,0.0210284152559,13143.483783276342,1.0,<2x,17327.85152646924,0.7585177979623702,0.0
019eda47-1188-769d-af7c-5d4482005f1d,499VCKsyodqpovLGRMmodxLgRYmPuqo9KjSFdUVNpump,SOLANA,AYE SOLANA SOLANA,2026-06-18T10:28:52.000Z,16215.93469529091,16005.355189159129,12189.997862671698,134.0,65,33579.55231271316,33579.55231271316,6.3929,6.3929,0.8968647166666667,33579.55231271316,134.0,,,65,111,,,34.6787810628074,0.0,0.0,24.7830691049006,0.7517295852339403,2.0707750088846018,2.0615384615384613,24.7830691049006,34.6787810628074,0.0,16005.355189159129,1.0,<2x,16215.93469529091,0.9870140383463104,0.0
019ed2a2-4af5-7785-8f69-b6977b8a07f2,4BEtUQCjNymApZSwhSizJQATghnkn4Pm84QX7EUJ8MLM,NALA,Nala,https://pump.fun,13526.155001146355,14980.130598296972,11321.829127755427,101.0,65,17901.86097568869,17901.86097568869,4.342,4.342,0.09706703333333334,17901.86097568869,101.0,,,65,80,,,31.3750333564241,,0.0,31.7675868678027,0.837032336742843,1.3234996179011322,1.5538461538461539,31.7675868678027,31.3750333564241,,14980.130598296972,1.0,<2x,13526.155001146355,1.107493637107322,0.0
019edf3d-a22d-718f-8097-f2ab0839da44,4CCiNMmqfBNRrheZKFVVdnnr4u5c9VwK5iyHxDsspump,RAN,RANLANDS,https://pump.fun,22173.34186626817,22706.70217446335,10327.44106999187,74.0,36,16764.88631529839,16764.88631529839,10.0863,10.0863,0.26742298333333336,16764.88631529839,74.0,,,36,122,,,47.7462710089464,0.5478882161776,5.2273162180342,36.9220690224179,0.4657593398540788,0.7560829764142343,2.0555555555555554,36.9220690224179,47.7462710089464,0.5478882161776,34046.51066541071,1.4994035859465515,<2x,22173.34186626817,1.5354704252860023,0.0
019ed46f-4673-7ba7-8ded-a5268e1b87d8,4DyYTyBHY6aNjXaKhFq3SEZd9k1QsiscinNmd9cfpump,sydney,#FreeSydney,2026-06-17T07:13:17.000Z,15407.654795521497,14107.572444181431,12070.588048413258,77.0,49,24285.67650627456,24285.67650627456,6.3822,6.3822,1.3654093833333334,24285.67650627456,77.0,,,49,119,,,12.42395148556,0.0,0.0,27.2976986150399,0.7834150108244756,1.5762085034079045,1.5714285714285714,27.2976986150399,12.42395148556,0.0,18875.84178793303,1.3379936103548586,<2x,15407.654795521497,1.2250950607628892,0.0
019edb2d-8fc7-7924-9242-0db88f08161a,4F1id46kLCxhpwszcRFRXvj3uzk3eEG5ycXuN5S4pump,FISH,FISH,https://pump.fun,16028.519126724239,13015.867304975047,12117.023224667293,71.0,58,22820.4209962196,22820.4209962196,6.8128,6.8128,1.6299794,22820.4209962196,71.0,,,58,129,,,10.883688629572,0.0,5.049411759894,24.4174595075537,0.7559664825470161,1.4237385759593517,1.2241379310344827,24.4174595075537,10.883688629572,0.0,19785.072920344213,1.520073342541052,<2x,16028.519126724239,1.2343668659543663,0.0
019ed3a7-08d0-737e-a77e-fa166c1dbc4c,4GG4SGDwyfqA9A2G2DFBRCqqsYyGFHnbUnhkmg5PPVqF,HAM,Hero Archetype Meme,pump,21397.26341855461,14169.395035755206,14252.52756506456,117.0,102,32250.47240750489,32250.47240750489,8.4507,8.4507,0.7125582833333334,32250.47240750489,117.0,,,102,144,,,36.2110037451278,0.0,0.0,20.9313180099867,0.6660911391456489,1.5072241611765613,1.1470588235294117,20.9313180099867,36.2110037451278,0.0,15438.065687109947,1.0895359786464676,<2x,21397.26341855461,0.7214972020077506,0.0
019eda90-a7e6-7c07-8959-b1b37d0ea5fc,4HBWUYs5GXkv9J1JQS17tjPZEAetoe1rqkPbVkYupump,Appreciation,Token Of Appreciation,2026-06-18T11:48:33.000Z,15318.16070796328,13329.84908586802,11814.679590875632,105.0,63,30316.37377403925,30316.37377403925,6.3944,6.3944,1.9399644833333334,30316.37377403925,105.0,,,63,156,,,22.141381945371233,0.000136100785,0.0,24.909257774876373,0.7712857839866941,1.9791131815374556,1.6666666666666667,24.909257774876373,22.141381945371233,0.000136100785,13329.84908586802,1.0,<2x,15318.16070796328,0.8701990624069104,0.0
019ecf43-4ecb-7669-b8ee-b36e7959208a,4HbyyHvSt7GUcUo5GGMH95ngaPLEht29mQhgE1bspump,Egg,Egg,https://pump.fun,13520.353158420708,13582.654446980414,11363.217450623672,58.0,52,22183.7274398592,22183.7274398592,6.1573,6.1573,1.7048409500000001,22183.7274398592,58.0,,,52,158,,,23.2710338539061,,0.0,23.0524636084219,0.8404527098869798,1.6407653838570626,1.1153846153846154,23.0524636084219,23.2710338539061,,30858.52964332365,2.271907141846185,2x-5x,13520.353158420708,2.282376006140374,1.0
019eddd1-f61a-7272-80cb-2b628b4a820a,4Hit6q5DE5nGfnVnnjsKtTMCC9qFHdGT1uV7SELDpump,Cuakssant,Cuakssant,https://pump.fun,15878.031869048356,12234.62244992116,11928.726345477335,70.0,54,24290.27055958854,24290.27055958854,6.4261,6.4261,1.0970212333333333,24290.27055958854,70.0,,,54,190,,,20.0433335019515,0.0,0.0,27.0360498174087,0.7512723518794825,1.529803615455545,1.2962962962962963,27.0360498174087,20.0433335019515,0.0,20243.26761364145,1.6545886639740073,<2x,15878.031869048356,1.2749229741188775,0.0
019ee0ad-193d-72ed-9184-adfc672a53ec,4PNfAxmCxJu5Hdd8Se9ET3weekBXS1nSJrM1RKuepump,Baki,Yujiro Trump,https://pump.fun,14915.160106983443,13001.710816829715,11543.08015395742,45.0,33,16462.98910181632,16462.98910181632,6.1251,6.1251,0.5285947833333333,16462.98910181632,45.0,,,33,109,,,23.158428196678,0.153713322803,0.0,18.09610458152,0.7739159399672031,1.1037755534456628,1.3636363636363635,18.09610458152,23.158428196678,0.153713322803,34181.03686424393,2.6289645528801646,2x-5x,14915.160106983443,2.2916976163226024,1.0
019edc39-061d-79c5-9825-8ca81d62de8d,4U8rhtC8p9wnmofM8spjuuBrYSaJjG1cM66Cgqa6pump,小橘猫,Xiaojucat,https://pump.fun,15187.129176923629,12555.462034297261,11612.614567882447,51.0,52,17225.79798089725,17225.79798089725,6.1812,6.1812,4.286237333333333,17225.79798089725,51.0,,,52,125,,,24.5061627564225,0.1903342744212,0.0,19.6603621066819,0.7646352666524661,1.1342366144531986,0.9807692307692307,19.6603621066819,24.5061627564225,0.1903342744212,17374.21535062532,1.3837973706714146,<2x,15187.129176923629,1.1440091901651104,0.0
019eded3-f2f6-712d-a60a-b11e43e4870c,4UUbr6JC5ysZnR45tyc6GAm7WNdGSNbphNwGrqvvpump,大黄,Big Yellow,2026-06-19T07:39:44.000Z,15447.316240390483,12644.853793039874,11635.812855771239,57.0,50,21501.75271979602,21501.75271979602,6.3787,6.3787,1.9410408833333332,21501.75271979602,57.0,,,50,96,,,25.1295074122385,0.0,0.0,27.3333769402653,0.753257891189331,1.3919409938391014,1.14,27.3333769402653,25.1295074122385,0.0,28648.403004305987,2.2656175763831268,2x-5x,15447.316240390483,1.8545877198654284,0.0
019ed7ba-dad1-7256-9a4f-baf2f7083c28,4UcBUpwBLhv1sapu5iy7Wy7jBfdLVEgSp5tEmmTbpump,WEEB,WeebCoin,https://pump.fun,18548.77031307503,13615.495042534803,13092.407677260047,53.0,36,33360.52662008186,33360.52662008186,8.3442,8.3442,0.4762343333333333,33360.52662008186,53.0,,,36,143,,,25.6190110765161,0.0,0.0,26.9515886640665,0.7058369614955665,1.7985303638466006,1.4722222222222223,26.9515886640665,25.6190110765161,0.0,22640.613593076487,1.6628564383701963,<2x,18548.77031307503,1.2205991670033842,0.0
019ee058-4e44-745c-8d88-fc100ef267f8,4Uq4vLJb78d94XDGCnPqTeNy67TgcCoWnx8RHVoMpump,WARNED,you have been WARNED,https://pump.fun,16776.144610667296,12702.733005771614,12236.28269206718,78.0,58,32077.13753154337,32077.13753154337,3.5563,3.5563,0.5848227166666666,32077.13753154337,78.0,,,58,176,,,34.1916769685029,4.1220977229431,9.0459922390743,20.6284699347521,0.7293858616530168,1.912068492253385,1.3448275862068966,20.6284699347521,34.1916769685029,4.1220977229431,15822.40895667638,1.2455909251566029,<2x,16776.144610667296,0.9431492946606771,0.0
019ed2ae-cc5f-7e0b-816e-70d26dc6f128,4ViYJXfeoMbXhz69VxDrTqpKMxWBhakvpfcAKKzhpump,SBF,Sam Bankman-Fried,pump.fun,15780.971211866303,14523.295620367118,12248.662456150963,73.0,53,23002.1520655816,23002.1520655816,5.5537,5.5537,0.5433785166666667,23002.1520655816,73.0,,,53,84,,,40.4028369511192,0.0,0.0,24.3852003574212,0.7761665800987417,1.4575878605168116,1.3773584905660377,24.3852003574212,40.4028369511192,0.0,14523.295620367118,1.0,<2x,15780.971211866303,0.9203042972061509,0.0
019ed2cc-0468-70a1-8c56-2b0aa1368b65,4XRCJkkqYZXhMLu2chJ2Sdw3wR6dYZTu9aTS222Kpump,LOOPY,Loopy Agent,https://pump.fun,16550.407160265266,13566.094577106725,12533.081683583518,77.0,53,20723.471236987,20723.471236987,6.8222,6.8222,0.3501246333333333,20723.471236987,77.0,,,53,101,,,27.8707400387248,0.0,3.9008752916555,26.0229880099564,0.7572672721716075,1.2521426836398657,1.4528301886792452,26.0229880099564,27.8707400387248,0.0,40870.534580591586,3.0126971582198823,2x-5x,16550.407160265266,2.469457952594353,1.0
019ed6b4-1f79-7bf2-8b9e-eee1fc7fd5f6,4ZQhcqhZ8knh5KAcgC8Tmq3QJ2uzk8TPL3cVkjLopump,ball,ball hat cult,2026-06-17T17:43:23.000Z,17470.256620825603,12942.904032635392,12863.08727375354,42.0,27,35372.36920982424,35372.36920982424,6.886,6.886,0.08429431666666667,35372.36920982424,42.0,,,27,154,,,13.5261771959103,0.0,0.0,20.0696090125043,0.7362849643788266,2.024719497689475,1.5555555555555556,20.0696090125043,13.5261771959103,0.0,27266.332387752005,2.1066626407026,2x-5x,17470.256620825603,1.5607287849022713,0.0
019ed9fc-a833-7973-aa8d-2c7044ee040e,4bg9ZVW6GSz4CLTmS8UGfXmVYxWbGavhNfTHEwXQpump,PBANK,Pokemon Bank,https://pump.fun,15403.266325020415,15663.08399248271,11934.06303590682,21.0,17,16122.0377083184,16122.0377083184,6.53,6.53,0.3077396333333333,16122.0377083184,21.0,,,17,127,,,21.8696135740408,1.6950459125499,1.4179041857285,20.4191375970331,0.7747748291881205,1.046663569150294,1.2352941176470589,20.4191375970331,21.8696135740408,1.6950459125499,16045.747175166149,1.0244308964228943,<2x,15403.266325020415,1.0417106889271994,0.0
019ed5a7-44b1-71e9-9087-3af49063844c,4c6ZF1uxisXoupJ9e9MoupcC3wVXfth1LA1U6RxnhbAG,evolve,I will evolve until I die,2026-06-17T12:49:33.000Z,18239.47788321752,15980.837959655826,13016.220632193887,38.0,25,25611.434981158,25611.434981158,7.2683,7.2683,0.9242895499999999,25611.434981158,38.0,,,25,150,,,22.8871435783369,7.9543881043192,0.0,24.1498154964215,0.7136290147959964,1.4041758840434544,1.52,24.1498154964215,22.8871435783369,7.9543881043192,25930.557632816213,1.6226031262114538,<2x,18239.47788321752,1.4216721442819038,0.0
019edc12-3b14-7472-aaa3-c968375c46b5,4ccm6bP9obG1y67kbZt5P2iuYet6sj3JSVfm9w6Ypump,OPAQUE,OpaquePay,https://pump.fun,19348.15259629909,19456.85245175266,13075.775785764516,25.0,10,34756.66626994375,34756.66626994375,8.8014,8.8014,0.10844256666666667,34756.66626994375,25.0,,,10,114,,,6.1166251705618,0.0949384473649,0.005689190538,26.0550793384146,0.6758152087484387,1.7963816492015883,2.5,26.0550793384146,6.1166251705618,0.0949384473649,24483.115499345455,1.2583286818901704,<2x,19348.15259629909,1.2653980982157738,0.0
019ed219-7845-7254-8420-de41b578c87d,4gZ8BDrhDcRjw9gDWEGeTyLT4iFejVoxVxdQFYsGpump,OGFLOKI,The Original Floki,https://pump.fun,16264.592186113849,13434.208194466528,12448.912834311534,93.0,63,25367.85433795895,25367.85433795895,9.8431,9.8431,0.34052673333333333,25367.85433795895,93.0,,,63,91,,,38.2662357501374,3.5053598798833,5.049411759894,31.0311717233444,0.7653996295671027,1.5596981496786102,1.4761904761904763,31.0311717233444,38.2662357501374,3.5053598798833,525597.336360026,39.12380460029766,20x+,16264.592186113849,32.31543283383171,1.0
019ed558-3b43-7e3d-b1f9-8acb6af50a59,4hVQ29D8JEfyBS6rrHxhHDv4McA6uMVJn1jXmSXtpump,Elon,1 Elon Can Change Your Life,https://pump.fun,15102.26264365918,14621.350977726144,11828.424371006286,93.0,66,28029.76466311682,28029.76466311682,6.1525,6.1525,1.1214338833333335,28029.76466311682,93.0,,,66,176,,,29.4436878045484,0.0,0.0,21.8515833975001,0.783222001239169,1.8559976954768012,1.4090909090909092,21.8515833975001,29.4436878045484,0.0,32968.39562444015,2.2548118620956097,2x-5x,15102.26264365918,2.1830103476767584,1.0
019ed6f5-2440-7635-a3c3-5a7fe17bf712,4iQ2sRWLbsC5ERTLzNb6yeB1DeL5rToVPaY4mmMXBAGS,COAL,COAL,https://bags.fm,277317.54832314124,405425.51991414744,7129.921591162204,74.0,25,34122.57436836234,34122.57436836234,5.0697,5.0697,0.32335241666666664,34122.57436836234,74.0,,,25,133,,,,0.2817167069046863,,1.5387891351187792,0.0257103152478982,0.12304513210466357,2.96,1.5387891351187792,,0.2817167069046863,405425.51991414744,1.0,<2x,277317.54832314124,1.461954075267281,0.0
019ed1ef-3292-7f28-b347-2b5ad75f6e95,4k6WBtxobSHRrEEkTDQkrpjS9nZnXfpNrGkaZivmpump,币安之死,Binance Death,https://pump.fun,17556.83271627558,17909.770474630608,12936.519426632107,64.0,51,26670.94497450234,26670.94497450234,7.0977,7.0977,0.17038460000000002,26670.94497450234,64.0,,,51,159,,,45.6156181875872,5.5384801279151,0.0,14.0554538093695,0.7368367424632155,1.5191205273476105,1.2549019607843137,14.0554538093695,45.6156181875872,5.5384801279151,47952.576708115565,2.677453447884267,2x-5x,17556.83271627558,2.7312771889466396,1.0
019ed7b6-e2b2-78a5-bb2e-8e0576cf5543,4m9pDBsHKi3cAfeyZreCNqTYN2KxQHhe5CwkVxczpump,VIMS,5imulites,https://pump.fun,17788.804920626848,15813.591381763768,12820.699517210227,51.0,39,14393.68150650606,14393.68150650606,7.3238,7.3238,0.2601580333333333,14393.68150650606,51.0,,,39,116,,,24.5175118426056,3.7532790122272,3.0477689280008,25.8874008371367,0.7207173036308977,0.8091426923129612,1.3076923076923077,25.8874008371367,24.5175118426056,3.7532790122272,72523.886498802,4.586174307149263,2x-5x,17788.804920626848,4.076939784454412,1.0
019ed2b9-608c-708f-9c4e-3a6dd8605f38,4rHgkXnfYMZa8eEoFbqmzxMZwyQy5VaKWsPpbM6Upump,ARTIFACTS,ARTIFACTS,https://pump.fun,38337.60903647555,24908.602127027283,14114.039477442868,30.0,11,26018.68248057808,26018.68248057808,17.5273,17.5273,0.3242617666666667,26018.68248057808,30.0,,,11,151,,,1.1550671313584,7.3682563097794,0.1763077748892,29.0792472157823,0.36815127057126457,0.6786725394330962,2.727272727272727,29.0792472157823,1.1550671313584,7.3682563097794,56588.22306763845,2.2718345565541367,2x-5x,38337.60903647555,1.4760498760837881,0.0
019ed55b-d8a9-75ec-b71a-e3d70543d122,4tY3WSKcKXio57oBoT25vLHXKEparqkX1QgX4wxgpump,Shrek,Shrek 5 Memes,https://pump.fun,16852.729710893647,12671.899656608379,12496.011674454106,54.0,38,39616.01889713556,39616.01889713556,4.5172,4.5172,0.57614115,39616.01889713556,54.0,,,38,120,,,24.440235661698573,2.6361294463921,0.0,22.9123731249569,0.7414829460165526,2.350718226467945,1.4210526315789473,22.9123731249569,24.440235661698573,2.6361294463921,19098.738088795188,1.5071724529348858,<2x,16852.729710893647,1.1332726754912419,0.0
019edeb3-ba7e-7f1c-9c34-968cb2e3446d,4wHCJ3Wp2KsFRHs1AdFLFuDqUrxuZwDcTxVmCypwpump,Lemmon,John Lemmon,https://pump.fun,16120.907057782164,13991.649254721717,11934.07873648453,21.0,11,27637.60199086922,27637.60199086922,6.9794,6.9794,0.23243978333333332,27637.60199086922,21.0,,,11,104,,,6.798005798479739,0.0,0.0,24.89842142929263,0.7402858098312467,1.7143949711891378,1.9090909090909092,24.89842142929263,6.798005798479739,0.0,14315.418520769885,1.0231401788419552,<2x,16120.907057782164,0.8880032909723462,0.0
019ed2a8-5aa1-7264-b12f-98375e59852c,4wNsn7WNtct8kAhRyPX1qTovYPjFBiJFfoktDWt4pump,ALBERT,Albert the Monkey,https://pump.fun,18781.950965983764,14693.225673600062,18600.738908007846,67.0,56,11075.524218130926,11075.524218130926,3.2283,3.2283,0.21891351666666664,11075.524218130926,67.0,,,56,83,,,14.7919257967579,0.0,6.15838289e-05,21.680379517741,0.9903517979413261,0.5896897632301326,1.1964285714285714,21.680379517741,14.7919257967579,0.0,36995.58513870837,2.517866802058305,2x-5x,18781.950965983764,1.969741333353045,0.0
019edab0-1ffa-785f-88d6-bd73873bbc41,4xS3WYaHUuPMew6dS1ewr9XRBB3xkbGtDnNBDVTTpump,Please,Please Grok,pump.fun,23036.750962654238,19931.817658772678,14517.209339085666,111.0,79,28259.10976982933,28259.10976982933,8.7134,8.7134,0.29244088333333335,28259.10976982933,111.0,,,79,177,,,40.1946607882193,,0.0,23.2142780386786,0.6301760765925747,1.2266968469486543,1.4050632911392404,23.2142780386786,40.1946607882193,,48981.06817472086,2.457431078954438,2x-5x,23036.750962654238,2.126214250183368,1.0
019edaae-ac71-7b96-b850-a428441320b3,51nbVohGhNqVHw9Eh2u4VZ4DnWN8cKtXuY9YiQCapump,@grok,Please Grok,2026-06-18T12:21:27.000Z,24867.486392996252,12905.864755343357,15076.6557019809,174.0,106,33159.48182018094,33159.48182018094,11.3478,11.3478,0.4868812166666666,33159.48182018094,174.0,,,106,155,,,28.6253544719104,0.2590542391566,0.0,19.070310591506,0.6062798412238051,1.3334472691023596,1.6415094339622642,19.070310591506,28.6253544719104,0.2590542391566,13836.097366176362,1.072078285993805,<2x,24867.486392996252,0.5563930808090519,0.0
019edcbc-2fdd-7d41-bbb4-9df8fddf84b6,57RVBHbo98xpAr5TVkjBBHDgiFyULqfTDLUo6GHZpump,BIDI,BiDi,2026-06-18T21:55:31.000Z,17362.05701102623,12524.412461194754,12459.550600710247,52.0,41,24657.24522244004,24657.24522244004,6.3742,6.3742,0.9411360999999999,24657.24522244004,52.0,,,41,146,,,28.0937345629902,0.0,0.0,24.2663064309915,0.7176310153110016,1.4201799479624337,1.2682926829268293,24.2663064309915,28.0937345629902,0.0,19908.21299880579,1.589552648516549,<2x,17362.05701102623,1.146650594809276,0.0
019ecc4f-2aa0-7934-b5ca-285647b74790,5AoXC37JQsvLCmZGhqwHxaf1vPfE8myrmsaWrqBMpump,SUPERSTACK,Superstack,https://pump.fun,17023.978059974717,17883.573931260322,12841.558542143863,,0,44620.8551391832,119123.73211862246,0.4704,6.7128,768.7971082833334,44620.8551391832,33.0,,,18,156,,,6.1351351654289,0.0,0.2489571181291,31.7078587544665,0.7543218451588474,2.6210592484310022,1.8333333333333333,31.7078587544665,6.1351351654289,0.0,28232.03103151979,1.5786571040014803,<2x,17023.978059974717,1.6583686217204698,0.0
019edb1b-6854-71a5-b164-635df8d40a82,5BFtthSpPiD34zZpdbbSzvkFKDkqzCbpKXjrLFrapump,GTAify,GTAification,https://pump.fun,21310.832173186525,17403.42919325022,13974.59902313499,67.0,43,28679.83291475352,28679.83291475352,8.8806,8.8806,0.23809671666666665,28679.83291475352,67.0,,,43,118,,,4.5586785324843,0.0,1e-13,25.4329607767015,0.6557509772292212,1.3457866253969535,1.558139534883721,25.4329607767015,4.5586785324843,0.0,79402.62211374022,4.562469915097875,2x-5x,21310.832173186525,3.7259278036849866,1.0
019edc52-cffc-796f-ae76-7014cab63e55,5Czp7KA5GFY15UmNxfb82PhaEnvdYYmk2cvzB1pcpump,SHITCOIN,SHIT,https://pump.fun,16842.728603155138,12958.531144578872,12269.148622171106,21.0,19,5784.88947301031,5784.88947301031,7.6701,7.6701,0.2741849666666667,5784.88947301031,21.0,,,19,80,,,23.9407087304447,0.0,2.4465798079756,23.6050695897211,0.7284537387767879,0.3434651005376071,1.105263157894737,23.6050695897211,23.9407087304447,0.0,87052.89583355004,6.717805811653902,5x-10x,16842.728603155138,5.168574396979981,1.0
019ed397-3465-7b58-89c7-1746924d5ef1,5DBuPWsSbbTSZf5PzAgHyryKjNjatyB3ze6huYZJpump,提米,Meepcat,pump.fun,17550.380078627048,14112.83087352296,12901.783639926873,32.0,28,13878.14216172125,13878.14216172125,6.6315,6.6315,0.56733985,13878.14216172125,32.0,,,28,68,,,38.96556689298488,,0.0,21.760288060588774,0.7351284463428082,0.7907602057360644,1.1428571428571428,21.760288060588774,38.96556689298488,,14112.83087352296,1.0,<2x,17550.380078627048,0.8041324923048045,0.0
019edf7c-31b1-7221-b372-b15b385828eb,5Dv3voRfE5PDEbTKzzy4V42gyxj65wTmEPqvWeLUpump,WCA,World Cup Anime,https://pump.fun,21666.512757770608,20337.772060288757,13781.445607859569,20.0,16,22182.12534870072,22182.12534870072,9.5832,9.5832,0.230667,22182.12534870072,20.0,,,16,186,,,0.4102949203242,1e-13,0.0,21.6970002722306,0.636071238686849,1.023797673243249,1.25,21.6970002722306,0.4102949203242,1e-13,46195.5940405736,2.271418614764321,2x-5x,21666.512757770608,2.132119485818304,1.0
019ed7e3-131f-708e-b4c4-a3def299a64d,5EhA27vzmz95U375QhKfmQday63csjjyHjXYYp18pump,wif,frogwifgrenade,https://pump.fun,20719.47859272395,20155.84988279869,13858.51496687067,20.0,12,39746.07043516548,39746.07043516548,8.1088,8.1088,0.33185498333333335,39746.07043516548,20.0,,,12,134,,,12.3133317804982,0.0,0.0,26.7472135410712,0.6688640790283863,1.9182949154484557,1.6666666666666667,26.7472135410712,12.3133317804982,0.0,48635.90319408319,2.4129919341972186,2x-5x,20719.47859272395,2.347351694996931,1.0
019ed4b3-0fd7-7472-b48f-dc048b72bae7,5HDE96XQ5STmSGfYC61ZHVXuNtDjqm5r3J3GdxaFBAGS,FIHLLIONS,ten million dollar fih,https://bags.fm,388030.5219406522,335064.07735125907,8327.70807599862,62.0,26,19316.08132618416,19316.08132618416,5.8693,5.8693,0.36855998333333334,19316.08132618416,62.0,,,26,78,,,,1.4153040846043392,,1.5317451474001653,0.021461476881636417,0.04977979884051101,2.3846153846153846,1.5317451474001653,,1.4153040846043392,443400.11299630423,1.3233293061478293,<2x,388030.5219406522,1.1426939065997508,0.0
019ecc5e-8c26-7899-a947-68bf8c2cc7ed,5LuTk9UC6Fv4Ssafmy2JZTBzXyR3DCT3ZHoLnYJcpump,nuts,nuts,https://pump.fun,71701.23786074974,14919.06309384774,19872.906868091868,,0,235239.38612547703,235239.38612547703,33.0495,33.0495,751.9968687833333,235239.38612547703,36.0,,,16,650,,,2.4771951654043596,0.012761831663940496,0.0,22.475119380301955,0.2771626747461019,3.280827404714171,2.25,22.475119380301955,2.4771951654043596,0.012761831663940496,166853.05609535894,11.183882998937452,10x-20x,71701.23786074974,2.327059630677543,1.0
019ed445-cb23-7605-b929-92a496d70c49,5NUcvdbSbcK41wi3myADHdME7xmLFXDKkar9zZG8pump,MEEPCAT,Official Meepcat,pump.fun,15420.227335089421,13763.286281455128,12080.383649579722,102.0,52,34048.31620500645,34048.31620500645,3.6898,3.6898,0.38358585,34048.31620500645,102.0,,,52,126,,,36.7866214710526,6.6037787841612,0.0,28.7812566139342,0.783411514439237,2.20802945800468,1.9615384615384615,28.7812566139342,36.7866214710526,6.6037787841612,20953.87818816541,1.5224473108867176,<2x,15420.227335089421,1.3588566324495046,0.0
019eda8d-ea71-7b98-831b-510fceba677c,5NvBaMvCbcmq71JTdh1BMT2CDx2geH8AZkXHy4mFpump,Sergeyevna,Сергеевна,https://pump.fun,16182.256024471339,12770.287139988925,12152.263197272398,53.0,41,14806.8315668158,14806.8315668158,6.6623,6.6623,0.5212231833333333,14806.8315668158,53.0,,,41,106,,,22.7391635596837,0.0,0.0,27.2604626357644,0.7509622378298394,0.9150041591496527,1.2926829268292683,27.2604626357644,22.7391635596837,0.0,12770.287139988925,1.0,<2x,16182.256024471339,0.7891536952991769,0.0
019edb1f-ef5c-78f2-bc1b-c25da84ecf7d,5PUkK1xyJrqw42XtY1RWqY5uvf3bBEi6MzhRaf4tpump,LSTR,Lester Coin,https://pump.fun,14640.795863195113,13851.918673082899,16422.60585603314,36.0,30,16126.240438733548,16126.240438733548,2.3071,2.3071,2.8229524666666665,16126.240438733548,36.0,,,30,63,,,13.0778238290189,0.0,0.0,18.3456917778581,1.1217017168661743,1.1014592778574717,1.2,18.3456917778581,13.0778238290189,0.0,21481.243451404494,1.5507774741088343,<2x,14640.795863195113,1.4672182886864298,0.0
019ede27-00fb-7a3f-96f1-d0bb609400f8,5QgYwFEhukBNxjpCdjyjGxLbC3K6JUtaUEmhMNvppump,THONG,King Thong,2026-06-19T04:27:47.000Z,17585.416164558002,12118.064405213567,12474.077799240718,23.0,15,16235.85214516478,16235.85214516478,7.2819,7.2819,0.3944519,16235.85214516478,23.0,,,15,113,,,28.8813456514878,1.5062899393235,0.0,28.8415244314156,0.7093422005207487,0.9232566345450975,1.5333333333333334,28.8415244314156,28.8813456514878,1.5062899393235,25743.10082864763,2.124357485472032,2x-5x,17585.416164558002,1.463889201583457,0.0
019ed68c-f3b2-7656-bbec-05af1e6d1017,5RZNR9rLVP2kn5MFtZcroCsrCft1fNhh8k43jPrSpump,Khamis,The Side Eye,pump.fun,16753.92001291326,13736.70470231946,12606.500938226165,65.0,57,21375.1102730984,21375.1102730984,6.3945,6.3945,0.26246213333333335,21375.1102730984,65.0,,,57,97,,,6.6579117783654,0.0,0.0,19.5404015217061,0.7524508251507452,1.2758274037731652,1.1403508771929824,19.5404015217061,6.6579117783654,0.0,13736.70470231946,1.0,<2x,16753.92001291326,0.8199098892516946,0.0
019edcaa-2683-7c5a-a35b-8b9460bca847,5U7XtJL252qdFUXu9H9auKpKkABTrcjomwoq18CNpump,Anna,The Meme Commander,https://pump.fun,18976.49066873162,17162.5861051866,13043.577394412503,34.0,21,27893.12971898085,27893.12971898085,8.1208,8.1208,0.1301193,27893.12971898085,34.0,,,21,170,,,12.5471092476236,0.9281855580237,0.0,22.8671318686758,0.6873545600243656,1.4698781880119467,1.619047619047619,22.8671318686758,12.5471092476236,0.9281855580237,24441.8630714656,1.4241363697560225,<2x,18976.49066873162,1.2880075403899367,0.0
019ed5bd-aa6a-7e96-9703-5a5c894aa39d,5USeCZxs9qWkPDZVpTbSdZRDKwnBy7jj6QPLNRYppump,Pilly,Pilly,https://pump.fun,14111.876183162874,15521.52444003393,11464.950976800576,24.0,17,43440.49995177132,43440.49995177132,3.6619,3.6619,1.3302941333333334,43440.49995177132,24.0,,,17,129,,,17.6005975258771,4.5915093240352,35.4710743772565,23.3652294090027,0.8124327926345902,3.0782937284838807,1.411764705882353,23.3652294090027,17.6005975258771,4.5915093240352,20724.98865429101,1.3352418272032631,<2x,14111.876183162874,1.4686203581504176,0.0
019eceff-7ada-7012-876a-f99c480da5cd,5VgC4VrCr1nmgbmtnB8fhpG5vLJhrQZHYap5Gzj4pump,gang,gang,2026-06-16T05:52:07.000Z,15324.701749084552,13574.69233919741,12063.35722591129,70.0,55,23628.17482579891,23628.17482579891,5.7564,5.7564,16.9759614,23628.17482579891,70.0,,,55,117,,,2.2755216229815,0.0,0.0,16.4604400259924,0.7871838175664277,1.541835868173446,1.2727272727272727,16.4604400259924,2.2755216229815,0.0,13574.69233919741,1.0,<2x,15324.701749084552,0.8858046676182992,0.0
019ed2f9-6097-77f2-bcb1-057962baf6a8,5WCwSjeQ84xXLfHYdbvUYbX2spzSFrTaG3omnnvKpump,ELBAF,elbaf0,https://pump.fun,18906.970508757287,14107.494961270077,13374.04385238402,56.0,61,16232.15741013875,16232.15741013875,8.174,8.174,0.9868590833333334,16232.15741013875,56.0,,,61,86,,,47.1970756322629,0.0,0.3520918746848,24.6281945794732,0.7073604862391604,0.858527673834387,0.9180327868852459,24.6281945794732,47.1970756322629,0.0,15193.375476304567,1.076971887497788,<2x,18906.970508757287,0.8035859298171187,0.0
019ecb48-f823-7621-9d1d-79fb4fde293f,5WrhAdqrtaBqzjoPEQ4bVkukQGCmR9mrcKeeifCKpump,Chaton,Le gros chaton,pump.fun,633369.4283043592,61106.53451704764,71148.04774694581,,0,165658.28617271155,3898750.354754072,0.3814,292.7311,1055.1864847499999,165658.28617271155,77.0,,,21,2445,,,0.04129259128026788,5.2782169897311345e-06,0.0,15.192024851063348,0.11233262069093165,0.2615508086902896,3.6666666666666665,15.192024851063348,0.04129259128026788,5.2782169897311345e-06,866668.3431534258,68.93112458875996,20x+,633369.4283043592,1.368345714875517,0.0
019edb79-3255-7793-b87a-2e2504c4d62f,5XGHP7Kxe5xzMairhGhBgFHo51qwomGwaiHhMBXLpump,Yuji,Yuji naka,https://pump.fun,22351.749177530684,12498.777174157281,14038.74117715473,37.0,35,7660.8687408085,7660.8687408085,10.302,10.302,0.24393308333333333,7660.8687408085,37.0,,,35,117,,,29.4061297883653,0.9581320443602,3.4199203154141,28.2026374531529,0.6280824406918145,0.3427413523640317,1.0571428571428572,28.2026374531529,29.4061297883653,0.9581320443602,25600.621422408527,2.048250086043687,2x-5x,22351.749177530684,1.1453520357209361,0.0
019ecfab-466c-7982-b867-0a68a4cf53ce,5XdHFpMFuS2aYKeibRrXYtjJTpJk61z9NKd3edDppump,Isopod,The Nietzschean Isopod,https://pump.fun,17162.81445253379,15017.873929370753,12899.831302335559,50.0,31,20722.82169812778,20722.82169812778,6.411,6.411,0.29192076666666666,20722.82169812778,50.0,,,31,130,,,24.0280521018008,0.0091200023189,2.9409954536543,15.696339615572,0.7516151466889002,1.2074256093276368,1.6129032258064515,15.696339615572,24.0280521018008,0.0091200023189,15017.873929370753,1.0,<2x,17162.81445253379,0.8750239636339847,0.0
019eda53-2200-75b6-918b-27eec79ccea3,5YnWQvZvZvGHh2DW2GL4vah1AgspmDvbXuNBM351pump,Ramen,Instant-ramen,https://pump.fun,14717.19655558458,14717.196555585051,11608.369694435582,95.0,79,38140.91315676213,38140.91315676213,4.9865,4.9865,2.16979245,38140.91315676213,95.0,,,79,158,,,21.133711183344776,0.1660935638862,0.0,19.98349348757964,0.7887622925054076,2.591588215371711,1.2025316455696202,19.98349348757964,21.133711183344776,0.1660935638862,25649.926777193858,1.742854128523542,<2x,14717.19655558458,1.7428541285235977,0.0
019ed83b-a30e-7e91-a5bd-efd13d3a628f,5a7eJm2YkVnFuuYCFCrfHpZYDzFRLX3qHHmwPSUxpump,BT,Brazil Twitter,https://pump.fun,15057.26935954374,14193.796243083554,11828.84243980922,22.0,13,38350.00772123694,38350.00772123694,6.4497,6.4497,2.5372266166666666,38350.00772123694,22.0,,,13,100,,,12.524936500261385,1.2033778754529074,0.0,24.542822659957782,0.785590146350922,2.5469430615538258,1.6923076923076923,24.542822659957782,12.524936500261385,1.2033778754529074,17563.72615187411,1.237422733923821,<2x,15057.26935954374,1.1664615762978103,0.0
019ed7c2-a815-724e-a3df-1b378b1e0734,5bH582VAgUgEqQ9FBZVYynn1eLuSr2Yd9U8yLuuppump,Elon-Chan,Kyousuke Kousaka,https://pump.fun,14199.344934476354,12937.525439909028,11456.625578760873,84.0,60,22638.54062852259,22638.54062852259,5.2149,5.2149,0.6474719833333332,22638.54062852259,84.0,,,60,120,,,6.5806762716948,0.0,0.0,22.1676789408895,0.8068418389459578,1.5943369735004933,1.4,22.1676789408895,6.5806762716948,0.0,14862.72214297646,1.1488071820232857,<2x,14199.344934476354,1.0467188600291981,0.0
019eda33-2c50-7ade-9a23-618b7fb9adf1,5bhGTVxZARAnqtWckrT7r9SxWHRyf1tkXUdmgUGQpump,Hero,HeroChickenNuggetCookie,https://pump.fun,18094.350452456336,12830.381828674674,12928.535229121595,107.0,92,29568.54455849256,29568.54455849256,7.3895,7.3895,1.2651916833333334,29568.54455849256,107.0,,,92,123,,,21.4163332121948,0.2471322498461,0.0,21.5000856323854,0.7145067330873172,1.6341313072378667,1.1630434782608696,21.5000856323854,21.4163332121948,0.2471322498461,41724.18540193487,3.251983141194233,2x-5x,18094.350452456336,2.3059233605299574,1.0
019ed1ed-859f-7bc0-870b-047a1a6f1321,5cuqEojgPHvJAQhe9QGqBPEBUQNwPgGPqsVYXXxGYQu4,RUSSELL,Russell,2026-06-16T19:32:53.000Z,16235.232205109673,15149.971600935742,17293.779779002383,121.0,86,21484.314724486176,21484.314724486176,2.7452,2.7452,0.2727381166666667,21484.314724486176,121.0,,,86,105,,,20.1811939422592,0.0,0.0,19.314809575679,1.0652006426837282,1.3233142866736747,1.4069767441860466,19.314809575679,20.1811939422592,0.0,15149.971600935742,1.0,<2x,16235.232205109673,0.9331539832345379,0.0
019ed6f6-ea9f-7dc6-a0af-f35e420578a6,5cvEH5ZFD4ofVrALJmTujL2rymCKNvyqjLPSewuCpump,Renuldo,Crustieno Renuldo,2026-06-17T18:59:25.000Z,16117.086318406513,12955.180191977817,12366.250216097742,117.0,82,25472.0742034395,25472.0742034395,5.9124,5.9124,0.18300148333333333,25472.0742034395,117.0,,,82,114,,,19.386357107449,0.0,0.0,25.7203869714651,0.767275794879554,1.5804391501179171,1.4268292682926829,25.7203869714651,19.386357107449,0.0,16744.22248939392,1.2924731452027487,<2x,16117.086318406513,1.0389112621597854,0.0
019ed6d0-244f-70bf-87d7-3d6be035e475,5fpyepC8W4wv5Qu2su3yXMHpSZpbb5roDi6nxwrApump,PVMP,Pvmpcraft,https://pump.fun,19244.356620719424,13325.912916689887,13469.672770955087,58.0,55,20993.15672184816,20993.15672184816,7.9385,7.9385,0.9216444,20993.15672184816,58.0,,,55,118,,,22.0876222678282,6.0709978609797,0.8991850828163,21.1960035674678,0.6999284536461444,1.090873399178536,1.0545454545454545,21.1960035674678,22.0876222678282,6.0709978609797,25370.396754113637,1.9038393026220946,<2x,19244.356620719424,1.318329173280785,0.0
019ed89a-5408-77b6-b29c-98e3abec6080,5fpzRu2kSs2FJQePw4dSqigxW4bWpvTRTLrJv7eqpump,CHUD,Chud Cat,pump.fun,17407.738931131076,15021.742374761841,12747.462628106692,20.0,10,43912.17193138336,43912.17193138336,6.362,6.362,0.32677158333333334,43912.17193138336,20.0,,,10,124,,,5.069872963728731,0.0,0.0,29.36445820212761,0.7322870982003187,2.522566090008,2.0,29.36445820212761,5.069872963728731,0.0,28752.12895335858,1.9140342202689669,<2x,17407.738931131076,1.6516865899189124,0.0
019ed66d-132c-7df4-be04-488dd13b0943,5hK1DCN1ZrsA6fY5tBgDa3kozy8721nAjfm8ot7rpump,COLLECTOR,Collector Strategy,2026-06-17T16:32:00.000Z,24927.224172032653,13478.79877071027,15436.414368740716,116.0,79,49703.05543793112,49703.05543793112,5.4396,5.4396,0.29184061666666666,49703.05543793112,116.0,,,79,205,,,53.2958303601145,5.9323350780327,35.7666666666666,21.3504514648784,0.6192592589615235,1.993926603897435,1.4683544303797469,21.3504514648784,53.2958303601145,5.9323350780327,47469.455296688866,3.5217867781987406,2x-5x,24927.224172032653,1.9043217555666585,0.0
019ed9fa-25d5-7794-aeba-a960bbfc67d2,5hqh2gFzYLiU6yCkjAkHGhRE1Ts1r6dX2YtotuYipump,Alain,The Surf Dog,https://pump.fun,14577.754007624546,13059.514827713985,11611.208657936208,67.0,51,35638.82995030842,35638.82995030842,5.5718,5.5718,5.6718962,35638.82995030842,67.0,,,51,188,,,21.080843844513076,0.0,0.0,21.227662106358018,0.7965018926690107,2.444740796947759,1.3137254901960784,21.227662106358018,21.080843844513076,0.0,88163.4635536114,6.750898843999709,5x-10x,14577.754007624546,6.047808428342226,1.0
019eceeb-c0c7-71c9-8859-d57f4ab84be5,5iTps5Rwsrc6ER7wNh46KRpqUhXZGs2u1T7WkyX7pump,Iris,Iris,https://pump.fun,16163.894669061689,13116.850213172336,12380.84521089564,68.0,49,16448.70595112923,16448.70595112923,6.144,6.144,38.522734633333336,16448.70595112923,68.0,,,49,116,,,23.3001092040207,1e-13,0.0,26.8268242002281,0.7659568108045799,1.0176202139335069,1.3877551020408163,26.8268242002281,23.3001092040207,1e-13,26526.692831989338,2.022337100819405,2x-5x,16163.894669061689,1.641107751262599,0.0
019edc53-ebf1-78af-bc97-816b685f7a90,5kZowpTbxTHFdoQBZWbiGvkCu4XTcFcrmdoarAvCpump,PumpFund,PumpFund,https://pump.fun,18931.6353317776,12525.837936546723,13010.362754476384,96.0,70,29027.18467949168,29027.18467949168,7.1689,7.1689,0.29993263333333336,29027.18467949168,96.0,,,70,125,,,44.0849630885111,15.0594427327678,0.0,31.394950314602,0.6872286797452677,1.533263459325579,1.3714285714285714,31.394950314602,44.0849630885111,15.0594427327678,110911.76827059966,8.854638614394942,5x-10x,18931.6353317776,5.858541342407397,1.0
019edfdc-0d39-7c7a-b706-da4b60e8ce2e,5kuTkFHSha6Dc4po34fhHVYfUf9XzqFSGxRN41rmpump,Solana,SpongebobAnsemSonic69420wifInuAI,pump.fun,17043.169636396025,12415.562787215009,12231.055245067122,150.0,112,33170.97352073874,33170.97352073874,7.1291,7.1291,0.5823051833333334,33170.97352073874,150.0,,,112,170,,,24.705657801601,0.0,0.0,26.7015522071181,0.7176514407829082,1.9462913430082556,1.3392857142857142,26.7015522071181,24.705657801601,0.0,132477.67895509885,10.670291892971491,10x-20x,17043.169636396025,7.77306579594151,1.0
019edc60-0b7a-78b8-8786-7be639738913,5nX54hyoDV1tYBAMA6ohZPLPs1TpScRG58xvDhzapump,w/w,ward&weave,2026-06-18T19:58:06.000Z,15056.60096188434,12664.556906280877,11618.555942330668,28.0,25,34301.90358685932,34301.90358685932,6.3482,6.3482,1.8501767333333334,34301.90358685932,28.0,,,25,87,,,13.9409843984293,1e-13,0.7844239337395,25.520781123819,0.7716586214739266,2.2781970295748892,1.12,25.520781123819,13.9409843984293,1e-13,51991.67867531068,4.105289988434246,2x-5x,15056.60096188434,3.4530820606142902,1.0
019ed368-b3b8-7386-aed6-816a5b02f5bd,5om52eVYYAXXTei9JkgnvK7CbX1B3QFQ1mEg3zaFpump,farticle,farticle,pump.fun,103978.29100642615,65791.19206584983,23762.12863610244,62.0,21,240519.5750074772,240519.5750074772,42.7835,42.7835,0.25904505,240519.5750074772,62.0,,,21,608,,,4.406063126687328,3.9514671294845325,0.0,24.02322356062108,0.22852970948170204,2.313171073302334,2.9523809523809526,24.02322356062108,4.406063126687328,3.9514671294845325,90761.06451193246,6.758134632077026,5x-10x,103978.29100642615,0.8728847496283928,0.0
019edffd-3e2c-72ce-a024-0cae25c68994,5pRpfMANzYDVgz4VBXTL1egkzXBZVuisrEJEAinoJVqk,NAVI,NAVI,pump,26138.054522763658,25505.606549536584,11252.506894562222,117.0,69,46262.96376631875,46262.96376631875,9.2486,9.2486,0.28714423333333333,46262.96376631875,117.0,,,69,204,,,53.3720747596451,7.7476793899289,7.2982300520156,28.9531853557758,0.4305028472858377,1.7699467160430127,1.6956521739130435,28.9531853557758,53.3720747596451,7.7476793899289,25505.606549536584,1.0,<2x,26138.054522763658,0.9758035559732927,0.0
019ecef3-97a7-7c4c-aff6-8c06207fc40c,5yVdBZD1rUeNweniDqDhKVrsM4Te3TpG4f5ssYvrpump,SHHH,shhh,2026-06-16T05:42:03.000Z,13580.886614041665,22016.436446068925,11352.445825389195,92.0,67,29564.75141281116,29564.75141281116,3.412,3.412,29.960185666666668,29564.75141281116,92.0,,,67,82,,,58.4331303616328,0.0,,30.7575751745257,0.8359134530768837,2.1769382407068565,1.373134328358209,30.7575751745257,58.4331303616328,0.0,22016.436446068925,1.0,<2x,13580.886614041665,1.6211339562547784,0.0
019ee0c7-c0ef-794d-a205-10d662644af9,661HKCo3MfE7eeuGTXdUz4JUxiZecWg2cMXU6ACwGQNa,BLOB,Blob,2026-06-19T16:46:46.000Z,15640.030907881288,12602.20804059864,11804.05478755428,69.0,52,15660.46492560814,15660.46492560814,5.5716,5.5716,0.06338993333333334,15660.46492560814,69.0,,,52,81,,,30.4808994501612,0.0,0.0,27.2882883925017,0.7547334693313175,1.001306520290606,1.3269230769230769,27.2882883925017,30.4808994501612,0.0,12602.20804059864,1.0,<2x,15640.030907881288,0.8057661851709107,0.0
019edd99-df1b-7b6f-9bf7-0d7ec4569f19,666YnA6VPQ8soy9c5zzKV64LwsqzftuuqQhL1fpTpump,GRIFFIN,Official Griffin Musk,https://pump.fun,15986.446564808179,12673.005076097232,11989.171706489591,48.0,47,14202.84553988898,14202.84553988898,6.9042,6.9042,0.4862417333333333,14202.84553988898,48.0,,,47,129,,,3.4856184397424,1.0347692195341,0.0,18.6647073303204,0.749958513787673,0.888430426506067,1.0212765957446808,18.6647073303204,3.4856184397424,1.0347692195341,12673.005076097232,1.0,<2x,15986.446564808179,0.7927343343451319,0.0
019edcbd-4076-78da-99ec-4c0564b98952,693xCikv65F6ttv4PiYJaNQGQQvv8i7JTPY42VUdpump,DAWN,Dawn The Duck,https://pump.fun,17153.12242036156,16757.35855559941,12385.993624814128,76.0,60,24759.6239539296,24759.6239539296,7.183,7.183,0.3159065,24759.6239539296,76.0,,,60,142,,,45.710258805566,0.0,0.0,23.8883679701104,0.7220839052667969,1.4434470498816452,1.2666666666666666,23.8883679701104,45.710258805566,0.0,16757.35855559941,1.0,<2x,17153.12242036156,0.976927590495573,0.0
019edc7d-54f7-7bbd-9448-587d4344d3e0,69wqXrrF2x9F5gnmcRxwgrWSPyAXmjfnQ6463uVVpump,daemon,daemon,https://pump.fun,132131.73669446935,126019.37906149245,26035.16773706587,59.0,26,197789.146327325,197789.146327325,62.5222,62.5222,0.3446979333333333,197789.146327325,59.0,,,26,178,,,7.3186901254774,0.5998400851222,6.66,21.0363389214737,0.1970394727897013,1.4969087009328916,2.269230769230769,21.0363389214737,7.3186901254774,0.5998400851222,307920.0722470464,2.443434291933732,2x-5x,132131.73669446935,2.330402066530433,1.0
019edad6-3a8c-78b1-9657-778d06a8beb6,6CwV5pQGoqQbDfVYAB93k848MLWPS5sGX76UtmAguhEM,GTA6,Grand Theft Auto VI,2026-06-18T13:05:09.000Z,17562.544084013392,21917.81057146394,9397.666294351067,112.0,70,18854.0862063594,18854.0862063594,5.7324,5.7324,0.26621958333333334,18854.0862063594,112.0,,,70,94,,,37.9018339952133,0.0,10.73,40.6375754219696,0.5350970935301711,1.0735395803801373,1.6,40.6375754219696,37.9018339952133,0.0,54446.019903837885,2.4840993915114997,2x-5x,17562.544084013392,3.10012146551127,1.0
019ed5d0-40df-7588-ae8e-bb87bc54a205,6GBrXU8NQaKedkuPWGMKXsuqye4YeXFbwmoj7ZbVpump,𝕏LIFE,𝕏 Life,2026-06-17T13:39:57.000Z,14818.328146270967,13752.6621860901,11759.779575027325,84.0,63,15184.92601988656,15184.92601988656,5.2096,5.2096,0.33121043333333333,15184.92601988656,84.0,,,63,74,,,30.1501789534815,2.4186917046906,0.0,24.9105174784175,0.7935969199053453,1.0247394895022517,1.3333333333333333,24.9105174784175,30.1501789534815,2.4186917046906,13752.6621860901,1.0,<2x,14818.328146270967,0.9280846024152163,0.0
019ed1a7-4e1a-77bc-82c3-de0d036377eb,6KfBX8voJNBQtv3p5U9H2GYFfUadhiJYKWFCQzzVpump,NiKa,妮卡,https://pump.fun,15225.02684181257,13801.713578473851,12040.624378436481,66.0,52,43142.61389867919,43142.61389867919,5.9519,5.9519,2.353968866666667,43142.61389867919,66.0,,,52,166,,,8.549302767391463,1.308956867634725,0.0,18.79213459319636,0.7908442135135849,2.83366422581249,1.2692307692307692,18.79213459319636,8.549302767391463,1.308956867634725,80020.74038250263,5.797884438589477,5x-10x,15225.02684181257,5.255868591491822,1.0
019ed245-ec8f-7bab-a0d6-ad9ed016bc0c,6L1cuzAKJ2jepALuX24iWPfQZPXWBXaWMa1jDBddpump,Hobbes,Ansem's Cat,pump.fun,23479.24712302727,17668.800892808405,20797.09391021704,67.0,49,34827.335134621404,34827.335134621404,4.5123,4.5123,0.2701817666666667,34827.335134621404,67.0,,,49,78,,,19.0051134468232,0.0,0.0,25.4865550038431,0.8857649396185405,1.4833241863391988,1.3673469387755102,25.4865550038431,19.0051134468232,0.0,161902.36430060334,9.163177811715633,5x-10x,23479.24712302727,6.895551780355751,1.0
019ed97e-57ae-7d0a-a763-af645024eb4a,6LBqdG61d2xvKdhz6tAyx5hw7Jt1tjRZfXjctgvMpump,kibble,kibble,pump.fun,16923.746415744692,12569.734784121916,12455.13246667615,52.0,32,22982.79265422294,22982.79265422294,6.7164,6.7164,0.3151433,22982.79265422294,52.0,,,32,126,,,6.6597150022695,0.0,0.0,24.424487988277,0.7359559852001062,1.3580203868359388,1.625,24.424487988277,6.6597150022695,0.0,67138.70119557827,5.341298153751648,5x-10x,16923.746415744692,3.9671299454780904,1.0
019ed225-fe7e-7a73-b525-0c097dff2bf2,6LXTvmj6bma6noTEa9WBHpfwBqrqyJZDnG3H11y5pump,PokerFun,PokerFun,https://pump.fun,18209.93419775585,14841.089494986954,13161.587004358267,22.0,16,26601.893785633,26601.893785633,7.4807,7.4807,1.1147669666666669,26601.893785633,22.0,,,16,87,,,42.1492160310286,3.1925244828568,4.0779097347944,36.4944998572948,0.7227696081395105,1.460845135229064,1.375,36.4944998572948,42.1492160310286,3.1925244828568,61701.465047331556,4.157475437916682,2x-5x,18209.93419775585,3.388340912013592,1.0
019ed79b-2676-760a-b8c4-c815829a0388,6NEydsVoQp45wpWHSSf4WPBJHwUwcC3HFXhHgFpBpump,AGC,AI Gambling Club,https://pump.fun,16584.538964070427,12710.95341409121,12353.179438008143,37.0,25,11862.3386074662,11862.3386074662,6.9101,6.9101,2.411014833333333,20078.73884167703,37.0,,,25,108,,,8.6443669825643,0.0,5.049411759894,27.3565930544885,0.771437814918198,1.3046814868624241,1.48,27.3565930544885,8.6443669825643,0.0,27750.85535050239,2.1832237477747443,2x-5x,16584.538964070427,1.6732967621604211,0.0
019edd89-0c01-7c06-a4ec-df55b4006ddf,6NZdkXL6CTcPtjtCxPwzeLwEd9mUPvYWrWPuk3tVpump,gary,gary the snail,pump.fun,17390.53261249873,12408.091502697616,12484.8336379022,126.0,127,24402.37128459894,24402.37128459894,7.6757,7.6757,0.26747251666666666,24402.37128459894,126.0,,,127,71,,,34.6241861276227,0.0,0.0,24.9700421221298,0.7179097912693738,1.4031986154961544,0.9921259842519685,24.9700421221298,34.6241861276227,0.0,12408.091502697616,1.0,<2x,17390.53261249873,0.7134969226750313,0.0
019ed575-7b23-7bd9-9e15-0945e7f0106f,6QYddd82wVasozCk9gV61yyEvJyM9JwvGEK9nfcRpump,Jane,The Mystic Chimp,https://pump.fun,18089.109760728756,18325.290231729465,9572.534407866093,93.0,58,24423.30166168647,24423.30166168647,7.1782,7.1782,0.2105599,24423.30166168647,93.0,,,58,138,,,22.7646097662211,10.5815043063931,0.0,22.1268267546673,0.5291877010248427,1.3501660382817273,1.603448275862069,22.1268267546673,22.7646097662211,10.5815043063931,18325.290231729465,1.0,<2x,18089.109760728756,1.0130565005201888,0.0
019edb3e-e90b-74e6-aec0-39dd71f267c1,6QcoDFzkjjaE3PFp7Z6aqGpTLrBouAHoXVocim7apump,THUG,Thug Life,https://pump.fun,15845.42337821293,14387.148203115721,12032.48002926205,53.0,34,25947.9310177332,25947.9310177332,6.7321,6.7321,0.38833025,25947.9310177332,53.0,,,34,119,,,33.7787547189536,6.45e-11,1e-13,26.0318954186681,0.7593662688626178,1.637566280078762,1.5588235294117647,26.0318954186681,33.7787547189536,6.45e-11,50893.437219054285,3.5374235741891265,2x-5x,15845.42337821293,3.211869825392707,1.0
019ed292-3f04-7169-894a-c61efba80da3,6QukiGJwyy33YAVewFyh5XfQTFLkCmrRKWGB8dgYpump,Bitcointalk,Bitcointalk Coin,pump.fun,18297.527076811915,13389.688935326816,18359.29145079376,57.0,34,14224.322120709036,14224.322120709036,3.4248,3.4248,0.13925126666666668,14224.322120709036,57.0,,,34,46,,,34.2245993174305,0.0937445029238,0.0,23.5369139891372,1.0033755585507573,0.7773904124309361,1.6764705882352942,23.5369139891372,34.2245993174305,0.0937445029238,13389.688935326816,1.0,<2x,18297.527076811915,0.7317758776427934,0.0
019ed1c9-7e40-7d0d-87b6-c4291afdb059,6Rk48rZ5DBBAMx5AZtibw2uAZf3iUUKnECaE9ALspump,RTG,return to gambling,pump.fun,14563.911116953188,14618.564332918218,11782.561847906909,77.0,57,10821.70568867003,10821.70568867003,5.0311,5.0311,0.2787472833333334,10821.70568867003,77.0,,,57,47,,,25.9397285095709,0.0,0.0,27.9089381924327,0.8090245644380075,0.7430494186464084,1.3508771929824561,27.9089381924327,25.9397285095709,0.0,14618.564332918218,1.0,<2x,14563.911116953188,1.003752646904128,0.0
019ed549-b9df-7b8f-98ee-3e4d0d0f472f,6T6JMUGEWh5siqzaYB2wRtx3Z9MAvZrd8ZbCb1Jnpump,#fairs,#fairs,2026-06-17T10:52:37.000Z,15191.292480481092,12672.274672005467,11865.711133424484,21.0,13,35405.89567635644,35405.89567635644,3.1406,3.1406,0.33969113333333334,35405.89567635644,21.0,,,13,85,,,11.7481153654612,4.5436190831896,0.0,29.8633209538215,0.7810863459228657,2.3306703969954223,1.6153846153846154,29.8633209538215,11.7481153654612,4.5436190831896,12672.274672005467,1.0,<2x,15191.292480481092,0.8341801521027755,0.0
019ecfc1-e7d9-77f9-9dfc-94a9642f3e27,6TotVaoKJYtAFnJikVofZkg1PxLNTvoq8XvTSKcZpump,petin,vlodimor petin,2026-06-16T09:24:42.000Z,14526.852085019453,13469.601202540616,11842.786416648787,96.0,80,22779.865900532,22779.865900532,5.9546,5.9546,0.52910875,22779.865900532,96.0,,,80,117,,,14.2149240361073,0.0,0.0,23.7475573609654,0.8152341847592323,1.5681212810050786,1.2,23.7475573609654,14.2149240361073,0.0,104773.17080480217,7.778490931493948,5x-10x,14526.852085019453,7.212379543180423,1.0
019ed699-be77-7f3b-8555-18eb02567e57,6VCRczotz9NoDnQ4RiCsK3FRX7GHxMJVW2wWbVbepump,PULLS,Collector Pulls,https://pump.fun,21978.769524681138,16896.574861141922,14429.211652756198,47.0,32,34626.91160799234,34626.91160799234,6.1528,6.1528,0.10719846666666667,34626.91160799234,47.0,,,32,100,,,47.771180205555,6.4451328457467,,29.7950164916278,0.6565068001897405,1.5754708910845954,1.46875,29.7950164916278,47.771180205555,6.4451328457467,16896.574861141922,1.0,<2x,21978.769524681138,0.7687680077889644,0.0
019ed2d4-9732-79e0-ba9a-df714a793d41,6WYHSxTFpf5vkSNgz1qBdX3jopAHat1Hx8oXWSNpump,Ego,Egocoin,https://pump.fun,16382.391353436651,14110.842904225348,12458.307009606388,34.0,27,6842.2077876864,6842.2077876864,6.8168,6.8168,0.27160398333333335,6842.2077876864,34.0,,,27,75,,,33.1209499671721,0.0,3.1589453285066,28.2465429971132,0.7604693808631864,0.4176562285731906,1.2592592592592593,28.2465429971132,33.1209499671721,0.0,32914.174749897946,2.332544907012049,2x-5x,16382.391353436651,2.009119062034451,1.0
019ed2c2-1c68-7dae-9783-9f87092a0afe,6XK8TGpSTKbugQfssfkLXtyVd68AYjF5v2iNk9Dpump,GOATSE,меметик agent,pump.fun,17733.827415184733,14802.423966341496,12960.228299130362,120.0,83,27459.5786558136,27459.5786558136,6.3908,6.3908,0.24701743333333334,27459.5786558136,120.0,,,83,117,,,28.4267286957382,0.0255928325538,0.0,23.2225674815696,0.7308195797616177,1.5484293386266472,1.4457831325301205,23.2225674815696,28.4267286957382,0.0255928325538,14802.423966341496,1.0,<2x,17733.827415184733,0.8346998997896417,0.0
019ed64f-5daa-78d0-a947-c4a296b99e09,6aMWJdUjAhXN1jtZq2hgcT3Ev284P6ymPYgP8vX4pump,ESPEJO,El Perro,https://pump.fun,15280.968563225457,13402.16773226403,12037.128480590112,65.0,36,16931.65944621019,16931.65944621019,5.7923,5.7923,0.21098651666666665,16931.65944621019,65.0,,,36,70,,,23.5439633316452,4.0637700920677,0.0,25.8196401437895,0.7877202567877906,1.108022660746598,1.8055555555555556,25.8196401437895,23.5439633316452,4.0637700920677,13402.16773226403,1.0,<2x,15280.968563225457,0.8770496239693294,0.0
019ee062-cd90-7547-9804-f398c1af9a18,6adEzqnj9e4hrTyb9n7fgU4uQr9yWhETgHVCjZcpump,WOJTEK,WOJTEK,https://pump.fun,52945.66763442344,53881.62455900891,16129.933792471365,86.0,35,62243.37562104186,62243.37562104186,25.8398,25.8398,0.36481016666666666,62243.37562104186,86.0,,,35,124,,,32.7848630789833,16.032736034299,2.0,45.0126848917135,0.30465068273091794,1.1756084756701297,2.4571428571428573,45.0126848917135,32.7848630789833,16.032736034299,75096.10620749212,1.3937238682410178,<2x,52945.66763442344,1.4183616821306686,0.0
019ed3a4-5501-7e32-97c0-0cb5969974f2,6bLjvVnLRB8T3kJW1Ld3zFxgThCoCbPUKakjkaQiBAGS,RECORD,World Record Coin,pump.fun,213454.64453120396,267578.83330369985,6211.435702285468,53.0,24,18979.97944542,18979.97944542,3.6313,3.6313,50.84275108333333,33647.1598130176,53.0,,,24,41,,,,3.1398183556e-06,,1.7423635000620419,0.041575582490047114,0.31453063053021446,2.2083333333333335,1.7423635000620419,,3.1398183556e-06,601918.7203146566,2.2495005037692337,2x-5x,213454.64453120396,2.819890481355466,1.0
019edbe4-8368-708d-8181-0a79454ef4fa,6bZKdLxmc6PKnWakoJzd9NUFwEG1kYazN7eduSRZpump,Hunch,Hunch,https://pump.fun,61161.22808793941,67764.68075974299,17259.357160334148,259.0,126,78195.1721334712,78195.1721334712,36.1528,36.1528,0.29152145,78195.1721334712,259.0,,,126,273,,,64.5029005135666,8.6786768152668,0.0,25.4255835781359,0.2821944179328469,1.2785088622000835,2.0555555555555554,25.4255835781359,64.5029005135666,8.6786768152668,67764.68075974299,1.0,<2x,61161.22808793941,1.1079679541802028,0.0
019edf61-7435-7522-9c6a-105bcdf9038c,6bZsryBMSGBYnwGtESgeGE5APtSSJX2BQrx7tBEfpump,Junior,The Psychic Dog,https://pump.fun,12667.096050452783,12747.374459167375,10554.594237600593,78.0,56,27348.9787410645,27348.9787410645,5.9512,5.9512,2.243980833333333,27348.9787410645,78.0,,,56,183,,,19.3815155562251,0.0,0.0,22.8122331058001,0.8332291944074524,2.1590567113515267,1.3928571428571428,22.8122331058001,19.3815155562251,0.0,13547.003403026982,1.0627289130338953,<2x,12667.096050452783,1.0694640151988701,0.0
019edc5a-c7f8-7111-b9ed-d256d1398242,6dwpotLnFRMcWH2Ti6BaSNsF7hAhk1cGs1zVoKi9BAGS,DYMO,Daimyo,https://bags.fm,1262989.6542271543,996400.3808532716,14623.720758591084,89.0,46,18018.62060314162,18018.62060314162,13.5828,13.5828,0.17568058333333333,18018.62060314162,89.0,,,46,66,,,,0.4966342232244906,,2.788316685148283,0.011578654432873876,0.014266641490557206,1.934782608695652,2.788316685148283,,0.4966342232244906,1345936.1012279927,1.3507984612324162,<2x,1262989.6542271543,1.0656746844467184,0.0
019edcc7-c363-76a4-a2d6-1493352994e1,6e51hsM5uKykTb4szPa1rZGboeeU74DEK4pBnpc4pump,greg,greg the low quality chicken,2026-06-18T22:06:35.000Z,15188.7880283169,12810.370984728748,11655.380192765164,83.0,58,28156.16046404395,28156.16046404395,4.3752,4.3752,0.7922945666666668,28156.16046404395,83.0,,,58,145,,,24.2981356459499,2.1858944566795,0.0,25.3023319105868,0.7673673614402742,1.8537463562959469,1.4310344827586208,25.3023319105868,24.2981356459499,2.1858944566795,32925.839689706496,2.570248724955539,2x-5x,15188.7880283169,2.167772677340805,1.0
019ed646-9cf9-7b09-918d-1618bdfc0cfe,6fJxSDFFqdfYwki8xPR6USZ1qotd3yyqmxEkDAFpump,NYXOS,Nyxos,https://pump.fun,54710.65322073378,55279.381488490224,17049.16887982328,260.0,57,103855.15528568438,103855.15528568438,24.9013,24.9013,0.7682192000000001,103855.15528568438,260.0,,,57,172,,,10.2593326591178,2.1579731715025,1.788912264817,25.7430170690884,0.31162429757578053,1.8982620234248315,4.56140350877193,25.7430170690884,10.2593326591178,2.1579731715025,55279.381488490224,1.0,<2x,54710.65322073378,1.010395201560871,0.0
019ecf75-32be-7590-820a-79f7643e97f7,6fVn7Eiiw1mTKcSYU1kVErEUqfdJ9f11FsyyjtN1pump,parsec,parsec,https://pump.fun,17715.53933881111,15904.411441044964,13023.370165399512,23.0,14,24790.01570580964,24790.01570580964,7.3522,7.3522,0.30779188333333335,24790.01570580964,23.0,,,14,93,,,8.91560718004,6.2098550376119,0.007585587384,24.9767339708452,0.7351382261824781,1.399337340608073,1.6428571428571428,24.9767339708452,8.91560718004,6.2098550376119,167840.73288853065,10.553092989997689,10x-20x,17715.53933881111,9.474209600879949,1.0
019ed252-4a32-7663-94b1-ef4fd7a1c967,6fvsrsyi3pJxo2rdwN8dzVndqPwRpkEovZDNS9mupump,Oggie,Oggie The Frog,https://pump.fun,19417.355783753766,13186.767252405902,13584.485488520422,37.0,26,17543.34564769248,17543.34564769248,7.5382,7.5382,0.4573173833333334,17543.34564769248,37.0,,,26,114,,,15.7141343101371,0.0863989219199,0.0,18.5703429860701,0.6996053242165122,0.9034878818242984,1.4230769230769231,18.5703429860701,15.7141343101371,0.0863989219199,13186.767252405902,1.0,<2x,19417.355783753766,0.6791227085326977,0.0
019ed71b-b920-79c8-9ff8-ca2eb8ec6744,6gPq8XzXcATeW3pAM4dfLT7MFAaLByWPgTBLeWaspump,SKILL,SkillBetz,https://pump.fun,14780.47941066129,15216.987640963505,11677.310922659435,73.0,46,48277.9552408902,48277.9552408902,6.1401,6.1401,9.48889965,48277.9552408902,73.0,,,46,211,,,15.7063547501255,1.9938165293857,3.4612903225806,18.2400748346965,0.7900495375161166,3.266332160110239,1.5869565217391304,18.2400748346965,15.7063547501255,1.9938165293857,15216.987640963505,1.0,<2x,14780.47941066129,1.0295327518258548,0.0
019ed416-24ef-730b-ab2b-4d9544c4a8fe,6gw2o1xB9rfQRi1nNPyhMewSqEAFkqLeaoa1AFSCpump,rich,"if you can't hold, you won't be",pump.fun,14912.081180408333,13153.1884139315,11890.948797509123,53.0,38,29245.5277404092,29245.5277404092,5.5843,5.5843,0.4173708666666667,29245.5277404092,53.0,,,38,137,,,1.1974073975371,,0.0,18.994492637578,0.7974037060052752,1.9611969239298614,1.394736842105263,18.994492637578,1.1974073975371,,65348.49513858497,4.9682626814172,2x-5x,14912.081180408333,4.382251836480115,1.0
019ed244-0a0f-7273-b61f-92add7065eb9,6h9LYVfxer8jqPx5jgza3qof8c5iNhUByzA5McYXpump,BREAD,Bread Tycoon,https://pump.fun,26776.816815559258,19110.216303412773,15978.370590148623,77.0,77,34986.4383819852,34986.4383819852,9.718,9.718,0.8650626166666666,34986.4383819852,77.0,,,77,96,,,22.9074466539192,16.7692352194728,5.9969536,39.4243940544893,0.5967240505176119,1.306594380615681,1.0,39.4243940544893,22.9074466539192,16.7692352194728,221341.08660539502,11.582343344060794,10x-20x,26776.816815559258,8.266146350778332,1.0
019edfda-986f-73d4-af86-143a52798598,6hCVACCscjhknyM6nenA8Y5mvoexoVChT3FSm9RVM8Be,69,The Bottom,2026-06-19T12:24:56.000Z,18980.91676927777,12746.793810872861,12906.66075123935,66.0,57,18089.09683781248,18089.09683781248,7.489,7.489,0.7624103833333333,18089.09683781248,66.0,,,57,77,,,22.409491361847,0.0,0.0,23.1906508207611,0.6799808938696722,0.9530149179670407,1.1578947368421053,23.1906508207611,22.409491361847,0.0,12746.793810872861,1.0,<2x,18980.91676927777,0.6715583849724599,0.0
019ed591-2588-7bef-84b7-f4d14a67be2f,6j4YfmhrqKxEHMLHn8CKBr3hVAUEk9e6yzfu9ADbpump,spucs,spucs,pump.fun,16372.37758711513,13858.841967445287,12291.808786891825,35.0,19,26523.02550277674,26523.02550277674,6.4489,6.4489,0.3725061833333333,26523.02550277674,35.0,,,19,94,,,17.6262998833605,,0.0,30.2526593206844,0.7507650444468942,1.6199861847585322,1.8421052631578947,30.2526593206844,17.6262998833605,,17639.21300998263,1.2727768345593027,<2x,16372.37758711513,1.0773763869130704,0.0
019edc88-7d2b-7c8e-8986-d36245f311d0,6p7ijQRsaMKUW8hAEGqq7cpYbcDeVyb5XYPFUvxjpump,11,Justice For 11,2026-06-18T20:45:20.000Z,18466.944679064214,12777.301469341739,12881.116206341329,24.0,16,38864.23874958914,38864.23874958914,7.4933,7.4933,3.8875282833333333,38864.23874958914,24.0,,,16,180,,,6.4495565861827,0.0,0.0,24.8232060074899,0.6975228674911512,2.104529981813891,1.5,24.8232060074899,6.4495565861827,0.0,28771.449989883356,2.2517626322677353,2x-5x,18466.944679064214,1.5579973022013356,0.0
019edc9a-e505-7cd5-bdec-632af66fedb9,6qBvcmFT7K8hJHvHrpqzfbGTjjQnyK13GsLjswoGpump,TAY,TAY KEITH FUCK THESE NIGGAS UP,pump.fun,12869.200341998903,13664.749268024127,10733.565445820523,75.0,41,43313.3270175358,43313.3270175358,6.0429,6.0429,3.041072933333333,43313.3270175358,75.0,,,41,142,,,15.7667449505509,0.0242884004213,0.0,21.5466196806182,0.8340506916184457,3.365657994784793,1.829268292682927,21.5466196806182,15.7667449505509,0.0242884004213,14873.836804970964,1.0884822336093742,<2x,12869.200341998903,1.1557700874723262,0.0
019ee0c2-8453-74e3-8011-129dee0ea7ba,6qNhu8hYbZE1L8dfG1K9CQ9LAWhZMHNpBLdAxGqYpump,BWARS,BLOXWARS,https://pump.fun,15435.08672982432,12687.63509806619,11731.54930405137,32.0,29,16082.63415187,16082.63415187,6.7329,6.7329,0.33777025,16082.63415187,32.0,,,29,132,,,17.4588751974157,0.0,0.0,19.2110551789427,0.760057232550769,1.0419529500144928,1.103448275862069,19.2110551789427,17.4588751974157,0.0,22983.908249598117,1.8115202771792556,<2x,15435.08672982432,1.489068940907708,0.0
019edb73-83f9-79bc-a479-799718608959,6qkTpztRauSeKsPCrVMpnVosjsEnFWbnnYf8ieUzpump,COD,Cat On Duty,https://pump.fun,15992.644555724677,14036.050601621075,11885.373641347658,31.0,18,32404.01835786038,32404.01835786038,6.3559,6.3559,0.9868439,32404.01835786038,31.0,,,18,174,,,13.370661737237,0.003301291896,0.0,23.6583974114109,0.7431775026284322,2.0261826144482864,1.7222222222222223,23.6583974114109,13.370661737237,0.003301291896,32484.549091680437,2.31436534490184,2x-5x,15992.644555724677,2.0312181002017184,1.0
019ed2ca-074a-708e-b4b8-aff59428969c,6qpxKfBBrMttxmfFBRnNitazxoGDWQa3NTqNDBbiqgXK,ODDS,Against all odds,https://pump.fun,23940.454411924646,16285.555124659068,11149.795375851716,303.0,208,83269.12182145676,83269.12182145676,8.3933,8.3933,0.5917773333333333,83269.12182145676,303.0,,,208,288,,,40.0420731431451,6.8938807552957,0.0,19.433147118124,0.4657303150560938,3.47817632818117,1.4567307692307692,19.433147118124,40.0420731431451,6.8938807552957,47734.48552313985,2.9310935462593974,2x-5x,23940.454411924646,1.9938838545756044,0.0
019ed3e4-7ccd-7ce4-bd3f-3ecfc83d08df,6r7HZhjd27fJgzH57wXouKoUvL8vdvqG718aHCiVpump,CHEEMS,Cheems,https://pump.fun,21227.055414295686,19247.86915630252,19774.558674431795,68.0,53,14609.933324251911,14609.933324251911,4.0585,4.0585,0.3378156666666667,14609.933324251911,68.0,,,53,105,,,25.7789589129126,0.0,0.0,20.7487338541141,0.9315733288713381,0.688269429702088,1.2830188679245282,20.7487338541141,25.7789589129126,0.0,28434.93865042864,1.4773031975395525,<2x,21227.055414295686,1.3395611447492004,0.0
019edc4d-f0b3-708a-b8fc-1b1e4fc783de,6rUpVFQXUmoFxhNSrzrnhade2XWUyceD4eKqSKPapump,SOLCITY,SolCity,https://pump.fun,17652.936729550234,13780.521157373703,12553.34797349448,31.0,29,29107.20536521014,29107.20536521014,7.7788,7.7788,2.4044633666666666,29107.20536521014,31.0,,,29,121,,,11.8405536432004,1.8373388095267,2.7266531833256,25.5526548448573,0.7111195245197209,1.648859099828187,1.0689655172413792,25.5526548448573,11.8405536432004,1.8373388095267,26623.439592121245,1.9319617370113418,<2x,17652.936729550234,1.508159237185436,0.0
019ed596-808f-7eda-b2ea-f850dbb84f0d,6snUbikeEfoenoF3eTp91ENg3ZnkDp4wUhy1fiwBpump,CASHEW,Cashew Coin,2026-06-17T12:29:11.000Z,17078.08814825024,13184.018949639089,12567.037122754266,52.0,35,68048.07698233747,68048.07698233747,7.2615,7.2615,0.23291148333333334,68048.07698233747,52.0,,,35,167,,,14.836336056737977,0.0,0.0,20.83097645910361,0.7358573754663421,3.9845254569264785,1.4857142857142858,20.83097645910361,14.836336056737977,0.0,23815.245830035416,1.8063722390726202,<2x,17078.08814825024,1.394491328496594,0.0
019edbba-eaff-7252-9566-e302d9654326,6vAt3dpvZmV7xTXS8LKTQNyvG2bdprh4gs63fCy1pump,Margot,The Surf Dog,pump.fun,17378.40729583592,13646.799460601784,12407.661733640143,78.0,57,23508.8041260371,23508.8041260371,7.7727,7.7727,0.4653443166666667,23508.8041260371,78.0,,,57,114,,,14.4048296318635,0.0,0.0,22.7677309432365,0.7139700159181545,1.3527594172378556,1.368421052631579,22.7677309432365,14.4048296318635,0.0,28014.42064424622,2.0528198369972137,2x-5x,17378.40729583592,1.6120246330605232,0.0
019ed5f9-4d3b-7e77-b4b5-1dcbd195a721,6xJDACBqAcrCk2sjWo1yYKcBikCPiLfNPY2G3yGRpump,NOVA,Pokémon Nova,https://pump.fun,15674.820335427461,14449.097777666957,12091.730036825062,29.0,16,17048.65418691048,17048.65418691048,5.6454,5.6454,0.40726066666666666,17048.65418691048,29.0,,,16,67,,,21.3519219520183,0.0,0.0,25.6836858459654,0.771411077005835,1.0876459073905904,1.8125,25.6836858459654,21.3519219520183,0.0,25399.092344856115,1.757832408339977,<2x,15674.820335427461,1.6203753409186026,0.0
019edd84-720f-7a56-98f2-b9c22444f33f,71se67vdGmGaB2yxuHKphM8AfECy4AK4DAqUkxgzpump,gary,gary the snail,2026-06-19T01:34:25.000Z,15500.168934186695,12303.646386361974,11787.056330326941,179.0,114,28563.75756218871,28563.75756218871,6.5253,6.5253,0.1776635666666667,28563.75756218871,179.0,,,114,87,,,48.867281882322,0.0,0.0,25.5531276373959,0.7604469590218319,1.842802983855832,1.5701754385964912,25.5531276373959,48.867281882322,0.0,12303.646386361974,1.0,<2x,15500.168934186695,0.7937749864922717,0.0
019edf68-a0ab-72ad-ba20-9fd0b3b8eb7c,73snVp4q4D6GQHn9TXpNTVwbKJnGTm1Lo27vFJyspump,ARTIFICIAL,Artificial,2026-06-19T10:21:19.000Z,15975.818814095739,11944.405942424615,11840.091181163833,134.0,88,28205.1712281691,28205.1712281691,6.1964,6.1964,0.7004449666666667,28205.1712281691,134.0,,,88,138,,,27.0989120946109,,0.0,26.5036880151776,0.7411257800894134,1.7654914315429762,1.5227272727272727,26.5036880151776,27.0989120946109,,20331.85359897324,1.7022071835952726,<2x,15975.818814095739,1.272664258124541,0.0
019ecf56-ceef-7f38-b6f8-62a604e8229e,74qtu3i2fuiJ5cQEeZM4HvwJFAQzZG8r3YAgxcDvpump,Elonjak,Elonjak,https://pump.fun,18514.911738691186,15482.368861546496,13301.842053246188,86.0,79,33660.89084010961,33660.89084010961,7.1112,7.1112,0.18327960000000001,33660.89084010961,86.0,,,79,232,,,30.285117973055,0.0,0.0,17.2510501398995,0.7184393985227008,1.8180421983739412,1.0886075949367089,17.2510501398995,30.285117973055,0.0,15482.368861546496,1.0,<2x,18514.911738691186,0.8362107840456247,0.0
019edca7-6e29-7589-8f0e-0e2f9b014ddc,78ubN8UemFzJrW2RiBByednStMtoDCm454hGhrN3pump,BLAZE,Blaze Royale,https://pump.fun,13010.519852479552,13001.175899698397,10799.74798976831,21.0,15,12636.8304822191,12636.8304822191,8.9168,8.9168,0.6906425666666667,12636.8304822191,21.0,,,15,77,,,5.5958967237468,0.0297917578571,1.9999999972423,24.8302399862087,0.830078130022613,0.9712779063021656,1.4,24.8302399862087,5.5958967237468,0.0297917578571,35338.924971897606,2.7181329784729242,2x-5x,13010.519852479552,2.7161808576897637,1.0
019ed181-0064-7410-9358-4f5c04a8e3de,7AzKrvig6QMKCjwGG2kb9TJmBdb54XWV7Vdf3baHpump,Unkirkify,Unkirkifification,https://pump.fun,22442.443716410082,13991.004364313376,14544.982267643785,38.0,31,25928.0301030173,25928.0301030173,8.9674,8.9674,0.2896745333333334,25928.0301030173,38.0,,,31,157,,,27.6912793701904,0.1989530079359,0.0,13.6926310010414,0.6481015370446662,1.1553122481068552,1.2258064516129032,13.6926310010414,27.6912793701904,0.1989530079359,45078.712544817696,3.221978306275082,2x-5x,22442.443716410082,2.008636542189735,1.0
019ed61a-dd90-7a74-b789-0c2edec095ed,7BxRGHcmxY1nkCsjiyvjaHDBHecYta7TtE2LEmgEpump,ANIMALS,World Cup Animals,2026-06-17T14:54:36.000Z,16165.847984841266,13203.815679254672,12275.147103949672,36.0,22,40013.6017600681,40013.6017600681,6.49,6.49,0.11017815,40013.6017600681,36.0,,,22,135,,,18.700399246712603,0.0,0.0,23.871442047083868,0.7593259020782634,2.475193494185328,1.6363636363636365,23.871442047083868,18.700399246712603,0.0,19665.08195480099,1.4893484150720167,<2x,16165.847984841266,1.2164584235383729,0.0
019ed4a1-2aa8-706f-9636-cc734f5f943b,7D7h4N12D7isELWdxrrqU8hdGCokQVhpYRnEK55xBAGS,$22M,22M DOLLARS IN 3 FUCKING HOURS,https://bags.fm,325861.55299937807,456900.7229562176,7631.920167086363,51.0,25,24968.66154558464,24968.66154558464,4.7211,4.7211,0.2874023666666667,24968.66154558464,51.0,,,25,90,,,,3.0613999704e-06,,1.6569015355303387,0.023420744475187993,0.07662352712605004,2.04,1.6569015355303387,,3.0613999704e-06,456900.7229562176,1.0,<2x,325861.55299937807,1.4021314228410666,0.0
019ecc74-e8e6-7dc9-85d8-2bd9dabaa1d5,7DkQ6a1znhnYGdx6tpDJrYL7eVXRKE4wHkhdWwXVpump,Nobody,Nobody is coming to save you,https://pump.fun,16481.01547415272,13688.716097589073,12635.301146727374,,0,21229.55307132823,40830.03200565766,1.3325,5.728,727.57179285,21229.55307132823,20.0,,,12,81,,,8.7564328360448,0.0,0.0,29.4550667654377,0.7666579262997111,1.2881216636573563,1.6666666666666667,29.4550667654377,8.7564328360448,0.0,29955.822331997097,2.188358799936911,2x-5x,16481.01547415272,1.8175956681174776,0.0
019edaad-7e42-72c6-ac1a-f55eeb78ea64,7FYmPDzi86kSPySNgNeGz3mrgx4cTWKEBaFt9pFLpump,Grok,GrokCoin,2026-06-18T12:20:20.000Z,14382.776876675602,13423.257498564582,11464.345312458567,104.0,70,23155.9596300184,23155.9596300184,5.2132,5.2132,0.5351171,23155.9596300184,104.0,,,70,124,,,29.6273947985099,0.0,0.0,31.4589688465438,0.7970884489663589,1.609978367082241,1.4857142857142858,31.4589688465438,29.6273947985099,0.0,13423.257498564582,1.0,<2x,14382.776876675602,0.9332869176558622,0.0
019ecc60-98db-7120-bf23-862cfba86b33,7Fukjtom4jZibD9FXs74N2CEVWdtXeN4ijCuZ7rGpump,GCM,Gaming Capital Markets,https://pump.fun,66856.26774402795,63812.7784568128,18923.239353515608,,0,140731.0636732452,140731.0636732452,35.4778,35.4778,749.7580920166668,140731.0636732452,64.0,,,22,395,,,51.393145591275704,4.623588392635971,0.0,13.047228835647182,0.2830436097026364,2.1049793597821087,2.909090909090909,13.047228835647182,51.393145591275704,4.623588392635971,81183.589129215,1.2722152379583098,<2x,66856.26774402795,1.214300347127392,0.0
019edfb9-c4c9-75e1-a8a7-03795a17b381,7HGLh4X7zJdCwNYoUaqijVE1ghpzmuqiBaC45hswpump,Nothing,Nothing Tech,https://rapidlaunch.io,15098.20555779391,12608.818263950798,11525.886914160223,40.0,26,46048.8511386601,46048.8511386601,6.1926,6.1926,0.25740761666666667,46048.8511386601,40.0,,,26,102,,,14.410210376143,5.71723538e-05,0.0,23.874167100107,0.7633944888378073,3.049955238878638,1.5384615384615385,23.874167100107,14.410210376143,5.71723538e-05,12608.818263950798,1.0,<2x,15098.20555779391,0.8351203204702657,0.0
019ecc49-4bd8-7cfb-92ad-55a8a6ce2637,7LGUVymedpGu1Xh2eKxRogrMovzLBJqjLxqMark3pump,Bella,The Blissful Dog,pump.fun,43047.65420418373,72436.604289533,15531.848892471538,,0,238311.77263435075,406162.4852135272,-0.0667,17.6428,775.2089996166667,238311.77263435075,44.0,,,21,546,,,2.2599311628269305,0.0,0.0,21.144344625446948,0.36080592960538194,5.535999046637706,2.0952380952380953,21.144344625446948,2.2599311628269305,0.0,91274.04427656805,6.585650602500237,5x-10x,43047.65420418373,2.120302394263734,1.0
019eda96-7e1c-7d6c-9211-a28fde8695c2,7Q6MQQiXKmfxPaQuvFAu5YVkHCggWkLZYKJhooYWpump,SBF,OFFICIAL SBF,2026-06-18T11:55:20.000Z,17557.10941534533,13762.502872890633,12650.369192330438,62.0,40,13171.41303658056,13171.41303658056,6.8271,6.8271,0.2924064833333333,13171.41303658056,62.0,,,40,97,,,29.7758375622032,0.0,0.0,28.0625848948058,0.7205268756412553,0.7502039615398439,1.55,28.0625848948058,29.7758375622032,0.0,13762.502872890633,1.0,<2x,17557.10941534533,0.7838706558872316,0.0
019eda61-b16f-7ece-9b8b-338d42c32f43,7S46je3svS3dXBkT89mLjd85WBRJdQLb8TPTfkHSpump,SCANNER,Midjourney Scanner,https://pump.fun,15833.480342714673,12465.821788207926,12099.279556672353,56.0,33,48180.48962552413,48180.48962552413,6.1456,6.1456,11.637006600000001,48180.48962552413,56.0,,,33,98,,,22.91947052440564,0.0,0.0,23.769457914551005,0.7641579295760766,3.0429500389466186,1.696969696969697,23.769457914551005,22.91947052440564,0.0,21150.669672844542,1.6966927678087032,<2x,15833.480342714673,1.3358193659915347,0.0
019edeb0-b7cb-70b2-bf2e-139c68c632e4,7S7adXnXwfmSo4HRrdG8W5XBkwan89gr5kGKas4Apump,MiiGPT,MiiGPT,2026-06-19T07:02:19.000Z,24570.943772946797,14395.387135511764,10893.491315284711,134.0,102,26654.7396917494,26654.7396917494,8.4747,8.4747,0.2557416,26654.7396917494,134.0,,,102,119,,,51.535022859654,0.0,0.0,27.1044378740944,0.44334851017317084,1.0848073211211737,1.3137254901960784,27.1044378740944,51.535022859654,0.0,29174.116767624484,2.0266295371560585,2x-5x,24570.943772946797,1.187342132122165,0.0
019ed1e5-49ee-7c21-ac84-732d6ebb8e99,7SDxdZSdx9RjvVoz2dmvptbx2rnMG3QuvWqQTrfRpump,Fruit,Fruitification,https://pump.fun,17173.541774906433,13475.528215863473,12766.850126122012,40.0,29,19120.13119460406,19120.13119460406,6.5756,6.5756,0.26488518333333333,19120.13119460406,40.0,,,29,115,,,14.8998288587252,0.0565061584967,0.0,16.0886259507408,0.743402280872349,1.1133481634255513,1.3793103448275863,16.0886259507408,14.8998288587252,0.0565061584967,13475.528215863473,1.0,<2x,17173.541774906433,0.7846679731232605,0.0
019ed1cd-e83c-7bef-99f9-aaafffd48639,7Sk7AcCS6gLo9xVMi5zSSTqdjtaRGehHHbpFuxNtpump,KWILL,Kwill,https://pump.fun,15358.472684566335,14665.747586902706,12070.090638890964,64.0,43,43978.40141319836,43978.40141319836,7.0456,7.0456,7.785851633333333,43978.40141319836,64.0,,,43,126,,,18.9120080845085,0.0,0.0003532447437,23.1672471573617,0.7858913374257681,2.8634619025231633,1.4883720930232558,23.1672471573617,18.9120080845085,0.0,35979.17138671694,2.453279055399007,2x-5x,15358.472684566335,2.342626908655589,1.0
019ede16-422f-7c2a-b5f9-1770ced0900f,7V4AH8TY89FH8Q8DWNWwYc3TCinf69XU8MVzniPkpump,PEEK,TokenPeek,https://pump.fun,15005.858154855016,12593.247789886025,11548.685464163242,33.0,24,13675.29045932036,13675.29045932036,6.666,6.666,0.41899468333333334,13675.29045932036,33.0,,,24,108,,,23.644602436843,2.2676962701893,1.5198089781305,29.16242828064,0.7696117972717718,0.9113301164249535,1.375,29.16242828064,23.644602436843,2.2676962701893,19791.334001865573,1.5715829889220891,<2x,15005.858154855016,1.318907175959294,0.0
019ed14b-e4a3-703c-97f9-1333e79a1f83,7VjMt2Q3fsdejV28tvXBnqnhzoizSZeqwAAjZmWMpump,BLACKMAN,The Reasonable Blackman,https://pump.fun,33732.261898502606,57966.179143847716,13507.849570035294,163.0,55,275721.36347068177,275721.36347068177,13.161,13.161,35.006441699999996,275721.36347068177,163.0,,,55,315,,,5.480143006573777,0.0,0.0,25.597064468647545,0.4004430420550872,8.17381782165403,2.963636363636364,25.597064468647545,5.480143006573777,0.0,123023.33089024738,7.4817092944669525,5x-10x,33732.261898502606,3.647052523794986,1.0
019ed3c9-68c9-796b-80d8-df6770701784,7XT2MCDGwEUa3U9MA6DDV9QeJ1uXM6iBhkj8GPTpump,Trump,特朗普,https://pump.fun,15740.931552397355,14098.31601317703,12224.467692702912,25.0,27,39970.49880847842,39970.49880847842,6.2801,6.2801,2.110273633333333,39970.49880847842,25.0,,,27,158,,,25.8418704336343,0.2505664618192,0.0,17.4901104059519,0.7766038275441911,2.539271495808702,0.9259259259259259,17.4901104059519,25.8418704336343,0.2505664618192,14304.255987828214,1.0146074165495158,<2x,15740.931552397355,0.9087299528756076,0.0
019ed250-e8bc-71db-8a54-593c6198a013,7b7J18jeuacV4r9vnUoZ5t97jPLzCnKKhNGTEhDspump,MYLAND,MyLand,https://pump.fun,47006.62773140746,19779.708258918483,29434.13659836118,113.0,90,91982.15382362607,91982.15382362607,10.4108,10.4108,1.9662147333333333,91982.15382362607,113.0,,,90,241,,,20.2591466295805,0.1463816558013,2.9709524243208,27.7274810080366,0.6261699257931402,1.956791164624818,1.2555555555555555,27.7274810080366,20.2591466295805,0.1463816558013,79476.9694141021,4.018106251808173,2x-5x,47006.62773140746,1.6907609256343141,0.0
019ee0c9-f650-7adb-a762-437cc00389d5,7bzbXiaNbPq9k9HVaTbwfNvuMMLTWxnttMeuk6i2pump,SS,Solana Summer,https://pump.fun,18186.340111434478,13472.29830324644,12725.964143744373,68.0,46,10564.27280351611,10564.27280351611,8.2529,8.2529,0.19787541666666666,10564.27280351611,68.0,,,46,77,,,55.0927023884467,0.0,1.737651816691,20.0015277865395,0.6997539947987145,0.580890533157572,1.4782608695652173,20.0015277865395,55.0927023884467,0.0,13472.29830324644,1.0,<2x,18186.340111434478,0.7407921671263515,0.0
019ed98c-70c2-79fb-ac76-84a51f17dc1c,7cVnXmKUJzxsU9Xyo6FJfdw5EmWmZAxHVBtfd24kpump,새우튀김,shrimp,2026-06-18T07:02:49.000Z,17843.63056584081,16117.716965383339,12792.739874659868,77.0,54,21490.1271517014,21490.1271517014,6.6539,6.6539,0.7851116,21490.1271517014,77.0,,,54,125,,,7.3613589939625,0.0,0.0,25.693942654251,0.7169359300203076,1.2043584444547575,1.4259259259259258,25.693942654251,7.3613589939625,0.0,25243.601796814834,1.5662020775666627,<2x,17843.63056584081,1.4147121968070924,0.0
019ee06a-57e7-798b-9fb9-eb84edb1bf2a,7dWh3zJ3bnrSN8rJUAL9zG78Acydqjh6GisTuGe7fnDc,TVB,Trump Vs Biden,pump_v2,16038.020883051568,12592.379048810573,11941.212490392603,79.0,59,35837.64865949112,35837.64865949112,5.8369,5.8369,0.20253601666666665,35837.64865949112,79.0,,,59,108,,,2.3825922112399,0.0,5e-13,15.2288386009458,0.7445564872042079,2.2345430848866847,1.3389830508474576,15.2288386009458,2.3825922112399,0.0,17775.2064431789,1.4115844491560057,<2x,16038.020883051568,1.1083167039620911,0.0
019edb6a-35aa-7dfc-8967-7019f98351a7,7eLYwhsZvT1HxXk1HGQsT172Jt7fpBfrdHBvd7Copump,STRETEGY,Stretegy,https://pump.fun,15844.755787694266,12696.01456320147,17084.52484174811,38.0,15,39025.77172980012,39025.77172980012,3.0388,3.0388,0.2726666833333333,39025.77172980012,38.0,,,15,65,,,5.0994767958189,0.2612278259981,0.0,25.6109397045303,1.078244756225066,2.463008723688203,2.533333333333333,25.6109397045303,5.0994767958189,0.2612278259981,20583.548156144967,1.621260597463788,<2x,15844.755787694266,1.2990763904440266,0.0
019ed65c-0584-7e3f-9b2f-e099d91095da,7fAWyzhRSvrhbTc8QJdfYixEvmmHyxBcRPMpRDmiBAGS,ANSEM,ansem coin,https://bags.fm,353207.2556716606,360151.0007243348,8012.2643590328535,64.0,25,28891.51907337244,28891.51907337244,5.2565,5.2565,0.19217171666666666,28891.51907337244,64.0,,,25,170,,,,0.1475055651703784,,1.3836281415819607,0.022684314182042194,0.08179763753276299,2.56,1.3836281415819607,,0.1475055651703784,710383.5532361813,1.9724603063922066,<2x,353207.2556716606,2.0112371471115806,1.0
019ed6f8-1e48-7b9d-a927-22d4ae4774ad,7fzfugMT8RdnPNoPpG7zKeMhJhmLUqhkfi88b35zEhuF,AI,American Ingenuity,2026-06-17T19:03:42.000Z,,20063.379124933534,,129.0,81,20738.670086706,20738.670086706,9.9847,9.9847,0.18035938333333332,20738.670086706,129.0,,,81,62,,,55.7955168690393,18.0967978849322,0.0,42.4674309508344,,,1.5925925925925926,42.4674309508344,55.7955168690393,18.0967978849322,20063.379124933534,1.0,<2x,20063.379124933534,1.0,0.0
019edbdd-4676-7ab3-b501-96fc7a37e141,7g1VjtbBGps9hmfkMoTw2fD5i3Q8Qbx5ypCMNRq8pump,MSTR,Meme Strategy,https://pump.fun,12375.178061920045,12322.71560285671,10461.205123527028,41.0,29,24849.37237290624,24849.37237290624,7.1392,7.1392,0.9247564,24849.37237290624,41.0,,,29,103,,,0.0,0.0,0.0,23.2485761631491,0.8453377455406037,2.0080011979278773,1.4137931034482758,23.2485761631491,0.0,0.0,23046.94750257778,1.8702815390168486,<2x,12375.178061920045,1.862352799067683,0.0
019ed4e8-af09-7ea9-b833-5644b715df81,7g77FMGJPH6fAGzXtCHRtLymuZCH6bisR3z71XXNwDAe,X,X Coin,2026-06-17T09:21:57.000Z,14924.27766581157,12849.342511765617,11795.23048826332,52.0,37,34093.59710105967,34093.59710105967,5.7025,5.7025,1.1667940833333332,34093.59710105967,52.0,,,37,109,,,17.6901807086973,0.0,0.0,22.6995194360188,0.790338450703296,2.2844386753243704,1.4054054054054055,22.6995194360188,17.6901807086973,0.0,15740.387337175442,1.2249955453177945,<2x,14924.27766581157,1.0546833615427438,0.0
019ed87f-27bf-7cee-a86b-0458c69f938b,7gzNqPqDPRHznnDMMB6Cyj3G5N8ApGbqzt4xtwesBAGS,SPCX,SpaceX,https://bags.fm,4094895.2472224245,4416975.086061266,26864.63181558205,117.0,49,52205.6419955835,52205.6419955835,45.2117,45.2117,0.7076198166666666,52205.6419955835,117.0,,,49,119,,,,0.0328907495239058,,3.418795753573111,0.006560517472041411,0.012748956650599228,2.3877551020408165,3.418795753573111,,0.0328907495239058,4480023.422879477,1.0142740983568537,<2x,4094895.2472224245,1.0940508004248182,0.0
019ecf12-8492-74d0-ad9f-dd427b32ffff,7iCgk23ZssY7UM7pPwsftFWcqrZz6jSaFxGnj2NBpump,PICKLES,Grillo's Pickles,https://pump.fun,12908.54598850755,13100.718295802762,11076.101052198695,43.0,35,13701.0726939546,13701.0726939546,6.0585,6.0585,0.39634793333333335,13701.0726939546,43.0,,,35,97,,,10.1144961637334,3.9352024814171,0.0090388978541,23.1727087641456,0.8580440478780277,1.061395505439004,1.2285714285714286,23.1727087641456,10.1144961637334,3.9352024814171,13100.718295802762,1.0,<2x,12908.54598850755,1.0148872156063358,0.0
019ed7fb-331e-7382-944e-738c06b9e4cf,7ijG8L4b7cG5uAuZdZoNn7aEUCPgDDEJLLP5CDhhpump,MONOPOLY,We Buy The World,https://pump.fun,21019.68281814735,12810.499418318303,13949.801937649294,61.0,40,17190.09221439634,17190.09221439634,9.3197,9.3197,0.5504435666666667,17190.09221439634,61.0,,,40,109,,,36.9243256326911,9.8157277228087,1.40069480998,25.8837030159554,0.6636542548399317,0.8178093058357316,1.525,25.8837030159554,36.9243256326911,9.8157277228087,20617.504034040216,1.6094223465291548,<2x,21019.68281814735,0.9808665626600268,0.0
019ed208-16a9-7277-a665-f50265e94456,7io8XEMRMoQoCvD3phKR2QR5EeoMmJnYM1dsjVdYpump,AUTO,Auton ai,https://pump.fun,30114.907962179146,29117.02485500028,12497.966181582487,24.0,13,25858.555262784,48366.5717194092,2.3986,13.1441,0.31634011666666667,25858.555262784,24.0,,,13,165,,,7.9426592079313,3.2041031439546,1e-13,32.2900091906279,0.4150092770424035,0.8586629351568786,1.8461538461538463,32.2900091906279,7.9426592079313,3.2041031439546,153611.58161434668,5.275662001159672,5x-10x,30114.907962179146,5.100848450450691,1.0
019edb18-7238-7009-8f3a-96dda1d22d85,7iuTToHkV5cdFMXYu4ftMT9obcMgbiRttxF5cXDypump,WOC,World of Crypto,https://pump.fun,15961.39492058777,12843.088191971869,12071.160535439798,46.0,36,29298.65797349988,29298.65797349988,6.7953,6.7953,1.3317434333333333,29298.65797349988,46.0,,,36,122,,,18.3677935026406,0.0,3.4199203154141,22.6408957755682,0.7562722804301921,1.8355950792063338,1.2777777777777777,22.6408957755682,18.3677935026406,0.0,17953.981837203242,1.3979489643640508,<2x,15961.39492058777,1.124837893337589,0.0
019edfe8-3452-704f-beda-e062d8fe616f,7mLVwy9rcaV3dMcJ44vMqoFp6oUthiBx64LhNnHwpump,Murad,The Hodler,2026-06-19T12:37:00.000Z,15406.671130935056,12107.3880115233,11631.536246663189,47.0,40,23749.1895272824,23749.1895272824,6.1684,6.1684,1.1216572833333334,23749.1895272824,47.0,,,40,85,,,32.6327420955451,0.0,0.0,23.7045734932317,0.7549675168510754,1.5414874066855624,1.175,23.7045734932317,32.6327420955451,0.0,12496.72996151258,1.0321573860207272,<2x,15406.671130935056,0.8111246002012982,0.0
019ed6cb-6f49-77d7-92dd-f2067c6c9520,7mZcXekUTXUSpCq4hVzRcsCHNxwP3fjXfjWghfMQpump,money,get the fucking money,pump.fun,16955.712217627726,13684.22593046195,12647.151989581404,89.0,64,71970.27752560956,71970.27752560956,6.6925,6.6925,0.7938991666666666,71970.27752560956,89.0,,,64,154,,,6.210792266796174,0.0,0.0,14.661452058177703,0.7458932911371898,4.244603623950804,1.390625,14.661452058177703,6.210792266796174,0.0,13684.22593046195,1.0,<2x,16955.712217627726,0.8070569820261144,0.0
019ed20d-3c41-7ece-bf28-85bb206c476e,7nSXuyYJm47YHqFjtFm4dCMAaFzSSnhwR5M4XubCpump,RUNNER,Homestar Runner,https://rapidlaunch.io,19092.037150946715,16022.543689554363,13458.338402322328,97.0,76,29112.59764845948,29112.59764845948,5.079,5.079,0.19672851666666666,29112.59764845948,97.0,,,76,119,,,31.0344650361117,0.0,0.0,21.4240897530609,0.70491893012344,1.524855489138616,1.2763157894736843,21.4240897530609,31.0344650361117,0.0,32234.678189411552,2.0118327535238008,2x-5x,19092.037150946715,1.6883833786073026,0.0
019ecf4d-28d3-7de2-89b2-fec31db88f13,7oDa7STX3iHL2QViVyNR5FXzCct9TcjrbfaquGSwpump,WANDER,Wanderaround,2026-06-16T07:01:39.000Z,17141.59488893036,18545.96366073998,12799.025875924835,30.0,18,9822.35804967193,9822.35804967193,7.2123,7.2123,0.4088677666666667,9822.35804967193,30.0,,,18,85,,,24.2715005791155,0.0,0.6264779566224,28.7911978076181,0.7466648207974012,0.57301307803132,1.6666666666666667,28.7911978076181,24.2715005791155,0.0,18545.96366073998,1.0,<2x,17141.59488893036,1.081927544135145,0.0
019edb0b-fff8-7559-90b8-d2941cf6044a,7oZAd7ypGMyQqEpbP9quSgwiWNkJepKmMgoi2HZE3Lum,RSTAR,ROCKSTAR COIN,pump,15253.55285683091,13502.092334585683,11802.991033258337,41.0,28,13736.5184714563,13736.5184714563,5.6044,5.6044,0.56979505,13736.5184714563,41.0,,,28,96,,,15.2561991695453,,0.0,23.385470046153,0.7737863528609121,0.9005455057183452,1.4642857142857142,23.385470046153,15.2561991695453,,15044.18285064824,1.11421122577517,<2x,15253.55285683091,0.9862740170668561,0.0
019ed697-3b17-7a88-9309-5d8cc667c160,7pTYZTeAQ76Hg59WrrSnAsbK8mBPQGfNh6tUahbKpump,INU,PSA10 INU,https://pump.fun,16998.026364268597,12955.667149952269,12686.786104460898,58.0,46,17133.21242130462,17133.21242130462,6.1009,6.1009,0.37410003333333336,17133.21242130462,58.0,,,46,101,,,11.8214473987533,5.53963437e-05,0.0,26.8734956753952,0.7463681860812783,1.007953044320498,1.2608695652173914,26.8734956753952,11.8214473987533,5.53963437e-05,43498.86830776087,3.357516660801303,2x-5x,16998.026364268597,2.559054055781409,1.0
019eda05-20bc-7819-b497-4ee712db2fae,7qBmpyMu6BfDhtkraq4BYByH45PWAD3BkEroYvuRpump,Dez,sleepyPanda2324,2026-06-18T09:11:42.000Z,15955.319694268868,12906.323487800157,12149.450841426144,56.0,28,26643.87212747499,26643.87212747499,7.3694,7.3694,0.3236245833333333,26643.87212747499,56.0,,,28,136,,,3.5227738591409,3.0625964934737,0.0,22.3682494469773,0.7614670889853878,1.6699052502874911,2.0,22.3682494469773,3.5227738591409,3.0625964934737,70562.73603962139,5.467299506813198,5x-10x,15955.319694268868,4.4225209768104765,1.0
019ed53b-bb7f-7382-a21b-763696109969,7qhL2SAx1w27sCo686JhTr7AoTyULBQL5GRF1fphpump,obuma,stupid son of a bitch,pump.fun,15359.054366213202,13777.29113757698,11950.923491091897,127.0,93,23454.80462424704,23454.80462424704,5.5198,5.5198,0.24699281666666667,23454.80462424704,127.0,,,93,109,,,26.2177748092214,0.0,0.0,21.7016428519943,0.7781028184509522,1.5270995248146815,1.3655913978494623,21.7016428519943,26.2177748092214,0.0,13810.27382911266,1.002393989588107,<2x,15359.054366213202,0.8991617257044454,0.0
019ed672-2bd6-72a8-ac92-6928a35f0c6b,7qwqqWqxSUBzEz9afCQMRYaeCMw4eioVB4wrqaA2pump,RESIDENCE,RESIDENCE,https://pump.fun,17575.517693973972,20126.232120536562,12946.897983027413,44.0,28,13042.51895047108,13042.51895047108,6.6704,6.6704,0.30631780000000003,13042.51895047108,44.0,,,28,86,,,25.8382756478611,0.0,3.4199203154141,24.3995387796164,0.7366439048032394,0.742084482378741,1.5714285714285714,24.3995387796164,25.8382756478611,0.0,20126.232120536562,1.0,<2x,17575.517693973972,1.1451288360875505,0.0
019ed97b-32f3-7d78-b9bb-513f3ed121a5,7rqm8G9ZjGpr3RmP2UNc1syCPbJBRCUk5ZVKDu9spump,LeWine,Sipping on LeWine,https://rapidlaunch.io,15899.354146267044,13081.869625794718,12073.271356326799,52.0,33,25013.8833932812,25013.8833932812,6.3764,6.3764,0.20853348333333335,25013.8833932812,52.0,,,33,103,,,10.0994199271649,0.0,0.0,17.6346352532783,0.7593560873767594,1.573264118980212,1.5757575757575757,17.6346352532783,10.0994199271649,0.0,20848.79947422596,1.5937171115905695,<2x,15899.354146267044,1.3112985145450693,0.0
019ed3fd-e186-748b-9111-271345eff28a,7sXmXJEKLRQ3ZJ68g6fdsJMV2R9fXDbem1nS2d9apump,TIDE,Tidal Fishing,https://pump.fun,16004.204999787926,15260.36553145969,17170.406650654895,65.0,38,9846.018304104215,9846.018304104215,2.9338,2.9338,0.5201107500000001,9846.018304104215,65.0,,,38,61,,,11.2770834975434,7.5143398385578,1.7009952878786,26.6587123677944,1.0728684524399945,0.6152144579649339,1.7105263157894737,26.6587123677944,11.2770834975434,7.5143398385578,25417.948445335594,1.6656185851469776,<2x,16004.204999787926,1.5882043778914612,0.0
019edfd7-07c5-788e-8145-0310df353f89,7sjgj9278rm2aJVZQ6hkm7dZxC8pZX4K8WEBa6z6rMmz,SOL,Solana,2026-06-19T12:24:00.000Z,16064.58777806429,14532.048733882617,11879.034731276832,92.0,59,21939.42416367975,21939.42416367975,6.2192,6.2192,0.46383775,21939.42416367975,92.0,,,59,88,,,37.1862075429292,7.7186043000372,0.0,31.7403054870969,0.739454687252996,1.3657010355184696,1.5593220338983051,31.7403054870969,37.1862075429292,7.7186043000372,29643.25235780049,2.0398536297696905,2x-5x,16064.58777806429,1.8452544669884066,0.0
019ee0bf-5a56-7202-ac72-8a3bbc72d3b7,7sqAcscdGpkbch35jQ4SB5S4VyKVHW5av4wQHng6tpLt,SonicMe,#SonicMe,pumpfun,15599.483417757585,14797.270900874508,11798.11605187213,71.0,52,13149.86558567525,13149.86558567525,5.7931,5.7931,0.2705784833333333,13149.86558567525,71.0,,,52,77,,,31.931823038056,0.0,0.0,32.9557806036876,0.7563145352904321,0.8429680158963581,1.3653846153846154,32.9557806036876,31.931823038056,0.0,48902.17220508407,3.304810227012468,2x-5x,15599.483417757585,3.1348584370054557,1.0
019ed823-7fca-7663-b177-60c76f817b12,7u1KL6tSGHCmvjq1Cgo4XUnHhEnUPPVRXUd4b2p9pump,EYEZ,EYEZ,https://pump.fun,322466.6707738147,308678.36076958495,47270.72028045306,60.0,20,893768.8755294192,2674790.261978574,0.2637,156.8964,0.4585513166666667,893768.8755294192,60.0,,,20,2620,,,0.0,0.03286463730158676,0.38664595653431033,14.721385202565603,0.1465910264990139,2.771662799707845,3.0,14.721385202565603,0.0,0.03286463730158676,335540.77512962656,1.0870239633677894,<2x,322466.6707738147,1.0405440485506245,0.0
019edd84-5c6d-7952-8587-88dc83cc0b73,7vJsvnjm58GK3Qq7Svs5doxPEV27kQvmTrMgzzUQZBWC,gary,gary the snail,2026-06-19T01:33:48.000Z,96515.44221310668,54780.38020936196,22065.280021170267,566.0,201,167612.899785348,167612.899785348,46.5492,46.5492,0.27132605,167612.899785348,566.0,,,201,472,,,56.44600326784739,0.5367015181867394,0.0,21.955523826087134,0.22861916720487063,1.7366433385370366,2.81592039800995,21.955523826087134,56.44600326784739,0.5367015181867394,250789.87540235088,10.165328228280657,10x-20x,96515.44221310668,2.5984430019872398,1.0
019ee090-28b9-7cee-bb06-2b52e5aa0183,7yVbC1eKmyxSe4rEauwdtSqhC8jUDF4jC2kFqkVipump,WOT,World of Trencher,https://pump.fun,16286.348962689428,13745.515077587383,12058.541494738449,23.0,16,47868.80988433608,47868.80988433608,7.0814,7.0814,0.5125822666666667,47868.80988433608,23.0,,,16,159,,,13.548173274181952,0.0,0.16632649208022385,24.369916780458627,0.7404079037213,2.9391983429803235,1.4375,24.369916780458627,13.548173274181952,0.0,29549.444870882347,2.1497517338629173,2x-5x,16286.348962689428,1.8143688888514846,0.0
019ecfa3-68e1-74ec-b621-c26318c88624,7zEx1WSB93S4yghYVPwZwy9LoVoLMgYXRFopykNBpump,LOOP,LoopCoin,2026-06-16T08:53:16.000Z,14394.972322972135,13612.206748455561,11802.137318368974,75.0,72,22057.98555364496,22057.98555364496,3.6287,3.6287,0.38982373333333337,22057.98555364496,75.0,,,72,131,,,28.0196296375145,2.676670568657,0.0,14.6214704813632,0.8198791254037078,1.5323395598645126,1.0416666666666667,14.6214704813632,28.0196296375145,2.676670568657,40526.393618061535,2.9772096741521836,2x-5x,14394.972322972135,2.8153158414474837,1.0
019ecf1f-935c-791b-82cb-42ba9237ad2c,7zUZ3wGsSj2ndCMK9hPScqfrTYvWRVRtbBrsefGmpump,MechaMusk,MechaMusk,2026-06-16T06:04:29.000Z,21908.703447012173,20736.499228791785,14431.629864321018,23.0,18,63576.4908943422,63576.4908943422,8.4774,8.4774,0.43624065,63576.4908943422,23.0,,,18,194,,,13.632951993055324,,0.0,22.211077305983864,0.6587167469414603,2.9018828543691173,1.2777777777777777,22.211077305983864,13.632951993055324,,20736.499228791785,1.0,<2x,21908.703447012173,0.9464959566842716,0.0
019edff1-c63e-7833-9162-61202a7d5adf,81FShq9B4kfyvYPRnLyGE9psgY4vzqsUrAnJ7Tmwpump,Pepe,Пепе,https://rapidlaunch.io,16224.200673496167,13542.44941258866,11926.532212605556,114.0,76,27983.914653744,27983.914653744,6.246,6.246,0.36756791666666666,27983.914653744,114.0,,,76,152,,,35.07047388842,0.0,0.0,18.3557975032337,0.7351075379688026,1.724825476268824,1.5,18.3557975032337,35.07047388842,0.0,20442.142093751263,1.509486317500943,<2x,16224.200673496167,1.2599783807621117,0.0
019ed3e1-5762-71f9-9244-d832f10a7f97,81w76iZ5pTvNV77o4MjoZqkarcz3nVX7izc1rjwtpump,Ronaldo,Cristiano Ronaldo,pump.fun,15815.513624705143,13227.907762971558,12251.672472050439,34.0,23,29873.50802734906,29873.50802734906,5.9504,5.9504,0.20751438333333333,29873.50802734906,34.0,,,23,190,,,6.395707285061,,0.0,20.2866741747464,0.7746616874277362,1.8888737183144129,1.4782608695652173,20.2866741747464,6.395707285061,,13227.907762971558,1.0,<2x,15815.513624705143,0.836388123513641,0.0
019ed428-4337-7877-8d16-e17889282506,82KvpruHhPixh1viBix4LFrgtEREkPnTjioMq2qBpump,OGPEPE,El Sapo Pepe,https://pump.fun,15341.877011778812,13325.79002829635,12058.637043114642,29.0,23,22618.41340914576,22618.41340914576,4.919,4.919,0.3507834,22618.41340914576,29.0,,,23,137,,,14.7914428207551,1.1677557560202,0.0,24.5980097991841,0.7859948970948312,1.4742924475134527,1.2608695652173914,24.5980097991841,14.7914428207551,1.1677557560202,26570.020522219354,1.9938795723030185,<2x,15341.877011778812,1.7318624378112322,0.0
019edcb8-81a5-7d3a-b499-0aa36c76a663,831Legx9vRQTQhkDr3QsYfmTS6nVkFEpia6fbBLtBAGS,DORAEMON,ドラえもん,https://bags.fm,223311.63657454978,166786.04887457757,6259.421898227957,40.0,21,21671.78655787816,21671.78655787816,1.2186,1.2186,0.5156334499999999,21671.78655787816,40.0,,,21,51,,,,2.9872915608e-06,,1.7812471107214105,0.028029985334590158,0.0970472783698547,1.9047619047619047,1.7812471107214105,,2.9872915608e-06,166786.04887457757,1.0,<2x,223311.63657454978,0.7468757626470492,0.0
019ecc7c-0486-793c-9cb3-93ffee7de1c4,83eFTE24Mgde1kmwDRYstcJd5JW9rvgfauw4Kaxkpump,Curiosity,Curiosity,1781546945,27174.69072435095,15782.783383256392,16221.153532550727,,0,44545.31929617395,44545.31929617395,8.3789,8.3789,719.8080086000001,44545.31929617395,98.0,,,57,149,,,14.9871935255576,0.0,0.0,14.7693612753898,0.5969213669105394,1.6392208378017479,1.719298245614035,14.7693612753898,14.9871935255576,0.0,15782.783383256392,1.0,<2x,27174.69072435095,0.5807898070800713,0.0
019edaa3-3b94-77d6-b001-4c3ff74bdd9c,84JwffevVW4McuAiTBm5avGA7WXQWTfiTtJTzkgSpump,Cate,Catecoin,pump.fun,18513.224983390402,13193.971650146426,12999.425061040214,187.0,130,35835.355771404,35835.355771404,7.6221,7.6221,0.12251213333333334,35835.355771404,187.0,,,130,145,,,29.394558972879,0.0,0.0,23.8733963223698,0.70216966912588,1.9356625225240105,1.4384615384615385,23.8733963223698,29.394558972879,0.0,19093.69467464097,1.44715292566428,<2x,18513.224983390402,1.031354325989737,0.0
019ed72e-7d41-734d-9562-ec2ad8cca1cc,867NwVrvf1gZGNo9frV6HebkNYnLeNAzMjTkRjJBpump,CELEBRITY,CELEBRITY,https://pump.fun,16076.919602027048,14605.645195990524,12174.474169885172,116.0,79,44079.97449971253,44079.97449971253,6.1267,6.1267,0.2905377833333333,44079.97449971253,116.0,,,79,186,,,19.4747684522068,0.0,0.0,16.712098118465,0.7572641072578457,2.741817188297361,1.4683544303797469,16.712098118465,19.4747684522068,0.0,14605.645195990524,1.0,<2x,16076.919602027048,0.9084853042462799,0.0
019edbf2-7c56-70fb-ae0c-228f499f6401,86xF689hT7NQuBfs7fqGag8pxeV1pgABSJ1nQdzbW4eq,GPTS,GPT Strategy,pump,15832.830381731479,12788.301204660278,11806.228596369623,125.0,79,30931.1297973813,30931.1297973813,5.2312,5.2312,2.4186226166666667,30931.1297973813,125.0,,,79,118,,,29.4741995132805,1.8931457e-06,0.0,21.9904713762482,0.7456802297327771,1.953607096875794,1.5822784810126582,21.9904713762482,29.4741995132805,1.8931457e-06,34378.356850792734,2.6882661192140724,2x-5x,15832.830381731479,2.1713336164113644,1.0
019ee0c2-4cbb-713a-8328-ecb37ff29868,87WB5qXyrS86YxoWTiRrMr53yrnnkNyYZJmeNxQ9pump,Elun,Elun Mesk,2026-06-19T16:37:01.000Z,14302.467867634594,12985.504271112244,11293.26188089587,57.0,43,31738.45399712127,31738.45399712127,6.4633,6.4633,0.3974914666666667,31738.45399712127,57.0,,,43,132,,,27.7429074881859,2.6831293902395,0.0,20.7670675076889,0.7896023249562175,2.219089341143915,1.3255813953488371,20.7670675076889,27.7429074881859,2.6831293902395,35337.815312143226,2.721327918759095,2x-5x,14302.467867634594,2.4707494985610166,1.0
019ee03d-87f2-7513-981d-bad9f430b069,89SWf1zfiWSp3doPhM4vstqxjTF1iozs1EU8noN6pump,RICH,Get Rich Quick,https://pump.fun,15355.540367146003,15042.359614415385,11670.813992223879,21.0,16,16401.89620015698,16401.89620015698,8.3221,8.3221,0.28032868333333333,16401.89620015698,21.0,,,16,144,,,20.7275905746912,0.1290409661774,0.0,17.1089389739129,0.760039289610036,1.0681419089131967,1.3125,17.1089389739129,20.7275905746912,0.1290409661774,37919.721676222754,2.520862593916685,2x-5x,15355.540367146003,2.469448861425549,1.0
019ed3f2-bfb6-7029-9528-0882268454c6,8B5jEwgEhbVCGvzdHrs5bAg7w48TZ3GXw3ajFx1fpump,SBF,OFFICIAL SBF COIN,2026-06-17T04:57:35.000Z,15250.534510765887,13387.817413574867,12034.111466057155,91.0,69,20324.53547931081,20324.53547931081,5.3387,5.3387,0.4006016666666667,20324.53547931081,91.0,,,69,113,,,16.2629078803701,0.0,0.0,25.9634951202022,0.7890944056788208,1.3327097135489256,1.318840579710145,25.9634951202022,16.2629078803701,0.0,13387.817413574867,1.0,<2x,15250.534510765887,0.8778588976093878,0.0
019edab2-ed71-733a-903d-a82ec12239aa,8CAkocNsLSeBZcpqGj5cLeHitvzmxu3VuSh16EAWpump,groktoken,groktoken,pump.fun,28190.663472481607,14180.672742708999,16068.363880837333,78.0,53,25559.3580583984,25559.3580583984,13.076,13.076,0.5820237166666666,25559.3580583984,78.0,,,53,72,,,42.8006145151669,7.166462659817,,32.1056222645816,0.5699888509726815,0.9066603942595476,1.471698113207547,32.1056222645816,42.8006145151669,7.166462659817,14180.672742708999,1.0,<2x,28190.663472481607,0.5030272791043567,0.0
019ed78b-b320-7a24-8f4e-3b82e4a31e58,8DzvCVewDXkbPCLgtkrYjSifUgXrQaabezMwPe6hpump,BPURK,Baby Purple Wojak,https://pump.fun,118928.10052265102,62221.05113171472,24822.590481894364,125.0,42,163290.24078035326,163290.24078035326,57.4179,57.4179,8.457793433333332,163290.24078035326,125.0,,,42,274,,,,0.6376003018581,1.995787825389,18.7413984201517,0.2087193049649915,1.3730164701424206,2.9761904761904763,18.7413984201517,,0.6376003018581,179771.89987267822,2.8892456267272317,2x-5x,118928.10052265102,1.5116015397760338,0.0
019ed718-54a9-7ec7-bbd6-01ffd92235e3,8EGQdxX582SyXquriHKYegKmjdds86NbiowQtYiTpump,Ronaldough,Ronaldough,https://pump.fun,16953.5970040038,13668.379614902655,12549.419823450346,58.0,34,28602.56646217568,28602.56646217568,6.4185,6.4185,0.33499793333333333,28602.56646217568,58.0,,,34,127,,,5.435243665465251,0.0,0.0,14.973867312688794,0.7402216662627197,1.687109022080732,1.7058823529411764,14.973867312688794,5.435243665465251,0.0,13668.379614902655,1.0,<2x,16953.5970040038,0.806222986878519,0.0
019edbb7-7c9f-72dd-8f0b-b5da5c56224a,8Ed8BUEffgNvhA3H8euhbAGvkEvvEQQeYR6zqDXMpump,SATURN,ꜱᴀᴛᴜʀɴ ᴛʜᴇᴏʀʏ,https://pump.fun,15317.05672567606,12344.924539876085,11657.874121395214,66.0,46,24696.48060766485,24696.48060766485,6.4047,6.4047,0.1887165,24696.48060766485,66.0,,,46,116,,,27.8893203164654,0.0,0.0,23.0180140174464,0.7611040639324043,1.6123515796782297,1.434782608695652,23.0180140174464,27.8893203164654,0.0,26607.268222010916,2.1553204425077834,2x-5x,15317.05672567606,1.7371005865251525,0.0
019edc05-e04f-72ba-bd45-91fb3cd81edb,8F9bYsEuk98unhYsp9GkUk3qXPAAf4NoyU7N11i4pump,CLV,CLAWVille,https://pump.fun,38340.673096762395,20003.24352564352,13669.139314887349,21.0,16,51961.99175990295,51961.99175990295,19.5387,19.5387,0.28559928333333334,51961.99175990295,21.0,,,16,159,,,51.3735348154027,18.5804097635929,,24.1787564489472,0.3565179797545498,1.3552707233063883,1.3125,24.1787564489472,51.3735348154027,18.5804097635929,42438.072434944,2.121559555106138,2x-5x,38340.673096762395,1.106868216106712,0.0
019ed4cf-9c51-7266-8e62-41cb0c3f6451,8H9umb6ABnSUpb11yBVWT3AJ9oAxxXyfVjFYr9bpBAGS,B100,B100,https://bags.fm,374787.43850513117,373973.5728472209,8133.128136177001,46.0,24,31507.55975372148,31507.55975372148,6.0089,6.0089,0.17108038333333334,31507.55975372148,46.0,,,24,94,,,,2.9530096507e-06,,1.229389070945137,0.021700642285708973,0.08406781155577635,1.9166666666666667,1.229389070945137,,2.9530096507e-06,373973.5728472209,1.0,<2x,374787.43850513117,0.9978284606838573,0.0
019ede7b-62fc-7b59-bebb-848ef3212609,8L3GUPw4vpJKCvts2VJe3W1w2b2WDjuk1NZgr7DCpump,COGE,Coge Coin,pump.fun,20060.223045718427,16156.138990297162,13310.328350520682,98.0,62,16155.55844669228,16155.55844669228,7.995,7.995,0.34922348333333336,16155.55844669228,98.0,,,62,102,,,21.3327605902397,2.1215644291635,0.0,26.5350540566097,0.6635184623912537,0.805352882162517,1.5806451612903225,26.5350540566097,21.3327605902397,2.1215644291635,16156.138990297162,1.0,<2x,20060.223045718427,0.8053818221999014,0.0
019ed635-a985-7f2f-ae58-c0e8d8a1f891,8P3z2LNkdVMANNGZxM4CiA2dSDbmRqcWcw97go6Cpump,TOWER,Tower Survivor,https://pump.fun,15025.371356969235,13303.492909166782,11905.228624618167,20.0,17,31526.10161401498,31526.10161401498,5.9863,5.9863,10.705471616666667,31526.10161401498,20.0,,,17,158,,,5.024855645042319,12.161023462015022,5.1095238095238,33.15048050504115,0.7923417226620593,2.098191177111386,1.1764705882352942,33.15048050504115,5.024855645042319,12.161023462015022,15248.58310901449,1.1462089853490613,<2x,15025.371356969235,1.0148556562591526,0.0
019edbbd-3903-70f9-9b0c-ac41a667c7ac,8PFLdCjSUpfvTiNRxasLcHGgsmY6LZ42mjf1gq29pump,DPAD,Dpad Gaming,2026-06-18T16:31:15.000Z,16202.309640928492,13499.143247456921,11984.824620701513,20.0,16,37125.219473744,37125.219473744,7.1453,7.1453,2.0078860666666665,37125.219473744,20.0,,,16,111,,,20.8996254737885,0.0,1e-13,26.5005424799096,0.7396985297964414,2.2913535351751553,1.25,26.5005424799096,20.8996254737885,0.0,16938.307765598176,1.2547690957194009,<2x,16202.309640928492,1.0454255066703877,0.0
019ee0ac-d51a-7240-b005-0dab61823087,8QAfLaNuyZhwg4LMomfe8CKX7XwYwSiGQDPUivkppump,MFGA,Make Farmers Great Again,https://pump.fun,272612.55307789566,225752.67280980616,36761.87814675403,93.0,30,139455.88929487785,139455.88929487785,131.2155,131.2155,1.3442724833333335,139455.88929487785,93.0,,,30,175,,,,0.6735033509494,5.0476478793922,64.8614990385384,0.13485027645168557,0.5115534399291952,3.1,64.8614990385384,,0.6735033509494,403564.2259816495,1.7876387506678486,<2x,272612.55307789566,1.4803581912324337,0.0
019ed259-e40d-7262-b5a2-cb71604c8b5b,8SXeSRLStHf4DfzJ5J6yMhmKq4BPCfJVewARvhpEpump,TISM,ThisInvestmentSimplyMoons,2026-06-16T21:32:09.000Z,14704.938918471922,13543.748000299329,11818.587441524991,87.0,55,17856.62948654298,17856.62948654298,5.111,5.111,0.18154251666666665,17856.62948654298,87.0,,,55,93,,,26.3082389256155,5.9221647246675,0.0,20.3570229393538,0.8037155072217825,1.2143287085750485,1.5818181818181818,20.3570229393538,26.3082389256155,5.9221647246675,13543.748000299329,1.0,<2x,14704.938918471922,0.9210339516124111,0.0
019ed188-c178-70a0-a8d8-9639267f568c,8US4UWzFwq62p3HtQ45WQdnySCftyM42xzy1bXSxpump,MBGA,Make Bagworking Great Again,pump.fun,21229.169355246348,13161.5656434487,14143.408838227851,228.0,161,43332.83200404857,43332.83200404857,7.9698,7.9698,0.3085075,43332.83200404857,228.0,,,161,104,,,35.5399194473176,0.0,0.0,26.522771449344,0.6662252583487258,2.041193005666977,1.4161490683229814,26.522771449344,35.5399194473176,0.0,43356.00916630212,3.2941376687873762,2x-5x,21229.169355246348,2.042284765870389,1.0
019edb77-45cb-79ec-8332-93a5445a4278,8WMAKbe2FhKLnUTXd347vZr9WR85i8TARpCjqNpfpump,HER,Her Persistence,https://pump.fun,15770.03836966906,16103.524177123587,11784.368619818155,22.0,16,13945.0041411156,21034.8620763435,0.6121,6.9799,0.4028655,13945.0041411156,22.0,,,16,85,,,2.1689076777167,0.0,0.0,22.7997451239864,0.7472631545705906,0.8842720489467167,1.375,22.7997451239864,2.1689076777167,0.0,19179.72789860426,1.191026739715191,<2x,15770.03836966906,1.2162131409580554,0.0
019ed439-97a3-7850-a874-771bbb41cba1,8ZjwoMot9CVkSTZgxQ18t8H8FFpZ1B7hoxh8WBzmpump,Optimi,The Legion Of Optimi,pump.fun,17712.32699109806,14254.60242646083,12962.940420754365,84.0,69,37332.54392548016,37332.54392548016,6.343,6.343,3.65127565,37332.54392548016,84.0,,,69,143,,,20.99834968480245,,0.0,25.93359155942516,0.7318598187166112,2.1077153749613426,1.2173913043478262,25.93359155942516,20.99834968480245,,26625.267658658937,1.867836566892559,<2x,17712.32699109806,1.5032055173800924,0.0
019ed75e-1dad-7946-afcb-8afe4e93bad6,8ZkRj5aHf7aPF8xyRjzXYvv7pvRM4uLsbXX8J3Hdpump,kami,kami,https://pump.fun,19208.887683067496,20936.600948048683,13333.587923774805,20.0,13,43884.5640495494,43884.5640495494,8.947,8.947,0.3556821333333334,43884.5640495494,20.0,,,13,152,,,43.0269005137401,3.5226113374893,3.1210803862586,21.8900833686957,0.6941363885181271,2.2845968373396937,1.5384615384615385,21.8900833686957,43.0269005137401,3.5226113374893,20936.600948048683,1.0,<2x,19208.887683067496,1.0899434310558311,0.0
019edf12-8805-7d67-9f4e-83a7587566dd,8ZqZUHfAfLV2CzazJ3e5GpJWqUwxE8fkwyvzxjr3pump,Mutsuki,むつき,https://pump.fun,15427.439832094135,12570.835956303808,11671.096400579188,57.0,47,21322.98559970271,21322.98559970271,4.3868,4.3868,0.6021718166666666,21322.98559970271,57.0,,,47,168,,,34.751671468249,2.965276564984,0.0,18.3132991478023,0.7565154379211695,1.3821467354125672,1.2127659574468086,18.3132991478023,34.751671468249,2.965276564984,34511.47774243114,2.745360599914989,2x-5x,15427.439832094135,2.2370191112744413,1.0
019edc9c-b5b3-71b6-a932-71a81e0ffffa,8aiK3hHFurN9UdbWqdr3WWeoEXYNRPm6XBD8gQeUBAGS,TOPO,TOPOLOGIE,https://bags.fm,302940.93634276977,275837.7044078661,7203.923292642045,41.0,22,22919.16904546664,22919.16904546664,4.6602,4.6602,0.4018444666666667,22919.16904546664,41.0,,,22,95,,,,0.2211198598411608,,1.267942943280333,0.023779959815305365,0.07565556943923285,1.8636363636363635,1.267942943280333,,0.2211198598411608,275837.7044078661,1.0,<2x,302940.93634276977,0.9105329498809066,0.0
019ede4d-3df3-7e4d-9fb8-379d395ab96e,8dcu4FX92FirAUiZjVdzhmQmk5i5MjtynCMQFuqpump,CZ,CollectorsZone,https://pump.fun,15335.865156178541,12199.5535204559,11635.370444404545,89.0,74,27376.72641124188,27376.72641124188,6.9742,6.9742,4.189232566666666,27376.72641124188,89.0,,,74,172,,,22.6646340446196,14.2561671624488,0.3520918746848,23.8624835451476,0.7587032310150996,1.7851439180274937,1.2027027027027026,23.8624835451476,22.6646340446196,14.2561671624488,46579.68054351216,3.818146333421837,2x-5x,15335.865156178541,3.0373037366428624,1.0
019edc5e-9a18-7cd6-9272-ea91aa8a9de1,8eZWTc2ddGHHcoknyoD6KtwK4D9LqgdVRs5g9J72pump,GTA,GTAfication,https://pump.fun,14968.745627585928,14788.833085143682,16605.522384331925,22.0,13,12135.150014321353,30577.67088771182,0.8588,2.1832,0.25294928333333333,12135.150014321353,22.0,,,13,90,,,0.9594056790802,0.8292641505889,0.0,24.4940514785357,1.1093462870883168,0.8106991939229339,1.6923076923076923,24.4940514785357,0.9594056790802,0.8292641505889,14788.833085143682,1.0,<2x,14968.745627585928,0.9879807869731794,0.0
019edbf4-de0a-77fe-b52f-125aa2ff71c6,8eZXqAKedWw8XvUutBmYtn6cCiL2FThfnDYiMwZspump,NPC,Non Playable Corporation,https://pump.fun,21413.71319151169,19362.432225972556,13724.940054037377,20.0,18,27115.40651881928,27115.40651881928,9.7056,9.7056,0.3668248666666667,27115.40651881928,20.0,,,18,89,,,52.5385574549957,3.9744588769716,2.7534883660147,32.3685119969705,0.6409416214408759,1.2662636449977165,1.1111111111111112,32.3685119969705,52.5385574549957,3.9744588769716,50909.7560775203,2.6293058373746305,2x-5x,21413.71319151169,2.377437094735196,1.0
019eda67-7e27-792a-91e8-c915319d7b8d,8fGjW58g5VdDFeGijjUE9UpT5xv4Bg8QGmmxJvyrpump,Luis,ドン・ルイス,pump.fun,14764.547448964668,14306.782976019724,11650.342569898907,21.0,18,40354.41983083648,40354.41983083648,5.9347,5.9347,0.40315453333333334,40354.41983083648,21.0,,,18,188,,,12.7203083168728,0.1050032068467,0.0,21.4499234751029,0.7890754938591675,2.7331972056933074,1.1666666666666667,21.4499234751029,12.7203083168728,0.1050032068467,14306.782976019724,1.0,<2x,14764.547448964668,0.9689956990197459,0.0
019edcb1-4d1a-70d0-a46a-dd4680e4109b,8iziwdWtVK1N44FkbhyvmobEZStYbtyqhCvzBoC6pump,KART,Solkart,https://pump.fun,15300.605710492991,14653.72946117447,11692.974699999422,22.0,15,33429.32062410248,33429.32062410248,6.518,6.518,0.5433495666666667,33429.32062410248,22.0,,,15,170,,,9.4142162153107,0.0,0.112236950737,23.0409256546412,0.7642164579131991,2.1848364212912834,1.4666666666666666,23.0409256546412,9.4142162153107,0.0,18574.353856002163,1.267551301886357,<2x,15300.605710492991,1.213961996502143,0.0
019ed651-1108-7883-b9ff-2bae68d133ac,8j3AkvsuXXPcqQjScTPY8qXo91Ntd8Udz6gz2zMCpump,Pup,World Pup,https://pump.fun,16407.39962036048,13694.871525339417,12477.960188226385,84.0,60,22315.57655741139,22315.57655741139,5.9795,5.9795,0.3643231,22315.57655741139,84.0,,,60,151,,,19.1990131257425,1.7509910039232,0.0,24.0590031247521,0.7605080925037064,1.360092218983882,1.4,24.0590031247521,19.1990131257425,1.7509910039232,13694.871525339417,1.0,<2x,16407.39962036048,0.8346765387700438,0.0
019ed94e-c43d-79b5-91f7-cd19b3a40625,8jUdZnsJSMMf7RCwFwgqJiGUyUdXJXNcS6wuPBQRpump,Elon-kun,Kyosuke Kosaka,2026-06-18T05:48:50.000Z,12090.468502278285,14123.650384531136,10515.070269136637,38.0,26,37187.08631947782,37187.08631947782,4.219,4.219,1.7536884000000001,37187.08631947782,38.0,,,26,164,,,17.4656206402578,0.0,0.0,24.024121326531,0.8696991574110808,3.07573575932731,1.4615384615384615,24.024121326531,17.4656206402578,0.0,14123.650384531136,1.0,<2x,12090.468502278285,1.168164027876151,0.0
019ed29b-3553-7c86-9be2-f2b5895d9d62,8jg4V1378f5vCdhj7z2DMSheWk5E6S4PakmxC1dYpump,Nala,Nala Grok Companion,https://pump.fun,26179.401983223317,15193.106124885944,15763.88254984323,86.0,58,23237.4059581598,23237.4059581598,11.1303,11.1303,0.1891909,23237.4059581598,86.0,,,58,112,,,31.8280393256668,0.0,2.3414850931596,23.3645593680129,0.6021483057537098,0.8876217253950701,1.4827586206896552,23.3645593680129,31.8280393256668,0.0,30482.494490198682,2.006337232139061,2x-5x,26179.401983223317,1.1643693965864055,0.0
019ed3ce-d6db-7b24-8b1d-672f0df8109f,8nnFZQgwvxxMparw5Dr626CYS6GMbb73Pg7f43JApump,Messi,Leo Messi,https://pump.fun,16650.112745949686,14377.183050799567,12562.25179554682,46.0,34,32547.60559427328,32547.60559427328,6.977,6.977,3.4874600666666664,32547.60559427328,46.0,,,34,154,,,26.444074172306,0.0,1.5,21.3745543922957,0.7544844883169166,1.954797909833423,1.3529411764705883,21.3745543922957,26.444074172306,0.0,102045.05394802058,7.0977084723384305,5x-10x,16650.112745949686,6.128790567670126,1.0
019ed25e-2ee5-7c33-8588-a002e44092ab,8ns6sUJwLQa6AsvKGy4nraJB25BPKaEpKLEvKhijpump,ansum,ansum,pump.fun,20780.892476144272,13652.689762125228,14052.200428853812,69.0,57,49709.97194044236,49709.97194044236,8.5943,8.5943,0.2061076,49709.97194044236,69.0,,,57,108,,,0.6331122185178,0.0,0.0,16.688133469009,0.6762077444452994,2.392099954201084,1.2105263157894737,16.688133469009,0.6331122185178,0.0,13652.689762125228,1.0,<2x,20780.892476144272,0.6569828402604957,0.0
019ee0ce-0638-7c6b-8941-df5a597120bd,8oGoTGPstdxKqe7EHUsboWbz4rbkaPG4FFX38CKbpump,Cuakssant,Duck Croissant,https://pump.fun,22129.269247438744,14395.14812350451,14027.861930303605,50.0,34,22683.61985186545,22683.61985186545,9.4914,9.4914,0.20866266666666666,22683.61985186545,50.0,,,34,115,,,26.9823344784525,0.2531530048569,0.0,14.1082738086521,0.6339053392794342,1.0250505607857279,1.4705882352941178,14.1082738086521,26.9823344784525,0.2531530048569,41868.39764707778,2.9085075949107275,2x-5x,22129.269247438744,1.8919918764115382,0.0
019ecf10-72e4-72ae-8e96-63c88953e89d,8oUDXJf7LLL5xwuB969Fu5XKkpffCxDrsqQMb2Jrpump,OR,Obelisk Rising,https://pump.fun,15306.170793022546,12912.062889491757,12060.945849561733,36.0,34,15653.37996551329,15653.37996551329,6.0804,6.0804,1.4025895333333334,15653.37996551329,36.0,,,34,126,,,21.0758987790716,0.0,1e-13,27.9047099189553,0.7879793066898105,1.0226842609550013,1.0588235294117647,27.9047099189553,21.0758987790716,0.0,12912.062889491757,1.0,<2x,15306.170793022546,0.8435854443345057,0.0
019ed640-6912-7d22-baf0-43ac80ace1ac,8sqZY92AXaPqafE1Qz2Lu146nChzHKh2YkrLtKvzpump,Perro,El Perro,https://pump.fun,16373.064101223566,14398.512188885828,12427.651939139418,21.0,11,19137.152641195,19137.152641195,6.7575,6.7575,0.5615002833333332,19137.152641195,21.0,,,11,82,,,4.2129720250234,0.0,0.0,26.0824879315694,0.7590303111444298,1.1688192584407504,1.9090909090909092,26.0824879315694,4.2129720250234,0.0,24053.162059765986,1.670531076004683,<2x,16373.064101223566,1.4690690704599685,0.0
019edb92-5597-7215-bb33-febbbff65724,8sxW7Yh8RMfukMu4r4JDw71vM1zg4NUBcexn7Phjpump,GTA,Gacha Theft Auto,https://pump.fun,15979.43433849448,20551.16374735408,11892.076057105764,21.0,21,26714.02759972002,26714.02759972002,7.213,7.213,0.5425801166666666,26714.02759972002,21.0,,,21,88,,,50.9885199757993,35.0319618481706,2.5518881516194,33.5282269719216,0.7442113284609666,1.671775548109728,1.0,33.5282269719216,50.9885199757993,35.0319618481706,22720.541270323323,1.1055598383448502,<2x,15979.43433849448,1.4218614244428858,0.0
019ede79-552f-7bd3-a56f-6dbb003aba6c,8ueGMjWFAgoUYq4ZqiTQpE6YCX8AXyrvz4tmZHBPpump,SOLBBA,Play Solbba,https://pump.fun,18178.46383597564,13638.505145743446,12673.44874751097,34.0,23,25119.23515571547,25119.23515571547,8.115,8.115,0.30651196666666664,25119.23515571547,34.0,,,23,126,,,11.9807086977803,0.0,0.2059713842156,23.762857044752,0.6971683010106661,1.381812862867096,1.4782608695652173,23.762857044752,11.9807086977803,0.0,13638.505145743446,1.0,<2x,18178.46383597564,0.750256197047437,0.0
019ed6da-6cc1-7b42-a2e3-509dd40b2edc,8vreH8zd6wKEkqEtaWanKZAcyjjrx4SfT42f5Sqppump,Day,Good Day,pump.fun,13887.892021451276,13514.7911194725,11434.764653549379,70.0,37,23020.64618984984,23020.64618984984,4.4978,4.4978,0.19574121666666666,23020.64618984984,70.0,,,37,69,,,38.1545136813857,0.0,15.3285714285714,35.0298806691584,0.8233621514256598,1.6576054994013552,1.8918918918918919,35.0298806691584,38.1545136813857,0.0,54664.58835605904,4.0447971317364075,2x-5x,13887.892021451276,3.936132875430192,1.0
019ed89d-2592-7efd-a5fb-04e0c579ef57,8wcSHMoC29kMnuGhXVHjjTxgMRvs1KK2pUGs3b78pump,redacted,redacted,https://pump.fun,13361.131119917696,12912.30130700688,11168.247406225544,38.0,34,6270.48538230252,6270.48538230252,6.9562,6.9562,0.6955466,6270.48538230252,38.0,,,34,55,,,3.2714786051302,5.2974127325655,4.9999999973209,30.2433479031178,0.8358758929905884,0.46930797445397315,1.1176470588235294,30.2433479031178,3.2714786051302,5.2974127325655,12912.30130700688,1.0,<2x,13361.131119917696,0.9664077981959374,0.0
019ed227-e500-7d25-95d5-e844923d22da,8x7LJbFzGN7JUfJGHQTh1JhpPKduNWfvSQapQNUCpump,Scooter,Imperooterxbt,https://pump.fun,13699.311342147923,13318.464766206014,11415.759229957503,49.0,44,12756.18014402973,12756.18014402973,5.5944,5.5944,0.20762403333333335,12756.18014402973,49.0,,,44,118,,,40.2913113823247,0.0,0.1785357772752,20.5176136648398,0.8333089850170249,0.9311548460675894,1.1136363636363635,20.5176136648398,40.2913113823247,0.0,75911.84736030325,5.699744579639565,5x-10x,13699.311342147923,5.541289300196384,1.0
019ee0aa-5869-7dbe-8ab4-5c30e81fa4a9,8xKzNYHuoNeJ1cm1XP6xSPei7XYvdVXXMByAgf8bpump,WOJAK,Wojak Kowalski,pump.fun,18715.132949584757,12400.145141820954,12919.911446997527,92.0,70,21426.65995934415,21426.65995934415,7.2828,7.2828,0.24557163333333334,21426.65995934415,92.0,,,70,107,,,35.1136144243112,0.0,0.0,22.5037142952433,0.6903456941396822,1.144884197032624,1.3142857142857143,22.5037142952433,35.1136144243112,0.0,18866.804165942456,1.5214986558755614,<2x,18715.132949584757,1.008104201918644,0.0
019edbdf-dfe4-77d7-8121-a04bf523139c,8z6P5j8SY5fHp9pXMzTgvRqvYNjLwdXMfVMasvvvpump,Jasper,Сat Wif Glasses,2026-06-18T17:34:25.000Z,15394.15557195468,12755.757275755199,11668.505775532178,24.0,10,42031.79851515216,42031.79851515216,6.2869,6.2869,0.4189849,42031.79851515216,24.0,,,10,159,,,5.1398820174921,0.3991687085192,0.0,28.0235810189938,0.757982841019877,2.730373765465016,2.4,28.0235810189938,5.1398820174921,0.3991687085192,17461.577676142355,1.3689173679505084,<2x,15394.15557195468,1.1342991562300526,0.0
019ed99b-650a-757f-9ea7-041c2125f00e,912oBRDUjxKsm5U8xRCZUGqSJSCRpmyv7M47y2hgpump,VALOR,VALOR,https://pump.fun,14723.211499540837,12538.553242961001,11631.939701225294,58.0,39,23861.7459359976,23861.7459359976,5.2561,5.2561,1.3488773,23861.7459359976,58.0,,,39,112,,,0.0,,0.0,17.0973620941341,0.7900409296971691,1.6206889330321552,1.4871794871794872,17.0973620941341,0.0,,19435.117841405154,1.5500287365542595,<2x,14723.211499540837,1.3200325107067343,0.0
019edc19-8a5d-7a86-ad5c-bcdfc0c1d870,92tW8BbWytcJ5jGadZftbSadEfSy9jqjDHVZodyipump,POKEWORLD,PokeWorld,pump.fun,14461.519912427853,12579.736294501621,11302.109560966115,68.0,43,15446.94381726615,15446.94381726615,6.5232,6.5232,0.44853325,15446.94381726615,68.0,,,43,95,,,29.2307288674673,6.5350507052056,5.0595529179114,33.5554175273539,0.7815298550502549,1.068141102097536,1.5813953488372092,33.5554175273539,29.2307288674673,6.5350507052056,12579.736294501621,1.0,<2x,14461.519912427853,0.8698764978147921,0.0
019ed718-456d-7a26-b344-e50106ff4179,947JxfuQfFb5zepo9rZFbcjQd856muoGmf28T3usBAGS,FLYWHEEL,FLYWHEEL,https://bags.fm,412547.7577347389,582137.2853024519,8528.90608397266,47.0,28,17286.540550468,17286.540550468,3.6925,3.6925,0.4011395833333333,17286.540550468,47.0,,,28,48,,,,2.5447383984e-06,,2.565475503059883,0.020673742431189267,0.0419019137211817,1.6785714285714286,2.565475503059883,,2.5447383984e-06,582137.2853024519,1.0,<2x,412547.7577347389,1.4110785342742214,0.0
019ed826-eb3f-70e6-a40e-c35057b6c11f,94CdDjBAzEEi3waMbD3YKXcKaBkuMvpNSbp5HHaLpump,X,X Coin,pump.fun,15477.249769140277,12919.489760703751,12003.471771111044,82.0,63,13660.19405577265,13660.19405577265,5.5693,5.5693,0.15391371666666667,13660.19405577265,82.0,,,63,70,,,21.4765382997233,5.8865287439585,0.0,24.0329180851038,0.7755558610318795,0.8825982819641115,1.3015873015873016,24.0329180851038,21.4765382997233,5.8865287439585,22379.57157622001,1.7322333923968332,<2x,15477.249769140277,1.4459656534613863,0.0
019edbc3-8816-71f2-8fc7-ce0ca0817bb3,96rbFsE5jawtCNwXhRSKW8SkvKNsDZUidkW6TEX2pump,SKI,Ski Mask Dog,pump.fun,15109.076847398648,12259.878086590174,11563.338555865434,26.0,14,24424.90496466804,24424.90496466804,6.1478,6.1478,3.33108475,24424.90496466804,26.0,,,14,71,,,22.2815635418124,0.0,0.0,23.5738494540929,0.7653239620563788,1.616571628522315,1.8571428571428572,23.5738494540929,22.2815635418124,0.0,12259.878086590174,1.0,<2x,15109.076847398648,0.8114246959238264,0.0
019ee083-46e1-7301-a92d-00aacc4e8796,97G3xuSATggNYUpXmHp8ZNcNYnZmtjdnqHytsFWxpump,elun,elun mesk,2026-06-19T15:32:13.000Z,30264.662380775757,18577.392508358345,12121.36227336418,139.0,90,25806.15175772816,25806.15175772816,12.8755,12.8755,0.13580933333333334,25806.15175772816,139.0,,,90,154,,,55.585495790752,,2.9570251339288,30.4900828994724,0.40051205993507866,0.85268262480669,1.5444444444444445,30.4900828994724,55.585495790752,,121635.5354778585,6.547503123655928,5x-10x,30264.662380775757,4.019061370898422,1.0
019ed81e-cd89-7cd8-ba0a-0b321954fedc,97k2pRofhBrEhHo7k8mnYVGRLb3CW3ToDF3X9Zxkpump,Perori,ぺろりちゃん,https://pump.fun,22905.24614408795,21730.86942874213,14596.067455780105,21.0,12,36825.04666995368,36825.04666995368,10.1152,10.1152,0.678119,36825.04666995368,21.0,,,12,141,,,17.0062773264776,0.0,0.0,21.7139003562584,0.6372368742061076,1.6077123309787507,1.75,21.7139003562584,17.0062773264776,0.0,59241.51947811062,2.7261458485298973,2x-5x,22905.24614408795,2.5863734057012695,1.0
019edcc5-2d7a-74c8-8313-63e69d0cebf2,9DE6jYP1uBrt8EwYj2ErTtCSNCLz2rvAzqkA7czxpump,TURBO,TurboRace,https://pump.fun,23619.14244351276,25979.068599543516,14534.161598175657,29.0,27,32381.18441657268,32381.18441657268,10.8229,10.8229,2.0757968666666664,32381.18441657268,29.0,,,27,158,,,44.6194113126015,3.5583947607408,2.991716104417,11.5266043903172,0.6153551778154255,1.3709720619203305,1.0740740740740742,11.5266043903172,44.6194113126015,3.5583947607408,31221.713908803795,1.2018026662184647,<2x,23619.14244351276,1.321881773797387,0.0
019ed4d0-3427-7a42-a5e8-fefbf0dece6d,9JmruaWd8Dscxs1GBVbnckGWWsoVdJwg9DDFGFW9pump,GC,gamercat,https://pump.fun,15742.496606596376,13070.456347529667,12106.721279941588,61.0,43,19844.1796138537,19844.1796138537,5.5868,5.5868,0.23874478333333335,19844.1796138537,61.0,,,43,111,,,30.4153361378383,13.8811166191195,0.0,24.5222183734099,0.7690470947834707,1.2605484447453301,1.4186046511627908,24.5222183734099,30.4153361378383,13.8811166191195,25117.493083954567,1.9216997797251207,<2x,15742.496606596376,1.5955215815914425,0.0
019ed688-578d-7e27-bba2-6b2068625aa3,9KKDeJy7mk79A26kv56jXwxBJyGfy3yfEKNjAaBBpump,GUNVOX,GUNVOX,https://pump.fun,15287.153670752523,13509.746795353169,12046.387258557354,21.0,13,21180.98606515875,21180.98606515875,6.3339,6.3339,1.7945954166666667,21180.98606515875,21.0,,,13,123,,,3.0386343153681,0.0,0.0,22.574031666679,0.7880072064431834,1.3855415155328978,1.6153846153846154,22.574031666679,3.0386343153681,0.0,18763.421779195465,1.388880344200778,<2x,15287.153670752523,1.2273979959456913,0.0
019ed9cd-40d1-7d7f-8667-56c2f2afdc78,9KNoVkNKSx6GrMcF4TbMu9LL2X61CaBxBAaQhQuipump,BADUSSY,Badussy Coin,https://pump.fun,15770.977524018976,14793.773977729674,12072.347258924487,21.0,16,32517.76544344188,32517.76544344188,4.0159,4.0159,0.5824457666666666,32517.76544344188,21.0,,,16,173,,,5.3923681517205,0.1219290893414,0.0859534854297,19.9278923196538,0.7654786927784579,2.0618738054706998,1.3125,19.9278923196538,5.3923681517205,0.1219290893414,35442.8840940313,2.395797323075673,2x-5x,15770.977524018976,2.2473485895247958,1.0
019ecfca-1fa1-7588-aa43-8bf3c84e75c6,9KYHoKbNss2Mi1EiHugQ2vsNGdNJP4iyRhe64Bdfpump,YoungBob,Justice for Youngbob,https://pump.fun,15104.090134680517,13977.166580970725,12082.250805023268,32.0,18,27255.42242108628,27255.42242108628,5.1923,5.1923,5.469477683333333,27255.42242108628,32.0,,,18,109,,,4.8993538503165,0.0,0.0,27.0687221444177,0.7999323823737783,1.8045060760399647,1.7777777777777777,27.0687221444177,4.8993538503165,0.0,13977.166580970725,1.0,<2x,15104.090134680517,0.9253895108105676,0.0
019ed9a6-2001-7c50-9c2f-cd97d9634721,9LCZgbzGPVDgoFCZueNYt7Ks5pHYCZ3YDNhtK7N8pump,AI,AI Coin,https://pump.fun,16555.71733497411,14362.040472768347,12354.381302117738,27.0,19,16463.0587691925,16463.0587691925,6.7592,6.7592,0.41210766666666665,16463.0587691925,27.0,,,19,79,,,22.1972680699365,0.0,0.0,27.3169789422271,0.746230504673995,0.9944032285701165,1.4210526315789473,27.3169789422271,22.1972680699365,0.0,18546.902507781582,1.2913835288897904,<2x,16555.71733497411,1.120271754616218,0.0
019ed567-d00e-727b-9002-78d177898e91,9Mk9Nycuj6RAL8ah2mQGoMqVqJSAyoKqP2DGQinRBAGS,SQUEEZE,The Great Squeeze,https://bags.fm,2284814.997320904,1315241.522960221,19994.280283915086,45.0,24,12095.5931907042,12095.5931907042,15.5598,15.5598,0.6013528333333333,12095.5931907042,45.0,,,24,57,,,,0.3505597451104929,,3.296844113493776,0.008750940582655355,0.005293904847826664,1.875,3.296844113493776,,0.3505597451104929,1315241.522960221,1.0,<2x,2284814.997320904,0.5756446471606796,0.0
019ed841-f817-7122-a52e-4d99f81e9a88,9NKbxNRp9ZqVnh9ck2tiygi7RRRz2morZ9DmbXcKpump,Frost,Saber-Tooth Tiger,https://pump.fun,22264.93990098386,14543.400275669954,14389.979098726913,99.0,77,38265.80817274516,38265.80817274516,9.4348,9.4348,0.33357811666666665,38265.80817274516,99.0,,,77,92,,,24.2952311344289,0.4535782677264,0.0,19.539896468774,0.646306667016471,1.7186575999270601,1.2857142857142858,19.539896468774,24.2952311344289,0.4535782677264,56868.85037722937,3.9102857171831267,2x-5x,22264.93990098386,2.5541883620676833,1.0
019edbde-817f-7552-b359-3803696571d2,9NXV4xRwubmrKRqWaH7jBvmUoNLgp6uMbZNL1XBapump,MTRG,Micro Tragedy,https://pump.fun,19528.423694036173,12890.082677681161,13143.24292367699,38.0,28,38813.92282318629,38813.92282318629,8.5957,8.5957,0.29543811666666664,38813.92282318629,38.0,,,28,216,,,2.262148620805,0.4229917928906,0.0,19.4803790858415,0.6730314299607721,1.987560462191311,1.3571428571428572,19.4803790858415,2.262148620805,0.4229917928906,37893.95492197835,2.939775940117959,2x-5x,19528.423694036173,1.9404512886286294,0.0
019ee057-b8a1-729a-9070-66b1409011a0,9Rfs3myEp3c94G4vWWgKj42oynQbAZqkqPTAqCVapump,Buddy,The Nietzschean Cat,pump.fun,16835.26240823255,12592.519019903455,12258.301276752647,47.0,28,20927.0039906616,20927.0039906616,6.8967,6.8967,0.6792572666666667,20927.0039906616,47.0,,,28,82,,,2.3084658454598,0.0,0.0,22.0020115751699,0.728132474535013,1.2430459046737616,1.6785714285714286,22.0020115751699,2.3084658454598,0.0,12592.519019903455,1.0,<2x,16835.26240823255,0.7479847188925095,0.0
019ede95-d12f-749d-967c-a69e97a6ff21,9SwT7SmkAYGoFTL8D4XseHLxAmVgubeFPKZEyv4jpump,Cookout,The Cookout,https://pump.fun,16110.830378920024,12476.112322890014,11933.11579136349,51.0,35,33568.8662504619,33568.8662504619,7.0037,7.0037,2.9297884499999998,33568.8662504619,51.0,,,35,206,,,12.0201858701458,0.0,0.0,22.1791909592372,0.7406890588940219,2.083621108343651,1.457142857142857,22.1791909592372,12.0201858701458,0.0,14026.045316772677,1.124232048715928,<2x,16110.830378920024,0.8705972930560332,0.0
019ee016-23d1-740e-b74b-441b47d24669,9TrRZM1xRzmDYExhBbTGruzMUZsYUvz2UY3cafjdpump,Jason,Jason Duval,https://pump.fun,16718.39007782784,15723.986831305334,12144.082472339584,26.0,14,30013.41402051928,30013.41402051928,6.5801,6.5801,0.32614698333333336,30013.41402051928,26.0,,,14,110,,,21.8811282137742,0.0,0.4080133093099,23.5303815908177,0.7263906641612121,1.7952335051880077,1.8571428571428572,23.5303815908177,21.8811282137742,0.0,19512.59315269219,1.2409443840186898,<2x,16718.39007782784,1.1671335016025293,0.0
019ecfb7-0fa8-7538-808a-866459188bda,9UgQrXsbXVqEjFDFH8ScAiEDmD1The37VgTFCcuNpump,Kohen,Justice for Kohen Wiley,2026-06-16T03:33:16.000Z,61388.28927459745,61619.244709186336,18124.963446048983,148.0,67,61051.19095005655,133615.62418933716,5.9843,26.4236,0.47411861666666666,61051.19095005655,148.0,,,67,367,,,23.074097115951492,0.2498532840155353,0.0,21.005340026322163,0.29525115718689876,0.9945087519374743,2.208955223880597,21.005340026322163,23.074097115951492,0.2498532840155353,53227.833542416185,3.978365351114582,2x-5x,61388.28927459745,0.8670682009775751,0.0
019ed73f-900b-75cd-9742-a48f90da873b,9W9ML53KohjgodwGTf76tKoHHLvqdvdKzifiofiXpump,MOON,Millionaires Out Of Nowhere,pump.fun,15675.50823144427,12684.530257885228,12036.579911473453,61.0,57,15171.67852913179,15171.67852913179,6.3868,6.3868,0.45179241666666664,15171.67852913179,61.0,,,57,98,,,31.4175086167762,1.8317913435523,0.0,21.7751077595257,0.7678589895623726,0.9678587963545691,1.0701754385964912,21.7751077595257,31.4175086167762,1.8317913435523,392195.97956466605,30.91923560360943,20x+,15675.50823144427,25.019665951113527,1.0
019ed456-e0d2-7232-8ccd-be4e849e08e9,9Yyv1whbUfmyqFj5d5esvfmViQP8DRcDxTWTcQ3zpump,Pitoco,The Patriotic Dog,https://pump.fun,15353.886789312053,13092.619524726975,12040.442254302408,82.0,68,30319.25284623238,30319.25284623238,5.6174,5.6174,1.8325460999999998,30319.25284623238,82.0,,,68,172,,,15.148799664405,0.0,0.0,19.248827372553,0.7841950653618107,1.9746956104520597,1.2058823529411764,19.248827372553,15.148799664405,0.0,98698.52794221429,7.538485919934535,5x-10x,15353.886789312053,6.42824382493943,1.0
019eda3e-0ff0-782c-b39c-7e8f6a1bc3a3,9ZY7aKNXaNqxvKNPKCnFcEb5j68aEoaEw9pN5RmJEg7f,AYE SOLANA,Solana Song,2026-06-18T10:16:51.000Z,18181.632140593945,13328.54933860806,12920.591455646261,78.0,59,25074.5561080427,25074.5561080427,7.2995,7.2995,1.3406632,25074.5561080427,78.0,,,59,167,,,21.011755555843,0.0,0.0,20.277898246689,0.7106398015169709,1.3791146974126154,1.3220338983050848,20.277898246689,21.011755555843,0.0,198459.196743281,14.889782203710302,10x-20x,18181.632140593945,10.915367509838854,1.0
019ed243-f537-7c09-be5b-c00bb92eabeb,9cRCn9rGT8V2imeM2BaKs13yhMEais3ruM3rPvTGpump,ANSEM,The Black Bull,https://pump.fun,294395.69774356554,102948.16714117743,39707.030801774905,600.0,242,165105.00705829915,165105.00705829915,35.9234,35.9234,0.5941658833333333,165105.00705829915,600.0,,,242,261,,,2.804423854605988,7.230147037494521e-06,0.0,73.1148116668809,0.13487639631324322,0.5608268338286467,2.479338842975207,73.1148116668809,2.804423854605988,7.230147037494521e-06,768964.5798501631,7.469434388235854,5x-10x,294395.69774356554,2.612010249280112,1.0
019ed9e3-cfce-702a-a7bd-591f4a811928,9eQDmmm2VU7czhTWFwpQcr8oURg7VUoF4bTj1Eoqpump,Paz,Drinking Cat,pump.fun,15876.781799877284,12873.267581901642,12124.777480981313,22.0,13,31017.01343131568,31017.01343131568,6.5688,6.5688,0.12132825,31017.01343131568,22.0,,,13,154,,,16.9456113930086,0.0,0.0,23.442093518007976,0.7636797956796905,1.9536083459656428,1.6923076923076923,23.442093518007976,16.9456113930086,0.0,12914.249393701786,1.0031834817026377,<2x,15876.781799877284,0.8134047287720237,0.0
019edb0a-7d43-7f14-b664-56aa32c5adc5,9evCye9diSxD6aG1Dn7veRbvoMBCfWGApcEa2Gxhpump,RAUL,CRYPTO MOGUL,2026-06-18T13:13:17.000Z,16266.114413978536,13046.21795616818,12191.461040433587,36.0,23,90697.66546232,90697.66546232,6.3953,6.3953,0.10292655,90697.66546232,36.0,,,23,123,,,10.0418179872153,0.0,0.0,25.896317036787,0.7495005094736495,5.575865455881558,1.565217391304348,25.896317036787,10.0418179872153,0.0,13732.982929373691,1.0526409244052841,<2x,16266.114413978536,0.8442694167681521,0.0
019edd20-1e26-7a14-8c51-f30b98143b3a,9ey7zGjpgQ9a4R5YxdEnv6y99xWeNFUNRow48dyfpump,Percy,Elon's Dog,https://pump.fun,17550.878551381214,12721.855745682615,12542.79082339092,40.0,28,46209.54057932338,46209.54057932338,6.9222,6.9222,1.8978518666666666,46209.54057932338,40.0,,,28,161,,,12.213922930616384,0.0,1.6946244571880678,23.216164560471285,0.7146531603344626,2.632890452978879,1.4285714285714286,23.216164560471285,12.213922930616384,0.0,78041.428184198,6.13443743933999,5x-10x,17550.878551381214,4.446582429234366,1.0
019edb30-260b-70a6-bfdb-b9d04e146e74,9gVWVw7kfMaUoF7Qx2MFs7VJk3o35YG8sUG6pec7pump,ELONGOAT,Elon The GOAT,https://pump.fun,15853.72404367784,16843.66002763646,12052.154982335924,29.0,25,8183.73538554048,8183.73538554048,6.5673,6.5673,0.21017295,8183.73538554048,29.0,,,25,101,,,18.0642315452641,0.0,3.4199203154141,28.4101136980791,0.7602097115562001,0.5162027144533272,1.16,28.4101136980791,18.0642315452641,0.0,25338.627411726742,1.5043421305198545,<2x,15853.72404367784,1.5982760480703144,0.0
019edb5f-d535-7122-9db4-671c53b00295,9h66V2NiHU3PpviwceSg4KZ7xqStLTDej58o5pdhpump,Vort,Vort,https://pump.fun,18443.32321153024,13205.560122046025,12867.350858581152,32.0,24,6370.0532412742,6370.0532412742,8.0023,8.0023,0.18247506666666666,6370.0532412742,32.0,,,24,109,,,23.93331008258,0.0,5.049411759894,27.0459152699628,0.6976698673554043,0.34538532824126966,1.3333333333333333,27.0459152699628,23.93331008258,0.0,409512.436584487,31.010607107897403,20x+,18443.32321153024,22.20383126661639,1.0
019ed759-293b-723d-891e-5f82c1355dfb,9hBVKX5bEn3pDhWYCzacFrhSoQCPdkYZj3DdhoUZpump,POKEWORLD,PokeWorld,pump.fun,18664.754786066223,13014.005410377835,13137.26815268165,106.0,68,20914.09610777311,20914.09610777311,8.144,8.144,0.08667209999999999,20914.09610777311,106.0,,,68,126,,,28.0349836178209,2.7436364767979,1.7590163934426,22.5795605205255,0.7038543127547006,1.1205127711287204,1.5588235294117647,22.5795605205255,28.0349836178209,2.7436364767979,13014.005410377835,1.0,<2x,18664.754786066223,0.697250275159959,0.0
019edc2c-b64e-78b2-b8d5-0799d289aae9,9hgbjVxihuEm6wrHPpDgJ9kxU7Cpr7ypz3kfg45xpump,CENTER,Card Center,https://pump.fun,17127.84482122832,12843.44933632531,12299.07258949188,56.0,48,8488.34173720575,8488.34173720575,7.8474,7.8474,0.20312821666666667,8488.34173720575,56.0,,,48,53,,,23.2278839163207,8.4832646612005,1.7376518132293,29.7032950396598,0.7180747325692933,0.4955872630679877,1.1666666666666667,29.7032950396598,23.2278839163207,8.4832646612005,12843.44933632531,1.0,<2x,17127.84482122832,0.7498578758961599,0.0
019ed4b0-bb9a-7ac7-beed-9c6c4241d133,9msS65PmF3AdBDzqDwgTpU155B3N8Q2WpS8VTvoJpump,CRAB,尼采式的螃蟹,pump.fun,15724.485488880442,14346.235834061777,12141.564942830135,57.0,45,42580.709326229,42580.709326229,5.6209,5.6209,0.4321786,42580.709326229,57.0,,,45,158,,,12.0070158619296,0.0,0.0,18.8560230787522,0.7721438613311725,2.707923852665317,1.2666666666666666,18.8560230787522,12.0070158619296,0.0,16175.270084629881,1.127492275445904,<2x,15724.485488880442,1.0286676849343155,0.0
019ed3eb-5950-7a18-b82f-9200e420319f,9n8rpiJqKuCh8CZAfe3DK5232a4KMdY5UK97BH3spump,AOAS,American Oil Asset Supply,https://pump.fun,37336.26265564719,27511.851315812455,13927.870118874736,24.0,18,7035.3722858766,7035.3722858766,5.0896,5.0896,0.3044568166666667,7035.3722858766,24.0,,,18,75,,,7.9838636182474,0.7454175991806,0.0,20.3532920223127,0.3730386795092925,0.1884326867625698,1.3333333333333333,20.3532920223127,7.9838636182474,0.7454175991806,438039.9953404089,15.921865464889493,10x-20x,37336.26265564719,11.732293598329784,1.0
019edf71-8a4f-792f-bda9-1e1def74c841,9nCVrJcYDZX8QfJDZ22pMPNtdZkDijj3H4Fc3sZMpump,ARTIFICIAL,Artificial,2026-06-19T10:26:41.000Z,18719.278376883223,13128.936115021439,12818.3624131865,57.0,54,25441.03647520192,25441.03647520192,8.4231,8.4231,1.8640407333333333,25441.03647520192,57.0,,,54,99,,,25.7866707639901,,0.0,21.7448161767999,0.6847679785037082,1.3590821164676687,1.0555555555555556,21.7448161767999,25.7866707639901,,13128.936115021439,1.0,<2x,18719.278376883223,0.7013590935874217,0.0
019ed697-9cdb-7c1a-bd69-4f203006b052,9oivhRMQVbofmBuTZyeyWYTKTxfeHbXmLWH8dptKpump,POTA,POTA,https://pump.fun,18698.266370054484,16833.06445726325,13306.361242124756,30.0,21,7347.28784339352,7347.28784339352,6.8666,6.8666,0.19693713333333335,7347.28784339352,30.0,,,21,95,,,23.8271904010901,0.4974375100403,5.049411759894,32.5505057854073,0.7116360938913068,0.3929395216639066,1.4285714285714286,32.5505057854073,23.8271904010901,0.4974375100403,16833.06445726325,1.0,<2x,18698.266370054484,0.900247334385054,0.0
019ed243-29c7-72d7-86b8-6239c76079cc,9pM5VDY9tQE6DrFNicTq7W9TXe3umHK2grnjsMP5pump,Ansem,blknoiz06,https://pump.fun,16442.392449865543,15253.36023608882,12521.108591476666,71.0,53,18388.02102267072,18388.02102267072,5.9065,5.9065,0.3407598,18388.02102267072,71.0,,,53,85,,,36.047678535083,0.0,0.0,28.1291748362806,0.7615137900189858,1.1183300166771708,1.3396226415094339,28.1291748362806,36.047678535083,0.0,15253.36023608882,1.0,<2x,16442.392449865543,0.9276849632799972,0.0
019edc61-ad62-7e89-8225-e6f82d93fd8f,9qYjeVYArMTE5tRQe4G7fuE9nDQYdeUU32wDGqXcpump,SHT,SHITCOIN,pump.fun,16182.957900395428,12868.228199211002,12047.07746341066,58.0,49,17143.75322268412,17143.75322268412,6.5547,6.5547,0.5954432166666667,17143.75322268412,58.0,,,49,70,,,40.0295655906285,0.0,0.0,29.8082286059911,0.7444298834341213,1.059370810219139,1.183673469387755,29.8082286059911,40.0295655906285,0.0,13961.391298265149,1.084950552798028,<2x,16182.957900395428,0.8627218450542966,0.0
019ed7a5-a355-71ba-82cd-6fc94235c325,9qwxahBxcgKyn5X7kZvkN7qxKZg6pkVD8Lo4URtopump,CS,chicken shrimp,https://pump.fun,69606.90233675968,74270.6252723606,18950.193370573314,79.0,20,147587.49770515438,171977.76843149553,5.4189,33.1905,0.21407155,147587.49770515438,79.0,,,20,516,,,5.3537744626068475,0.3362131805433193,1.615120225188793,20.533219452111656,0.27224589422025813,2.120299751181613,3.95,20.533219452111656,5.3537744626068475,0.3362131805433193,309522.9191727256,11.794515046556336,10x-20x,69606.90233675968,4.446727390270107,1.0
019ed1d6-3f77-79e2-b01f-39eeb8c00b05,9rNQ5oCh5Ujb3NkkhLUA5kGDbgYV5qB4JjT5gsnMpump,WHATIF,What If We Buy And Never Sell,pump,23106.523889889348,13461.53078425174,14802.811899104508,128.0,75,26205.27284248809,26205.27284248809,9.3735,9.3735,0.11479731666666666,26205.27284248809,128.0,,,75,147,,,20.3767330653992,0.0,0.0,25.9001943544958,0.6406334405661828,1.134107101845581,1.7066666666666668,25.9001943544958,20.3767330653992,0.0,13461.53078425174,1.0,<2x,23106.523889889348,0.5825857168477887,0.0
019ed6ca-9697-7a10-a18a-a37a3c67146f,9sNUvE8gB4aRTFw5u96pg1ZtXQN3r71iGdmEsCrNBAGS,ASTEROID,ASTEROID,pump.fun,724230.2318027883,438670.33022968634,11460.629217378571,170.0,64,35187.74705069361,35187.74705069361,9.3611,9.3611,0.2924185666666667,35187.74705069361,170.0,,,64,80,,,,0.7850806048927164,,1.5149072650088538,0.015824566158816968,0.048586410102078446,2.65625,1.5149072650088538,,0.7850806048927164,438670.33022968634,1.0,<2x,724230.2318027883,0.6057056319476298,0.0
019ed7e3-b2a3-7cbe-b742-d751e30d9cc7,9sunKMkrMquqw5om5sAzXj2BJcUMvvbGuGNXCbBmDC9S,Yeat,The Yeat Minion,pump_v2,15555.928700294417,14146.773149436975,12010.613051220529,88.0,62,20583.84135055586,20583.84135055586,5.5832,5.5832,0.7163865833333334,20583.84135055586,88.0,,,62,134,,,26.0581184541238,0.0,2e-13,23.8579715214249,0.7720923181521918,1.323215202842006,1.4193548387096775,23.8579715214249,26.0581184541238,0.0,35424.68291891488,2.504082206218507,2x-5x,15555.928700294417,2.2772464184825183,1.0
019ed182-43ce-71ed-aa5e-6326f9467494,9tFUaADms9caDR4v8iYpfSwPbuzDJYfdj4Aknmxxpump,Unkirkify,Unkirkification,2026-06-16T17:36:30.000Z,21443.84946942173,14917.909317351001,14222.52460368907,107.0,72,25538.22388613111,25538.22388613111,8.7399,8.7399,0.3387212666666667,25538.22388613111,107.0,,,72,116,,,44.9652008627068,0.0,0.0,28.2901687369181,0.6632449376204562,1.190934674417848,1.4861111111111112,28.2901687369181,44.9652008627068,0.0,31058.043051547604,2.0819300071373967,2x-5x,21443.84946942173,1.4483427099148134,0.0
019edb09-3e24-7d0b-b43b-c27a96480684,9tgdsnV61nBdcZFqzLSQdJEt5ZfMmEgCP6rjxirgpump,IMG,Infinite Money Glitch,2026-06-18T13:53:13.000Z,17009.70948777388,13074.412543616289,12466.656394862277,41.0,27,29508.49697898258,29508.49697898258,7.297,7.297,0.2361016,29508.49697898258,41.0,,,27,123,,,7.7688263541529,,0.0,24.6116974040009,0.732914127888132,1.734803113491885,1.5185185185185186,24.6116974040009,7.7688263541529,,18159.57303420823,1.3889398834271007,<2x,17009.70948777388,1.06760042240938,0.0
019ed91f-d9c0-77ce-98ab-2404fafc6465,9udqGc6dTxhn8Krdu675mcEAiSZ6BjnE77omqL1xpump,Kelsey,The Solo Rower,2026-06-18T05:05:21.000Z,16900.629143704027,13133.489751389905,12417.73933182671,63.0,56,12505.71563019616,12505.71563019616,6.7644,6.7644,0.42083138333333336,12505.71563019616,63.0,,,56,99,,,30.4963545750064,13.3869532108251,0.0,29.8518775684332,0.7347501223913121,0.7399556267320913,1.125,29.8518775684332,30.4963545750064,13.3869532108251,188929.1920892173,14.385300149887664,10x-20x,16900.629143704027,11.178825976404488,1.0
019edc7a-2b48-72bf-867e-532e46c0b627,9vfRMTdHQMHnQ5MiFN33xg6GLwLXnTAW4tbjS2mypump,Runechain,Runechain,https://pump.fun,14922.16035636688,14383.656514555707,11581.1505783412,20.0,16,12287.62298656008,12287.62298656008,6.6543,6.6543,0.24008096666666667,12287.62298656008,20.0,,,16,74,,,21.1676969575618,0.0,0.0,23.889071050626,0.7761041499195415,0.8234479923221898,1.25,23.889071050626,21.1676969575618,0.0,65706.42062718244,4.568130541819465,2x-5x,14922.16035636688,4.403278014576977,1.0
019ed3fc-1035-70ae-8ad2-da8020fa4a23,9xixk71Wfqr8gA43gHeeSWUUgMrYDGnrYjm1NRZhpump,SBF,OFFICIAL SBF COIN,2026-06-17T05:07:55.000Z,21425.942705614838,14308.341874671185,14266.0861459624,70.0,54,16825.16137572483,16825.16137572483,6.6655,6.6655,0.27345828333333333,16825.16137572483,70.0,,,54,96,,,15.1834514226426,11.5330050568987,0.0,27.2600012246672,0.6658323669568975,0.7852705296050131,1.2962962962962963,27.2600012246672,15.1834514226426,11.5330050568987,14308.341874671185,1.0,<2x,21425.942705614838,0.667804542897502,0.0
019ee008-2ed0-7e11-9e28-29e74f080866,9zPnV3BDM3Ryph485gp5x5jpF5cTa76wT3Ttveuepump,Navi,Navi,pump.fun,13992.81009829474,14233.857895801935,11111.784849907965,75.0,57,16954.37034794622,16954.37034794622,5.946,5.946,0.08569975,16954.37034794622,75.0,,,57,95,,,32.7180066954242,10.2690712013762,5.605223880597,35.7391953037206,0.7941067428094464,1.2116487130781826,1.3157894736842106,35.7391953037206,32.7180066954242,10.2690712013762,25137.194979850352,1.7660141870085828,<2x,13992.81009829474,1.7964365129856041,0.0
019ed7f3-b140-7211-b34d-d1de44ea39f6,A1aAXj2jWDzzPTv2LEWVBiXUahGVnGwDmivN7YWEpump,SHILL,The Shill Coin,https://pump.fun,16951.918262985557,15485.19906517909,12532.738589845601,97.0,72,24404.412313728,24404.412313728,6.6597,6.6597,0.16472733333333334,24404.412313728,97.0,,,72,152,,,37.8051402675044,0.0,0.0,20.3150804239761,0.7393109378783865,1.4396254120110368,1.3472222222222223,20.3150804239761,37.8051402675044,0.0,15485.19906517909,1.0,<2x,16951.918262985557,0.9134776858257367,0.0
019ed741-6f6a-7539-8df0-845637e43e65,A1srGG2jZFyzT79ksrdZKrz3xFNzA2ckb9FncmtWpump,Boss,Congo Final Boss,https://pump.fun,15099.18876957746,15764.508274709413,11814.06266825628,21.0,14,26427.99391713569,26427.99391713569,6.2101,6.2101,0.25520681666666667,26427.99391713569,21.0,,,14,107,,,9.5214853884212,0.0,0.0,26.2287372471209,0.7824302913584202,1.7502923051325794,1.5,26.2287372471209,9.5214853884212,0.0,16238.877786873996,1.030090980568395,<2x,15099.18876957746,1.075480148946335,0.0
019ed9d5-1ff7-72e7-9b87-08e3e44f849f,A2R6WLJV67K6TVCHNWbEULcWzYobHYPdwe5beC2Rpump,NEGRITO,Qué Pasó Negrito?,pump.fun,15607.592514797385,12663.310185347005,12008.803527678341,21.0,16,40642.81228034868,40642.81228034868,6.362,6.362,1.2829976333333333,40642.81228034868,21.0,,,16,160,,,2.9576568740587,0.0,0.0,20.4868729017413,0.7694206211683786,2.6040410935777367,1.3125,20.4868729017413,2.9576568740587,0.0,24522.566859274015,1.9365052660282789,<2x,15607.592514797385,1.571194714112663,0.0
019ed704-af13-73d7-ae0a-41829d56069e,A2xbyhjEsdEBF89WYAo6GyRok5mgw2SLNw1RPh2fBAGS,DECOIN,Decentralized Coin,https://bags.fm,205083.87511609154,137087.64740431923,6120.751274134148,69.0,33,34685.07171782184,34685.07171782184,2.6513,2.6513,0.1887795,34685.07171782184,69.0,,,33,89,,,,0.7528200842874441,,1.5038077779641783,0.029845112253069055,0.1691262743021006,2.090909090909091,1.5038077779641783,,0.7528200842874441,137087.64740431923,1.0,<2x,205083.87511609154,0.6684467383245914,0.0
019edc0e-7494-7095-9a31-fe6e9fa5a7a2,A3pSvCXGcdvicHn8cR7PinrTjpuPLXcsTBZQTkTjpump,DINNER,Chicken Dinner,https://pump.fun,22239.499456046462,12784.435638477036,14011.631629329595,26.0,10,33332.84286664776,33332.84286664776,10.5223,10.5223,0.23151611666666666,33332.84286664776,26.0,,,10,127,,,4.905409831466,0.1802645368957,0.416720898387,29.5607499543836,0.6300335876273565,1.4988126388602352,2.6,29.5607499543836,4.905409831466,0.1802645368957,31210.97862764082,2.4413262744039965,2x-5x,22239.499456046462,1.4034029268206032,0.0
019ed898-de31-743b-ba63-22dfbca72364,A5KGkmizjton39YXYptuyYRBbgFAwbdVq6aAz3Wwpump,CHEESE,Cheese Game,https://pump.fun,17324.732354303356,19781.940452888106,12714.806732561563,24.0,16,25415.56173472119,25415.56173472119,7.2364,7.2364,0.3376584333333333,25415.56173472119,24.0,,,16,77,,,9.6586482910706,0.0,5.0,24.0855966748679,0.7339107163409242,1.4670103534620043,1.5,24.0855966748679,9.6586482910706,0.0,19781.940452888106,1.0,<2x,17324.732354303356,1.1418323843816494,0.0
019ed1f3-a2a2-786d-b77a-e58b4095643a,A5tu2Wh5ZkXirf5yAYsPgXqbetGBNNnSrWMjehuZbonk,DARE,dare market,2026-06-16T19:40:56.000Z,40862.89763753876,37656.23567051471,66208.00859122543,32.0,24,13628.89070158161,13628.89070158161,0.5833,0.5833,0.36116983333333336,13628.89070158161,32.0,,,24,64,,,,2.91184402889,5.00000000002,13.71724363323,1.6202475208317912,0.33352727020174433,1.3333333333333333,13.71724363323,,2.91184402889,37656.23567051471,1.0,<2x,40862.89763753876,0.921526319658784,0.0
019ed398-73a8-70a4-91b7-86f9b3a3663e,A81BtTKJ9bnnugRdkFyn8czmk7Li5wrd7MNMN8k5pump,Trump,特朗普,https://pump.fun,17921.341991539724,13037.481746505568,13037.47013336766,70.0,61,40301.52532813376,40301.52532813376,7.2153,7.2153,2.1247482166666667,40301.52532813376,70.0,,,61,215,,,4.7200949005161,0.2457442206058,0.0,17.6293932432017,0.7274829161522818,2.248800639324847,1.1475409836065573,17.6293932432017,4.7200949005161,0.2457442206058,76192.82371105511,5.844136558923816,5x-10x,17921.341991539724,4.251513293313865,1.0
019edf0c-cc09-7e2a-8c0b-832bfc98e60d,AAe2ZauoJYV3L2z4tja82MJuw21SrTkjEQDBidwepump,TBC,THE BORING COMPANY,https://pump.fun,15205.961573890394,12584.054742540775,11587.703735746212,35.0,28,30973.5795799379,30973.5795799379,6.1836,6.1836,8.50391265,30973.5795799379,35.0,,,28,118,,,26.4421278197378,0.0,0.0,25.0019071459207,0.7620500472421974,2.0369365942053617,1.25,25.0019071459207,26.4421278197378,0.0,12584.054742540775,1.0,<2x,15205.961573890394,0.8275737566079608,0.0
019ed6a0-1fed-72fc-9536-47a47ac9a087,AAewLLCEer9RWGyRnPaiErvuJnFWgjoSx7cWeFXrpump,trenchpacks,trenchpacks,2026-06-17T17:27:20.000Z,17171.52832737509,14344.117667039258,12773.040649363262,161.0,100,44087.8976263566,44087.8976263566,5.8409,5.8409,0.71469675,44087.8976263566,161.0,,,100,177,,,37.5589892170109,2.1175080110863,0.0,20.5659034926212,0.7438499594121918,2.5674999211381238,1.61,20.5659034926212,37.5589892170109,2.1175080110863,14344.117667039258,1.0,<2x,17171.52832737509,0.8353430978052003,0.0
019edda4-19e8-717d-9f77-71d15303075d,ABq9niaH28GhGzZXbG78TT43tqoz5nNrBDp68nBMpump,POKESTRAT,POKESTRAT,https://pump.fun,26043.414550129102,23984.023722667498,15312.550700204627,22.0,12,38771.00532374944,38771.00532374944,11.6555,11.6555,0.14065358333333336,38771.00532374944,22.0,,,12,122,,,7.8635235272432,5.0301898530794,0.0,27.1552820982786,0.5879624835956359,1.48870668433749,1.8333333333333333,27.1552820982786,7.8635235272432,5.0301898530794,36892.735521154704,1.53822127378431,<2x,26043.414550129102,1.416585964568606,0.0
019edfaf-067d-7855-bebd-a0e30f38b9bf,AByfnzEYM9YCqrWSQsdCNfnRu5PSycd88kVBpK59pump,Worm,Crypto Clipper Worm,https://pump.fun,16304.408998671597,12009.50673776959,11974.486973105253,43.0,34,27587.55848730811,27587.55848730811,6.7706,6.7706,1.7757720833333333,27587.55848730811,43.0,,,34,151,,,18.0048702532531,0.0,0.0,25.0194449747238,0.7344324454864248,1.6920305721940494,1.2647058823529411,25.0194449747238,18.0048702532531,0.0,17283.48257100366,1.4391500790492544,<2x,16304.408998671597,1.0600496204684164,0.0
019ed1a8-093b-7e61-bfa6-d26e71756939,ADA9mtno4BVknoSefbqdh7aMPg4wwxZHKByRpJNTpump,RIZZMAS,Rizzmas,https://pump.fun,523661.78728694125,497208.4148687229,52234.15546193487,69.0,20,21468.663130864,21468.663130864,66.1442,66.1442,0.8583716333333334,21468.663130864,69.0,,,20,42,,,,4.553865e-07,,94.9679465764663,0.09974788447436032,0.040997192562191316,3.45,94.9679465764663,,4.553865e-07,806349.2098823613,1.6217529425668717,<2x,523661.78728694125,1.5398282430727013,0.0
019eddba-4adf-7d58-b225-50749fd8d871,AHGnx8kuzyKKTecwmoxZtVQ9ySVosMo677dgrBcgpump,HOE,Horizon of Eternity,https://pump.fun,300940.0760475561,294214.2392484629,41045.02133195466,62.0,21,967477.0717019811,967477.0717019811,153.4244,153.4244,47.977967516666666,958682.5778762879,62.0,,,21,2356,,,,0.00760960114049996,0.40319514662192274,13.56873151832532,0.1485603280018425,3.541888959427848,2.9523809523809526,13.56873151832532,,0.00760960114049996,363428.31512624305,1.2352505985250057,<2x,300940.0760475561,1.2076434614471627,0.0
019edd1c-7c13-7b88-a6c8-da53cf31be98,AHRLbSdsMYdW6wcwBas5SgUkVq5GKgtz1pkqfLjCpump,luck,lucky launch,https://pump.fun,16136.718734697008,16493.039485673227,12022.040485087588,90.0,71,22089.98177777607,22089.98177777607,7.0791,7.0791,0.8665418833333334,22089.98177777607,90.0,,,71,97,,,29.2180571632949,0.8454010192972,2.8205161042478,27.2267261068884,0.7450114662553992,1.368926492489357,1.267605633802817,27.2267261068884,29.2180571632949,0.8454010192972,16493.039485673227,1.0,<2x,16136.718734697008,1.0220813634317156,0.0
019ed28a-6f49-7a1f-838f-bf9ba6ddf33c,AKTm2hNrwNh1Mt7Sq7jJDuGEBXESxQW45KPS4GHTpump,PIP,Pump Improvement Protocol,https://pump.fun,22851.89914081995,15982.415284625333,14733.107637247182,68.0,48,13889.4905449675,13889.4905449675,8.0153,8.0153,0.18199526666666666,13889.4905449675,68.0,,,48,83,,,41.8068070659017,0.0,0.0176596387645,29.4386226857225,0.644721366327479,0.6078046493806261,1.4166666666666667,29.4386226857225,41.8068070659017,0.0,15982.415284625333,1.0,<2x,22851.89914081995,0.6993911178295121,0.0
019ed468-9627-73fc-ac26-b7a7c9f9c356,ALuE5NpQCLuEBC9PeFcfMgrsq5YB6d9LwirQv7RJpump,SIDNEY,#FreeSidney,2026-06-17T07:05:40.000Z,15149.125312611748,12995.564924797593,11962.278993073274,137.0,119,50135.17814373123,50135.17814373123,5.3291,5.3291,4.4298309499999995,50135.17814373123,137.0,,,119,138,,,5.5584183212517,0.0,0.0,22.6671726485619,0.7896349621660729,3.3094437539567623,1.1512605042016806,22.6671726485619,5.5584183212517,0.0,29844.37293898275,2.2965044699238097,2x-5x,15149.125312611748,1.9700393470332647,0.0
019ed15b-93ae-783d-a28b-f956bf495873,AMeNn9JyarXX3qg7Yimijh6WusF8Gq3ffLaRafPhbonk,XYZ,XYZ coin,raydium.launchlab,99092.6654073125,61001.46484176453,15698.898404799442,94.0,37,124475.2887812334,127150.48832337213,17.3847,15.2309,23.339158033333334,124475.2887812334,94.0,,,37,201,,,4.219269964502269,,0.0,17.295070779055333,0.15842644195986022,1.256150374698144,2.5405405405405403,17.295070779055333,4.219269964502269,,131313.07268005944,2.1526216299998784,2x-5x,99092.6654073125,1.3251543102641101,0.0
019edb9c-fa93-7337-903d-d7e9fe22a5e9,ANSEMXz1hgHdGcnY7cgpDxPy6owAjWwk4wGYUq85dzBd,ansem,ansem,https://pump.fun,17263.18744214426,14492.352970093518,12355.837939206336,71.0,56,16198.0873211232,16198.0873211232,8.219,8.219,0.29718905,16198.0873211232,71.0,,,56,125,,,33.5626487069046,0.0,3.4199203120618,28.2174488943176,0.7157332897308574,0.9383022327371101,1.2678571428571428,28.2174488943176,33.5626487069046,0.0,14492.352970093518,1.0,<2x,17263.18744214426,0.8394946193258401,0.0
019edc34-f5f9-7376-8a07-87e4220ed1d1,ATA7qqjkSPDwAempd5MyEJoCnxRKvmyTgGC8fxkkpump,くまきち,Kumakichi,pump.fun,15093.5794919549,12043.021463490932,11562.487395627657,97.0,77,20221.2228332618,20221.2228332618,6.3572,6.3572,1.9059528499999998,20221.2228332618,97.0,,,77,94,,,19.266118482766,0.0,0.0,25.0580764688042,0.7660533673798606,1.3397234793800905,1.2597402597402598,25.0580764688042,19.266118482766,0.0,74337.69267042872,6.1726779193898675,5x-10x,15093.5794919549,4.9251201618576825,1.0
019edf2b-2fe9-7a9d-b20f-e291c809732f,AUcHUfXcz9hWLcaRahA6MWWGNPJ1dXw9rAqJHTr5pump,QWANT,Le Qwant,https://pump.fun,14226.794584346135,12322.392593994555,11181.581531105337,70.0,43,32545.91405709108,32545.91405709108,6.0198,6.0198,0.2500856833333333,32545.91405709108,70.0,,,43,124,,,36.5941751466358,0.0,0.0,29.2905597948022,0.7859522722995191,2.287649116189646,1.627906976744186,29.2905597948022,36.5941751466358,0.0,46435.93513767186,3.768418737145487,2x-5x,14226.794584346135,3.26397733954532,1.0
019ed95e-d152-769a-9ea5-b2bfeeacbfe0,AW6RZek3j6UzNrHKbkw2zfPnaHg4ywtPyWukLj6Gpump,Grumpy,Grumpy Cat,https://pump.fun,15236.538303081794,14012.35521404525,11800.737419109084,67.0,52,22937.44390136485,22937.44390136485,4.9227,4.9227,0.9572381833333333,22937.44390136485,67.0,,,52,118,,,16.4271883985629,2.1695592299061,0.0052871351114,24.3030336504202,0.7745025270420005,1.5054235709646362,1.2884615384615385,24.3030336504202,16.4271883985629,2.1695592299061,17268.89330068815,1.2324047625754389,<2x,15236.538303081794,1.1333869253749904,0.0
019edd06-566e-798f-b5e3-02c53c3d1bc6,AWvgKkGymGqupAxS7uufhzTis9XEoLMgBZhctimxpump,VOYAGER,The Sprite Voyager,pump.fun,15652.85614445088,12832.712013558414,11819.12255632374,34.0,25,48453.57979815664,48453.57979815664,4.0484,4.0484,0.24921788333333333,48453.57979815664,34.0,,,25,110,,,29.8966841983658,0.0,0.0,24.2265797082945,0.7550776961886126,3.0955104519588907,1.36,24.2265797082945,29.8966841983658,0.0,36382.585203966664,2.8351439014236903,2x-5x,15652.85614445088,2.3243416324927204,1.0
019ed723-8a2b-7c60-9232-a544581c2043,AXGXsUwJjZb3rZ9ks2qAxf5cN85kec3dAYRNBHbtpump,WATER,trade this and make water,https://pump.fun,15039.935389354876,13338.014418745326,11779.360662628847,36.0,32,31724.5365227335,31724.5365227335,4.0587,4.0587,1.1357016500000001,31724.5365227335,36.0,,,32,145,,,26.6086298098143,0.9946777046884,0.0,18.1816775993249,0.7832055363061046,2.1093532453063477,1.125,18.1816775993249,26.6086298098143,0.9946777046884,13338.014418745326,1.0,<2x,15039.935389354876,0.8868398748697981,0.0
019ed4d2-4405-7898-a8f6-9ba2c1f5cc1c,Aa9AjzPJx7VdDuHXj3yKJxtcSWJsRJhNk1a6fv5TBAGS,BAGWORK,BAGWORK,https://bags.fm,117310.3154044327,165018.060995023,4595.607057421745,52.0,24,21513.8705988132,21513.8705988132,0.4092,0.4092,0.2962607333333333,21513.8705988132,52.0,,,24,75,,,,1.8191274133e-06,,1.3601899793786076,0.03917479073837777,0.18339282887990832,2.1666666666666665,1.3601899793786076,,1.8191274133e-06,165018.060995023,1.0,<2x,117310.3154044327,1.4066798851074236,0.0
019edf55-abab-7bd4-8f00-54f66b729767,AbSKMeQ3RAUKxjDij4SvLhCdv3AnoQgZ2jHQWo5ypump,SKY,Skytopia,2026-06-19T10:01:17.000Z,15445.620639239889,12856.816283056436,11653.059267295908,78.0,58,53052.449333853,53052.449333853,3.4131,3.4131,8.167359633333334,53052.449333853,78.0,,,58,261,,,7.3477237292114435,0.8707763094271,0.0,18.497853252289403,0.754457172001952,3.4347890947853696,1.3448275862068966,18.497853252289403,7.3477237292114435,0.8707763094271,15701.15531891631,1.2212319887940168,<2x,15445.620639239889,1.016544150969708,0.0
019eda2c-61b1-705d-beef-78c56c477a44,AdAPS4FvJb3NHCnrwJLc51QsaTx5PVZTo3QhTem3pump,Megashiba,Megashiba,https://pump.fun,16676.259686619447,14549.433482329157,12417.47061634594,36.0,25,31524.86134098585,31524.86134098585,6.7103,6.7103,0.4521832333333334,31524.86134098585,36.0,,,25,155,,,3.0624174607425,0.0,0.0,23.9348677050657,0.744619647912377,1.8904035996921118,1.44,23.9348677050657,3.0624174607425,0.0,26982.74940307337,1.8545567039324897,<2x,16676.259686619447,1.6180336544365252,0.0
019ed195-f835-7de7-b03f-e6186077f532,Ado8pBCmHfgt27Q9MZE9zSELUDraDhdSQx4zEdPjZpQB,SDS,Solana Derangement Syndrome,pump,17670.593933325494,12906.635570601155,12940.616619061491,46.0,26,36040.53873849538,36040.53873849538,5.4691,5.4691,2.623524983333333,36040.53873849538,46.0,,,26,103,,,47.9559524301019,1.3e-12,8.5506100446386,33.8330570812203,0.7323249387026206,2.039577100491538,1.7692307692307692,33.8330570812203,47.9559524301019,1.3e-12,12906.635570601155,1.0,<2x,17670.593933325494,0.7304019106149087,0.0
019ed4e3-01eb-7b6a-ac59-4c8d68457289,AfmhVXwgcmDxntzQVHoLoXsfEeKiwRw9SPM5gaEipump,Pepe,Пепе,https://rapidlaunch.io,13926.20078902637,13729.832591664619,11392.430854121862,52.0,36,29971.38910227834,29971.38910227834,6.2737,6.2737,0.6049936166666666,29971.38910227834,52.0,,,36,114,,,0.5214846082597,0.0,0.0,19.0424071832685,0.8180573457693443,2.152158334949136,1.4444444444444444,19.0424071832685,0.5214846082597,0.0,18911.785198031248,1.3774228543407436,<2x,13926.20078902637,1.358000325037209,0.0
019ecb19-3a67-7ad0-b9f2-47d38c3ba02e,Ago3xFUD36gvQUYkxx1zjRWtTbfhy23cR79SPFPzpump,Minimi,Minimi The Squirrel,https://pump.fun,17291.038578507378,72767.06949799748,10107.267769045993,,0,8687.056638961,583447.380156006,0.2785,6.5523,1107.3325814666666,8687.056638961,73.0,,,23,356,,,6.8298657304020605,0.0,0.0,27.317768801948304,0.5845379225287974,0.5024022472403099,3.1739130434782608,27.317768801948304,6.8298657304020605,0.0,79447.65333163655,5.790915251983697,5x-10x,17291.038578507378,4.59472997940039,1.0
019ed812-1733-7812-8f26-afda748e1c6c,AhVk15JiZtUuWEsGpSBhm2nyPWuNjn3o6NtqVDqsBAGS,STONKS,Stonks,pump.fun,834306.139294506,940963.5936110498,12145.90210606293,50.0,28,31005.60520682854,45423.26123646763,7.0583,14.3845,0.41709033333333334,31005.60520682854,50.0,,,28,65,,,,2.9532190369e-06,,2.1482826689844186,0.01455808789365205,0.03716334298228592,1.7857142857142858,2.1482826689844186,,2.9532190369e-06,2865531.722309405,3.04531625002899,2x-5x,834306.139294506,3.434628594166303,1.0
019ed7a7-4b14-7036-a12a-8b0fe007b877,Ak2LkrMS1LgrrE7B2p5eUT2Pz2ph65wErP5SfhmKd9P5,BMC,boomercoin,https://pump.fun,18775.14468920478,13167.096413502873,13139.899803702281,89.0,122,13569.92984200128,13569.92984200128,6.8648,6.8648,0.20024716666666667,13569.92984200128,89.0,,,122,40,,,58.9463046971806,0.0,0.0,31.8618460879168,0.6998561140920199,0.7227603337620955,0.7295081967213115,31.8618460879168,58.9463046971806,0.0,62920.98814355368,4.778653255628031,2x-5x,18775.14468920478,3.351291784170996,1.0
019edcc9-1bfa-7b86-a9cb-9d098fd0a370,AnZYRKWeKPbnmDtQL2wNXrjjpP2xA98HAMdDksAhBAGS,FENN,Fenn Begs,pump.fun,875636.7023550174,972413.4066275455,12188.972788525401,93.0,41,26530.01010528696,26530.01010528696,8.7749,8.7749,0.5903619166666666,26530.01010528696,93.0,,,41,95,,,,0.7832533746000785,,2.8672839349829227,0.013920125499243308,0.03029796493675371,2.268292682926829,2.8672839349829227,,0.7832533746000785,972413.4066275455,1.0,<2x,875636.7023550174,1.1105215256649794,0.0
019ee06f-3ba4-72db-923d-d8a43acfae71,AtPqyV5QRWQRpDsh1YJ2pB3dP1QKCMUcdZ13zFeFpump,OpiumChicken,Opium Chicken,pump.fun,15404.116592797285,12143.890216417587,11702.215170492736,22.0,14,63420.9995350204,63420.9995350204,6.5285,6.5285,0.34335505000000005,63420.9995350204,22.0,,,14,166,,,3.1345172665589773,0.0,0.0,24.38816390316452,0.7596810307164581,4.117146163686857,1.5714285714285714,24.38816390316452,3.1345172665589773,0.0,24451.495700875195,2.013481286895915,2x-5x,15404.116592797285,1.5873351485997138,0.0
019edac4-66fb-72fd-b284-cc1bb7196922,AtevSt5DFkLan3RdZQWnGVGB94P8esp4sYrMEwS8pump,PLAY,SOLPLAY,https://pump.fun,24407.123623089028,18385.225959635787,14970.328267571782,20.0,10,6847.39766786592,6847.39766786592,10.8516,10.8516,0.3926054166666667,6847.39766786592,20.0,,,10,81,,,,0.0,3.4199203154141,28.8420577778946,0.6133589725177578,0.28054914514335944,2.0,28.8420577778946,,0.0,137471.75764533077,7.47729497299331,5x-10x,24407.123623089028,5.632444026107325,1.0
019ed8e2-8f16-787c-bc88-24bd23f3490d,Ay8nkpct7adFmxj32ezcCGSg16XUeRY6ivSt1JJ4pump,Thing,Thing,2026-06-18T03:55:26.000Z,34097.14068699764,12860.474691915766,13164.00083662416,135.0,86,89132.30049290723,89132.30049290723,13.8803,13.8803,2.522725633333333,89132.30049290723,135.0,,,86,327,,,13.2891013782894,1.1691093948187,0.0,20.6951242228834,0.38607345282896477,2.614069646223922,1.569767441860465,20.6951242228834,13.2891013782894,1.1691093948187,46615.70275315845,3.6247264482750072,2x-5x,34097.14068699764,1.3671440424016126,0.0
019ed21c-9dda-7c86-a11a-e0292258c97d,Az1sNBBe6H97oNVi4zXDosgFHN8hWnCf1QsDDJDjpump,JOE,EmotiGuy,https://pump.fun,333420.64359185286,293489.3549812442,42485.78965937266,110.0,20,108243.15088832172,211925.89465548427,3.2556,153.1964,1.0388517666666666,108243.15088832172,110.0,,,20,355,,,,0.07259596019458577,1.0099058765812,13.104169128215876,0.12742399271288193,0.3246444183006989,5.5,13.104169128215876,,0.07259596019458577,588658.3374162086,2.0057229586873007,2x-5x,333420.64359185286,1.7655125701718621,0.0
019ed43b-9363-70cc-b8c3-851a0c7eb5cf,B3o6jw34AfFwtEdjeMw6pFZjgZAniH11sqKrVM6Fpump,TAKE,Take P,https://pump.fun,15294.058695990609,14014.75749711983,12049.035834520726,54.0,37,24346.90769328192,24346.90769328192,6.3386,6.3386,2.014789866666667,24346.90769328192,54.0,,,37,117,,,11.9488556352631,9.3919063511736,5.049411759894,26.0671071221326,0.7878246104599705,1.5919193313717663,1.4594594594594594,26.0671071221326,11.9488556352631,9.3919063511736,16933.079609643275,1.2082320805852822,<2x,15294.058695990609,1.1071671651216,0.0
019ed657-4cba-75d9-bc95-157d924e3d33,BAJtBf226aoDN5wDgJByxyspfUrxdDtqvnbSNBRupump,SPRITE,design a sprite,https://pump.fun,24525.103936337717,24525.103936337717,15268.411392520651,23.0,10,38641.51760931864,38641.51760931864,9.3425,9.3425,0.3109379166666667,38641.51760931864,23.0,,,10,106,,,6.8517186126471,0.0,0.0,25.5801023621899,0.6225625559897485,1.575590370977604,2.3,25.5801023621899,6.8517186126471,0.0,24749.153096139205,1.0091355029680231,<2x,24525.103936337717,1.0091355029680231,0.0
019ed56b-6368-71e4-abf6-6583e957833f,BBigotCNXbM14JqKjgbnRiKU6BLfgFv7FNPqEDHKpump,1ELON,1ELON,2026-06-17T11:46:24.000Z,14493.308637439157,14493.308637439159,11601.606692237203,60.0,45,42926.38596752821,42926.38596752821,-0.0537,-0.0537,0.22441716666666667,42926.38596752821,60.0,,,45,116,,,2.7370346692403,0.0,0.0,18.5715875421365,0.8004802065877421,2.9618072064401253,1.3333333333333333,18.5715875421365,2.7370346692403,0.0,14493.308637439159,1.0,<2x,14493.308637439157,1.0000000000000002,0.0
019eda1f-2833-79ee-8c93-dd28045ebd21,BCmGa9zRiPuQHZs6vj6KFXzJdcAPn4W7aJNjTQX1pump,LID,Russian Lid Memes,2026-06-18T09:40:54.000Z,14278.98648074055,13559.680912102229,11496.920698835496,39.0,26,36593.8925039506,36593.8925039506,5.2697,5.2697,1.5880773499999998,36593.8925039506,39.0,,,26,151,,,16.837965935249553,2.794004969508093,0.0,17.862163628623165,0.805163637793376,2.5627794068793555,1.5,17.862163628623165,16.837965935249553,2.794004969508093,17884.436803591478,1.3189423054660037,<2x,14278.98648074055,1.2525004367581654,0.0
019ed18d-45a6-7c82-a9c8-c90100dc5830,BJDChs7Cvh1wgcgRN9Bh4jB6shMaa2zTDM8izndopump,FRANTZVE,Frantzvefication,pump.fun,17149.942522667236,13929.433368055747,12722.539532305065,56.0,38,13705.3416657045,13705.3416657045,6.5492,6.5492,0.3424968666666667,13705.3416657045,56.0,,,38,55,,,41.6228548837339,0.0,0.0,28.6922853362106,0.7418415260278318,0.7991479649328285,1.4736842105263157,28.6922853362106,41.6228548837339,0.0,13929.433368055747,1.0,<2x,17149.942522667236,0.8122145802905804,0.0
019edc74-b1a0-7595-8438-5380a5ae3e86,BNaf755XNgUvoXPVeSYrSdkS1ATpQyAgSGDvnUAHpump,claudine,claudine,https://pump.fun,17226.748660816946,15671.37422653362,12440.177293934412,35.0,25,20677.3542558709,20677.3542558709,7.5018,7.5018,0.2894375666666667,20677.3542558709,35.0,,,25,126,,,36.5649484672216,3.796326676313,4.0,23.157884523463,0.7221430775402315,1.200305098947808,1.4,23.157884523463,36.5649484672216,3.796326676313,79347.57804371255,5.063217615553271,5x-10x,17226.748660816946,4.6060681331116395,1.0
019ed779-d5a2-71fd-bb1a-c9ca9409ac13,BPQw227L44JsgfPPVnHTEAoebvYsfN5PVxQpZVyK5aoA,Livaković,Dominik Livaković,pump_v2,14488.636203274064,13129.705490871422,11582.423758281551,52.0,31,13763.52680748672,13763.52680748672,5.1878,5.1878,0.1503850833333333,13763.52680748672,52.0,,,31,102,,,18.4738315186144,,1e-13,22.0674857326231,0.7994143545176611,0.9499532333054586,1.6774193548387097,22.0674857326231,18.4738315186144,,13129.705490871422,1.0,<2x,14488.636203274064,0.9062071341058616,0.0
019ed1c8-25c5-708f-a722-7609405cdc84,BVQ4ni3izbRVjuneG16tkc4mCTqHpQJZRQ5Wm7aPpump,PEPE,Nietzschean Pepe,pump,22172.34634107892,19175.880383809435,14538.030302599902,94.0,72,38994.26544847952,38994.26544847952,8.9224,8.9224,1.3999606166666667,38994.26544847952,94.0,,,72,139,,,39.51477311213832,0.0,0.0,20.77293908680775,0.6556829881222428,1.7586891729286436,1.3055555555555556,20.77293908680775,39.51477311213832,0.0,19175.880383809435,1.0,<2x,22172.34634107892,0.8648557121030578,0.0
019ed4a1-a3ca-7950-b554-57bba82be2a2,BW7dRJs7Cz1ga86cq2dxav9pMuX9VPVoya4RQbaRBAGS,$22M,22M DOLLARS IN 3 FUCKING HOURS,pump.fun,396984.6363742769,355140.142173846,8453.084777875272,55.0,24,23504.36387222352,23504.36387222352,5.2902,5.2902,0.3052527,23504.36387222352,55.0,,,24,95,,,,0.4963648307092579,,1.6422704123870575,0.021293229015305542,0.059207238060627665,2.2916666666666665,1.6422704123870575,,0.4963648307092579,355140.142173846,1.0,<2x,396984.6363742769,0.8945941722515933,0.0
019edb7f-3fc4-7544-94f6-0352ee4acb87,BWPA8hVRxr37FYW6vzkRW2Q2n9VZZNYxPvC9v4t4pump,Jorge,RIP Jorge Messi,https://pump.fun,16201.65043071118,15756.38572753087,11972.368977588543,58.0,45,30707.49074071154,30707.49074071154,7.0886,7.0886,0.13751375000000002,30707.49074071154,58.0,,,45,118,,,24.8870384856625,2e-13,0.0,27.2789701946867,0.7389598379986161,1.89533102643072,1.288888888888889,27.2789701946867,24.8870384856625,2e-13,15756.38572753087,1.0,<2x,16201.65043071118,0.9725173243871325,0.0
019edabc-555f-7a44-8fc4-59715ca91015,BaRmbJUCrKt7m7FLN7Gwgd2TDCtoQmo1iG14ZzCApump,Amore,Joby's Dog,https://pump.fun,15254.574520527289,15817.635667003296,11830.835415702562,22.0,20,14268.80820172125,14268.80820172125,6.3191,6.3191,0.8139386333333333,14268.80820172125,22.0,,,20,89,,,2.8709704106735,,0.0,28.2897697297202,0.7755598427070136,0.9353789699293451,1.1,28.2897697297202,2.8709704106735,,54750.25395603542,3.4613424603177774,2x-5x,15254.574520527289,3.5891039689347513,1.0
019ececb-73f5-7643-bae5-f89dac402066,BaYJ9uTr7h7qfWhHSNffW41ZQnSbmidFwny9ETYfpump,DJBOOM,SpaceX Seal,https://pump.fun,69779.31054701892,59420.684630605065,20296.41495501894,173.0,59,318264.2965464761,655410.3648434866,0.8032,32.2963,74.23753026666667,318264.2965464761,173.0,,,59,894,,,2.0968435030754753,0.0,0.0,15.342153900010791,0.29086579956021125,4.561012340929081,2.9322033898305087,15.342153900010791,2.0968435030754753,0.0,76852.83402201321,5.582231190533257,5x-10x,69779.31054701892,1.1013699249755124,0.0
019ed55f-ea83-7584-a342-e7baf8406479,Bdzme2Jm8XdsAmQXhkgkqy8XNuEigogRct34mypoBAGS,ELON,Speedrun to an Elon,https://bags.fm,631989.1077282841,491858.3571579949,10596.584822136421,96.0,33,35156.6362077172,35156.6362077172,10.0959,10.0959,0.19111651666666668,35156.6362077172,96.0,,,33,124,,,,0.4896203822607541,,1.3493483200025689,0.01676703710958938,0.0556285476724266,2.909090909090909,1.3493483200025689,,0.4896203822607541,496943.6187108278,1.0103388739437427,<2x,631989.1077282841,0.7863167460229118,0.0
019edb88-04b7-7418-b500-2dcf63fe76a0,BeSgv6xHNqDdZNRVo7zzXGApHCVNuNW7GqJ9FJqkpump,NARUTO,Naruto TCG,https://pump.fun,17006.749415192433,12407.003635643576,12262.843757527231,100.0,72,31915.47057460944,31915.47057460944,7.5756,7.5756,3.7149917,31915.47057460944,100.0,,,72,128,,,19.2425593046082,0.7497129230918,3.4199203154141,25.8360214163542,0.7210574730155437,1.8766355518885214,1.3888888888888888,25.8360214163542,19.2425593046082,0.7497129230918,24977.974165056097,2.013215672259327,2x-5x,17006.749415192433,1.4687094844087505,0.0
019ed44b-1c50-73b7-8e20-dbf8ef10ded8,BeX7eutrnKL1Ar4ekTpzbCAE8WHETGQxmXeGNRE2BAGS,POOP,POOPCOIN,pump.fun,325534.8864576872,255791.75516981125,7653.940554530909,44.0,20,27555.81363559008,27555.81363559008,3.7026,3.7026,0.41754996666666666,27555.81363559008,44.0,,,20,124,,,,1e-16,,1.3512583314495366,0.023511890347045074,0.08464780514137543,2.2,1.3512583314495366,,1e-16,614563.9108815027,2.402594682825156,2x-5x,325534.8864576872,1.887858833100468,0.0
019ed2c1-e519-72b9-b8d8-f160e64ae3b1,BfChhbvFEvjHUXZGC58coM3WnV9JtG1nBCHQ2oY3pump,Yore Coproces,YORO,https://pump.fun,19151.252625816178,17789.493721655344,13468.212026514508,20.0,16,29616.23609508648,29616.23609508648,7.7931,7.7931,0.13393895,29616.23609508648,20.0,,,16,77,,,32.9178407382099,0.8737746804601,3.4199203120618,25.4488197010525,0.7032548883178092,1.5464385893569879,1.25,25.4488197010525,32.9178407382099,0.8737746804601,17789.493721655344,1.0,<2x,19151.252625816178,0.9288945255557246,0.0
019edd6e-2487-713e-9797-582da2a4d186,Bh4to2KQyUuZWmn4h7FpTUVQJ3Lc2vhACMaTzbbGpump,TRUNP,Trunp,https://pump.fun,21785.62109147602,20850.08049550718,13996.804086550854,24.0,17,25047.34386051634,25047.34386051634,9.8013,9.8013,1.7521107666666667,25047.34386051634,24.0,,,17,178,,,8.4411081322296,1.5044083062004,0.0,25.7872809270166,0.642479001529469,1.1497190626489195,1.411764705882353,25.7872809270166,8.4411081322296,1.5044083062004,54609.863205803296,2.619167979594647,2x-5x,21785.62109147602,2.506692968564036,1.0
019ed958-31c3-7b3c-95f7-5648388bcbc8,Bh77MrPYg8RRQPZ8kxRUyCCa5VrQzFzqLzdFtBgwpump,Helium,Only Goes Up,https://pump.fun,16188.032237477477,13911.462435687428,12170.267710990147,22.0,14,24734.82323743249,24734.82323743249,6.996,6.996,0.2508120833333333,24734.82323743249,22.0,,,14,129,,,3.8347492378429,0.0,1.5811942346006,27.7769658070261,0.7518064908972899,1.5279697294009609,1.5714285714285714,27.7769658070261,3.8347492378429,0.0,23357.82415714116,1.6790344124583725,<2x,16188.032237477477,1.4429069459760926,0.0
019ee092-6773-7b5f-a424-dc4f247e5076,Bk1ZX9zPw74gUGieWqEsXjwKwxNbKB1Z9V3tGa2upump,CAT,CatCoin,pump.fun,16672.61150969675,14571.046614665078,17525.153083003683,35.0,21,10967.963657131253,10967.963657131253,3.1064,3.1064,0.2284256,10967.963657131253,35.0,,,21,42,,,39.7566283468018,0.0,0.0,22.3715561535695,1.051134255291146,0.6578431729637743,1.6666666666666667,22.3715561535695,39.7566283468018,0.0,20563.376558185515,1.411249109414655,<2x,16672.61150969675,1.233362664644702,0.0
019ee060-3338-750c-b176-9fc6157d9d66,BmNASdTTgXc1AhvMqFiPBKp3kwrPeHchn7LbbWeSpump,COLLECTABLE,Collectable Coin,https://pump.fun,25839.05089644711,14780.048949713399,15181.034523755012,73.0,55,20902.36690204818,20902.36690204818,11.0982,11.0982,0.4663384,20902.36690204818,73.0,,,55,179,,,27.9705633651666,0.7300910498091,0.0,21.110508108168,0.5875229157833509,0.8089448403432756,1.3272727272727274,21.110508108168,27.9705633651666,0.7300910498091,78956.59134193244,5.3421062143006965,5x-10x,25839.05089644711,3.0557078763596937,1.0
019ede6a-7f1c-7022-ab35-2713194f8cc5,BnUyJZQHPXBazxZYBPJzhGfDA94mv1oeNJ8rxFhtpump,PILLY,Pump Sprite,https://pump.fun,15263.603253157029,12048.783234286837,11596.062810645348,134.0,97,34365.23275554138,34365.23275554138,6.4803,6.4803,1.72601465,34365.23275554138,134.0,,,97,190,,,9.9284611238566,0.0,0.0,23.9455966880329,0.7597198786103727,2.2514495552309044,1.3814432989690721,23.9455966880329,9.9284611238566,0.0,23636.703812803,1.9617502741306514,<2x,15263.603253157029,1.5485664440284852,0.0
019ed830-2021-7bb8-bfea-3dafca64ce9d,BndTSuJSqfKQ5kchNBKUxBibYWtmDWkNmE4ET22Upump,OATF,Official American Trust Fund,https://pump.fun,28743.628052227577,26982.41316541133,16356.912740474829,21.0,15,6414.37770087477,6414.37770087477,3.8332,3.8332,0.10189291666666667,6414.37770087477,21.0,,,15,50,,,6.2499636398393,,0.0,22.8490716935812,0.5690622182681354,0.22315824882021698,1.4,22.8490716935812,6.2499636398393,,34711.453309574215,1.2864473276271196,<2x,28743.628052227577,1.207622546691149,0.0
019ed6e7-74b2-7276-ba53-ee3520da49cf,BnfJQKjttnbayTv3YHFuP8Qz2FptdEnV1baUVH9qBAGS,INFINITE,Infinite Machine,https://bags.fm,282255.40418358525,306179.3718475713,7224.831130436004,77.0,28,30520.53137681496,30520.53137681496,2.5672,2.5672,0.38887931666666664,30520.53137681496,77.0,,,28,108,,,,1.0712673744479502,,1.7587622838505623,0.025596785830668496,0.10813090174515745,2.75,1.7587622838505623,,1.0712673744479502,306179.3718475713,1.0,<2x,282255.40418358525,1.0847599986019234,0.0
019ed767-d952-7e63-87be-f2f5e86df472,BoEo2Jh85ZduGxMx36ZzxiSnNjwLJSqqnPWE1WKEpump,CS,chicken shrimp,pump.fun,16882.194112578636,12807.992453907433,12510.602648331984,93.0,71,28125.9987322764,28125.9987322764,6.1064,6.1064,0.9222168666666666,28125.9987322764,93.0,,,71,152,,,21.771769145265,0.0,0.0,23.9043722273207,0.7410531217035673,1.666015598726009,1.3098591549295775,23.9043722273207,21.771769145265,0.0,115324.28447185205,9.004087477945788,5x-10x,16882.194112578636,6.831119444712811,1.0
019edf99-094f-7054-8738-bbd30df5a6e8,BohiYrLdvMgsqtzHz9azWPT3xa8fK8FmRtF3Tt5Fpump,PLEDRA,Pledra Protocol,https://pump.fun,15226.939029915244,12562.024315622062,11559.257242850106,24.0,21,14107.72336866355,14107.72336866355,6.7367,6.7367,0.7517131666666667,14107.72336866355,24.0,,,21,127,,,6.7726330204667,0.0,1e-13,26.8843155206022,0.7591320369865858,0.9264976592437355,1.1428571428571428,26.8843155206022,6.7726330204667,0.0,83117.30869884005,6.616553718613315,5x-10x,15226.939029915244,5.458569745077826,1.0
019ed486-0c76-73a3-9df4-6b2a8507f8f5,Bpvk1h5qvSzi2tmfzNT5E8GSNp21znmTuAc4kjUkpump,Prince,Le Petit Prince,2026-06-17T07:34:40.000Z,19805.481579917247,15314.471334514135,13659.037462820568,72.0,45,25325.98034790238,25325.98034790238,8.3702,8.3702,0.38658195,25325.98034790238,72.0,,,45,108,,,23.6981291330576,0.0,0.0,22.6242617452567,0.6896594464368303,1.2787359017607993,1.6,22.6242617452567,23.6981291330576,0.0,15314.471334514135,1.0,<2x,19805.481579917247,0.7732440775407857,0.0
019ee0af-c8b6-7bc0-8aa9-cadf5ec19e20,BqnRhTShq1NMEZdbaMWbE4NemKuSpQ3cRw8Eg9ckNuCy,Tranp,ドナルド トランプ,pump,21033.99214341184,13968.415928346672,13710.786488564761,92.0,64,24034.36633503339,24034.36633503339,7.1505,7.1505,0.27212036666666667,24034.36633503339,92.0,,,64,106,,,44.5173787647512,0.0,0.0,24.6282144450763,0.6518394794047303,1.14264406733466,1.4375,24.6282144450763,44.5173787647512,0.0,13968.415928346672,1.0,<2x,21033.99214341184,0.6640877220600174,0.0
019edc56-9779-74f8-9481-abce7a49ce01,Brb2MMdagu9eANtjgyNimqzZmnEmJVm7ivrD1wkupump,clitcoin,clitcoin,2026-06-18T19:59:36.000Z,15352.997791755904,12151.320892606733,16817.373287632687,53.0,36,22031.091940591297,22031.091940591297,2.2963,2.2963,0.41906071666666667,22031.091940591297,53.0,,,36,77,,,0.6048909434717,1.6441480151634,0.0,20.269718651696,1.0953804277014296,1.4349700455517116,1.4722222222222223,20.269718651696,0.6048909434717,1.6441480151634,20510.47467974341,1.6879214087929044,<2x,15352.997791755904,1.335926374636549,0.0
019ed817-eb0e-757b-a27a-a0ae6d94f536,Bt3XP4gAZJcfNSBbseNbypEAu6JkGHvkZ3dJW1gspump,NARC,NoelClaw Arcade,https://pump.fun,15415.061903561607,12759.805397502221,11973.524475418268,36.0,25,32513.99317269184,32513.99317269184,5.5542,5.5542,0.3916282333333333,32513.99317269184,36.0,,,25,123,,,0.7566581491199,0.0,0.0,25.0430020164313,0.776741900248342,2.1092353294526553,1.44,25.0430020164313,0.7566581491199,0.0,28178.790865537954,2.2084028703959744,2x-5x,15415.061903561607,1.8280037434703602,0.0
019edb78-0225-790a-8c4a-c8be4cf62392,BtSDBUYiCnnnC4sN52b1Xiti4ZWsthHVtTCyfYnvzGjE,COLLECTR,collectr.fun,2026-06-11T10:20:19.000Z,45764.43063005033,54422.548812854366,18633.336749986534,53.0,26,13745.020279881426,13745.020279881426,0.3927,0.3927,0.3112231833333333,13745.020279881426,53.0,,,26,85,,,,,7.2523141734937,62.5999897933687,0.407157622054,0.3003428665155516,2.0384615384615383,62.5999897933687,,,63868.24290404867,1.1735621410102584,<2x,45764.43063005033,1.3955869662259235,0.0
019edd88-982d-7605-b62a-b944c044f8a3,BtcsR6NbtRPoKNNKpS1ZPkk3sYASC83fgmtQJDvdpump,gary,Gary VI,pump.fun,15560.840494698265,13546.663609667768,11809.032283908633,84.0,62,12741.62985707924,12741.62985707924,6.096,6.096,0.10816405,12741.62985707924,84.0,,,62,62,,,58.4883096696204,0.0,0.0,36.4272791441782,0.7588942440436999,0.818826583398271,1.3548387096774193,36.4272791441782,58.4883096696204,0.0,13546.663609667768,1.0,<2x,15560.840494698265,0.8705611765818982,0.0
019ed2db-9165-70ed-9675-6f4a9244654c,BtrBwRSAgXELXP27Y7AkKgZjJdAsCbYyVAMJjdmppump,MACROHARD,MACROHARD,2026-06-16T23:49:50.000Z,15176.930935398745,12914.146181476177,11981.4233394954,54.0,34,23381.3447130641,23381.3447130641,5.3449,5.3449,0.41759501666666665,23381.3447130641,54.0,,,34,51,,,29.7253279530212,0.0,0.0,32.3405095257071,0.789449684557098,1.5405845103063192,1.588235294117647,32.3405095257071,29.7253279530212,0.0,12914.146181476177,1.0,<2x,15176.930935398745,0.8509063022323679,0.0
019ed4c8-c2dd-7791-b538-b7db77a7e1df,BtxrZt4dCraySXzxmQpBY5cJtYvXx36MxdhpcC3U78Du,NOETIC,The Noetic Order,2026-06-17T08:47:34.000Z,14666.192136384296,14088.77060738871,11688.598591030815,54.0,44,45018.04377060484,45018.04377060484,5.1055,5.1055,0.38777674999999995,45018.04377060484,54.0,,,44,148,,,10.2522954472564,0.0,0.0,24.0602321071822,0.7969756895543061,3.0695113872756945,1.2272727272727273,24.0602321071822,10.2522954472564,0.0,14118.361098028947,1.0021002890503958,<2x,14666.192136384296,0.9626466752064242,0.0
019edf7d-6b18-7ab7-bafb-4a0399d664b3,BwLS1TLvwb771PyNuyktWyxUDdxpziZ5oGYKgQfNpump,QUACKSSANT,Quackssant,2026-06-19T10:36:09.000Z,14833.14083192242,12098.057458803778,11402.939491695728,20.0,15,45517.99014385865,45517.99014385865,4.2166,4.2166,0.11529133333333334,45517.99014385865,20.0,,,15,202,,,11.6203685893381,0.1138795206461,0.5669160829934,21.1253932497766,0.7687474703371958,3.0686683730460738,1.3333333333333333,21.1253932497766,11.6203685893381,0.1138795206461,15838.410542760945,1.30916972387458,<2x,14833.14083192242,1.0677718712597324,0.0
019ee0b7-44de-7694-88e6-39f7811dddb2,BwPLx7YTvskeVPnZDjy6EdFJvHmNCPky2FV8xcWnpump,grASS,Touch grASS,pump.fun,18879.63229315656,12705.95690953577,12989.676453024613,159.0,110,35777.64412317984,35777.64412317984,7.5976,7.5976,0.4291801666666667,35777.64412317984,159.0,,,110,213,,,23.3571005517002,0.0,0.0,21.4710578702338,0.688025923986511,1.895039244813493,1.4454545454545455,21.4710578702338,23.3571005517002,0.0,19205.39843300255,1.5115271183226644,<2x,18879.63229315656,1.0172548985482133,0.0
019ed219-9f4f-7079-ac3a-af25981486b1,BxfMvw4uQKbAoepzyV1kC8JxQqw3zWfEmYx83HEfpump,says,when she says,pump.fun,13430.687092452657,13246.86869104128,11312.426970199967,37.0,31,25438.0802070285,25438.0802070285,6.3643,6.3643,0.5342858166666667,25438.0802070285,37.0,,,31,135,,,6.5995155728237,0.0,0.0,15.5371501239571,0.8422820733093364,1.8940267189549347,1.1935483870967742,15.5371501239571,6.5995155728237,0.0,13246.86869104128,1.0,<2x,13430.687092452657,0.9863135519317792,0.0
019ed663-2bef-7494-b315-74a2dc9464e6,ByYAq5QmKLkrj7BrHVAZRncLRDiFX3WHNBs3Fug2pump,Tagoh,Tagoh,https://pump.fun,21768.01731161144,14326.941914585346,14393.006646633206,65.0,37,31110.366763802,31110.366763802,6.843,6.843,0.13879645000000002,31110.366763802,65.0,,,37,117,,,53.2590440622079,0.3540500953614,0.0,23.3301136828999,0.6611997059996698,1.429177784933458,1.7567567567567568,23.3301136828999,53.2590440622079,0.3540500953614,14326.941914585346,1.0,<2x,21768.01731161144,0.6581647611490601,0.0
019ed96d-7572-7826-a920-fd3b974ca7fe,Byhn38dY4bXyEVJFzidPZ6W9Ey6qtgVW3mGbTaepump,Jirachi,Wish Upon a Jirachi,2026-06-18T06:30:41.000Z,18973.55829704218,16713.552114643662,13177.690665745129,103.0,70,22768.0757504181,22768.0757504181,8.2286,8.2286,0.2874860166666667,22768.0757504181,103.0,,,70,102,,,32.4461713134384,2.8935018410747,0.0,26.4693345041196,0.6945292211108036,1.1999897643852842,1.4714285714285715,26.4693345041196,32.4461713134384,2.8935018410747,44235.66190516686,2.6466942276387533,2x-5x,18973.55829704218,2.3314373199076126,1.0
019ee0bb-e278-7c35-a5bc-2d0efaa9a8ba,Bz2JqnfKFL4oBgyhc217U4FLn111yrwfyNdNha2FJfXN,SOLAMANDERS,Solamanders,pump,16704.302142171495,14849.881613543037,12213.155504431188,26.0,14,23389.99722697002,23389.99722697002,6.3974,6.3974,0.3533133666666667,23389.99722697002,26.0,,,14,88,,,15.0209708805135,0.0,5e-13,22.2947624484886,0.7311383259524498,1.4002379164299175,1.8571428571428572,22.2947624484886,15.0209708805135,0.0,14849.881613543037,1.0,<2x,16704.302142171495,0.8889854533972533,0.0
019edad5-e99f-7152-9533-5e467c4b88ad,C1GMeaQk7cxqH4nRiGiiDixJhPpMmxFSw9PWEhjMgQFh,GTA6,Grand Theft Auto VI,2026-06-18T13:04:50.000Z,12377.211988268033,16161.716578752665,10671.697781236222,83.0,52,17455.91382374426,17455.91382374426,4.3253,4.3253,0.24918828333333334,17455.91382374426,83.0,,,52,94,,,33.8804490113947,0.0,0.0,30.8437366187836,0.8622053004627849,1.4103268038303107,1.5961538461538463,30.8437366187836,33.8804490113947,0.0,16161.716578752665,1.0,<2x,12377.211988268033,1.3057638985315791,0.0
019edab0-0560-7184-bba0-a9b188041c2c,C1mg2ddme7Hpwjmxngr1AfrwRSmLqL1CVHPzUmapEory,FLKR,FalkorDB,2026-06-18T11:48:26.000Z,66882.35136476319,68936.43136318617,27731.691863590677,60.0,21,98585.29342760747,98585.29342760747,7.9117,7.9117,0.23306590000000002,98585.29342760747,60.0,,,21,180,,,4.789165457691719,0.0,,26.533440319381445,0.41463392505965413,1.4740105785148412,2.857142857142857,26.533440319381445,4.789165457691719,0.0,1903676.934597519,27.614962030281877,20x+,66882.35136476319,28.463068294582516,1.0
019ee019-c19a-7b8a-819d-5408dc63bbc2,C3jxjp95QFWNfRXq48J67WiuLBLgqL9YQ8pExkyNpump,5DAHH,GIMME MY 5 DAHH,2026-06-19T12:06:15.000Z,18998.495927654567,16053.51036868206,12949.464070486705,23.0,16,22065.73508327011,67966.18661138572,0.6785,8.0154,0.06836948333333333,22065.73508327011,23.0,,,16,138,,,1.1538359381876,0.0,0.0,22.9480113561123,0.681604697540147,1.1614464201427026,1.4375,22.9480113561123,1.1538359381876,0.0,24473.66267961607,1.5245053647182636,<2x,18998.495927654567,1.2881894847260908,0.0
019ed877-8eb7-76de-9da9-06f4c40daec0,C5tcc5ppr9FMBoRCgAPn4w4qQ2vQzRYepdzsfPfxpump,cooking,got something cooking,2026-06-18T02:01:31.000Z,15818.97847946127,14183.794829441757,12124.34064917831,92.0,61,22865.60075709741,22865.60075709741,5.7552,5.7552,0.25459991666666665,22865.60075709741,92.0,,,61,142,,,19.2626999592727,,0.0,25.8190791558126,0.7664427045602262,1.4454536863290632,1.5081967213114753,25.8190791558126,19.2626999592727,,105503.18205004225,7.4382901979832585,5x-10x,15818.97847946127,6.669405498403286,1.0
019ee07f-7036-7a03-8b1b-24617caf8349,C62QnxGVAa9AV4br5BpUzonaKxXc8jAczp6hFL47pump,Horse,The Horse,https://pump.fun,17038.199921593372,13615.023041460294,12299.131120004316,48.0,41,49583.5776257376,49583.5776257376,4.9081,4.9081,1.1120124833333334,49583.5776257376,48.0,,,41,206,,,11.2916780435475,0.0,0.0,20.9340094599253,0.7218562510478003,2.910141790442183,1.170731707317073,20.9340094599253,11.2916780435475,0.0,13615.023041460294,1.0,<2x,17038.199921593372,0.7990881140093494,0.0
019ed206-5c6a-7be3-afa5-8a0a48057b65,C85z75rjVDM7ibrMC1BwJLb84cvdNcXDwXqEFKJGpump,MOONTROLL,MOONTROLL,https://pump.fun,33625.103538051175,20064.834968976873,13207.893166256,50.0,27,18647.47752344821,18647.47752344821,6.5919,6.5919,1.3350777166666667,18647.47752344821,50.0,,,27,93,,,,0.2784832237033,57.4455066909499,60.027424968733,0.3927985872611382,0.5545701146271912,1.8518518518518519,60.027424968733,,0.2784832237033,20064.834968976873,1.0,<2x,33625.103538051175,0.5967218791243544,0.0
019edc30-cc64-7277-99c0-45f71326ced0,CAhc23UwNgpaNigajHgrKwk4HLNQjtn5buMLTGV4BAGS,CNTBAGWORK,CNTbagwork,https://bags.fm,264374.6750237636,265343.1831352435,6681.434716420169,49.0,22,25296.67750691018,25296.67750691018,3.9674,3.9674,0.20769996666666665,25296.67750691018,49.0,,,22,85,,,,0.0009225810128104,,1.5788438793412787,0.025272597368940882,0.09568494979572592,2.227272727272727,1.5788438793412787,,0.0009225810128104,265343.1831352435,1.0,<2x,264374.6750237636,1.0036633921588474,0.0
019ed815-32de-7b34-8420-9da308062933,CB6DadqnWqipcuTCYTUdaRPfkZZ2Fq6FeXNrQJevpump,HYPOMNEMATA,Hypomnemata,https://pump.fun,24774.05040291266,13691.575878106582,11218.74800610322,34.0,13,76327.8652443418,76327.8652443418,10.8781,10.8781,0.25711476666666666,76327.8652443418,34.0,,,13,150,,,22.7575655673734,0.9788168720238,0.359176244099,21.2099281904309,0.4528427053165373,3.0809602791220607,2.6153846153846154,21.2099281904309,22.7575655673734,0.9788168720238,18397.15960594992,1.3436845962609585,<2x,24774.05040291266,0.7425979727476046,0.0
019ed39c-505a-727b-bb5a-10f2424e6678,CBzk6f1Hog9R37CEX2ybKNA74CQXy7qBzDkG8WN3pump,KART,Solana Kart,https://pump.fun,15727.529969158666,15454.061486851562,12214.243581488765,28.0,24,21314.87927822764,21314.87927822764,6.3662,6.3662,0.26137015,21314.87927822764,28.0,,,24,88,,,37.5129482329139,13.1131731199767,5.0,32.4174059551787,0.7766155019536204,1.3552591742012663,1.1666666666666667,32.4174059551787,37.5129482329139,13.1131731199767,22509.041588883294,1.4565130084433897,<2x,15727.529969158666,1.4311873277636742,0.0
019ed389-a3ef-75e9-88b5-04b9ae0d3d3a,CCNN1WcqyhZntkSEb4fX6ARNT9TWoQNJ4SvoZxYzBAGS,trilly,trilly,bags.fm,611144.7812005936,801540.7615820915,10493.425138804563,53.0,20,32512.51372495104,32512.51372495104,14.367,14.367,0.39120971666666665,32512.51372495104,53.0,,,20,98,,,,0.0005312758924356,,1.4722842963215803,0.01717011330472337,0.0531993640869848,2.65,1.4722842963215803,,0.0005312758924356,6334106.773819379,7.9024137977924385,5x-10x,611144.7812005936,10.364330955057866,1.0
019edb69-a160-792b-b5e1-442c0ff1ce4d,CFpfvwCRMydgQPqvazc9EZL4meuDg4qUKBhWnyoppump,Kyu,きゅう,https://pump.fun,16248.425485442556,15989.367325494422,12027.341400651392,26.0,20,37115.327124195,37115.327124195,4.2778,4.2778,0.16268905,37115.327124195,26.0,,,20,171,,,15.54511219675795,0.5083376982803169,0.0,20.664534371106168,0.7402158080748834,2.284241458192224,1.3,20.664534371106168,15.54511219675795,0.5083376982803169,15989.367325494422,1.0,<2x,16248.425485442556,0.9840564145627383,0.0
019ed26e-e8fc-77f4-8212-e78c74e9d1e4,CLDBh5rHpc7gVAs8jSJtQ7KCqvjdfVbvfvM3omCpump,BERM,berm,https://pump.fun,17190.366553016975,17051.534171380106,12791.989172406591,28.0,12,32673.83713184773,32673.83713184773,7.1896,7.1896,0.31220625,32673.83713184773,28.0,,,12,103,,,2.3905219366441,0.0,1e-13,21.979771752094,0.7441370800881234,1.9007062491121427,2.3333333333333335,21.979771752094,2.3905219366441,0.0,42113.98491927888,2.469806206057662,2x-5x,17190.366553016975,2.4498596227948215,1.0
019ed386-d338-7837-a71b-2e98f82c2c91,CPh3doM9cPhgzKSEhuRGjUf1kYdby19C9JHSANwrpump,SOLG,Sol Garden,https://pump.fun,19287.881893146914,18545.286438028314,13552.76276723738,26.0,17,33403.99699915682,33403.99699915682,8.148,8.148,0.7013146,33403.99699915682,26.0,,,17,151,,,5.6947127193643885,0.0,2.0784503577184,26.16985079056612,0.7026568724507146,1.7318644516910608,1.5294117647058822,26.16985079056612,5.6947127193643885,0.0,84583.72789990672,4.56092863178766,2x-5x,19287.881893146914,4.385330041343718,1.0
019ed855-3c7c-76bf-aaa2-760cc8021e85,CRtJcETFwVeh3ufQyXd42YGdwwJ1xQoJBBeTmYCrpump,youngin,youngin,https://rapidlaunch.io,18268.53381679129,12961.297418073365,13048.236284366923,26.0,23,24162.25155935266,24162.25155935266,7.4872,7.4872,1.3350024166666665,24162.25155935266,26.0,,,23,170,,,17.305153731902,0.0,0.0,24.6626070741076,0.71424649702177,1.322615804950052,1.1304347826086956,24.6626070741076,17.305153731902,0.0,257476.09593189484,19.864994037778004,10x-20x,18268.53381679129,14.093966079272272,1.0
019ed7e9-7944-7876-a400-686cde68dc93,CSoNZkgfFNgXcLj6q4uYx2JauKejVE4xEwTRCn9Zpump,SPCX6900,SPCX6900,https://pump.fun,257123.68163359235,259701.5690482261,36747.90208780542,99.0,21,311970.9284126039,311970.9284126039,125.7794,125.7794,5.3520207,311970.9284126039,99.0,,,21,194,,,,0.3364547668606,1.0099058765812,35.2970401577746,0.14291916580508557,1.213310755472031,4.714285714285714,35.2970401577746,,0.3364547668606,395350.89313841524,1.5223277032454097,<2x,257123.68163359235,1.5375903558420578,0.0
019ed762-e36b-77d4-b01c-39d428751a49,CSxQ6HZPCaGz4S6ocDPnnarad1afvUDBePQAiU8rpump,MILE,Mile The Pony,2026-06-17T20:57:07.000Z,16148.039625103878,13344.153439755144,12237.919075540618,46.0,34,34771.62686081196,34771.62686081196,5.6539,5.6539,2.23431345,34771.62686081196,46.0,,,34,123,,,11.6374865281285,0.0,0.0,17.40390335403,0.7578578799444761,2.1533032905589167,1.3529411764705883,17.40390335403,11.6374865281285,0.0,13344.153439755144,1.0,<2x,16148.039625103878,0.8263636794035488,0.0
019edaf4-1059-7143-b474-b6ef6d24320a,CSzHjHF8zLTmWatEZoLYmEnoXPrGhJ8mPe52CoVmpump,AGAIN,"AH SHIT, HERE WE GO AGAIN",https://pump.fun,16472.20792414973,16121.556821956108,12295.627608073733,20.0,12,30212.30308310016,30212.30308310016,6.341,6.341,0.1461601,30212.30308310016,20.0,,,12,102,,,14.6814444332,3.2846062e-06,0.0,23.7379936585943,0.7464468433553005,1.8341380355456915,1.6666666666666667,23.7379936585943,14.6814444332,3.2846062e-06,71579.3184094145,4.439975568112002,2x-5x,16472.20792414973,4.345459864216066,1.0
019ede7d-cf87-7236-9d10-4598e5015731,CTcx4vevbntjHsw1X9bsehmWebMzuxr1bAfWLVFhpump,CATE,CateCoin,https://pump.fun,17651.099208545485,13276.503207561997,12494.623710984943,125.0,89,47278.52242373126,47278.52242373126,8.2854,8.2854,5.435197966666666,47278.52242373126,125.0,,,89,161,,,21.6023561399382,0.0,0.0,24.7400363462693,0.7078666072499258,2.6785030136164067,1.404494382022472,24.7400363462693,21.6023561399382,0.0,13276.503207561997,1.0,<2x,17651.099208545485,0.7521629701755004,0.0
019ed24b-693c-7862-8dbc-a1d08a66e2d4,CVJ9sQrxSUL75YjNjZReLLP6XWHBUNCWBgLFvURipump,p,p is everything,https://pump.fun,15762.98130710902,14611.66819907461,12256.172650235587,43.0,22,27233.52228344625,27233.52228344625,5.9063,5.9063,0.2863697833333333,27233.52228344625,43.0,,,22,91,,,20.9076333809104,0.0,10.0035196088633,28.8540909306153,0.7775288450483742,1.727688547798003,1.9545454545454546,28.8540909306153,20.9076333809104,0.0,89837.65662945958,6.14835044195359,5x-10x,15762.98130710902,5.699280794613598,1.0
019edc44-721c-766c-af1e-40d4f8244c6d,CVXrRZc3RSrtF72N6869gxcNAnX5CeryrqLcVRUpump,DRIPZ,dripz,https://pump.fun,16092.369201901422,14680.929896819798,11966.69154277752,36.0,21,24579.57794380616,24579.57794380616,6.9364,6.9364,0.2626999666666667,24579.57794380616,36.0,,,21,113,,,31.9796179446913,2.3052433121837,1e-13,25.9947228496099,0.7436252171845259,1.5274057931073268,1.7142857142857142,25.9947228496099,31.9796179446913,2.3052433121837,45809.41024338399,3.1203343770006886,2x-5x,16092.369201901422,2.8466541917253116,1.0
019edff9-41ce-7681-ba93-129ec753de8c,CZg8qo6fAqVcVxZmgJFWxJqpGp3EHRvPTHaJafqNpump,Binface,Count Binface,pump.fun,21630.266262765435,13772.409891830694,13816.358152808218,252.0,142,40342.3216971354,40342.3216971354,8.6626,8.6626,0.14723391666666666,40342.3216971354,252.0,,,142,152,,,52.86646774132934,0.0,0.0,24.329610272429054,0.6387511824850645,1.8650866895051166,1.7746478873239437,24.329610272429054,52.86646774132934,0.0,30117.292910982156,2.186784531358355,2x-5x,21630.266262765435,1.3923681079611292,0.0
019ed954-2833-709e-9d9b-4b77ea1aca09,CaQWZ4epMiPEsDZqDia5BfSee4h3czLAduJ4PmrPpump,GRUMPY,Grumpy cat,pump.fun,29007.633245712477,15454.644781937679,16281.166879169612,84.0,84,30248.66313983544,30248.66313983544,9.0433,9.0433,0.4505280666666666,30248.66313983544,84.0,,,84,84,,,,,,,0.5612718121901957,1.0427828731703368,1.0,,,,18512.117247722214,1.1978351821685282,<2x,29007.633245712477,0.6381808915919891,0.0
019ede87-a3f3-70c0-acf5-552660879278,CaSx7szwjZtxrb468o5LPZbW3GDVnrYZZowYHzdupump,PILLY,Pump Sprite,pump.fun,17346.394407798787,13284.164551330188,12387.208916921338,64.0,49,15962.3184658651,15962.3184658651,7.7352,7.7352,2.0717525666666665,15962.3184658651,64.0,,,49,126,,,11.7166104664833,,0.0,28.5860733401658,0.7141085706751922,0.9202095888404671,1.3061224489795917,28.5860733401658,11.7166104664833,,26862.31080543177,2.0221302364657894,2x-5x,17346.394407798787,1.5485818074881723,0.0
019ed6e2-2ac9-7105-b4fa-7a4356a767d7,CbjenziwZgpgvqytUzMZimRqxFEmpyWQurC3Y9ESBAGS,INFINITE,Infinite Machine,https://rapidlaunch.io,877986.3488635108,491472.2086230759,12768.338063526473,169.0,60,76535.65740720302,76535.65740720302,12.2459,12.2459,0.28066243333333335,76535.65740720302,169.0,,,60,162,,,,0.1778325624398383,,1.3325859740809416,0.014542752378842968,0.08717180797431856,2.816666666666667,1.3325859740809416,,0.1778325624398383,491472.2086230759,1.0,<2x,877986.3488635108,0.5597720388924621,0.0
019ed282-6ebb-7c16-826b-5f98222c4ad0,CdsYoJ8PZrRVxLkYUFReGsJ6p5MQ8TCPf6E2qANxpump,Fatou,Fatou,https://pump.fun,15285.251519209549,13539.887907838429,12060.049163207561,90.0,58,40850.0520299956,40850.0520299956,6.001,6.001,0.49727784999999997,40850.0520299956,90.0,,,58,167,,,19.2853800406965,0.0,0.0,16.1149047444682,0.7889990654096365,2.672514219256242,1.5517241379310345,16.1149047444682,19.2853800406965,0.0,13539.887907838429,1.0,<2x,15285.251519209549,0.8858138769141184,0.0
019ed5fb-372c-7afd-8787-4edf9217cb58,CeSQAsN3WLSHCuRHDrhaL5iXRfFLiWXcfbjSFStipump,WESLEY,The Messi Goat,pump.fun,14799.464531016143,20456.67359117254,11747.58388875183,120.0,79,23658.42724951608,23658.42724951608,5.2649,5.2649,0.3081300166666667,23658.42724951608,120.0,,,79,91,,,38.941015827818,0.0,0.0,25.9729324460679,0.7937843875453534,1.5986002196183293,1.518987341772152,25.9729324460679,38.941015827818,0.0,140009.31196536642,6.844187611508022,5x-10x,14799.464531016143,9.460430927885286,1.0
019ed228-af8f-72b4-839c-3e11f29d3449,CfbVyNSBuV1tNj68vY1JZADLkiYSAT5FKK6RELtPpump,PIP,The Baby Squirrel,pump.fun,16829.75278841045,13514.462974781942,12655.560860867987,137.0,82,26287.6070988174,26287.6070988174,5.9808,5.9808,0.22335558333333333,26287.6070988174,137.0,,,82,63,,,17.2697803807771,0.0,0.0,25.2767472732314,0.7519754461029899,1.5619722659812303,1.670731707317073,25.2767472732314,17.2697803807771,0.0,13514.462974781942,1.0,<2x,16829.75278841045,0.8030101894359654,0.0
019ed751-0906-7504-80e2-f7b43576467d,CfhLX5uAgK1DZTt3AqaYPN1Pxr9mhP3oruzQ4AYXpump,Onlyclaw,Onlyclaw,https://pump.fun,15904.799049402323,14282.800312264759,12197.585851769003,20.0,18,25378.9762076018,25378.9762076018,6.9255,6.9255,0.30253939999999996,25378.9762076018,20.0,,,18,109,,,15.354407688467502,0.0,0.0,25.022086144589075,0.7669122894216868,1.595680406195104,1.1111111111111112,25.022086144589075,15.354407688467502,0.0,16897.165336991333,1.183042888479061,<2x,15904.799049402323,1.0623941418251557,0.0
019ed7ab-17d9-7dcb-aafd-d5cbadd96587,Cg3oJcnK3EQkngr66GnMHfrA2HoCm4aRZnNj44tLrkNz,SNIF,Sniffles,https://pump.fun,16052.568346003201,14068.689207449946,12149.049804034556,26.0,14,30322.06656181968,30322.06656181968,6.5894,6.5894,0.3267666,30322.06656181968,26.0,,,14,60,,,19.2454299745379,,,30.2177342189748,0.756829034592427,1.8889230625434044,1.8571428571428572,30.2177342189748,19.2454299745379,,25136.79064378898,1.7867187392609414,<2x,16052.568346003201,1.565904601804582,0.0
019ede2f-3551-78b0-a441-71bdbf508b04,CgJ4itfGDWcCU7ZX8USPwDHvBP1X7qwuECMpmmeipump,YN,young nigga,https://pump.fun,17031.42520046564,15408.363271668175,9052.476908379254,60.0,49,16766.92604721124,16766.92604721124,7.3585,7.3585,0.19605621666666667,16766.92604721124,60.0,,,49,115,,,60.0012181818477,3.0167808264927,4.9714285667643,30.7854595002505,0.5315161122353846,0.9844699342455986,1.2244897959183674,30.7854595002505,60.0012181818477,3.0167808264927,15408.363271668175,1.0,<2x,17031.42520046564,0.9047019313009054,0.0
019ed7fa-4604-7794-bcad-61d664f3effa,CikB2JgHPDi7ZUBBgBto865DmqwrBWNHFSng2gzTpump,PAQ,Peaceful Alien Quant,pump.fun,15569.158483673806,13002.18442156132,12005.702367614464,39.0,22,33815.9878231858,33815.9878231858,6.1491,6.1491,1.5632748666666667,33815.9878231858,39.0,,,22,100,,,8.8684264359259,0.0,0.0,25.3873571094387,0.7711208271278073,2.171985586674197,1.7727272727272727,25.3873571094387,8.8684264359259,0.0,52147.6753863236,4.010685719843192,2x-5x,15569.158483673806,3.3494215786297574,1.0
019edcf9-17ea-7330-9720-00a4d92fab75,CjEVKFx9MZeKcqiZUMBiV817h2F6y7ogqDGuqSsopump,CHEESE,CHEESE,https://pump.fun,191059.3540560249,191458.57978688274,30866.36646126327,65.0,20,107942.15505511592,107942.15505511592,60.1831,60.1831,0.15237098333333332,107942.15505511592,65.0,,,20,170,,,4.3543862802682,3.231004445106,40.0,54.4765059791731,0.16155380935817587,0.5649666073060402,3.25,54.4765059791731,4.3543862802682,3.231004445106,196681.3145197501,1.0272786664284301,<2x,191059.3540560249,1.0294252039713097,0.0
019ed218-6f56-7051-830a-e5e0d77ac0ba,CjUsokpKJ2js9eNm8fCbiktKVTqLKAx14AmPjdKbpump,MEMEOPOLY,MEMEOPOLY,https://pump.fun,15107.354863662877,13486.874748630617,11997.77210175277,26.0,18,20647.558364688,20647.558364688,6.1316,6.1316,1.1242972,20647.558364688,26.0,,,18,105,,,18.09213804459,2.7997511764768,2.5013665502187,20.9665882573623,0.7941676229907418,1.3667222721001118,1.4444444444444444,20.9665882573623,18.09213804459,2.7997511764768,13486.874748630617,1.0,<2x,15107.354863662877,0.8927356820795984,0.0
019ed851-97cb-776c-91f4-a5b4c72e5004,CoAEHRi6JpiBHmmT9EXaAXnZ8xjoXnFSML3pTePjpump,FootballX,Football Twitter,https://pump.fun,18056.045000781312,14153.292936893966,12971.290214433693,43.0,28,37158.78246571144,37158.78246571144,7.6392,7.6392,0.3737496833333333,37158.78246571144,43.0,,,28,110,,,30.3401727771357,0.0,0.0,29.5737035408848,0.7183904456303917,2.057969088142144,1.5357142857142858,29.5737035408848,30.3401727771357,0.0,25315.720047751784,1.788680567881151,<2x,18056.045000781312,1.40206341126511,0.0
019ed7f2-78f8-758b-b2c5-0efa22303589,CpzZ2N6p6B48o8zWouwMs2BXFm4nZjh4tzFHpg6tpump,OGAI,Open Generative Ai,https://pump.fun,19898.631890031964,15894.62280402989,13579.346497964303,39.0,22,15338.936204568,15338.936204568,7.2577,7.2577,0.21389725,15338.936204568,39.0,,,22,81,,,19.8317123267034,,0.0,27.4582627445385,0.6824261372846819,0.7708538099170475,1.7727272727272727,27.4582627445385,19.8317123267034,,17919.304146768292,1.1273815281873232,<2x,19898.631890031964,0.9005294557835809,0.0
019ecf0f-c15b-70f3-b530-78731882701c,CsTkBg1w2L76EMoKaiQbXtrfSb95rNzquWueMXx9pump,FIH,Justice For Fih,https://pump.fun,14364.164472976936,13445.724033981427,11681.550168798649,20.0,15,33224.0897669238,33224.0897669238,6.4139,6.4139,1.06734235,33224.0897669238,20.0,,,15,120,,,13.6973485517075,,0.3520918746848,25.1489460483686,0.8132425795301185,2.312984498988975,1.3333333333333333,25.1489460483686,13.6973485517075,,13445.724033981427,1.0,<2x,14364.164472976936,0.9360602949984765,0.0
019ed5da-5b80-7144-b309-0739bd3e2217,CsWnH9msTEqswGPfNjkSRF3dnf7Y3QYCxXdcSgfhWU9S,Thaïs,Justice for Thaïs d'Escufon,2026-06-17T13:51:43.000Z,16544.364870527286,12920.749374611523,12438.064046995141,94.0,54,17915.182069024,17915.182069024,6.7493,6.7493,0.12782293333333333,17915.182069024,94.0,,,54,103,,,44.3263753816488,16.4075785895644,0.0,25.5593373302279,0.751800636913705,1.0828570458415563,1.7407407407407407,25.5593373302279,44.3263753816488,16.4075785895644,17244.369821257613,1.3346261367116785,<2x,16544.364870527286,1.042310778093231,0.0
019edbd9-2519-7319-b22b-54bfc14acd76,CszvPGwxpXsJX9ghRUpEGotu2c4stu4v7Gx3i6tpump,DRIPZ,Dripz,https://pump.fun,19446.03469770281,13887.680045742885,13111.668802587754,87.0,69,22148.24384648708,22148.24384648708,7.7104,7.7104,0.14426833333333333,22148.24384648708,87.0,,,69,129,,,3.8442315358748,0.0,5.0494117566461,21.3892822680639,0.6742592516373869,1.1389593915053275,1.2608695652173914,21.3892822680639,3.8442315358748,0.0,13887.680045742885,1.0,<2x,19446.03469770281,0.7141651376042982,0.0
019ee089-a68f-7705-bfc2-3fa7b46ef7f0,Ct5ZGEs7TTwbV63e1gTDdhdves3xenJRe6gKW2pupump,HERO,Zero to Hero,https://pump.fun,20053.390883973003,12725.610927599808,13370.006444242905,66.0,45,14776.86948369216,14776.86948369216,11.5198,11.5198,0.18105718333333334,14776.86948369216,66.0,,,45,121,,,54.4595870182237,3.2475395811992,4.0026654352016,29.8893692805472,0.6667204824161899,0.7368763501988123,1.4666666666666666,29.8893692805472,54.4595870182237,3.2475395811992,14475.636001213545,1.1375199260428601,<2x,20053.390883973003,0.7218547768289256,0.0
019edf8e-0865-7d27-8ada-5340723d3219,CtNC5wuHcGBDMEYHMnpnqFi63gJpxhnPuRSX8SH2pump,USOT,United States Oil Trust,https://pump.fun,17386.697197887817,22541.00111242136,9138.154786240339,21.0,10,9083.8656129307,9083.8656129307,2.063,2.063,0.46458513333333334,9083.8656129307,21.0,,,10,83,,,0.2561797793326,0.8164762014209,0.0,20.3532920223127,0.5255831330260049,0.5224606783877408,2.1,20.3532920223127,0.2561797793326,0.8164762014209,136051.4937663216,6.035734308683813,5x-10x,17386.697197887817,7.825033830050799,1.0
019edc15-23d3-7d00-9c17-9202cc73b01d,Ctv6tiNS9f5KpajmqPwDo2We2J7zVfZ1A3ufHLeLpump,KSTR,Kins Strategy,https://pump.fun,83955.82590955583,70492.9406621657,20318.942842410608,124.0,69,77739.96839705257,77739.96839705257,39.7757,39.7757,0.26256386666666665,77739.96839705257,124.0,,,69,163,,,43.459601761319,8.3420044673905,5.0,39.0148496216016,0.2420194503750086,0.9259627614264733,1.7971014492753623,39.0148496216016,43.459601761319,8.3420044673905,294544.9968217972,4.178361606921622,2x-5x,83955.82590955583,3.5083330266931743,1.0
019ee0bb-1481-7bf9-8cac-a2323b8ba0a9,CwPoaq8GGF5i2RkiDyHsNsrnP5L1B4PnQZAEu3Xkpump,ELON,Comrade Elon,https://pump.fun,16819.955525858262,14006.07395308547,12254.484545821817,44.0,30,27294.3913630311,27294.3913630311,7.5354,7.5354,0.14217063333333335,27294.3913630311,44.0,,,30,86,,,26.8127380547098,0.0,0.0,24.6972893662216,0.7285681895521251,1.6227386167026363,1.4666666666666666,24.6972893662216,26.8127380547098,0.0,22168.38888846948,1.5827696585584492,<2x,16819.955525858262,1.3179814211986929,0.0
019ed23b-83f8-7a86-8df1-8059514f2efa,Cx83EqERns2VuiKrkwHegTuECVqZebsNhJ3dCU8CucWG,ANSEM,The Black Bull,pump.fun,386082.06143165834,276164.515409915,46017.15582130047,571.0,146,410138.98441034305,410138.98441034305,176.5244,176.5244,0.48687541666666667,410138.98441034305,571.0,,,146,498,,,85.1020617082862,15.5541218556914,26.8249999999999,31.8435890164404,0.11919009044517889,1.0623103878213807,3.910958904109589,31.8435890164404,85.1020617082862,15.5541218556914,276164.515409915,1.0,<2x,386082.06143165834,0.7153000436898045,0.0
019edace-ec04-7198-8c4c-f36455b01ccc,CziTZbTtaXymxCZJshBjorYgYGrvueH1br5Nz5SKpump,pisi,pisi,2026-06-18T12:56:43.000Z,15225.044584171577,14153.439033388815,11831.760831256579,64.0,38,11639.32086313248,11639.32086313248,6.1822,6.1822,0.4660272833333333,11639.32086313248,64.0,,,38,92,,,33.0758015092301,2.18096e-08,0.0,23.069401347976,0.777124872498386,0.7644851743313168,1.6842105263157894,23.069401347976,33.0758015092301,2.18096e-08,53273.63550175538,3.7640064281253247,2x-5x,15225.044584171577,3.4990791131830434,1.0
019ed746-8b40-719f-a2a3-7673a0d71679,D3jnVDrA9H9E9K9ztLk62iYZXJsKTG1vfX9L6ADqpump,Percy,Elon' Dog,https://pump.fun,15964.07452367795,13915.591737562687,12154.752196312524,80.0,62,29994.4652773858,29994.4652773858,6.392,6.392,0.11731470000000001,29994.4652773858,80.0,,,62,203,,,10.2156114412868,0.0,0.0,19.8756799158199,0.7613815745024598,1.8788727923374415,1.2903225806451613,19.8756799158199,10.2156114412868,0.0,13915.591737562687,1.0,<2x,15964.07452367795,0.8716817073813488,0.0
019edb91-84ea-7120-ba6c-bb34fa124fe7,D5UbiydvQRQtjYb1ktXchR7uS8sQWNdbVeJx2rfspump,CENTER,Card Center,https://pump.fun,15010.6505530818,14459.931405012554,11529.804953615236,62.0,46,8435.1789452638,8435.1789452638,7.438,7.438,0.20319453333333334,8435.1789452638,62.0,,,46,53,,,14.6562299196076,13.587904757292,5.0494117566461,32.4172537380211,0.7681082783749222,0.5619462604525155,1.3478260869565217,32.4172537380211,14.6562299196076,13.587904757292,14459.931405012554,1.0,<2x,15010.6505530818,0.9633114403588472,0.0
019eddad-d69b-7707-9344-58bb55a660f7,D8Xaa5kWjptEs9wjByZjs37WWdNNQExmtiiraMyppump,TIT,Titcoin,https://pump.fun,90833.1379924552,92478.26923628012,30281.513354243223,141.0,46,41016.54455370513,43712.22471158737,10.5144,21.3061,0.26725281666666667,41016.54455370513,141.0,,,46,203,,,,1.6147689747741,0.0,24.6524844464326,0.3333751758830403,0.4515592597616968,3.0652173913043477,24.6524844464326,,1.6147689747741,187055.61558200634,2.0226980578981535,2x-5x,90833.1379924552,2.059332306647202,1.0
019ecf6b-7d11-7195-a24c-11ecbac4167e,D8bmt1ZNv1sZyi9Y6rXcX1Wo5WcpqzEVVxGUv3okpump,Loria,Loria,https://pump.fun,17651.11112843564,14579.259740099118,13004.455184999133,48.0,43,12867.87398121186,12867.87398121186,7.4519,7.4519,0.8074452999999999,12867.87398121186,48.0,,,43,140,,,24.6892157144405,7.4396203078095,1.04938874851,19.0904636567174,0.7367499468092508,0.7290121221027233,1.1162790697674418,19.0904636567174,24.6892157144405,7.4396203078095,42124.36506157687,2.889334973964219,2x-5x,17651.11112843564,2.3864993401868753,1.0
019ed55d-5a67-759a-a930-8889d7a9d1f0,D9KNgVoYGE1iG9bSxRvigDhAr7QNoFK4qenrKbwppump,elon,1 Elon can change your life,2026-06-17T11:32:18.000Z,17325.075568307126,14060.28220749563,12670.9886898945,79.0,64,31731.05183645868,31731.05183645868,6.3799,6.3799,0.34408618333333335,31731.05183645868,79.0,,,64,94,,,0.0,,0.0,19.1715519220228,0.7313670084691362,1.8315101548246346,1.234375,19.1715519220228,0.0,,14060.28220749563,1.0,<2x,17325.075568307126,0.8115567607229487,0.0
019ed1be-037c-7562-b870-eeef6686b82c,DBLxkVArH21e7n385R7uzuJ1vz487jZjUgmJFC1pump,SKY,Sky Haven,2026-06-16T18:10:26.000Z,17210.970229742674,13220.17121041943,12783.643339175323,22.0,15,78830.02303930937,78830.02303930937,3.1739,3.1739,0.3494363166666667,78830.02303930937,22.0,,,15,107,,,11.160526193892183,0.0,0.06830641688197088,25.71134753911486,0.7427613416635638,4.580219591750928,1.4666666666666666,25.71134753911486,11.160526193892183,0.0,34215.210424742145,2.5881064534002065,2x-5x,17210.970229742674,1.9879884729342017,0.0
019ed5b7-8c5b-7030-83af-3af4c612a7eb,DCaoXH6QoxgFQ5phtpR18aTXJ6nsidDt5Ri2bTELpump,Pilly,Pilly,https://pump.fun,23340.195821076824,14764.586786968986,14739.540156124447,67.0,42,11255.03492022657,11255.03492022657,9.9955,9.9955,0.22993724999999998,11255.03492022657,67.0,,,42,81,,,38.3528447253719,,0.0,31.8207403455159,0.6315088471886018,0.4822168162815057,1.5952380952380953,31.8207403455159,38.3528447253719,,17869.26903137044,1.210278979642126,<2x,23340.195821076824,0.7656006474133353,0.0
019ed540-ca88-74f2-8126-23d10f3b79b1,DESCgSHHD9VXdVUDQ1teyfwqkfZbVNxe2KJGKSypump,Epsztin,Mohamed Epsztin,pump.fun,17081.03308375049,12979.14147605551,12576.867836148283,94.0,78,30442.17851178174,30442.17851178174,6.6708,6.6708,3.2270463166666667,30442.17851178174,94.0,,,78,164,,,17.8915265664172,,0.0,25.9923640465913,0.7363060404181814,1.7822211550390332,1.205128205128205,25.9923640465913,17.8915265664172,,12979.14147605551,1.0,<2x,17081.03308375049,0.7598569367799429,0.0
019ee0d6-7b55-7a6f-95c3-b2f6349977fe,DGHLuAb9FD2eRodsgeQUprEfwBXspuHQtzYirPg3pump,Speedy,The Miracle Horse,2026-06-19T17:02:38.000Z,15874.09199481659,16703.719964582247,11849.862271960717,103.0,78,25509.12882918639,25509.12882918639,6.2921,6.2921,0.4574146833333333,25509.12882918639,103.0,,,78,146,,,30.618080127872,10.240324345143,0.0,27.2547776786738,0.7464907142928291,1.6069661708849838,1.3205128205128205,27.2547776786738,30.618080127872,10.240324345143,,,,15874.09199481659,,
019edd0e-7575-7cee-a33e-21b0143e73e5,DGUL7kW9qJzvxMqP5rQK2FwycSAko1AuqGsMy96apump,hold,The holding experiment,https://pump.fun,18702.744786609157,14716.61432168984,12926.961856008804,45.0,34,13611.0921302857,13611.0921302857,8.1242,8.1242,0.2953617833333333,13611.0921302857,45.0,,,34,133,,,13.524693582085,0.0297856984222,0.0714856797877,23.3776539052963,0.6911799312614417,0.7277590688202625,1.3235294117647058,23.3776539052963,13.524693582085,0.0297856984222,24501.67950428839,1.6648992063464618,<2x,18702.744786609157,1.3100579505223837,0.0
019ed96b-f61e-7459-9f61-601bb64c5bbe,DJdxHeEMjRZksgcHqwxNZekw7SiBQqzmEBPqvBDtpump,Jirachi,Wish Upon a Jarachi,https://rapidlaunch.io,12890.72228728952,12649.690033226303,10861.871413232122,61.0,52,17240.2090950852,17240.2090950852,7.1949,7.1949,0.8517821,17240.2090950852,61.0,,,52,104,,,28.6891892031304,0.0351691823478,0.0,23.2036124067635,0.8426115442687117,1.337412187685119,1.1730769230769231,23.2036124067635,28.6891892031304,0.0351691823478,12649.690033226303,1.0,<2x,12890.72228728952,0.9813018814080823,0.0
019eda8b-d321-72c4-a13d-5321d5e048ae,DNooXfXUBTQA93nsQ3yb49EaVLtrJ8vGakW5WyXUpump,Sergeevna,Сергеевна,2026-06-18T11:25:07.000Z,14142.671237706822,13589.063587975597,11365.047864530077,50.0,35,31653.54428366924,31653.54428366924,6.3565,6.3565,0.30247806666666666,31653.54428366924,50.0,,,35,78,,,14.6460599443835,0.0,0.0,29.944607029365,0.8035998061122204,2.2381588139640396,1.4285714285714286,29.944607029365,14.6460599443835,0.0,28295.051239366258,2.082192864591743,2x-5x,14142.671237706822,2.0006864872830197,1.0
019ed240-7ef8-7133-a009-f4a632e9a7ed,DTZhKWmpnf7DKgVPhHpkMQi5Zhg9dg8sUVetNhUbpump,ansemconzimp,ansemconzimp,pump.fun,17544.37023408147,16697.39342575026,12936.352714469242,65.0,48,14862.37338540925,14862.37338540925,6.2442,6.2442,0.21375101666666665,14862.37338540925,65.0,,,48,80,,,27.8062710542927,2.9555644271954,0.0,31.3046319204662,0.7373506453562663,0.847130628635378,1.3541666666666667,31.3046319204662,27.8062710542927,2.9555644271954,16697.39342575026,1.0,<2x,17544.37023408147,0.9517237269260378,0.0
019ed27e-c5fb-788e-b79a-93c1a02aaa8f,DUGqUGBrcZS7ZGmjkYVbTrsAFE1AWV3EmD2pbF9Jpump,EDC,ElonDongCoin,https://pump.fun,13023.024738887405,13014.203941854832,11126.09021935325,74.0,44,26681.71130168616,26681.71130168616,6.8877,6.8877,0.6506374,26681.71130168616,74.0,,,44,111,,,18.7482508179373,0.0,0.0,29.6244417761246,0.8543399434795041,2.04881061325279,1.6818181818181819,29.6244417761246,18.7482508179373,0.0,13014.203941854832,1.0,<2x,13023.024738887405,0.9993226767813599,0.0
019ed24c-b34c-7b85-a605-eda075b8e7ff,DVHgojPLRzRRkFg713NeUryiAdyyoXWzXyHLakejpump,CORGI,The Original Doge,https://pump.fun,18766.319546285453,15449.730137432136,13371.082182035845,32.0,21,23015.77490154355,23015.77490154355,7.3468,7.3468,0.31345258333333337,23015.77490154355,32.0,,,21,112,,,32.3757027429695,0.1236178832886,0.0,13.3557074085592,0.7125042365956342,1.226440530588707,1.5238095238095237,13.3557074085592,32.3757027429695,0.1236178832886,15449.730137432136,1.0,<2x,18766.319546285453,0.8232690538667827,0.0
019ed23c-1f5a-7512-bcf9-ce3fcf384e4d,DVWZVVLCjYjtnEnSpBBBUTwQ8ta73hFADiitnKthpump,ANSEM,Coldest Nigga Breathing,pump.fun,28769.93329090763,16134.330966762736,12253.772720855559,63.0,61,19163.95510441104,19163.95510441104,10.0035,10.0035,0.19260643333333333,19163.95510441104,63.0,,,61,52,,,51.817210707878,22.8819015344633,0.0,42.6332917745372,0.42592287569635096,0.6661105158164397,1.0327868852459017,42.6332917745372,51.817210707878,22.8819015344633,40937.782019738246,2.5373089286485726,2x-5x,28769.93329090763,1.4229362858020984,0.0
019ed37e-a16f-7a51-a64a-b54fe03b68dc,DWF2TFVHzDdsqXwtxJphpwDHrQfjuRSLkDup6a1bBAGS,TURTLE,TheMisterTurtle,pump.fun,154740.3085251295,425332.0317717399,5340.269115479493,65.0,28,28898.16368077,28898.16368077,1.5343,1.5343,0.5703765166666667,28898.16368077,65.0,,,28,70,,,,0.2110159874829624,,1.5990865488295098,0.03451117014292526,0.18675265647461856,2.3214285714285716,1.5990865488295098,,0.2110159874829624,425332.0317717399,1.0,<2x,154740.3085251295,2.74868284693039,1.0
019edcfa-c090-730f-9da8-84bf308cfe19,DXbWYHDscBqR2J3APznFNJKeaX7fRCxuJK1zV7R6pump,VOYAGER,the voyager sprite,2026-06-18T23:02:50.000Z,16198.018889377063,13192.65910820647,12033.584669085978,135.0,105,26727.133626598,26727.133626598,6.3163,6.3163,0.10135728333333334,26727.133626598,135.0,,,105,126,,,34.4067737500006,0.0,0.0,23.6345299178471,0.7429047188590333,1.650024846194377,1.2857142857142858,23.6345299178471,34.4067737500006,0.0,16206.533518071945,1.228450866890868,<2x,16198.018889377063,1.0005256586470872,0.0
019edc18-55fe-7894-9408-53a4ca6dc609,DYiM38A1bGivRNAqhFUDXKamJyKTmSBRorefom9vpump,BILLBOARD,Billboard coin,2026-06-18T18:55:31.000Z,15717.977346776901,13108.188907327953,11783.913926433364,135.0,99,29926.54323550861,29926.54323550861,5.7346,5.7346,0.44657715000000003,29926.54323550861,135.0,,,99,161,,,25.7654999099005,3.5376442157,0.0,19.8901782989796,0.7497093084212741,1.9039691033557373,1.3636363636363635,19.8901782989796,25.7654999099005,3.5376442157,13108.188907327953,1.0,<2x,15717.977346776901,0.8339615599468906,0.0
019ed52b-90f2-7c17-8d61-fc933917770f,DZAvVcKVx1ZZRqz4efHegRc9ZKS1MWnQ8R5KP4bYpump,BOBBLEHEAD,Bobblehead,https://pump.fun,14722.115022614998,13573.805529465608,11706.224985197357,86.0,59,30556.0928757258,30556.0928757258,5.4364,5.4364,1.62270515,30556.0928757258,86.0,,,59,170,,,19.4655586228716,1.5031742929849,0.0,19.3843629967008,0.7951456001542673,2.0755233082194944,1.4576271186440677,19.3843629967008,19.4655586228716,1.5031742929849,14401.130263044894,1.0609500947824362,<2x,14722.115022614998,0.9781971028566865,0.0
019ed1ec-6e9e-7dc5-83cb-7e16816cf174,Db6wHqzE2zUbWPebMJNSAzWRNSbxfZPRi1srJm7tpump,RUSSELL,Russell,2026-06-16T19:31:56.000Z,13592.564574534397,13067.933391691366,11374.234190960593,74.0,59,17064.03676151671,17064.03676151671,5.0127,5.0127,0.3816878166666667,17064.03676151671,74.0,,,59,101,,,46.917066363476,0.0,0.0,22.5243098274713,0.8367982457313585,1.25539493801531,1.2542372881355932,22.5243098274713,46.917066363476,0.0,13067.933391691366,1.0,<2x,13592.564574534397,0.9614030759268251,0.0
019ed538-4f8b-7cc6-88cd-4c973d66be18,DbPoMfgEdHvad7GbCUQqsjA2YCNGB9h4B7LGvCsTpump,Thomas,Justice for Thomas,2026-06-17T10:54:05.000Z,15062.156969747322,16645.02901306184,11836.503239815009,49.0,37,21486.03533997339,21486.03533997339,6.3844,6.3844,2.9449779166666668,21486.03533997339,49.0,,,37,138,,,20.0496308095331,7.0875458998662,1.04938874851,26.3141359528724,0.785843837877197,1.4264912643739254,1.3243243243243243,26.3141359528724,20.0496308095331,7.0875458998662,16645.02901306184,1.0,<2x,15062.156969747322,1.1050893339176955,0.0
019ecc77-d023-7ce7-8aa6-2a9ba16eda35,Dc8nWu2cPyiHKv3ZGXZ3GhyCXzE9ierMKEHg5X8ppump,HUC,HunterCoin,https://pump.fun,17130.2433014018,14906.167086482532,12877.29345398923,,0,24865.76931896646,56708.46682101706,0.642,6.9218,724.4004055166666,24865.76931896646,47.0,,,35,87,,,13.3244600519062,0.0,0.0,24.7253621138846,0.751728578947589,1.4515712871942483,1.3428571428571427,24.7253621138846,13.3244600519062,0.0,22989.30446133321,1.5422679973969142,<2x,17130.2433014018,1.342030236047608,0.0
019edab6-e654-7196-953c-1d040c0cf5f0,DgVJZqmccrew2HySCA34pzkfyu54ZCkkZw6aKibYpump,Rebel,Rebel Mode,https://rapidlaunch.io,15258.81141365744,12577.114052908593,11831.645644201431,173.0,126,31444.8519474572,31444.8519474572,5.9091,5.9091,0.10641083333333333,31444.8519474572,173.0,,,126,109,,,29.1542275395827,,0.0,24.8991239806142,0.7753975931317616,2.060766798606109,1.373015873015873,24.8991239806142,29.1542275395827,,23993.404002323165,1.9077034605386625,<2x,15258.81141365744,1.5724294213930583,0.0
019ed67f-467f-744f-9a96-715314373bea,DgqGqHuth3fxmVGpUfgnLXJEVPUkeZRtXe8reiUWBAGS,ELON,Speedrun to an Elon,https://bags.fm,2319587.5897089187,1899941.9065836158,20410.540535250217,91.0,26,19577.8001500489,19577.8001500489,15.2275,15.2275,0.2885874333333333,19577.8001500489,91.0,,,26,44,,,,3.2374301385365607,,3.477532791998093,0.00879921095706996,0.00844020731827837,3.5,3.477532791998093,,3.2374301385365607,2284963.1152450275,1.2026489374897458,<2x,2319587.5897089187,0.9850730040902502,0.0
019edcf7-f585-74ec-ab5d-b29db888e91c,DhoWF1FdsSHbAWonp3b5q5Bjrr8wb3eMpbXN82wHpump,MORTGAGE,Mortgage Coin,2026-06-18T22:56:05.000Z,15008.990794896617,13523.729394841812,16627.83324000374,37.0,21,19030.761293899504,19030.761293899504,2.4832,2.4832,0.36117601666666665,19030.761293899504,37.0,,,21,84,,,13.3515106089284,0.0,0.0,17.0903020187828,1.107858180954949,1.2679574232512938,1.7619047619047619,17.0903020187828,13.3515106089284,0.0,16790.03656487374,1.241524144314641,<2x,15008.990794896617,1.1186652583318737,0.0
019ed289-8773-77a7-8863-8b0d1d46821c,DhxZUSSg9TQpSaLkk434pTRVYEpWBMbUGP7LCvpApump,Hearth,Hearth,https://pump.fun,15062.120757066079,13043.186604017317,11963.734985365816,31.0,26,36211.25044355548,36211.25044355548,6.7221,6.7221,0.40041838333333335,36211.25044355548,31.0,,,26,100,,,26.8483502399114,1.0927123017699,2.4170555050808,21.7042297037832,0.794292860768181,2.4041269504872167,1.1923076923076923,21.7042297037832,26.8483502399114,1.0927123017699,13043.186604017317,1.0,<2x,15062.120757066079,0.8659595029404062,0.0
019ed51c-8fb0-7936-9dab-5cbfc2327061,DicbCpQUfJgBeDHZvcLur6RcF2HgDWagrGkjiXoGpump,Alon,Alon Card,pump.fun,15771.62492994967,13263.117347393912,12129.672995853141,46.0,38,12240.02565549696,12240.02565549696,5.6737,5.6737,0.18364,12240.02565549696,46.0,,,38,83,,,19.12441202082292,0.0,10.32857142857141,24.873450361216925,0.7690820096044377,0.7760789208379951,1.2105263157894737,24.873450361216925,19.12441202082292,0.0,16501.279632837974,1.244147902836759,<2x,15771.62492994967,1.0462637620491924,0.0
019ecf15-c01a-744d-8414-d2bfca1ba936,Dig6UdRdW3PjzvR1brBXSWSoAoWALS9na9qWTwUUpump,pickles,grillo's pickles,https://pump.fun,15738.899746431185,13449.033413985104,12230.301487057093,73.0,48,28825.63819072377,28825.63819072377,5.5836,5.5836,1.0497519,28825.63819072377,73.0,,,48,129,,,22.778609575909694,0.0,0.027988852294250344,25.7793370634232,0.7770747437304395,1.8314900441029889,1.5208333333333333,25.7793370634232,22.778609575909694,0.0,13449.033413985104,1.0,<2x,15738.899746431185,0.8545091226618106,0.0
019edd3b-a0fe-710c-8c0f-e1c674daefce,DkjxLSuEfNScz9X1aj9nsBSP4qUZz53ZTuQvhkhQpump,Specsy,Specsy the Alien,2026-06-19T00:15:23.000Z,27606.717221028335,12767.580559323938,11625.770005349172,39.0,31,18113.21752480608,18113.21752480608,10.9711,10.9711,0.3468015833333334,18113.21752480608,39.0,,,31,110,,,41.0787768586017,20.500539500662,,34.9630361652615,0.4211210594968422,0.6561163132793293,1.2580645161290323,34.9630361652615,41.0787768586017,20.500539500662,29371.71658282514,2.300491972331868,2x-5x,27606.717221028335,1.0639336922121398,0.0
019edadf-ede0-72e5-ba3b-1c308a41479a,Dm7UPvDdQgmCLo5Fx21Thh7pUWGJYbYUp9m3yKm8pump,SoL,State of Leonida,2026-06-18T13:15:43.000Z,15296.782475676218,15765.939762296415,11868.733333939268,115.0,74,50359.49901315879,50359.49901315879,5.7507,5.7507,1.8270539,50359.49901315879,115.0,,,74,106,,,35.1196622929271,0.0,0.0,22.2758301374468,0.7758973727195262,3.2921628514517116,1.554054054054054,22.2758301374468,35.1196622929271,0.0,24717.507923055593,1.5677789142748393,<2x,15296.782475676218,1.6158632027591093,0.0
019edb38-c701-7663-845a-a983772162ce,DnhotKtoCfJaAY2CStf73cCB2A3d5mZEHiCwbKXfpump,Greg,Greg The Gator,2026-06-18T14:52:47.000Z,12891.421262709602,13555.652805674667,10855.429479145441,56.0,51,16052.3817371126,16052.3817371126,4.5679,4.5679,0.6119763666666667,16052.3817371126,56.0,,,51,92,,,37.7106773953032,0.0,0.0,25.8580497060894,0.8420661506537237,1.245198757374143,1.0980392156862746,25.8580497060894,37.7106773953032,0.0,13555.652805674667,1.0,<2x,12891.421262709602,1.0515250824117008,0.0
019ecf62-177e-7eba-982c-cf2aa5feafbe,DogsYb9MWKMYm5BtoZCWCm4oQ3GB34R17JfxQoFBHuuV,Dog,The Dog Project,https://pump.fun,16023.215823842444,13552.827185412449,12384.54998495614,76.0,50,40336.29974266647,40336.29974266647,6.5837,6.5837,3.8840071666666662,40336.29974266647,76.0,,,50,193,,,5.6801435899601,0.0,0.0,25.1882991940267,0.7729128859718665,2.5173660634743693,1.52,25.1882991940267,5.6801435899601,0.0,13552.827185412449,1.0,<2x,16023.215823842444,0.84582441717136,0.0
019ed5c5-2909-703d-8c1c-ba6f241f7f10,DoiUxH86YEV7XQTgQpeCt53uvhWebRvJQhNpsSrqpump,KEY,Key Perps,https://pump.fun,16455.07524556672,13230.794882525475,12366.633254225617,20.0,10,34274.54855492347,34274.54855492347,6.5458,6.5458,0.6605924000000001,34274.54855492347,20.0,,,10,117,,,18.8089194147262,0.0,0.0,23.6817005071757,0.7515391494522276,2.082916549661942,2.0,23.6817005071757,18.8089194147262,0.0,13230.794882525475,1.0,<2x,16455.07524556672,0.8040555685754204,0.0
019edec5-276c-74bd-a13a-e51740d6fc6f,DqQ6vpwrkKweG2wrxwpMVHixNwgRvn5aNftuc7VUpump,WAIFU,WaifuCoin,https://pump.fun,19911.13454499943,18396.89424131504,13244.338419969252,102.0,68,17586.7538571306,17586.7538571306,9.109,9.109,0.19098815,17586.7538571306,102.0,,,68,115,,,40.0189007171158,,0.0,24.900436920251,0.6651724636804031,0.8832622680231657,1.5,24.900436920251,40.0189007171158,,21949.205753630707,1.193093000683671,<2x,19911.13454499943,1.102358366572493,0.0
019ed7df-1b80-76d9-b284-cc3392963bdd,DqYyE6unoAYp7Kueoo16vU1RCLQYLeasQ4oUKnPXpump,Firefighter,The Lone FireFighter,pump.fun,15641.315871645686,14489.850797368872,12024.280655561215,73.0,51,18634.60321461519,18634.60321461519,6.0909,6.0909,0.6148757,18634.60321461519,73.0,,,51,87,,,22.6141789126879,0.0,0.0,28.2762741604459,0.7687512197972185,1.1913705577927547,1.4313725490196079,28.2762741604459,22.6141789126879,0.0,14489.850797368872,1.0,<2x,15641.315871645686,0.9263831071678458,0.0
019ed2ca-623e-759c-a335-5effd40ac286,DrAQUhCLErvvZVxiZDBf9gYMCYKiEWyoyRY4cYaBpump,Kardashev,Kardashev scale,https://pump.fun,12692.872387119343,14297.602094257962,10974.993480978455,49.0,33,21244.30203054656,21244.30203054656,3.687,3.687,0.2024995,21244.30203054656,49.0,,,33,84,,,23.2891816332507,38.8419392294519,25.5636363607666,61.2582978703152,0.8646579864866378,1.6737190277044904,1.4848484848484849,61.2582978703152,23.2891816332507,38.8419392294519,14297.602094257962,1.0,<2x,12692.872387119343,1.1264276247484446,0.0
019edb0a-d4fc-7d35-91db-17ce26c795bc,DrkxWKNSZecBY4MhMThGW5531ZUNnYFktBMeYrAYBAGS,10M,10M Before GTA VI,2026-06-18T14:01:49.000Z,129248.28900461382,137952.25744566054,4787.091396761309,76.0,39,38126.21780713872,38126.21780713872,1.1084,1.1084,0.25107736666666663,38126.21780713872,76.0,,,39,91,,,,2.9530096507e-06,,1.4359202216451084,0.037037947918911504,0.2949843135314365,1.9487179487179487,1.4359202216451084,,2.9530096507e-06,137952.25744566054,1.0,<2x,129248.28900461382,1.0673430070763723,0.0
019ed8d6-9c92-7a1b-8d8d-28c138beed66,Ds6KuboW1eVuVioNvSdMy54VPm6hgHLfSdfPNMRZBAGS,1B,Speedrun To 1 Billion,https://bags.fm,123258.81026566341,1931268.1763306723,4786.687389089855,54.0,23,79243.95399369107,79243.95399369107,0.7933,0.7933,15.939485316666666,79243.95399369107,54.0,,,23,73,,,,0.0030625712713701,,1.8763530341145966,0.03883444419731915,0.6429070167308463,2.347826086956522,1.8763530341145966,,0.0030625712713701,17265235.21299561,8.939843479323947,5x-10x,123258.81026566341,140.07303150000664,1.0
019ed6e6-a0ba-7794-8a63-5a3b2c885a28,DsCJ6KNe3xXhbrGxm2HKyiescEisyo81pSrf38rT7iRF,Roscoe,Propeller Hat Dog,https://pump.fun,19054.55057356346,13030.730338496203,18735.340150571683,73.0,45,15061.054546429426,15061.054546429426,3.2789,3.2789,0.5638529666666667,15061.054546429426,73.0,,,45,49,,,24.8949033261547,,0.0,26.7508034811421,0.9832475490954556,0.790417726636142,1.6222222222222222,26.7508034811421,24.8949033261547,,43646.76392888372,3.3495255288907106,2x-5x,19054.55057356346,2.290621537379099,1.0
019edc13-c08a-777e-866c-583ac0bc2eed,DwL2vQEuNgPcECPaPASboE8NhfRqbGdXe2CbxHT4bonk,BOINKS,Boinks,2026-06-18T18:50:45.000Z,15883.171208597296,12099.409767133311,15692.452549773841,181.0,119,33333.70937888772,33333.70937888772,3.9091,3.9091,0.6618202666666666,33333.70937888772,181.0,,,119,139,,,14.4511140171433,0.0,0.0,21.9698824756739,0.9879924067858551,2.0986809838607505,1.5210084033613445,21.9698824756739,14.4511140171433,0.0,12099.409767133311,1.0,<2x,15883.171208597296,0.7617754419585997,0.0
019edc08-a5bf-7b13-92ee-632b9b87ea5a,DxP24NfUZZZE4sNUWDKdvd76yGCeZ6DsuSojn2Kwanon,anon,anon,https://pump.fun,15443.643656324683,12218.248339728616,11673.62498536231,45.0,30,23436.55591960794,23436.55591960794,6.6846,6.6846,0.6412988333333334,23436.55591960794,45.0,,,30,48,,,13.9880070279652,0.0,1e-13,34.8728920019425,0.7558854144230125,1.5175535282446055,1.5,34.8728920019425,13.9880070279652,0.0,12218.248339728616,1.0,<2x,15443.643656324683,0.7911506255665799,0.0
019ed6e6-5af3-7529-9b71-28340c23d4f7,Dzun8Xo5b5E1bHTNMbsLFiRqSMGUdNt2qxj2Pkqvpump,Plip,Plip Pet,https://pump.fun,27503.187399238166,17539.534527445445,16161.905069956605,23.0,22,39219.34285100007,39219.34285100007,11.8477,11.8477,0.31687186666666667,39219.34285100007,23.0,,,22,120,,,36.375193650603,7.2459680951475,2.8539977519583,23.6381246395166,0.5876375285289401,1.4259926415687527,1.0454545454545454,23.6381246395166,36.375193650603,7.2459680951475,17539.534527445445,1.0,<2x,27503.187399238166,0.6377273394839788,0.0
019ed530-87d7-7f1a-9b01-7497694d6fa1,E2ccc6bnFwXaeVmToQ7nuyaQfMZvNbE2toBJcCNKpump,LANDS,PLOTLANDS,https://pump.fun,19114.639615642096,13098.65480749438,13339.596438507944,25.0,18,26260.78757337945,26260.78757337945,8.0012,8.0012,0.2751685333333333,26260.78757337945,25.0,,,18,118,,,18.0236264554925,0.4974375100404,5.049411759894,29.7504531563242,0.6978732901452007,1.3738573209556848,1.3888888888888888,29.7504531563242,18.0236264554925,0.4974375100404,17969.974580979648,1.3718946598011077,<2x,19114.639615642096,0.9401157930424315,0.0
019ed2e2-44f8-7327-85f5-ae0343a1c5c7,E4Q3iSqNi4Jh5XdDg4r8wfccpzQvntnx5ZMbmLPwpump,DIGS,Diggers,https://slerf.tools,18192.945648507626,15041.386912085014,13117.997689020676,98.0,74,20641.2102202784,20641.2102202784,7.4702,7.4702,0.38032905,20641.2102202784,98.0,,,74,86,,,28.1512624799884,8.2691862427549,3.4612903225806,28.3434382038623,0.7210485834709648,1.134572191830387,1.3243243243243243,28.3434382038623,28.1512624799884,8.2691862427549,15041.386912085014,1.0,<2x,18192.945648507626,0.8267702879285447,0.0
019ee052-1d5c-78f3-9dee-8223ece20716,E6Bh9FSsyY7qz7LBRtDuccn9VjhW9DYFBWXEKZL5pump,PIZZA,stable asset,https://pump.fun,21854.085451504587,21976.1964269718,20064.393536864587,27.0,14,20356.08551322156,20356.08551322156,4.3147,4.3147,0.14674283333333332,20356.08551322156,27.0,,,14,83,,,2.6043523427938,,0.0,26.2808747040429,0.9181072153025381,0.9314544668726965,1.9285714285714286,26.2808747040429,2.6043523427938,,21976.1964269718,1.0,<2x,21854.085451504587,1.0055875582502953,0.0
019ed57e-1a5a-7c51-8f90-006b02cc058d,E76Ud732NghAsFBcsFdru4xb394NbWjPoT3no3uqpump,Epsztin,Mohamed Epsztin,https://pump.fun,17387.88381022833,16397.05186011798,12703.437039290104,20.0,10,22358.5302827196,22358.5302827196,6.2458,6.2458,0.3481541166666667,22358.5302827196,20.0,,,10,85,,,30.1632768189476,0.0,0.0,30.4976398877308,0.7305913231268186,1.28586839702525,2.0,30.4976398877308,30.1632768189476,0.0,16397.05186011798,1.0,<2x,17387.88381022833,0.9430159551947604,0.0
019ecc53-cebf-7e07-ad7f-d594edff0b57,E8UXwqhNiiMwVRRV4F81rUBUYXNUd4bA78ZxpQxZpump,JAMESON,Justice For Jameson The Doodle,https://pump.fun,223661.3251332512,111453.39895509112,35175.29958345375,,0,273327.0986525309,544548.7822137347,1.9213,33.3121,763.7277401,273327.0986525309,118.0,,,20,430,,,18.3189593739572,1.3123954153987,0.0,24.8771435198096,0.15727037100624028,1.2220579417996842,5.9,24.8771435198096,18.3189593739572,1.3123954153987,206581.2703644976,11.432826955203321,10x-20x,223661.3251332512,0.9236342950280843,0.0
019ed50c-2d47-727c-b754-9322ded69cd6,E8jatirZnb6SqBmJxeq4vQnvJozv7yJTgAyKkyJkjgQT,Longchu,Pikaman,2026-06-17T10:02:14.000Z,16185.812341653489,13279.192904395777,12283.638393206436,50.0,35,20619.53455324194,20619.53455324194,6.3113,6.3113,1.0775114166666666,20619.53455324194,50.0,,,35,74,,,22.5627897153147,0.0,0.0,24.6022068926916,0.7589139262164201,1.2739264559603511,1.4285714285714286,24.6022068926916,22.5627897153147,0.0,13279.192904395777,1.0,<2x,16185.812341653489,0.8204217758179704,0.0
019ed37f-f422-7a83-a419-362faac0656a,EAnc2dLzmUjuyvvhx7MLZPDM8tQRq4RDfqdymjNfBAGS,SPCX,SpaceX,pump.fun,301658.4605486445,295234.7366206859,7452.068417055984,106.0,27,32583.21505435212,32583.21505435212,3.3724,3.3724,0.5557207500000001,32583.21505435212,106.0,,,27,54,,,,0.5619342762942671,,2.280289047707861,0.024703661231654028,0.10801359588950715,3.925925925925926,2.280289047707861,,0.5619342762942671,506900.59254436556,1.716940893698513,<2x,301658.4605486445,1.6803791666324717,0.0
019edd16-ca4e-7552-af69-273ecd688aa0,EByQ7EqHEhARCnFsNFePZ2r7VgCHjKnzY2JC97atpump,INDIEGEN,Indie Generator,https://pump.fun,22630.196944049618,15665.61724373925,14236.867741690556,74.0,61,20205.1688153616,20205.1688153616,9.9546,9.9546,0.26155635,20205.1688153616,74.0,,,61,170,,,39.7234571874776,0.0,3.0477689280008,23.2855678952624,0.6291093169400807,0.892841050624367,1.2131147540983607,23.2855678952624,39.7234571874776,0.0,15665.61724373925,1.0,<2x,22630.196944049618,0.6922439642249055,0.0
019edbb5-8ec9-798c-b7e7-cff6de2b43ed,EFUtSY7W5Q5s7MvF6n4dFRsfdauNNwGEpTaiBKtrpump,CRASH,Crash Bandicoot,2026-06-18T17:09:04.000Z,34730.4724479417,15474.182299267199,12987.011195470448,68.0,44,15073.18442439075,15073.18442439075,16.6501,16.6501,0.37074841666666664,15073.18442439075,68.0,,,44,116,,,30.6110770740921,16.177859873313,5.0613207487048,38.7575648503149,0.37393707255025044,0.4340045891107382,1.5454545454545454,38.7575648503149,30.6110770740921,16.177859873313,156380.2085023908,10.105878648579473,10x-20x,34730.4724479417,4.50268013879721,1.0
019edd14-9a91-72b7-8895-eb364dcb8b53,EJaTyzGWEbZA3cqUnWghxpGXsAWYUDRD3ucK8Vkfpump,GSF,Grove Street Families,https://pump.fun,14143.660212880859,14490.314919465734,11247.864112164685,26.0,26,43093.22611654112,43093.22611654112,1.7093,1.7093,0.62159935,43093.22611654112,26.0,,,26,122,,,39.4332649149468,0.0317052226535,55.7221802182178,22.0540152071725,0.7952583661421019,3.0468227791060354,1.0,22.0540152071725,39.4332649149468,0.0317052226535,14490.314919465734,1.0,<2x,14143.660212880859,1.0245095471304642,0.0
019ed196-96a0-7a29-be3f-3157fa2df1a8,EKsUYQL6tQMjySmDWmE8PGuTZNM5xGw61Nufsffepump,Whitewhale,WhiteWhaleDropper,https://pump.fun,15313.368820359266,13187.495508034039,12046.62158486947,22.0,17,28499.2666670916,28499.2666670916,6.28,6.28,0.3550120666666666,28499.2666670916,22.0,,,17,132,,,17.0427194146368,0.0,0.0044186046512,21.4294315532049,0.7866735090226114,1.8610710028221589,1.2941176470588236,21.4294315532049,17.0427194146368,0.0,13187.495508034039,1.0,<2x,15313.368820359266,0.861175333967085,0.0
019eddc0-e6df-76a5-9da6-610a662af631,EMNCR4iKCgR7F1RUY4Za6SzSpJwULQGYZmzZkdwNpump,infinity,infinity,https://pump.fun,46341.97912590551,26873.678520579895,15053.605108133152,26.0,15,7251.51970902618,16615.55814468648,4.7464,17.4041,0.26572656666666666,7251.51970902618,26.0,,,15,121,,,,1.9021996147893,,26.3109981228849,0.32483733737901743,0.15647842077103966,1.7333333333333334,26.3109981228849,,1.9021996147893,53416.63116984737,1.9876933159314552,<2x,46341.97912590551,1.152661845207795,0.0
019edfcd-1afc-768b-9e61-4116d0a14965,ENJByQZaQ6hhz54raVPNo8WvnuvN4Zd6uuzB8qSYpump,NA,North America,https://pump.fun,15328.395340344081,11952.720761147328,11607.909566911396,39.0,23,17878.45627051902,17878.45627051902,7.0035,7.0035,0.8688554333333334,17878.45627051902,39.0,,,23,67,,,13.5287707345951,,0.3611122946982,29.2702059404043,0.757281457659144,1.1663618972211147,1.6956521739130435,29.2702059404043,13.5287707345951,,13950.736527597932,1.1671599133266137,<2x,15328.395340344081,0.9101237421036386,0.0
019eda70-f32a-7547-a2cc-6a4c23d0860a,ENYwSZtusdXf69tdfiEuop9FZ8FxBrhncQWRWjjvpump,DOVE,The Dove,https://pump.fun,15558.817766727776,12945.039915015619,11933.933931835913,56.0,38,41950.16893331208,41950.16893331208,5.917,5.917,2.3266419166666665,41950.16893331208,56.0,,,38,168,,,26.3119795423101,0.0,0.0,21.31373264352,0.767020612411593,2.6962311380124064,1.4736842105263157,21.31373264352,26.3119795423101,0.0,44140.865282458624,3.409867066632785,2x-5x,15558.817766727776,2.8370320897294006,1.0
019ed5e9-5856-761f-97d8-e1a21ee9019e,EPgkue45xCdPaghryjBNNPXhfExQo9uXEt2291DJpump,Gentaro,ゲンタロウ,pump.fun,14533.732235646004,13076.68242499934,11627.81297476407,88.0,57,24185.21427905949,24185.21427905949,6.1046,6.1046,1.6010961666666668,24185.21427905949,88.0,,,57,137,,,35.3616214714336,0.0,0.0,27.3072544594043,0.8000569149227367,1.664074574027302,1.543859649122807,27.3072544594043,35.3616214714336,0.0,13235.78194570745,1.0121666578370023,<2x,14533.732235646004,0.9106939450311908,0.0
019ed3ec-d720-7620-917b-dee51dc27fe4,EQKKq6hz8SStoeJ5v1JBkdkPEnri5xpdoiAq7MBAPkbz,SBF,OFFICIAL SBF COIN,2026-06-17T04:50:08.000Z,15285.82814658424,14680.652260370895,12058.696343372918,89.0,68,18491.00346133936,18491.00346133936,5.5295,5.5295,0.9821085666666666,18491.00346133936,89.0,,,68,109,,,10.9525019329669,,0.0,23.2856733268749,0.7888808004208491,1.2096828044917767,1.3088235294117647,23.2856733268749,10.9525019329669,,35801.136286854984,2.4386611474680144,2x-5x,15285.82814658424,2.342112965260249,1.0
019edd2a-1907-7eb5-8678-0ae8ce2f1803,ER2hhTpLnV9xgL2hAJmMvYwpFobwYXPkuYNQb9Wopump,Juanita,Merlin's Girlfriend,https://pump.fun,16504.991503920162,13445.481899412998,12165.4319233132,88.0,62,24266.2795316544,24266.2795316544,7.3395,7.3395,0.16148698333333333,24266.2795316544,88.0,,,62,149,,,18.4856133147697,0.0,0.0,22.4792344389503,0.7370759276321798,1.470238838104874,1.4193548387096775,22.4792344389503,18.4856133147697,0.0,18446.00468562349,1.3719110124590481,<2x,16504.991503920162,1.1176015862378548,0.0
019ed54d-e4fd-7d15-9781-8e802b6d5b84,ET81rtsY83XrdRbUTjtbFPLywPG1TLyX24dSMxGeBAGS,SPCX,specex,https://bags.fm,672766.7335628775,683889.9262170653,10877.137167805238,61.0,23,33775.26349193775,33775.26349193775,9.9187,9.9187,0.42618483333333335,33775.26349193775,61.0,,,23,78,,,,0.0416748447822335,,1.9693648900732639,0.016167769042624118,0.05020352791980176,2.652173913043478,1.9693648900732639,,0.0416748447822335,2145729.402549193,3.137536203257573,2x-5x,672766.7335628775,3.1894106760982566,1.0
019ed25a-8d47-7562-a086-a7089bd11739,ETMeUUWoSzkF4cvibs6k2kRUn3xAuKX6VHYYyvKZpump,ANSEM,Nigger By Matt Furie,https://pump.fun,13272.317983270628,13016.922773516091,11228.09372008773,94.0,67,43870.46521863966,43870.46521863966,3.6513,3.6513,0.9448199666666667,43870.46521863966,94.0,,,67,133,,,19.4584658617963,0.0,0.0,25.8847843914699,0.845978353912287,3.3054109518726955,1.4029850746268657,25.8847843914699,19.4584658617963,0.0,13016.922773516091,1.0,<2x,13272.317983270628,0.9807573017707641,0.0
019edc33-3bd5-7329-9c2a-d56dd22d3c3b,ETtABB3uDgZonCLohMv87zD1DQ74w1en2XEGMwNtpump,SCF,Smoking Chicken Fish,https://pump.fun,16337.974435001626,12561.406427920152,12015.631213816383,109.0,83,25638.9317572089,25638.9317572089,7.7352,7.7352,0.6468194333333332,25638.9317572089,109.0,,,83,135,,,34.105323347302,1.1987265823722,0.0706037126454,20.0930331948053,0.7354419154968636,1.5692846049680054,1.3132530120481927,20.0930331948053,34.105323347302,1.1987265823722,14499.649180015387,1.1543014122835096,<2x,16337.974435001626,0.8874814462282481,0.0
019ed5e1-6aa5-718a-af60-931329ff973f,EVVtxoxCaWBVhDdFgo18P1trkG6h8AEvDxnau6YLpump,GOAT,Messi the GOAT,https://pump.fun,16423.187668863204,12780.274210140076,12383.634092943867,22.0,16,39590.89999705296,39590.89999705296,2.7363,2.7363,0.19528256666666666,39590.89999705296,22.0,,,16,176,,,17.8985125235778,0.1475031738067,1.0459737226767,16.9593083246423,0.7540335251981596,2.4106708633740777,1.375,16.9593083246423,17.8985125235778,0.1475031738067,160621.46067396962,12.567919751403295,10x-20x,16423.187668863204,9.780163504950538,1.0
019edec9-f339-73b2-9c25-93e52ad05899,EXUZxPJwAM56rzEnVhNSjMAbvQgfykY2VqqNSh6Dpump,WAIFU,WaifuCoin,https://pump.fun,15412.208301643328,12170.633657636534,11655.27061138134,141.0,94,39436.738304089,39436.738304089,6.5557,6.5557,0.2609339,39436.738304089,141.0,,,94,141,,,24.4319398127007,0.0,0.0,22.8391759739084,0.7562362500731706,2.5587986829819873,1.5,22.8391759739084,24.4319398127007,0.0,20936.704852962037,1.720264157308291,<2x,15412.208301643328,1.358449382670857,0.0
019ede04-fc76-7767-9842-fe9941221c46,EXXZDh1CzomtLwixWvZ947frkwyMGDygw3CWkeRTpump,MCAT,Mayhem Cat,pump.fun,55406.07911780964,107308.40866776225,7257.35524068019,80.0,27,110981.05855140976,110981.05855140976,27.8687,27.8687,0.3978112166666667,110981.05855140976,80.0,,,27,323,,,32.1982079537191,9.7030552005992,0.0,109.7000374061991,0.13098481892661842,2.0030484076563395,2.962962962962963,109.7000374061991,32.1982079537191,9.7030552005992,674344.7676565545,6.284174521163522,5x-10x,55406.07911780964,12.170952689554136,1.0
019ecf36-24c7-7b69-8ff3-400365be4292,EXk6HJh7dYoMnX7En1apVcdw91PqsbNMaF5KiBuhpump,FATOU,RIP FATOU,pump.fun,16769.097998779624,13912.811600115772,12654.922094275425,44.0,26,28403.5654839418,28403.5654839418,5.932,5.932,0.5218187,28403.5654839418,44.0,,,26,151,,,24.181552739313833,4.39061e-08,0.0,24.115767771648823,0.7546572925506423,1.6938040129534027,1.6923076923076923,24.115767771648823,24.181552739313833,4.39061e-08,13912.811600115772,1.0,<2x,16769.097998779624,0.8296696459838377,0.0
019edd33-ffc2-7b0e-a8e9-641adb93623e,EZamyy5m45D6j4BN3Vu4Qbkzw3dZtVe7yPafX6DApump,NeGa,那个,https://pump.fun,18708.810283825667,14046.76504400952,12946.632412595296,32.0,35,27401.94226718235,27401.94226718235,8.0215,8.0215,0.3168575,27401.94226718235,32.0,,,35,128,,,37.8238348685895,8.4038018675958,,24.021205651213,0.6920072530634431,1.4646544516447504,0.9142857142857143,24.021205651213,37.8238348685895,8.4038018675958,35270.1473061451,2.510908895794954,2x-5x,18708.810283825667,1.8852159368272183,0.0
019ed8f8-05c2-76e5-903c-a11e08929a4f,EZkVNB14BcwaLryUWDddezDj9efDofkmkJDnf5h9pump,Wursh,Kevun,https://pump.fun,28312.419178066295,12559.2283077628,16102.947708014859,71.0,57,41087.77682479875,41087.77682479875,11.571,11.571,0.5924721500000001,41087.77682479875,71.0,,,57,228,,,17.8649934680093,0.0,0.0,23.0493845447932,0.5687591585423352,1.4512280482421493,1.2456140350877194,23.0493845447932,17.8649934680093,0.0,19821.613025136758,1.5782508717422639,<2x,28312.419178066295,0.7001031208414932,0.0
019edafc-0108-707b-85ef-f398c80b421e,EbLK3YpxoNevdM7C3BVXxM2fPviVFsh9GvCEW4Lbpump,TTWO,Take Two Interactive Software,https://pump.fun,13061.604291990248,13416.097471562765,10912.851074911901,67.0,57,34408.2622198533,34408.2622198533,4.8702,4.8702,0.6294197333333333,34408.2622198533,67.0,,,57,87,,,29.4149169844187,,0.0,26.79802032114,0.8354908655136625,2.6343059742633175,1.1754385964912282,26.79802032114,29.4149169844187,,14347.277750438707,1.0694076858676456,<2x,13061.604291990248,1.0984315119113561,0.0
019ed2b8-1f81-70c2-b73e-7d7e62ff76c0,EbpXudrV5P3ThwkqzmUBXkdt7AL47noptiZXLMpdpump,p,p is everything,https://pump.fun,27281.441923231476,13686.498023044642,11918.36734880605,91.0,63,50062.60612494342,50062.60612494342,11.1943,11.1943,1.3137016000000001,50062.60612494342,91.0,,,63,207,,,22.814448062193613,5.409551662703416,5.0494117566461,31.882524219550977,0.43686720747179353,1.8350425269242339,1.4444444444444444,31.882524219550977,22.814448062193613,5.409551662703416,210472.21950910322,15.37809154355779,10x-20x,27281.441923231476,7.714849534029793,1.0
019edd30-3f9e-708f-89ce-e330b9f83dec,Ebv9RGybF848qVAtko1gW7u2RSs65v2kXSHUTQHCTRiX,POOKU,POOKU,2026-06-19T00:02:06.000Z,16374.974639778928,10229.497837412398,11742.835270658214,21.0,19,10729.37971914732,10729.37971914732,7.2146,7.2146,0.5034067166666667,10729.37971914732,21.0,,,19,66,,,16.55886591212,0.27440024357,5.90496189352,42.90758403246,0.717120821801575,0.6552303105913191,1.105263157894737,42.90758403246,16.55886591212,0.27440024357,11389.796455745653,1.1134267426197293,<2x,16374.974639778928,0.6955611661270592,0.0
019ed70f-165a-73a2-a66f-3a755b5cc6e5,EcHyVfqYvVtbMNyQbadwHTyMhCJDEWSXYLtVJDEoCaMC,cooked,cooked,pump_v2,14586.748679507446,12758.080694217919,11659.530038134602,51.0,36,21299.8242280969,21299.8242280969,5.1631,5.1631,0.29036293333333335,21299.8242280969,51.0,,,36,178,,,34.0468062415862,8e-13,3e-13,24.6867280246627,0.7993234335019963,1.4602173997842633,1.4166666666666667,24.6867280246627,34.0468062415862,8e-13,12758.080694217919,1.0,<2x,14586.748679507446,0.8746349837466812,0.0
019ed191-6a97-7834-b269-474b1643fa13,Ed3kkY1zUkNv5HoABewgzS7DVfVf1cfuVnPfJm7fbonk,BONKGUY,The Saviour,2026-06-16T17:53:09.000Z,241107.79199241343,394386.1133363069,16819.884526458423,190.0,70,50380.7090119308,50380.7090119308,121.3957,121.3957,0.8854985333333333,50380.7090119308,190.0,,,70,112,,,,,0.0,94.0341916114777,0.06976085006405629,0.20895512581989076,2.7142857142857144,94.0341916114777,,,394386.1133363069,1.0,<2x,241107.79199241343,1.635725291485878,0.0
019ed2aa-3d7d-7db9-b6c7-410060b1bb2a,Ee59eiwnaYWWPe588Er7qwy7HhJAFXb9nE8NGAempire,EMPIRE,AIge of Empires,https://pump.fun,16403.52738850861,16911.42302423179,12481.581737451888,35.0,28,25265.32875624222,25265.32875624222,6.88,6.88,0.5102624833333333,25265.32875624222,35.0,,,28,131,,,20.3247370547725,1.7333324064995,1.0,14.6410741947127,0.7609083974338217,1.5402375451234769,1.25,14.6410741947127,20.3247370547725,1.7333324064995,16911.42302423179,1.0,<2x,16403.52738850861,1.0309625865031313,0.0
019ee016-04ac-79d6-b956-a1da30e9b5c5,EeMWsbbcCi3Wyp1biDUqa93YAdEronW6i25czafpump,SPDR,Spider Robotics,https://pump.fun,16655.222169353146,12735.359498967879,12121.1200040304,31.0,15,7036.19429012115,7036.19429012115,7.6016,7.6016,0.28547581666666666,7036.19429012115,31.0,,,15,117,,,,0.0,1.1531997978509,32.0978661875321,0.7277669358463537,0.42246174914846063,2.066666666666667,32.0978661875321,,0.0,12735.359498967879,1.0,<2x,16655.222169353146,0.7646466297160474,0.0
019ed265-4623-7020-81f8-e4f618f6f4ea,EgYVDhUQgLQvcowhoNPukdXNnZmcRSiMSuMoiVkupump,DURRR,Durrr Market,2026-06-16T21:40:48.000Z,15757.93029816141,13189.000201564957,12239.831040746632,34.0,23,24575.77227631203,24575.77227631203,5.4094,5.4094,0.8206747,24575.77227631203,34.0,,,23,122,,,4.5489601836025,0.0,0.0,21.1074976999649,0.7767410319218597,1.5595812274394603,1.4782608695652173,21.1074976999649,4.5489601836025,0.0,13189.000201564957,1.0,<2x,15757.93029816141,0.8369754118727009,0.0
019ed7a7-1e7b-7d1a-b31d-55c8bfc5a0da,EhYBNftDgsCMDucwWDQzVtvAoJBeZFJe3tbs376sDdsf,BMC,boomercoin,pump,18522.14160091124,12863.373483898577,13051.113358581948,66.0,41,19490.493548038,19490.493548038,6.4673,6.4673,0.7458981166666666,19490.493548038,66.0,,,41,134,,,28.8009148736011,,0.0,22.6147364974528,0.7046222645193398,1.0522807765965423,1.6097560975609757,22.6147364974528,28.8009148736011,,21182.70591542824,1.646745773334125,<2x,18522.14160091124,1.1436423698642983,0.0
019ed565-ecef-7e6d-86db-e19e406d9727,EhuobbLHWas7L3zV2VbgxcFtrBkBUsZJN5mNv99qBAGS,ELON,Speedrun to 1 elon,pump.fun,768738.5456958873,405631.2453938783,11649.382851443032,48.0,22,16054.4507934708,16054.4507934708,7.6334,7.6334,1.9492203333333333,16054.4507934708,48.0,,,22,43,,,,3.0751575833e-06,,2.7414227998448255,0.015153894541475905,0.020884149602434447,2.1818181818181817,2.7414227998448255,,3.0751575833e-06,405631.2453938783,1.0,<2x,768738.5456958873,0.5276582625718184,0.0
019eda03-7c09-7d77-9d9a-46352182d733,EkrnLXAyAryizTvGicA2vvwXexDqy6sTTRhYeBfGpump,muffin,just a chill cat,2026-06-18T09:03:42.000Z,17155.589467559617,13755.159523365497,12597.271012120935,37.0,27,22896.29162859115,22896.29162859115,6.6876,6.6876,0.21276801666666667,22896.29162859115,37.0,,,27,112,,,21.1042844802669,0.0,0.0,21.8619709805142,0.734295433913347,1.3346257598368694,1.3703703703703705,21.8619709805142,21.1042844802669,0.0,13755.159523365497,1.0,<2x,17155.589467559617,0.8017888017998934,0.0
019ed254-504e-7bfe-9aa4-f98546610fc2,EmAnkHTaPNmHVn59Dkf3of6ZKGq1UKbHtEpi6hRXpump,ANSEM,Ansem The Wise,https://pump.fun,19119.11213061838,13150.04891849963,13478.840761111216,69.0,47,27317.35858295746,27317.35858295746,6.9562,6.9562,0.2094858,27317.35858295746,69.0,,,47,162,,,47.6126690392892,1.1293230708877,3.7915194340104,22.8932288106182,0.7049930283909717,1.4287984921229664,1.4680851063829787,22.8932288106182,47.6126690392892,1.1293230708877,13150.04891849963,1.0,<2x,19119.11213061838,0.6877960037401752,0.0
019edd1a-2692-72d2-8b41-9d085b604dce,EmfAFkiXqHqN6j1yGkxShnMLaHLpm7kFdzZzhbtupump,DAWN,Dawn The Scottish Duck,pump.fun,15183.849137764595,12359.9554002156,11660.005854752071,62.0,52,15213.06573602182,15213.06573602182,4.8571,4.8571,0.8214339166666667,15213.06573602182,62.0,,,52,85,,,16.1300976580262,0.0,0.0,22.1516155803251,0.7679216086092309,1.0019241891823436,1.1923076923076923,22.1516155803251,16.1300976580262,0.0,107352.50943677714,8.685509450536086,5x-10x,15183.849137764595,7.070177559244496,1.0
019edadf-526c-799a-9659-34500ee5e4e7,EnLvyd1VnE2xmk7UVRwJXtXV7rQTmQbfkwsfKy3Mpump,NAILSCOIN,NAILS,https://pump.fun,37780.5986852023,31579.609571957142,26381.174989017196,140.0,103,57172.07394780121,57172.07394780121,7.5176,7.5176,0.7515328833333333,57172.07394780121,140.0,,,103,185,,,10.5552033629192,4.3460668100106,0.0,28.8939351892253,0.6982730794933123,1.5132654308676707,1.3592233009708738,28.8939351892253,10.5552033629192,4.3460668100106,53959.654472052614,1.7086865608360486,<2x,37780.5986852023,1.4282371468397943,0.0
019ee095-380b-73d5-b5c5-3fecd375e388,EoHKjiNy8w2ZcizdGexxsHcTHvDZT44HVGJg7eDUpump,CEX,CEXcoin,https://pump.fun,16019.24917936483,13096.340419676499,11952.547638095335,33.0,29,35998.37766585924,35998.37766585924,4.9596,4.9596,0.134522,35998.37766585924,33.0,,,29,85,,,15.3242860740187,0.0,0.0,28.641954664032966,0.7461365700891893,2.2471950628142108,1.1379310344827587,28.641954664032966,15.3242860740187,0.0,28290.94574248655,2.1602176513357145,2x-5x,16019.24917936483,1.7660594092592983,0.0
019edf92-80cc-7761-9b6a-c5472dccff5b,EpPytnMzfZdPhMyp8Ak8FmPhZNFPULXDGXiyqrJ8pump,CryptoBandits,CryptoBandits,2026-06-19T11:07:05.000Z,15990.215027621482,12478.490734290031,11845.434774232706,180.0,125,41663.20501645865,41663.20501645865,6.4898,6.4898,0.8060020166666667,41663.20501645865,180.0,,,125,173,,,27.2018369029811,0.0,0.0,22.8506147005591,0.7407927131543206,2.6055437618874837,1.44,22.8506147005591,27.2018369029811,0.0,61219.510400552565,4.90600279345687,2x-5x,15990.215027621482,3.828560797637933,1.0
019edad6-6434-76b8-871a-8d839aede9b7,EpVHyKK8oxcLmp2C2NhAos1oDxgBNriw3wSLSozYpump,GTAVI,Grand Theft Auto VI,pump.fun,22843.569318512436,14520.65346676719,14497.924195847234,69.0,38,26368.73022657811,26368.73022657811,9.1684,9.1684,0.2660776833333333,26368.73022657811,69.0,,,38,73,,,65.4791625581186,3.21819e-08,0.0,31.3433865108422,0.6346610721687049,1.1543174299477308,1.8157894736842106,31.3433865108422,65.4791625581186,3.21819e-08,1414308.3017841163,97.3997695779315,20x+,22843.569318512436,61.91275461658964,1.0
019ed829-abac-720d-b296-d531c62a79bb,ErFUkwEzKuqsikBkMxFwnTQ4zLZXGUnot5Ewvnr5pump,CENTER,Card Center,https://pump.fun,30076.79754620659,16428.92226179678,12370.086511388781,65.0,41,8659.53916975135,8659.53916975135,13.4016,13.4016,0.26382194999999997,8659.53916975135,65.0,,,41,60,,,23.8956641186462,10.5338283138936,3.4199203120618,30.9258230030177,0.41128336527134507,0.2879142686799621,1.5853658536585367,30.9258230030177,23.8956641186462,10.5338283138936,16428.92226179678,1.0,<2x,30076.79754620659,0.5462324317127594,0.0
019ed201-fc8d-7b29-9fe6-8653f92abc51,Es1Dz2URMGzQFky12hftC1DEapvvraTJ1zg8PcEPpump,mdm,million dollar minion,pump.fun,15106.38454119603,13676.232962135295,11990.089752451991,74.0,53,34297.3283630697,34297.3283630697,5.773,5.773,1.4850629666666668,34297.3283630697,74.0,,,53,186,,,37.8808312931144,0.0,0.0,24.3397076876662,0.7937100846171555,2.270386290613667,1.3962264150943395,24.3397076876662,37.8808312931144,0.0,13676.232962135295,1.0,<2x,15106.38454119603,0.9053280038542231,0.0
019ed176-fc4e-7e59-9a8a-25d39b134a3c,Es9ManscSwzmfBjiYqDrojLgzhc9PmRn68ufASBHpump,CHAIR,Empty CHAIR,pump.fun,18463.39700766599,27446.550884352127,13181.82365501108,137.0,83,29365.24259068746,29365.24259068746,6.8875,6.8875,0.09622884999999999,29365.24259068746,137.0,,,83,102,,,61.9080484801761,0.0,0.0,20.5913032598425,0.7139435743887214,1.5904571936840783,1.6506024096385543,20.5913032598425,61.9080484801761,0.0,27446.550884352127,1.0,<2x,18463.39700766599,1.4865385212134223,0.0
019ed2ec-540f-7378-a2cc-190f719e3111,EuE8uFkJKSRRzsLcxbzyR6QEdN8dKgFMhBQ1E5iApump,BLACKMAN,The Reasonable Blackman,pump.fun,15794.18309111208,13158.508392652724,12235.100872078128,38.0,30,66551.85111803553,66551.85111803553,5.5779,5.5779,0.49483153333333335,66551.85111803553,38.0,,,30,145,,,16.2303769017494,0.0,0.0,26.4573156087876,0.7746586703153538,4.213693784231645,1.2666666666666666,26.4573156087876,16.2303769017494,0.0,13158.508392652724,1.0,<2x,15794.18309111208,0.8331237086935798,0.0
019ed5f9-7e24-752f-b14d-ff9bab81b0cf,EvCtT2DFU1Z9aq9pcRqeioUCU14Vygo3z6h5uSwjpump,Ronaldo,Ronaldo Patriotic Dog,pump.fun,18893.69062107832,12911.980029651397,13275.157020488137,58.0,43,22195.33503371856,22195.33503371856,7.2612,7.2612,0.19235425,22195.33503371856,58.0,,,43,114,,,13.7635461921955,0.0,0.0,22.1807741461804,0.7026238169517822,1.1747485167856424,1.3488372093023255,22.1807741461804,13.7635461921955,0.0,17314.185759424498,1.340939632780082,<2x,18893.69062107832,0.9164004061815385,0.0
019edc03-410e-76f7-a6eb-49b0fdfbdea9,EvFZj7rVA4ttaCtx7NTb5euv2zB61soqJ9UcMiZdpump,AYOUB,Justice For Ayoub,2026-06-18T18:30:04.000Z,15062.5078647145,14677.792497595125,11546.334622293296,65.0,49,24624.55361950117,24624.55361950117,5.7176,5.7176,0.12891655,24624.55361950117,65.0,,,49,100,,,0.0504210851232,0.0,0.0,21.9883025351192,0.7665612344237703,1.6348242829593311,1.3265306122448979,21.9883025351192,0.0504210851232,0.0,16568.68406011786,1.1288266994394796,<2x,15062.5078647145,1.0999950478984801,0.0
019edb16-79d3-71c2-8a96-7df91665f841,Exj9Tiww7X4F3LxuSCGsqs2k7TbB5mQz6SvieUzspump,SENT,Sentient,https://pump.fun,15045.223343194484,13734.500403772954,11716.298237350715,55.0,38,20290.75997222552,20290.75997222552,5.3589,5.3589,0.87624965,20290.75997222552,55.0,,,38,95,,,25.3353494124386,2.284404436138,0.0,24.36399872134,0.7787387378765921,1.3486512967854205,1.4473684210526316,24.36399872134,25.3353494124386,2.284404436138,15976.930355728804,1.1632698595530886,<2x,15045.223343194484,1.0619270974768058,0.0
019ed6e1-356b-7aa0-9ddb-c792078c9fe9,EzwHGpsACpzubwzCmaenibFBGqxQ7LFE7x3U36ASBAGS,INFINITE,Infinite Machine,pump.fun,661635.823454685,447614.6492406127,10938.077492696553,57.0,23,32804.14241616909,32804.14241616909,8.4347,8.4347,0.39036823333333337,32804.14241616909,57.0,,,23,119,,,,0.6109178481175891,,1.1861042527558525,0.016531870108822327,0.04958036015172903,2.4782608695652173,1.1861042527558525,,0.6109178481175891,853189.6968665886,1.9060808182083453,<2x,661635.823454685,1.2895155712877189,0.0
019ed6cb-9571-70ea-a9ce-311eeb4b49d9,F2GLrmimZgFAqakEVkcfdWGnnBgn9Sfj3xN7VmDwBAGS,ASTEROID,Asteroid The Space Shiba Inu,pump.fun,434425.80175477214,500375.7524539823,8873.80572897727,93.0,41,40724.15549455284,60409.11683352588,7.0263,5.239,0.45389698333333334,40724.15549455284,93.0,,,41,121,,,,2.9530096506e-06,,0.8440968752837564,0.020426516319089216,0.093742487969306,2.268292682926829,0.8440968752837564,,2.9530096506e-06,500375.7524539823,1.0,<2x,434425.80175477214,1.1518094699550974,0.0
019edab3-ef2f-78e1-aa09-d7afc7484b09,F4rBqiXHkr6GrBx7yYefEoLhWP3Q21dr9JUE7cs5hsrY,Grok,Official Grok Coin,2026-06-18T12:26:37.000Z,17167.88512237039,14664.579310405974,12542.0499060813,144.0,102,25868.1020143581,25868.1020143581,7.612,7.612,0.18268608333333333,25868.1020143581,144.0,,,102,85,,,37.6218657836993,0.0,0.0,34.0292499370125,0.7305529957058337,1.5067727812700125,1.411764705882353,34.0292499370125,37.6218657836993,0.0,14664.579310405974,1.0,<2x,17167.88512237039,0.8541867100041044,0.0
019ed2f5-9097-7c49-9ffe-41ecabd8980a,F4ypv6LYwFFw2rXuzFtQ3PuYxHksQsmRer7UmWkqpump,KARMA,GOOD KARMA,https://pump.fun,20446.153997955935,14301.63499358176,13916.089714764117,64.0,44,18503.11346570844,60480.54031598568,3.7115,8.9341,0.3525206166666666,18503.11346570844,64.0,,,44,130,,,6.2561752234703,0.8116771682738,0.3564784088685,24.2227272408675,0.6806213880691376,0.9049679204978234,1.4545454545454546,24.2227272408675,6.2561752234703,0.8116771682738,40624.3558160333,2.840539269409726,2x-5x,20446.153997955935,1.986894739230402,0.0
019edf35-1440-75c4-845f-85d327fca2f7,F5x2MoFMKF1NNyXznnFfxm7647SW3w2gp8yFB3AVpump,TRACEY,The Crocodile Hero,https://pump.fun,16394.126844396884,12308.289275275674,12007.31680198343,26.0,18,28900.8795928934,28900.8795928934,6.6568,6.6568,0.13745865000000002,28900.8795928934,26.0,,,18,117,,,4.9955760293296,0.0,0.0,25.700698737772,0.7324157557123722,1.762880076944813,1.4444444444444444,25.700698737772,4.9955760293296,0.0,57894.46057318283,4.703696775268238,2x-5x,16394.126844396884,3.5314147025140135,1.0
019ed272-4cde-7314-926a-b7a5be2d7ce3,F871NCYLqnKM3mwaYnMbHrj1MUn6sAytt83Cb7yapump,nfodor,The Uber Coder,https://pump.fun,16222.096863237517,14056.115810888768,12421.627127309577,109.0,75,34976.4245529568,34976.4245529568,3.9523,3.9523,1.22436995,34976.4245529568,109.0,,,75,146,,,17.0460423978094,0.1980030511676,0.0,20.6160269137828,0.765722657929595,2.1560976270718926,1.4533333333333334,20.6160269137828,17.0460423978094,0.1980030511676,146978.08758057188,10.456522239715273,10x-20x,16222.096863237517,9.060363084975366,1.0
019ed6e8-c019-70c0-99e7-5bec06ab7a22,FGxuX4ji2uV81PniqW5MLWtCT6icXsrFwfyVAii9BAGS,MIM,magic internet money,https://rapidlaunch.io,332041.0671027407,283112.634760229,7829.765787625113,62.0,20,40188.18200019104,40188.18200019104,5.2129,5.2129,0.25944893333333335,40188.18200019104,62.0,,,20,146,,,,0.719612611554095,,1.5457870468037895,0.0235807150481251,0.12103376956006452,3.1,1.5457870468037895,,0.719612611554095,283112.634760229,1.0,<2x,332041.0671027407,0.8526434312193913,0.0
019ed2bd-84f9-705b-96b1-ac116773ce79,FJVis6jGFFiizZ1NSyNdKYHSTnqUWHmM5P3nyco5pump,Meepcat,Meepcat,pump.fun,16583.652428890244,13081.774101199904,12541.493558677665,118.0,86,30312.58448292312,30312.58448292312,6.105,6.105,0.24221198333333332,30312.58448292312,118.0,,,86,141,,,18.5532339015419,0.0,0.0,23.9255539961627,0.7562564165195137,1.8278593701177563,1.372093023255814,23.9255539961627,18.5532339015419,0.0,867587.9995214477,66.32036242254554,20x+,16583.652428890244,52.31585763399321,1.0
019ed4d9-44eb-7b90-b455-22713f85dae5,FKxbCh3egLotiMNFAEMLw8MDQjAVmmEA1LLq7mFvpump,Monaka,もなか,https://pump.fun,15932.588630174707,15939.395527124296,12181.31782745422,37.0,24,32574.96563483652,32574.96563483652,6.1549,6.1549,0.10351056666666666,32574.96563483652,37.0,,,24,126,,,22.824069821139,0.0,0.0,27.1282457203292,0.7645535895142639,2.044549469704053,1.5416666666666667,27.1282457203292,22.824069821139,0.0,36230.24581116803,2.2729999860731547,2x-5x,15932.588630174707,2.273971082298053,1.0
019edcc5-aab7-7568-93c1-0819962028f4,FLV5dyWooZCcQvPXDtUZscT8CFkFKdyaEtRakM3fpump,CHAT,Hey Chat,pump.fun,17345.161413621623,12776.555305745731,12455.9916552634,20.0,18,17791.49133773174,17791.49133773174,6.8542,6.8542,0.4784337166666666,17791.49133773174,20.0,,,18,69,,,51.0019811413545,0.0,0.0,29.0308722587218,0.7181248625038089,1.0257322439074912,1.1111111111111112,29.0308722587218,51.0019811413545,0.0,12776.555305745731,1.0,<2x,17345.161413621623,0.736606307722911,0.0
019ecf3a-8deb-739f-a853-de94da023902,FMG8uGf9ewX31bop9EJxDS8L9xVb2jtrHGSgFdF1pump,Fatou,Fatou,https://pump.fun,15183.765892258338,14001.39966762347,12042.901434765114,25.0,16,36598.58021320738,36598.58021320738,5.9798,5.9798,2.2485571833333333,36598.58021320738,25.0,,,16,144,,,9.960806190887777,0.3437839507872315,0.0,16.90205049065878,0.7931432505097672,2.4103756915711996,1.5625,16.90205049065878,9.960806190887777,0.3437839507872315,14001.39966762347,1.0,<2x,15183.765892258338,0.9221295801697184,0.0
019ed72a-f769-74ee-bf62-bcc9da2fe418,FQqnRAD8vASS4NZTHTUNbQbTwVTNV2EtDMxMr6obpump,Niggamon,Niggamon,https://pump.fun,15782.960776490574,13401.82892550282,12068.504562301354,73.0,57,32347.59823787798,32347.59823787798,5.9196,5.9196,2.333168683333333,32347.59823787798,73.0,,,57,141,,,12.6870161928571,0.0,0.0,24.9571827701125,0.7646540299509539,2.0495266189890793,1.280701754385965,24.9571827701125,12.6870161928571,0.0,13401.82892550282,1.0,<2x,15782.960776490574,0.849132752421551,0.0
019ed6d7-e373-779f-b32b-4eb99d9ad84b,FS6jUBaKSEjynnVXYVixU16Au2ahHqoT6xQMk2QQpump,CHAN,MEMECHAN,https://pump.fun,17667.15043195347,13952.397782225435,12904.153841891066,28.0,25,17135.16398025579,17135.16398025579,7.3573,7.3573,0.49061184999999996,17135.16398025579,28.0,,,25,76,,,18.3649269374303,12.3852010086081,0.0,25.4254133582434,0.730403801767156,0.9698883838824677,1.12,25.4254133582434,18.3649269374303,12.3852010086081,13952.397782225435,1.0,<2x,17667.15043195347,0.7897367397172668,0.0
019edcc7-7efa-7440-bd69-39831d9f32a5,FUYFqC4DM8SL2gnmzCmgkNcJprhM9hLbBguDyvEJBAGS,ASTEROID,Asteroid Shiba,https://rapidlaunch.io,1571620.0633678073,1608283.4771856978,16293.685403023232,82.0,34,14665.54713412866,14665.54713412866,14.3314,14.3314,0.41908306666666667,14665.54713412866,82.0,,,34,56,,,,0.4351676543187002,,3.1960894331609353,0.010367445531401318,0.009331483782856538,2.411764705882353,3.1960894331609353,,0.4351676543187002,3999136.3974503907,2.4865867579814958,2x-5x,1571620.0633678073,2.5445948996608543,1.0
019ed54a-fcf1-7dfb-ad67-6bf1eae5976f,FXcKm6Sifct3mFtccvaETBtjkGCrpsRQLFtmbV2hpump,Ponyo,ポニョ,https://pump.fun,15222.878879458314,13312.944823006608,11878.04050199697,67.0,56,26412.00939394164,26412.00939394164,3.6534,3.6534,0.5728171166666667,26412.00939394164,67.0,,,56,154,,,29.2520373834092,0.385850538381,9.2980475989504,24.6874289357511,0.7802755704786658,1.7350206621943165,1.1964285714285714,24.6874289357511,29.2520373834092,0.385850538381,30448.636878118872,2.287145127011976,2x-5x,15222.878879458314,2.0001891310589173,1.0
019edb68-60bb-78d9-bd5e-662cc974f704,FXsUoxWMENpigXp4Rdpp74TGubsNoHfjECcvoWN2pump,404,Coin Not Found,pump.fun,17315.19791832079,12900.651136253346,12415.666177878515,61.0,42,31086.261925971,31086.261925971,6.9556,6.9556,2.05335665,31086.261925971,61.0,,,42,141,,,0.2127846201541,0.0,0.0,13.774602376504,0.7170386521970852,1.7953165809949756,1.4523809523809523,13.774602376504,0.2127846201541,0.0,17547.946589318843,1.360237278256885,<2x,17315.19791832079,1.0134418718224287,0.0
019edece-b374-787c-b2b1-0f08ef61a63a,FaNP3LYqaBKNPpk1r7bPcaTGS4DC5pz2jVuegT4kpump,GOTCHI,GotchiPets,2026-06-19T07:20:17.000Z,21876.72963945211,12736.157925620588,13875.573622412518,23.0,19,32595.62643466137,32595.62643466137,9.968,9.968,0.2765969166666667,32595.62643466137,23.0,,,19,218,,,0.6546452596556,0.0,0.0,25.7593630079295,0.6342617864321709,1.4899679692470573,1.2105263157894737,25.7593630079295,0.6546452596556,0.0,68489.79219955535,5.377586600255515,5x-10x,21876.72963945211,3.1307143859401205,1.0
019edc1e-9916-7cdf-ad08-956adb040f85,FbBzPWxRZ1TBC4kKPKkmNCA2fNP5xFvkqQqHPubSpump,ANSEM,The Black Bear,https://pump.fun,15452.032478312818,12525.735126666172,11678.503128148575,48.0,48,16425.90527190606,16425.90527190606,6.442,6.442,0.8106892833333333,16425.90527190606,48.0,,,48,154,,,28.8453379069935,1.9363430727159,0.0,17.6931096512335,0.755790744326971,1.0630255466366698,1.0,17.6931096512335,28.8453379069935,1.9363430727159,38345.917700986574,3.061370635193422,2x-5x,15452.032478312818,2.4816099600363706,1.0
019ed275-9315-7398-b103-4dc47e8b3cad,FbroMwessM4peLrkLcEYU8WJbFPk7FRAdrvnNRaJpump,DIALOG,The Dialog Society,pump.fun,16192.657194937727,15050.325168743868,12407.872206309972,22.0,16,10222.1839760046,10222.1839760046,6.5933,6.5933,0.32874635,10222.1839760046,22.0,,,16,58,,,25.1971878925626,,1.9488822765113,28.0117424509215,0.7662653545329804,0.6312851468998145,1.375,28.0117424509215,25.1971878925626,,31513.867272229916,2.0938994286766053,2x-5x,16192.657194937727,1.9461825747834658,0.0
019ed1db-8689-7cde-9357-e82aea0213d8,Fcgu5EyF4xAwZx9QiG9WcLTUg93xkMe2asb9cX49pump,Deflation,Deflationary Coin,pump.fun,15318.047772847829,13006.282739336697,12055.866002362225,68.0,62,31783.92023947344,31783.92023947344,5.5601,5.5601,2.81997455,31783.92023947344,68.0,,,62,154,,,17.8537516788309,0.0,0.0,27.2131157275688,0.7870367151963046,2.074932831572204,1.096774193548387,27.2131157275688,17.8537516788309,0.0,13006.282739336697,1.0,<2x,15318.047772847829,0.8490822676758538,0.0
019edbcc-a3ec-7d31-8bec-9a121218e050,FdUCnpoTktJrmct55L3Rfpk9NDbd3KZpicwUXA9Bpump,Sheba,The Human Chimp,https://pump.fun,16441.519817653025,13432.674873484559,12086.09574608716,20.0,16,39895.99595018735,39895.99595018735,6.7565,6.7565,0.6083549,39895.99595018735,20.0,,,16,164,,,5.556433367759407,0.0,0.0,20.94877764359222,0.7350960178943123,2.4265394192665566,1.25,20.94877764359222,5.556433367759407,0.0,23172.512616833636,1.7250854974964844,<2x,16441.519817653025,1.409389939241118,0.0
019ed259-a1d6-7e44-ad24-eb31ecc6319c,Fgxx5TmkW9MDs2quLB7sYQwJYNMDprdt4kHyWe8ypump,PIP,Pip The Baby Squirrel,https://pump.fun,15760.652636242427,13227.914411012125,12235.38254009061,26.0,17,22553.66706316209,22553.66706316209,5.9412,5.9412,0.4813348833333333,22553.66706316209,26.0,,,17,97,,,0.0,0.0,0.0,26.6033703775023,0.7763246118345837,1.4310109856300481,1.5294117647058822,26.6033703775023,0.0,0.0,13227.914411012125,1.0,<2x,15760.652636242427,0.8392999145602549,0.0
019ed2b3-abbe-7117-9caf-1d11e28f4446,FhbaGHu5ZhBqyigtqWasJrHyGQoFenrgcroVMTCNpump,topc,trenches of pumpcraft,https://pump.fun,15460.851501729685,13076.954394793047,12123.688151002776,55.0,50,8900.7767951388,8900.7767951388,6.2531,6.2531,1.0445299666666668,8900.7767951388,55.0,,,50,63,,,24.400593260055,0.0,3.4199203154141,24.7936753447657,0.784153974290901,0.5756977094141952,1.1,24.7936753447657,24.400593260055,0.0,13076.954394793047,1.0,<2x,15460.851501729685,0.8458107493840207,0.0
019edfcb-5b01-77fd-a93d-15cc996a3ce0,FhhDi7qyJqn2Gjt6k3574NrVi4awHqH2gKt1WJe9pump,WAR,WAR,2026-06-19T12:11:38.000Z,18455.900029860066,22193.190976871854,9421.463695439828,22.0,19,45294.81014022148,45294.81014022148,5.7604,5.7604,1.0423097833333332,45294.81014022148,22.0,,,19,227,,,13.9679195674792,9.2450972716671,28.4029411764706,19.2219693441922,0.5104851933634614,2.454218437840385,1.1578947368421053,19.2219693441922,13.9679195674792,9.2450972716671,45365.72246776468,2.044127972180367,2x-5x,18455.900029860066,2.458060695732358,1.0
019ed64c-da77-75d9-bf7f-45e0ab35d2ee,FidreAFHsPkgNdZgyRcu2EhFF3R7roA9KuYUM6tZpump,prutzker,prutzker,pump.fun,15277.761951789364,13205.916205271475,12034.230916918108,48.0,33,31315.8588595402,31315.8588595402,5.3558,5.3558,0.11974226666666667,31315.8588595402,48.0,,,33,168,,,10.8107549746338,0.0,0.0,23.6729097910306,0.7876959305226401,2.049767430488889,1.4545454545454546,23.6729097910306,10.8107549746338,0.0,13205.916205271475,1.0,<2x,15277.761951789364,0.8643881379317322,0.0
019ed8a2-95ae-787c-ae23-9e73ad23f112,FjjgcySgTgtATcmwit6FikQ45ARbgD3obbhXxAVNpump,500K,500K in 5 Minutes,2026-06-18T02:47:40.000Z,19193.4744783844,14665.803921817916,13380.999839387316,99.0,73,22735.89189396965,22735.89189396965,7.3727,7.3727,0.25914753333333335,22735.89189396965,99.0,,,73,201,,,21.1961689109253,,0.0,25.4170877932137,0.6971640207434529,1.1845636348736495,1.356164383561644,25.4170877932137,21.1961689109253,,14665.803921817916,1.0,<2x,19193.4744783844,0.7641036508702203,0.0
019ed5b9-f8a0-7c80-9160-75adc0755b0d,Fjyn8W8PK9kfcMNuibAhG9SXNXFQ2xE7y65hZNhppump,Pilly,Pilly,2026-06-17T13:16:22.000Z,19058.897202725388,13967.562497154517,13327.97029153325,125.0,71,34498.71806728243,34498.71806728243,8.7283,8.7283,0.6187268833333334,34498.71806728243,125.0,,,71,123,,,55.4289353808976,13.255990860582,0.0,31.814940220352,0.6993043799841354,1.8101109261636177,1.7605633802816902,31.814940220352,55.4289353808976,13.255990860582,30026.382431147307,2.149722432762646,2x-5x,19058.897202725388,1.5754522474077666,0.0
019ed2e4-7fb8-76cd-8f80-21e2417d55a4,Fk5TidwF6UH5PRV5sBkyg5KLV9XBt9SfVc977JvQpump,OG,Original Gainers,https://pump.fun,23814.305473965047,21049.484435687315,15014.546059444332,155.0,136,51095.97120391894,51095.97120391894,5.3519,5.3519,0.25293661666666667,51095.97120391894,155.0,,,136,224,,,30.4148464024945,2.2297720536424,0.0,15.7856540104368,0.6304843143907329,2.145599889939244,1.1397058823529411,15.7856540104368,30.4148464024945,2.2297720536424,21049.484435687315,1.0,<2x,23814.305473965047,0.8839008325772771,0.0
019ed23d-b5f7-7ed4-bbbf-e0c7a867bc3e,FnCMizjxJzKWk9KCy48K62jZXM9Zua27KvPyJQympump,coedoctopus41,coedoctopus4165,pump.fun,14972.191083917645,13774.018527647986,11951.289202914559,56.0,33,16451.80779757599,16451.80779757599,4.8603,4.8603,1.4605159666666667,16451.80779757599,56.0,,,33,44,,,22.950415299862,0.0,0.0,33.499982832578,0.7982324788622299,1.0988243274057379,1.696969696969697,33.499982832578,22.950415299862,0.0,13774.018527647986,1.0,<2x,14972.191083917645,0.9199734661711154,0.0
019eded7-a6eb-7109-ae6f-644c30148054,FoiUBbx7SAtGVJrBx2rtDbka6XebS12Qzd2WzXvgpump,WAIFU,WaifuCoin,https://pump.fun,50895.41441999507,51677.204524708446,15683.576915935246,70.0,30,81984.0671439928,82315.86573093008,25.497,25.6183,0.2158794,81984.0671439928,70.0,,,30,323,,,10.1002817207746,0.2625359218205,0.4888104182267,22.6468201633795,0.30815304472250654,1.610834061934351,2.3333333333333335,22.6468201633795,10.1002817207746,0.2625359218205,144603.69614310918,2.798210496737875,2x-5x,50895.41441999507,2.841193018880289,1.0
019edf00-8bbf-704c-acd4-e7837012da79,FpBYNrhzBV487ss9paCKoF6xbKFCHMpviZcbZNYjpump,MOG,Generational Mog,2026-06-19T08:21:36.000Z,16100.315627932025,12569.505341650916,11920.965552969883,29.0,18,37120.19479740755,37120.19479740755,6.8754,6.8754,0.4878399666666667,37120.19479740755,29.0,,,18,189,,,6.7589959129931,0.0,0.0,28.2620403653206,0.7404181277221985,2.3055569626851713,1.6111111111111112,28.2620403653206,6.7589959129931,0.0,27043.826144783936,2.151542595329525,2x-5x,16100.315627932025,1.67970782497371,0.0
019ed66a-4157-7158-9c8c-262b946b1ede,FpJfSLANsaPJkRFuFroPqPkYJGyNbXdQ194P499spump,mohammad,mohammad Something,2026-06-17T16:26:16.000Z,17142.74628274183,15329.259627849535,12782.197990100676,196.0,120,47681.48427265422,47681.48427265422,6.9537,6.9537,0.14562626666666667,47681.48427265422,196.0,,,120,180,,,18.7371486223611,0.0343297225649,0.0,22.7868246102138,0.7456330379788061,2.7814379030188845,1.6333333333333333,22.7868246102138,18.7371486223611,0.0343297225649,25186.51712185973,1.6430354585489542,<2x,17142.74628274183,1.4692230000053044,0.0
019ed634-18f3-77b8-82bf-1c778520634a,Fq8c4GcVpMjNz3KiV4tGi7s5iKcoVGGRXup3RNcApump,AGI,Artificial Glaze Intelligence,https://pump.fun,15598.958706390147,14725.721518693636,12104.340937689469,66.0,44,29407.41468563125,29407.41468563125,6.3583,6.3583,1.0123724166666668,29407.41468563125,66.0,,,44,101,,,7.6846962883676,0.0,0.0,16.0374147696753,0.7759710866297056,1.8852165224070014,1.5,16.0374147696753,7.6846962883676,0.0,14725.721518693636,1.0,<2x,15598.958706390147,0.9440195205248676,0.0
019ed447-4c1a-7c5f-8e88-9fd28fefa932,FtGf422SGcLN9apk6T9STEFS536kLHbgf581vpR4pump,MEEP,MEEP CAT,pump.fun,14081.715376354781,14496.738261911882,11538.814784012075,26.0,15,13694.65793542485,13694.65793542485,6.3701,6.3701,0.34251871666666667,13694.65793542485,26.0,,,15,82,,,14.4666744458039,8.505391384855,0.0,21.4919217051708,0.8194182651488183,0.972513473636894,1.7333333333333334,21.4919217051708,14.4666744458039,8.505391384855,25636.995948810458,1.7684664981617293,<2x,14081.715376354781,1.8205875678937986,0.0
019ed50a-d4e3-7598-a1ef-074e3c75e5f2,Fvk8E2KUx2CNeuLzh1tWSwLzWDE5xZHTzHjcGjUopump,BOSS,I'm the boss,https://pump.fun,15575.214374026693,14562.43469530878,12050.111787805332,95.0,68,31386.31228552596,31386.31228552596,5.799,5.799,1.9947107166666667,31386.31228552596,95.0,,,68,130,,,26.523377514618527,0.0,0.0,21.91007990497162,0.7736722910151503,2.0151448019788374,1.3970588235294117,21.91007990497162,26.523377514618527,0.0,41273.483957389704,2.8342433680190693,2x-5x,15575.214374026693,2.649946444796136,1.0
019ed193-54ba-7d06-bb90-4300845afa93,Fvqj37hHtB37A5KnjY7r12E4pgLLUTtJiLFMyswsicar,SICAR,Sicar.io,https://pump.fun,74969.10493048021,62552.59397889174,19879.701805798028,108.0,39,89699.71577893202,89699.71577893202,34.0161,34.0161,2.5235537,89699.71577893202,108.0,,,39,149,,,22.9632678904878,28.2966231872101,4.0999999999999,35.0479802633318,0.26517192414438884,1.196489085231999,2.769230769230769,35.0479802633318,22.9632678904878,28.2966231872101,62552.59397889174,1.0,<2x,74969.10493048021,0.8343782953911153,0.0
019ed4db-67bd-7074-b171-15c4428b6461,FxceNEQ6aMFY1UF3X3GPxb9f9zz1ULC6g1Zr8rCCpump,落ちる猫,Falling Cat,pump.fun,15322.522233262665,14626.255012203606,11945.791002641303,75.0,54,36789.88444424608,36789.88444424608,5.9013,5.9013,6.4303781833333336,36789.88444424608,75.0,,,54,137,,,4.9275857089246,,0.0,27.6263300739519,0.7796230164188611,2.401033190500538,1.3888888888888888,27.6263300739519,4.9275857089246,,22248.07427652311,1.5211053176606137,<2x,15322.522233262665,1.4519851195403206,0.0
019edaa7-faa9-70cb-9401-026687956d7f,FyGmxqqt6Vit6WhXg9rpedyvury8Vt7NNQZwGR5Jpump,DARK,Dark And Darker,https://pump.fun,26046.978897651305,23530.74660211445,15424.68512833212,27.0,20,24618.40753599154,24618.40753599154,11.398,11.398,0.2538202,24618.40753599154,27.0,,,20,129,,,17.223674045906,8.2059271250847,0.0121184711264,27.3820360660286,0.5921871088751481,0.945154047719961,1.35,27.3820360660286,17.223674045906,8.2059271250847,51337.54375338255,2.181721839151904,2x-5x,26046.978897651305,1.970959624726833,0.0
019ed1c1-52d4-7aea-b99b-5a3491be197b,FzKQXsikKy2NzoBmfxEGDwMaRaDzTQxHGVs7p2ijMusk,MUSK,the most valuable sack,https://pump.fun,16257.655734965656,15282.415709950146,12426.812679971923,22.0,18,37754.37244603873,37754.37244603873,3.9208,3.9208,0.2815366166666667,37754.37244603873,22.0,,,18,98,,,,31.4463416752973,35.0,68.0103711507293,0.764366824009278,2.3222519323520716,1.2222222222222223,68.0103711507293,,31.4463416752973,15282.415709950146,1.0,<2x,16257.655734965656,0.9400134902033851,0.0
019edbe9-1c03-7c36-913b-04904370d40b,G4fjJVJudj3fadE5DfcQS4v7DkmYFPsAnRwgvq1JyWcQ,PNUTEROID,Pnut Asteroid,pump,22887.560809662486,12127.067759490457,14203.935644916588,153.0,113,34196.578348232,34196.578348232,9.6599,9.6599,0.50869665,34196.578348232,153.0,,,113,173,,,23.0415662092471,0.0,0.0,21.8652612095713,0.6205963039504011,1.4941119603184259,1.3539823008849559,21.8652612095713,23.0415662092471,0.0,42119.621150123254,3.473190880554047,2x-5x,22887.560809662486,1.8402844016624755,0.0
019ed660-5405-7c21-a34b-0f4bb2d87e6f,G4nJ8psjvB1AuVFiHeWsTGmGzrV2gEEfNMN45M5vpump,硬币,硬币,2026-06-17T16:17:06.000Z,25508.026127150937,13306.733990156468,11516.03936673097,142.0,97,38092.65531734278,38092.65531734278,9.2671,9.2671,0.24189346666666667,38092.65531734278,142.0,,,97,229,,,47.1420864182104,2.0677112672792,0.0,25.0299105929705,0.4514672875637841,1.4933595852325348,1.4639175257731958,25.0299105929705,47.1420864182104,2.0677112672792,13306.733990156468,1.0,<2x,25508.026127150937,0.5216685102887157,0.0
019ecfbb-e3f5-7598-a518-1ef38bbeebff,G7pzH1i6A3A9Drj92mgnU3khHkJD4NohME8Vgphwpump,KOHEN,Justice for Kohen Wiley,https://pump.fun,18441.58262994572,19758.790456801333,13352.165707628788,75.0,59,25997.95071333841,25997.95071333841,6.2356,6.2356,0.24715496666666667,25997.95071333841,75.0,,,59,90,,,36.1923384369528,22.185796522166,6.8859669987387,39.7350787752833,0.7240249373146175,1.4097461825821038,1.271186440677966,39.7350787752833,36.1923384369528,22.185796522166,19758.790456801333,1.0,<2x,18441.58262994572,1.0714259645328224,0.0
019eddee-1dca-7339-9f05-8988808e928a,G9QiASU1UxaXXvfJmZ911MDd8pFTjk5cYR5DWMH6pump,MCAT,Mayhem Cat,https://pump.fun,16350.246824096246,14613.943354597772,12070.918532860103,68.0,41,14506.64623974768,14506.64623974768,6.2552,6.2552,0.24428280000000002,14506.64623974768,68.0,,,41,105,,,19.650488025911,0.3193711123242,0.0,26.6607681446354,0.738271333926931,0.8872432566808991,1.6585365853658536,26.6607681446354,19.650488025911,0.3193711123242,20279.385837726324,1.3876737678298252,<2x,16350.246824096246,1.2403106849640637,0.0
019ed88a-bef8-7666-8516-ca232341b415,G9urCuGt7kQcdFu7Ss62Wd5kDFExH47w6riTEdMnoadM,ASI6900,ANSEM SHILL INDEX 6900,pump,14982.04228891441,12882.424515596224,11807.420315355645,47.0,33,40812.61824134424,40812.61824134424,5.4231,5.4231,0.461098,40812.61824134424,47.0,,,33,181,,,17.5406435237625,0.0,0.0,22.9556066802059,0.7881048583137595,2.7241024590848015,1.4242424242424243,22.9556066802059,17.5406435237625,0.0,14804.801202815897,1.1492247584988626,<2x,14982.04228891441,0.9881697646635493,0.0
019ed8f9-1fdf-78d7-b7fd-229c9d9042d5,GABHHgioMnxWfnCSdubyLG4CJ4ZrHHH74Cq59XnRpump,WARSHIE,kevun warshie,https://pump.fun,16399.935659745985,13416.161309944482,12257.418376131613,108.0,84,27656.71649277004,27656.71649277004,6.503,6.503,1.1727658166666666,27656.71649277004,108.0,,,84,135,,,27.2176443241093,0.0,0.0,22.0390937852375,0.7474064917350697,1.6863917680271197,1.2857142857142858,22.0390937852375,27.2176443241093,0.0,97749.9123259866,7.285982187284174,5x-10x,16399.935659745985,5.960383891378061,1.0
019ed67c-bb47-7593-a5ba-72f73403c2c2,GBse64zcyGmPDjS2UseqHCHE2gfCV53cSmvh9axMpump,DIH,dih,https://pump.fun,14413.990462299866,14229.930303244306,11717.650350747763,66.0,47,13943.92492763424,13943.92492763424,5.7038,5.7038,0.17317071666666667,13943.92492763424,66.0,,,47,96,,,17.2538320887669,5.0474552272026,0.0,22.7735320872406,0.8129359028920933,0.9673882443661183,1.4042553191489362,22.7735320872406,17.2538320887669,5.0474552272026,29087.215724277903,2.0440870126852455,2x-5x,14413.990462299866,2.0179849431950303,1.0
019edb11-4f17-7b47-b62e-5201c065dc6f,GCixDrFnkfCUJMHYsENQBRBdXJtbniUFKzT3dymfpump,AFTER,AFTER GTAVI,2026-06-18T14:05:54.000Z,39727.372072219805,13805.77771835908,14079.198176560882,37.0,26,21357.14014834218,21357.14014834218,16.5217,16.5217,1.2712954833333332,21357.14014834218,37.0,,,26,85,,,25.2459334193098,6.7148505240076,0.0,25.9555721067493,0.35439540654656226,0.5375925724338713,1.4230769230769231,25.9555721067493,25.2459334193098,6.7148505240076,28132.12812990725,2.0377068719929357,2x-5x,39727.372072219805,0.7081296008899423,0.0
019ed19e-6cf6-70d2-a0f0-be0706913aad,GE4V2aoWts4zP9QHBi8qjAxoEab6bhuV1qYX52NXpump,FAP,Fried Apple Pie,https://pump.fun,14066.364614622235,15565.825683655905,11577.81546193445,58.0,40,22772.18010987885,22772.18010987885,5.317,5.317,0.6136674666666667,22772.18010987885,58.0,,,40,146,,,18.5593685600666,0.8491496647149,0.0,17.7477581730221,0.8230851239202989,1.6189101259473089,1.45,17.7477581730221,18.5593685600666,0.8491496647149,15565.825683655905,1.0,<2x,14066.364614622235,1.106599047452172,0.0
019eda0a-656a-7d98-a96b-29150b7db47b,GKPio535WcAG2xqeJvQeY2PkRswdbX3UgJMdscyGpump,Fansem,sleepyPanda2324,2026-06-18T09:18:29.000Z,18041.11971018075,12942.830775639377,12938.089015380694,52.0,37,38463.85852516316,38463.85852516316,7.053,7.053,3.1296337500000004,38463.85852516316,52.0,,,37,126,,,24.6934493290638,2.3684720531364,0.0,28.8926383570267,0.7171444579506685,2.1320106037242077,1.4054054054054055,28.8926383570267,24.6934493290638,2.3684720531364,27298.549927705582,2.1091637834812866,2x-5x,18041.11971018075,1.5131294712434502,0.0
019edc8a-0b67-78c7-a556-0896a59d611a,GQLo3D8LzH1FLRqwRuBQEWqQvzPu2AiwcdABwoUupump,TARDS,WE TARDS,https://pump.fun,15034.12254273782,12656.491890650026,11622.380489555375,26.0,18,23521.731902086,23521.731902086,4.5183,4.5183,2.90356615,23521.731902086,26.0,,,18,133,,,2.5661458076839,0.0,0.0886745593263,21.7794726558273,0.7730667657201933,1.5645563507428035,1.4444444444444444,21.7794726558273,2.5661458076839,0.0,25748.050224622188,2.0343749632268593,2x-5x,15034.12254273782,1.7126407045989986,0.0
019ee04d-b38e-7e83-8c42-a2b257e9f163,GT541LwRhAZFL149mpHtrEMTjZqm1r269eBfrq7Npump,DRIP,Bitcoin Drip,https://pump.fun,15263.683329391186,13501.135333424767,11652.734728656833,20.0,21,21626.32302315048,21626.32302315048,6.5334,6.5334,0.8890566,21626.32302315048,20.0,,,21,142,,,21.60015192115,,,26.2149494643708,0.7634287528894652,1.4168482506124604,0.9523809523809523,26.2149494643708,21.60015192115,,15779.020652836043,1.1687180569008826,<2x,15263.683329391186,1.0337623175431412,0.0
019ed6ce-fd6a-79ed-b599-4a5c65643e5f,GUrNWV2kARKwi7bhcimknoBpUhDHTsKht3aK2kJLBAGS,ASTEROID,Asteroid Shiba,https://bags.fm,174525.57108686308,719359.7781456781,5648.771388684528,83.0,22,36291.25560533655,36291.25560533655,-0.0754,-0.0754,0.20476783333333334,36291.25560533655,83.0,,,22,54,,,,0.0110515024431028,,3.0692652069629753,0.032366439791639924,0.2079423397919955,3.772727272727273,3.0692652069629753,,0.0110515024431028,719359.7781456781,1.0,<2x,174525.57108686308,4.121801599993881,1.0
019edbbb-7beb-7acf-b7df-2fda6820ed6d,GW637WykoW4cnzKsyxSUhHEZQLU5Vq9ev7d5kdzYpump,OBI,OBI,https://pump.fun,72964.16949623369,68131.14504034305,18808.870944634255,65.0,25,25259.1275877444,25259.1275877444,28.6863,28.6863,3.019317033333333,25259.1275877444,65.0,,,25,93,,,,0.36999908489467415,74.5026415090502,82.67611498890976,0.2577822933433806,0.34618536416080553,2.6,82.67611498890976,,0.36999908489467415,2714753.0502600796,39.84599185368998,20x+,72964.16949623369,37.20666004976883,1.0
019edaf9-85fd-7649-84fe-eea4386feffa,GWTWRZ4mdPyDyFqnCvg5VzD2fzTZXNM5Ag5vPEgipump,CLAWBUCKS,Lobsters Inc.,https://pump.fun,16406.898695253145,12694.050624180378,12234.22649644521,27.0,23,15982.26258539955,15982.26258539955,6.4819,6.4819,1.4185013833333333,15982.26258539955,27.0,,,23,111,,,18.1834444720011,2.5847571063505,0.0,24.2830567610222,0.7456757504076517,0.9741184414104751,1.173913043478261,24.2830567610222,18.1834444720011,2.5847571063505,25408.880941490188,2.0016369631526323,2x-5x,16406.898695253145,1.548670557028642,0.0
019ed652-1ee1-79c8-89bc-0ce69d0f05c7,GXB3aNL2ABERkqg8jDkGFnbtuZd2ohnk3fC7sqDZpump,DogTrain,DogTrain,2026-06-17T16:00:03.000Z,14062.165217685324,13003.566174258975,11551.312974762403,51.0,35,21927.45592425696,21927.45592425696,5.2218,5.2218,0.09511076666666667,21927.45592425696,51.0,,,35,85,,,15.1891481588957,0.0,0.0,23.6639830531736,0.8214462563869509,1.5593228770118437,1.457142857142857,23.6639830531736,15.1891481588957,0.0,13003.566174258975,1.0,<2x,14062.165217685324,0.9247200536305036,0.0
019ed7e8-05b2-71a3-b3fd-70217e0ee16a,GYCDh8koGqQdQfCsbkxG9oCuvShWUyDQFMCdyAwZpump,Mussi,Leonel Mussi,https://pump.fun,14816.08306948923,13554.480774704443,11720.720376786012,27.0,23,39371.13184669505,39371.13184669505,1.8378,1.8378,1.9138467666666665,39371.13184669505,27.0,,,23,179,,,20.5112547166557,1.1905573127253,36.9645933010101,20.0154128980151,0.7910809032194548,2.657323913617361,1.173913043478261,20.0154128980151,20.5112547166557,1.1905573127253,37724.269056144294,2.783158549794533,2x-5x,14816.08306948923,2.5461701908131107,1.0
019ed6eb-2502-7126-a5d0-b2a383f782a3,GYLwtKNmTKSChXCK8C5u1SJev32mN6u7nTTVnHh5pump,Pekachu,Pekachu,2026-06-17T18:46:49.000Z,16300.376734482308,14533.632290888825,12466.711535535322,94.0,67,24542.5874729452,24542.5874729452,6.3811,6.3811,0.6020011833333334,24542.5874729452,94.0,,,67,113,,,14.5847745657892,0.0,0.0,28.7401092451865,0.7648112518260307,1.5056454137668531,1.4029850746268657,28.7401092451865,14.5847745657892,0.0,160127.9359305591,11.01775060257605,10x-20x,16300.376734482308,9.823572702575618,1.0
019edaa1-71eb-7b5e-8555-e68fb20abe88,GZoTNWDs77uPdj5xm6K4CVGJZ6g6BoCHawY1RMfhpump,COGE,Cogecoin,2026-06-18T12:06:02.000Z,23137.095867664757,16292.036654000374,14532.401777949462,153.0,103,29233.720014394,29233.720014394,9.0264,9.0264,0.13474763333333334,29233.720014394,153.0,,,103,188,,,27.05754591533,0.0,0.0,25.2028097661699,0.6280996483339647,1.263499973445223,1.4854368932038835,25.2028097661699,27.05754591533,0.0,21875.62859836715,1.342719088039602,<2x,23137.095867664757,0.9454785822510867,0.0
019edcb6-0cfd-70d6-877f-0c82fb2a8b86,Ga4NC8pM5s11fGtkxmtkgKEHZrvgySb2dh1Rd92Zpump,Donny,Donny the Scottish duck,pump.fun,39124.31570189442,18815.849867627738,13847.919842173018,76.0,50,33691.15958789636,33691.15958789636,16.7709,16.7709,0.5799963,33691.15958789636,76.0,,,50,175,,,30.5870417348582,5.820729767988,9.7545454545454,26.1393067413505,0.3539466337938403,0.8611309612314835,1.52,26.1393067413505,30.5870417348582,5.820729767988,46700.876471998585,2.4819966571027137,2x-5x,39124.31570189442,1.1936535025387627,0.0
019ed23d-bb82-7cb5-abe1-bfe30d0cacf0,GaJ7uTMF6Xw38v6EaHHQ5iyqPJzUHdEJHNTrBoNaPvPA,OGHobbes,OG Hobbes,2026-06-16T21:01:05.000Z,24555.1432877699,17620.23347622651,15304.649009921732,121.0,84,25620.82714501128,25620.82714501128,7.0828,7.0828,0.19256926666666668,25620.82714501128,121.0,,,84,96,,,40.9202007398658,0.4458151538169,0.0,32.2955481164765,0.6232767135814055,1.0433996187581671,1.4404761904761905,32.2955481164765,40.9202007398658,0.4458151538169,17620.23347622651,1.0,<2x,24555.1432877699,0.7175781167199525,0.0
019ed37b-bf8a-76f0-857d-f70efe82e1d1,GcAQw7vWYWqP8DXAKxUVM82dhz5YUVd7kzq3Ue1ipump,WIF,MessiWifHat,2026-06-17T02:42:30.000Z,20746.34471258067,13400.039459509258,14040.465746685464,65.0,39,36788.74573924905,36788.74573924905,8.0053,8.0053,0.19757726666666667,36788.74573924905,65.0,,,39,151,,,23.1582094701486,0.0,0.0,24.0150423648189,0.6767681700657016,1.7732639772894643,1.6666666666666667,24.0150423648189,23.1582094701486,0.0,23229.797108254734,1.7335618434891882,<2x,20746.34471258067,1.1197055399435298,0.0
019edb2b-90f7-7de5-9d37-66c7a573db5e,GckkAuTAA4WZFFnYiJ3yB25uERQJ7ogax5qHc3LPpump,ByQ,ByQ,https://pump.fun,22384.511885352433,21478.930737806688,14312.236609930515,21.0,21,26153.395749162,26153.395749162,8.9463,8.9463,0.2887606833333333,26153.395749162,21.0,,,21,87,,,29.8042212570617,22.721598908381,5.0,42.1511094693134,0.639381224090747,1.16837016072152,1.0,42.1511094693134,29.8042212570617,22.721598908381,117267.67895483361,5.45966092941591,5x-10x,22384.511885352433,5.238786512542589,1.0
019ed3c5-37c6-71bd-bdc9-7c826160bb9b,Gd343z31qUT57uKBHjzaNrtis3q2qVujwSktyWREpump,Dropper,Dropper,https://pump.fun,14928.818097946201,13023.999238748554,11898.429875999711,23.0,12,15565.65575425136,15565.65575425136,6.1324,6.1324,0.23746178333333334,15565.65575425136,23.0,,,12,100,,,0.3929917985982,0.0,1.737651816691,27.4763861747681,0.7970108415773792,1.0426582769062456,1.9166666666666667,27.4763861747681,0.3929917985982,0.0,17505.639340122867,1.3441062932528967,<2x,14928.818097946201,1.1726071833195668,0.0
019ed915-cd70-78ea-9497-26a68c334705,GeBxTNrdan9NSA6kC84ATxh4tM2QUKjni81p7jV2pump,COZUMEL,Cozumel Fox,https://pump.fun,17691.149067488142,13436.957270108724,12712.90937043312,40.0,30,27947.43598011024,27947.43598011024,6.8805,6.8805,0.13968601666666666,27947.43598011024,40.0,,,30,176,,,15.408707965507048,0.0,0.0,20.558766342171126,0.7186028065184433,1.5797411391140532,1.3333333333333333,20.558766342171126,15.408707965507048,0.0,16520.874925846165,1.2295101185294226,<2x,17691.149067488142,0.9338497382404264,0.0
019edbfa-9068-7075-afd4-0c3c5d31a1a2,GeYVEudE3LfnTdbqTpJHWENTfTft1uQydD7tw26mpump,Fang,Sabertooth Tiger,https://pump.fun,14414.6279867292,12522.952001187668,11270.604364712855,35.0,25,21729.0904116475,21729.0904116475,6.7995,6.7995,0.27008221666666665,21729.0904116475,35.0,,,25,91,,,42.082658710675,6.8898966697025,0.0,29.5874575745847,0.7818865929172168,1.5074333123027766,1.4,29.5874575745847,42.082658710675,6.8898966697025,36865.14172558142,2.94380603887048,2x-5x,14414.6279867292,2.557481314087415,1.0
019ed5fa-a1a5-702f-93b0-38bd604f6c41,GgubXNj1AfutmuYvKhwXnG1fHfENurXW4go1nPjqpump,WESLEY,The Patriotic Goat,https://pump.fun,19489.086225174484,14260.953185729351,13480.86713317015,89.0,61,25575.66838744316,25575.66838744316,7.5328,7.5328,0.37669265,25575.66838744316,89.0,,,61,118,,,45.7489863389298,3.1957551585991,0.0,23.2384181990121,0.6917136584760252,1.3123072109151275,1.459016393442623,23.2384181990121,45.7489863389298,3.1957551585991,14260.953185729351,1.0,<2x,19489.086225174484,0.7317404736661364,0.0
019ed57a-75b2-7585-8698-27f34acc53fe,GhniVibenk22RoQQkeeKGmwWDSVmP7rD68tZfkHwpump,TOPPS,Unpack The Magic,2026-06-17T12:05:35.000Z,18104.460307101162,16267.308699341173,12956.70000064621,97.0,62,22841.1314843005,22841.1314843005,7.2777,7.2777,0.43416828333333335,22841.1314843005,97.0,,,62,79,,,31.0687106649349,0.0,0.0,25.5573859326302,0.7156634211053597,1.2616300677762518,1.564516129032258,25.5573859326302,31.0687106649349,0.0,16267.308699341173,1.0,<2x,18104.460307101162,0.8985249172526066,0.0
019edd6a-47f9-796e-9a9b-5fe21da5852b,Gj2n3Y7BUH55rRViCKSpNFmoQzZ173DSH6HbMtKSpump,Ranch,Ranch,pump.fun,169114.41848011024,56288.32940509729,29891.79180664366,43.0,23,429314.2277549332,429314.2277549332,63.9555,63.9555,5.9713187166666675,429314.2277549332,43.0,,,23,864,,,10.139586758629047,0.33373727448300305,0.0,22.94685703031087,0.17675483897405989,2.53860215830991,1.8695652173913044,22.94685703031087,10.139586758629047,0.33373727448300305,207220.93822497866,14.362201193766758,10x-20x,169114.41848011024,1.2253298097663399,0.0
019ed24a-3669-72ba-80ab-cdef021fbf70,GkLoFk3ya6qg9HP1mcwtfdoySjnayPbp7tDUfYEcpump,Zeus,Ansems Dog,pump.fun,16968.528120841595,14366.253834828727,17680.013815861766,74.0,47,15622.653093872175,15622.653093872175,3.2793,3.2793,0.3127672166666667,15622.653093872175,74.0,,,47,95,,,23.9293334711467,5.8318218509278,0.0,25.1656984573435,1.0419297236597846,0.920684044167841,1.574468085106383,25.1656984573435,23.9293334711467,5.8318218509278,40243.36237347342,2.801242608975049,2x-5x,16968.528120841595,2.371647209874645,1.0
019edee6-54d0-797a-87e1-7a914f6a1bf3,GkZwuG7UREDWnXjS8DxyCspUYKuYTsjYjrbKWwTSpump,Pari,Pari Mahulu,https://pump.fun,16749.831395872017,13220.22938618741,12133.299010861727,93.0,72,19779.3206761479,19779.3206761479,5.9184,5.9184,0.11624355,19779.3206761479,93.0,,,72,121,,,32.9739759111747,0.2143157925899,0.0,21.2425863284765,0.7243833519334391,1.1808668522491814,1.2916666666666667,21.2425863284765,32.9739759111747,0.2143157925899,13357.05823351272,1.0103499601503336,<2x,16749.831395872017,0.7974443394579217,0.0
019edba2-7d4a-7879-b451-4fbccf41f715,Gn2SDa53t9zegwdKX71ywUVZbjJZDXnBBkGP3T2Apump,COMOS,ComputeOS,https://pump.fun,16451.57390153202,13541.96043731449,12071.378934831655,23.0,19,21864.88198712076,21864.88198712076,7.2917,7.2917,1.13829585,21864.88198712076,23.0,,,19,139,,,19.7750624607149,2.3146395154642,,20.5770397518888,0.7337522237740142,1.3290449970312344,1.2105263157894737,20.5770397518888,19.7750624607149,2.3146395154642,148789.79165545895,10.98731548834487,10x-20x,16451.57390153202,9.044106815920097,1.0
019ed99b-925e-708e-83d9-adcc45caedc1,GoyCwEkFkKqHprFbM5EU92ipS5fR3Y8EYm2NcSYRpump,CGH,Chill Gorilla House,https://pump.fun,12869.134062894153,13269.791148524226,10872.586508518634,77.0,54,32689.17282251448,32689.17282251448,5.8232,5.8232,1.3334721666666667,32689.17282251448,77.0,,,54,110,,,35.1226268513358,0.0,0.0,22.4052210582935,0.8448576613921362,2.540122176267311,1.4259259259259258,22.4052210582935,35.1226268513358,0.0,25886.059610194956,1.9507510947580984,<2x,12869.134062894153,2.0114841825164276,1.0
019ecfe6-0fbf-71c8-8205-61e3c7367545,Gpwny7K4hQbgbCf5sA2ty9tq3c2tWJ22reJbqHsgpump,Nong Sompoi,น้องส้มป่อ,2026-06-16T10:05:49.000Z,16889.946240626246,13293.585918319166,12758.593706505757,67.0,53,10918.05256156235,10918.05256156235,6.3462,6.3462,0.18000988333333331,10918.05256156235,67.0,,,53,68,,,40.2115524925058,0.0,0.0,24.4025096724832,0.7553957558382787,0.6464231683165813,1.2641509433962264,24.4025096724832,40.2115524925058,0.0,13293.585918319166,1.0,<2x,16889.946240626246,0.7870709432066414,0.0
019ed5d6-ab0c-74b3-8874-59ba86d1b20b,GqtCwZ1tGGR8ntX4wgXyF91QUW1d5PUfjAijjNm2pump,Ooo,Beans,https://migrate.fun,1498343.8397578981,1461334.8105751136,87507.22406010386,114.0,22,37539.8066927109,37539.8066927109,194.0739,194.0739,0.2780238,37539.8066927109,114.0,,,22,56,,,,3.019223e-07,,96.6004478998255,0.05840263211830153,0.0250542003087733,5.181818181818182,96.6004478998255,,3.019223e-07,1475996.9407153777,1.010033381832938,<2x,1498343.8397578981,0.9850856002143465,0.0
019ed1a1-ebb1-7281-964b-5d438ee928f6,GrSHdnPQjF8bp4x89oBNV47gd1awdApzeYZ9Q3HTpump,FCAT,Falling Cat,pump.fun,21872.754600488497,13063.737668029928,14440.273982707986,51.0,26,34511.7632526545,34511.7632526545,8.2204,8.2204,0.3180887333333333,34511.7632526545,51.0,,,26,144,,,15.9438575391587,0.0,0.0,21.8098470055037,0.6601945775218218,1.5778425663809041,1.9615384615384615,21.8098470055037,15.9438575391587,0.0,41298.57193454069,3.161313628917099,2x-5x,21872.754600488497,1.888128527424632,0.0
019edfee-c2e0-738b-b754-71274b31d0c3,GrTuX8VAHTBisSozfp9VbnCfcN4UW6imdmMrhWhMpump,UP,OPERATION LEVEL UP,pump.fun,19886.365274496962,13307.56854824608,13191.521103976631,195.0,153,35023.0323875349,35023.0323875349,7.4859,7.4859,0.18787298333333335,35023.0323875349,195.0,,,153,127,,,37.839238871606895,0.0,0.0,23.30282866844818,0.6633450065856903,1.7611580549840236,1.2745098039215685,23.30282866844818,37.839238871606895,0.0,13307.56854824608,1.0,<2x,19886.365274496962,0.6691805347311113,0.0
019ed5ce-5bfc-7234-a267-f576cfab323c,Gt2JiwSH9FE27dCmLoYKwX2RxxNoGQqfpB6HXeKxpump,XLife,X Life,pump.fun,13206.510684965657,12699.13905900403,11086.98146000008,82.0,61,28525.63450140512,28525.63450140512,6.8638,6.8638,0.7957850166666667,28525.63450140512,82.0,,,61,144,,,26.5205918618894,1.2489122917735,0.0,26.599010745532,0.8395087638570226,2.1599675479669895,1.3442622950819672,26.599010745532,26.5205918618894,1.2489122917735,19566.016197629167,1.5407356441030808,<2x,13206.510684965657,1.4815432073138892,0.0
019edb31-995e-7c21-8abc-759c0ecc3a9b,GtN6g4goM6TknvaG7F6oTEpdExtkgMy3veZzsFD6pump,WASTED,WASTED,pump.fun,21979.961570732445,14573.476883656736,14181.326105211172,20.0,14,59028.9383558168,68350.0693150681,9.0275,9.0574,0.38042145,59028.9383558168,20.0,,,14,137,,,0.0,0.0,0.0,29.2334028253449,0.6451933985223344,2.6855796888388173,1.4285714285714286,29.2334028253449,0.0,0.0,23468.038477488022,1.610325296073032,<2x,21979.961570732445,1.0677015244984338,0.0
019ed6cb-e37a-7ca0-bdd5-377c9c3b195c,GwrZ7JmFmRLbztGxgrA95ipHuVhCF7hfPi6WuBfPpump,DRONE,Drone,https://pump.fun,16305.430790798762,13827.001771903506,12395.182528454901,40.0,27,27365.19225575296,27365.19225575296,4.7124,4.7124,1.40934575,27365.19225575296,40.0,,,27,182,,,7.372426872909,0.7496253086783,0.0663975810856,23.3435481218067,0.760187368704761,1.6782869834506475,1.4814814814814814,23.3435481218067,7.372426872909,0.7496253086783,17622.47580061891,1.274497254815416,<2x,16305.430790798762,1.080773395485102,0.0
019ed2bc-a74a-7608-8328-d1b8d4e1c241,GwwXmFiyAVZVaT76aKDxUPfzZZ2PhTCF7GqUfPbkpump,FR,First Route,https://pump.fun,16748.350464628114,14232.504805730834,12605.367452321683,27.0,25,20329.9165912576,20329.9165912576,7.077,7.077,0.2748428666666667,20329.9165912576,27.0,,,25,113,,,5.6563831273456,0.0,0.7018806136653,24.612565570737,0.7526333700111987,1.2138459028662922,1.08,24.612565570737,5.6563831273456,0.0,14232.504805730834,1.0,<2x,16748.350464628114,0.8497854660845167,0.0
019eda98-c437-7d28-bed0-d73cbebfaae3,Gxa4tU6Vsq1Cv1pawzUEVufUGsymosu4HbFX9seipump,Sergeyevna,Сергеевна,https://pump.fun,15628.644353534848,12647.723563772432,11939.617617978727,78.0,58,21576.49299565644,21576.49299565644,4.5258,4.5258,0.4417652166666667,21576.49299565644,78.0,,,58,116,,,19.2866098626509,0.0,0.0,25.1318766667911,0.7639573431894146,1.3805735486441166,1.3448275862068966,25.1318766667911,19.2866098626509,0.0,18157.365960337473,1.435623246253311,<2x,15628.644353534848,1.1618004447219177,0.0
019ecfe1-c066-7ca1-b3dd-7c21c571db32,H2cxSwXWvfHSNubCz3nTe8np2Jx9rRETYn6Cqicrpump,bully,bully,https://pump.fun,15605.513359559473,14181.431239417445,12261.352326846882,25.0,19,28660.09468652928,28660.09468652928,6.2453,6.2453,0.74296115,28660.09468652928,25.0,,,19,145,,,11.0329531242475,,0.0,25.0336243185728,0.7857064387654984,1.8365364872135372,1.3157894736842106,25.0336243185728,11.0329531242475,,64530.465683531715,4.5503492979022155,2x-5x,15605.513359559473,4.135106881569024,1.0
019ed4b4-0dda-7c9c-a5c1-65d01a8f777a,H2wiDucfS8tq7kE3dnimVYGSsSy5tYjoV8MmVdWFBAGS,BAG,doginbag,https://bags.fm,578061.2108630046,659789.8667525882,10133.788602218954,56.0,24,17259.80908737172,17259.80908737172,8.9484,8.9484,0.35455238333333333,17259.80908737172,56.0,,,24,83,,,,1.8522765660748763,,2.1791747707986433,0.017530649716298943,0.029858099389862267,2.3333333333333335,2.1791747707986433,,1.8522765660748763,1963974.0157107501,2.9766659275584364,2x-5x,578061.2108630046,3.3975191187429368,1.0
019ede1b-1432-7440-bc3a-d56884c0dd86,H3i1AwrZzubrni3quqaV74G6FSBiXyEtLq9fmnpqpump,HLI,Hliland,https://pump.fun,193358.9210016134,66974.0560474864,31241.76607585279,43.0,23,111051.7952826879,234844.94648033896,1.6124,69.9426,67.6720368,111051.7952826879,43.0,,,23,427,,,0.2648460472578168,4.8452815452188745e-06,0.0,46.0141330017204,0.16157395745703457,0.5743298251119289,1.8695652173913044,46.0141330017204,0.2648460472578168,4.8452815452188745e-06,230259.91815359512,3.438046487588189,2x-5x,193358.9210016134,1.1908419687120297,0.0
019ed216-6d55-702a-8fbb-d233ced47461,H4HHCabuv9q8JBA8DKbVjhH1K9xhQTTqtrsKstYipump,says,when she says,pump.fun,18715.772863224254,16814.486014800525,13352.356040651433,64.0,41,24687.10544422848,24687.10544422848,7.1212,7.1212,0.7612291,24687.10544422848,64.0,,,41,175,,,20.2441205123995,3.2081998015134,0.0,22.861210787102,0.7134279806787076,1.319053486310344,1.5609756097560976,22.861210787102,20.2441205123995,3.2081998015134,16814.486014800525,1.0,<2x,18715.772863224254,0.8984125922921579,0.0
019edec6-f467-784c-ab46-aed754257005,H4U66SohL6XN6LuNN6CN2Cz3TpGK6xdr1rMzaAmFpump,楚德,The Chud Dog,pump.fun,16175.98062822973,13103.20207777975,11943.37656267804,57.0,35,35346.44358126228,35346.44358126228,6.7872,6.7872,0.22079721666666666,35346.44358126228,57.0,,,35,150,,,12.330932860625339,0.0,0.0,26.259170789077906,0.7383401870446664,2.185119059772918,1.6285714285714286,26.259170789077906,12.330932860625339,0.0,18382.664846142725,1.4029139394343786,<2x,16175.98062822973,1.1364173380661677,0.0
019edc0a-13a1-76f4-8379-0c1e369e4110,H4chsqkobEKjjiAt7r3TLJvp7qprR6aasjJFtkQcAqun,SKI,Ski Mask Dog,https://pump.fun,133731.59881816583,148026.5943378711,25850.013024945343,82.0,24,173221.09471543846,188678.3194655588,6.7613,64.7407,0.7680782333333334,173221.09471543846,82.0,,,24,504,,,2.119915565465865,0.002751365019218373,,21.947042306444015,0.1932977191134421,1.2952891930273436,3.4166666666666665,21.947042306444015,2.119915565465865,0.002751365019218373,190785.92593291178,1.288862496541955,<2x,133731.59881816583,1.4266331040603382,0.0
019ecf18-3b6b-7cb1-bab6-cd949b39675c,H4oM947yrUoa3NEAXA83vw2bghNc14ymzb8nWTgapump,Accelerate,Accelerate Solana,https://pump.fun,16228.541419353356,13761.617423785498,12419.370720840525,92.0,64,29050.3296038358,29050.3296038358,5.2254,5.2254,1.0445789,29050.3296038358,92.0,,,64,123,,,19.8876796469216,0.0,3e-13,25.5929271863262,0.7652795405278874,1.7900764371338889,1.4375,25.5929271863262,19.8876796469216,0.0,36774.649244888205,2.672262141318296,2x-5x,16228.541419353356,2.2660477176976963,1.0
019ed263-e07c-7112-9a6b-74ccd1edc20f,H5ZijmLydfM9uBqEsDv8GMD9rHTaWbijsYYLLu2Zpump,GAY,Gay Certificate,https://pump.fun,28207.07054168463,23963.308687141758,12110.323356840174,27.0,13,41523.17530504563,41523.17530504563,11.3909,11.3909,0.30014835,41523.17530504563,27.0,,,13,204,,,6.869000476602,0.5644923294987,2.1133207808274,20.7513446350682,0.4293364438162213,1.4720839317107517,2.076923076923077,20.7513446350682,6.869000476602,0.5644923294987,23963.308687141758,1.0,<2x,28207.07054168463,0.8495497131376544,0.0
019ee01e-7eb1-772e-845e-0964ed0741e9,H5gqAwecqhRueNjbNrdygDbs9VqmtzDFVJVgq1yDpump,Beatles,The Fab Four,https://pump.fun,14648.23767690356,14154.382902204477,11428.653307643011,110.0,92,67252.67050406328,67252.67050406328,4.0645,4.0645,25.533939116666666,67252.67050406328,110.0,,,92,164,,,0.0437504654677,0.0437633340708,0.0,22.643894702668923,0.78020670880177,4.591178269185456,1.1956521739130435,22.643894702668923,0.0437504654677,0.0437633340708,14154.382902204477,1.0,<2x,14648.23767690356,0.9662857208087385,0.0
019ed536-442a-7c91-b9df-7dc3c9fcf9f0,H5pRCo5YkNrXVTGA8b3wQbAuesYgdePEXzCHsY6YBAGS,EXPERIMENT,THE 24 HOUR EXPERIMENT,https://bags.fm,459430.1295170926,306873.54090441397,9013.914147468162,47.0,26,15220.5761379663,15220.5761379663,3.906,3.906,0.19078341666666668,15220.5761379663,47.0,,,26,47,,,,3.1498760802e-06,,2.4741482034579696,0.019619771469804766,0.033129251131101614,1.8076923076923077,2.4741482034579696,,3.1498760802e-06,1215045.3106473885,3.9594332801271226,2x-5x,459430.1295170926,2.6446792070962424,1.0
019ed466-1416-7228-93ff-e31338965879,H8sfJ3n9Pbv8rvzZRiGntjBTwThkSfCFz9nr3RqYpump,Turbo,Turbo The Snail,2026-06-17T06:58:57.000Z,17109.486606191327,13407.653089113353,12706.744673641615,38.0,30,19396.9084889346,19396.9084889346,6.5906,6.5906,0.64317965,19396.9084889346,38.0,,,30,102,,,6.765222765984426,0.0,0.0,24.709922366185292,0.7426724697305346,1.13369319228524,1.2666666666666666,24.709922366185292,6.765222765984426,0.0,13407.653089113353,1.0,<2x,17109.486606191327,0.7836385391167489,0.0
019ed6d7-3de5-7400-8602-5340733155b2,H97euUrSvGX2ddoF5D4UuMojUMbY67QBaJK4D5expump,VROOM,DrawRace,https://pump.fun,,23206.783748474325,,30.0,16,24016.01772981931,24016.01772981931,16.1886,16.1886,0.30965035,24016.01772981931,30.0,,,16,89,,,29.9863036459588,2.5669208830318,0.0,27.8796973813895,,,1.875,27.8796973813895,29.9863036459588,2.5669208830318,23206.783748474325,1.0,<2x,23206.783748474325,1.0,0.0
019edcad-50fc-7553-91cd-5c5c4f9087b1,HA57ZhNgdoVT2HAjaKMgkomSVZbWusWCByXxrswGpump,Asteroid,Asteroid the Shiba,pump.fun,15934.998256602772,12764.612982796167,11948.37136695798,76.0,63,15436.30301432228,15436.30301432228,6.6792,6.6792,0.2527493333333333,15436.30301432228,76.0,,,63,95,,,35.4745718222933,0.0,0.0,22.7024146723023,0.7498194335858865,0.9687044055951588,1.2063492063492063,22.7024146723023,35.4745718222933,0.0,12764.612982796167,1.0,<2x,15934.998256602772,0.8010426344105225,0.0
019ed5ab-b460-7157-918b-1ce391545a5b,HAtpoqBKEL2Kv1iQMKbAyoRafUp6MjaRQ189PzCLpump,Thaïs,Justice for Thaïs d'Escufon,2026-06-17T13:00:03.000Z,15774.883436766819,14675.435241269895,12110.783425932745,101.0,70,23350.06497123445,23350.06497123445,5.8404,5.8404,0.29892835,23350.06497123445,101.0,,,70,138,,,39.0128462881262,2.3897237164175,0.0,19.3857418058144,0.7677256998112527,1.4802052303481377,1.4428571428571428,19.3857418058144,39.0128462881262,2.3897237164175,65082.5039973554,4.434792081282332,2x-5x,15774.883436766819,4.12570427275972,1.0
019ee09d-28b6-7db5-a037-8fc4186e9e65,HDkd5H8NQZGRWXu7WShe5LhauD6oKiT9ogkVZF1Fc6QY,DONK,donk,2026-06-19T15:58:51.000Z,17952.547502754696,12167.933134705972,12653.208831900383,51.0,32,20711.55515104767,20711.55515104767,6.9464,6.9464,0.5567150666666667,20711.55515104767,51.0,,,32,99,,,21.0454584503858,0.0,0.0,21.9369867750121,0.7048141123124078,1.153683350391894,1.59375,21.9369867750121,21.0454584503858,0.0,12396.219367105758,1.0187612990532184,<2x,17952.547502754696,0.6904991820912125,0.0
019ed473-d4a3-7ef6-bb25-5e6193c7bdba,HGMw5B2wx4oMuGVk6xYtbg6hFbxDry11MtiwqJAVpump,SYDNEY,#FreeSydney,2026-06-17T07:18:34.000Z,16609.770057161775,16817.15156519113,12534.232801253347,83.0,64,19455.97249201928,19455.97249201928,6.5289,6.5289,0.29137811666666663,19455.97249201928,83.0,,,64,132,,,28.9407214283539,0.0,0.0,26.5490258555043,0.754630121796831,1.1713571244552108,1.296875,26.5490258555043,28.9407214283539,0.0,41786.12669915165,2.484732716903283,2x-5x,16609.770057161775,2.5157558807464873,1.0
019ed1f6-a5e4-7a29-8de3-e5aa0c7154c3,HM9XYQihDEaKQQHnxo8fJVVVkUbXQD5WdgaD5XKepump,TR,TRENCHROYALE,https://pump.fun,21425.41457564814,17839.52870089257,10560.487967943694,21.0,20,57459.5991418296,57459.5991418296,8.9029,8.9029,0.45300463333333335,57459.5991418296,21.0,,,20,148,,,44.1647971222506,11.667020297823,,23.0877474576203,0.492895385088446,2.681843048541869,1.05,23.0877474576203,44.1647971222506,11.667020297823,17839.52870089257,1.0,<2x,21425.41457564814,0.8326340028523301,0.0
019ecc77-bccb-7a9c-bd78-095a57b80438,HN4nm315KuiVb9rLGfkdbvnNZ35dJEDXXyTYvaMApump,KROKO,Kroko,https://pump.fun,4615.227927681877,28048.26786716407,4956.320819639771,,0,23304.34199008737,23304.34199008737,20.6197,20.6197,724.4830859,23304.34199008737,25.0,,,11,157,,,0.5883461797238,0.6299602194324,3.0210846214968,57.1292374050728,1.0739059689581174,5.049445521489684,2.272727272727273,57.1292374050728,0.5883461797238,0.6299602194324,28048.26786716407,1.0,<2x,4615.227927681877,6.077331023876879,1.0
019eda79-505c-71fb-b7d9-3f3a502a90e4,HPPAVYNoZzmtGdzbRBY2EFbXDcueDY64FCaD2ZKypump,CCM,Compute Capital Markets,2026-06-18T11:23:33.000Z,26377.283978155436,15896.371687890927,15516.652159733649,116.0,93,21178.54944342712,21178.54944342712,10.7479,10.7479,0.20364061666666666,21178.54944342712,116.0,,,93,124,,,42.3810870598573,9.4984286845221,0.0,21.1983220184711,0.5882581456295459,0.8029086490089847,1.2473118279569892,21.1983220184711,42.3810870598573,9.4984286845221,16309.399094116223,1.0259824955238006,<2x,26377.283978155436,0.6183122988562046,0.0
019eddc7-333f-767f-bcf1-bb3eef627739,HPVwjSr4Bx3uyqYbKsJ82T7BTwH5hMATM7NZZrdupump,Jorge,The Thinking Monkey,https://pump.fun,15570.925813571193,12684.643344823124,11812.814673792365,33.0,22,42496.76748374518,42496.76748374518,5.3336,5.3336,12.496589833333333,42496.76748374518,33.0,,,22,126,,,17.645750554218463,0.0,0.0,23.897905547227953,0.7586456203841546,2.7292383248468215,1.5,23.897905547227953,17.645750554218463,0.0,30180.132126119825,2.3792653293982435,2x-5x,15570.925813571193,1.9382362030018565,0.0
019edb7a-2120-7c51-a079-01b9026800c5,HQWWVyM3KfXt7bCf8dtw2yW3E5YybLg5LJ5tDzg1pump,ASI6900,ANSEM ETF,https://pump.fun,15843.21799044601,12857.322016525812,11822.234351274808,58.0,43,22066.3458863586,22066.3458863586,5.5339,5.5339,0.26847129999999997,22066.3458863586,58.0,,,43,95,,,23.5620247017883,8.2863457276009,0.0,29.6445752266694,0.746201583441193,1.3927944373210885,1.3488372093023255,29.6445752266694,23.5620247017883,8.2863457276009,12857.322016525812,1.0,<2x,15843.21799044601,0.8115347541313391,0.0
019ed697-0f9f-78c3-a409-0f528049c410,HQwN1mRj5ekntMbzJSLo9x9FY6GTDAh6eadkioQxpump,MOOSE,Elon's Dog,https://pump.fun,18542.072702608377,13955.87263819364,13250.482698682677,53.0,38,38954.62001012039,38954.62001012039,7.5666,7.5666,0.5762524333333333,38954.62001012039,53.0,,,38,177,,,25.6462286919362,1.453236978826,0.0,16.4936935592575,0.7146171256689489,2.1008773201844098,1.394736842105263,16.4936935592575,25.6462286919362,1.453236978826,59448.109403202725,4.259719971971406,2x-5x,18542.072702608377,3.206119960625543,1.0
019ed710-c0b4-7b0e-bde5-908884141457,HREUDWzLtmJrMjav48RY9iPRJr9r8KoTBLjWNjdPpump,RIV,Riviera,https://pump.fun,139768.80306686403,128032.15958987654,27547.84986315846,77.0,37,386740.4178813872,386740.4178813872,67.7868,67.7868,0.2976336,386740.4178813872,77.0,,,37,169,,,4.0102323009437,0.3056164062032,2.0,15.8477772562903,0.19709584155185073,2.7670010001901097,2.081081081081081,15.8477772562903,4.0102323009437,0.3056164062032,985726.547729483,7.699054291414328,5x-10x,139768.80306686403,7.052550541324455,1.0
019ecc57-ccda-7d9c-aaa3-9c0816db9ba8,HWQjsHJxQM9BxZd49mxtSs41m5y8Ub12WxuCYDk3pump,KARTS,Pump Karts,https://pump.fun,15872.123156485071,13364.948295806289,12399.56498947213,,0,54772.84212839322,54772.84212839322,6.1939,6.1939,759.3667226666668,54772.84212839322,54.0,,,31,143,,,7.755878791428688,3.9564088746539,5.0076925448641,24.669870781852786,0.7812165308461512,3.4508831356953023,1.7419354838709677,24.669870781852786,7.755878791428688,3.9564088746539,54323.31897135191,4.064611232981553,2x-5x,15872.123156485071,3.4225615839653027,1.0
019ed380-cd12-7727-b2ef-323c5eb84748,HWd4LGj4AGtNhpMpiJBkjp6w271t36vuvTxx8r6QBAGS,1B,Speedrun To 1 BIllion,pump.fun,198512.4520252764,108043.81354748826,6038.185052315716,52.0,27,21215.17153383936,21215.17153383936,1.8709,1.8709,1.0687229500000002,21215.17153383936,52.0,,,27,45,,,,5.2200643869e-06,,2.2339465421946443,0.030417160186741735,0.10687073439170482,1.9259259259259258,2.2339465421946443,,5.2200643869e-06,495238.8355306766,4.583685259434177,2x-5x,198512.4520252764,2.4947494753005133,1.0
019edaec-6b04-734d-92fc-49ffdd7f6471,HWjFeJtgHk1oXBr5AyrbDGzFZQ4PTAHAhXrm92Xrpump,Gain,Everyone Has Something To Gain,2026-06-18T13:29:16.000Z,27937.045868416946,18759.03885398593,16050.875282947803,111.0,83,26598.31189447154,26598.31189447154,11.3854,11.3854,0.2600813166666667,26598.31189447154,111.0,,,83,141,,,52.2248193372624,0.0,0.0,21.1431772051485,0.5745373135923955,0.9520803316051804,1.3373493975903614,21.1431772051485,52.2248193372624,0.0,18759.03885398593,1.0,<2x,27937.045868416946,0.6714753930082913,0.0
019ed1a9-a0b7-77b7-baf2-1f9244c0eb60,Hb4ah2Vr4NzuQb8NhyB8a6ZFBSFWGSHBa3axpqwbpump,Rescue,Rescue Pack,pump.fun,17539.978220726483,13553.475356724457,12919.193691926776,28.0,14,63356.09879082889,63356.09879082889,6.1323,6.1323,1.9384880166666667,63356.09879082889,28.0,,,14,85,,,4.467692133367092,,0.0,26.46656023488404,0.7365569973547937,3.6120967764921637,2.0,26.46656023488404,4.467692133367092,,13553.475356724457,1.0,<2x,17539.978220726483,0.7727190527927058,0.0
019ee067-964a-799d-b4ef-337be875c3cb,HbiGTMusSryVbR2ZReEz34By9NFHqZaahWnbQyQEpump,RICH,Get Rich Quick,https://pump.fun,29091.617654585443,13596.33504822605,11887.538069759597,20.0,13,39215.04158707443,39215.04158707443,6.9493,6.9493,2.6901938833333334,39215.04158707443,20.0,,,13,46,,,7.2624398931101,0.0105839963375,0.0,69.0139506814944,0.4086241683396342,1.3479842218706366,1.5384615384615385,69.0139506814944,7.2624398931101,0.0105839963375,13596.33504822605,1.0,<2x,29091.617654585443,0.46736263378887716,0.0
019edf26-3d25-7c58-945b-64c41cd78e83,Hdda1yxF4e31hxvRExfQRcMvRVFk8VhzuCk6f2mxpump,QWANT,The Qwant,https://pump.fun,19196.680361948067,12449.241558397398,12999.791852566737,62.0,50,10269.11510328105,10269.11510328105,8.4486,8.4486,0.10905345,10269.11510328105,62.0,,,50,111,,,33.677736517244,0.0,0.0,28.1223185872791,0.6771895769195131,0.5349422353062999,1.24,28.1223185872791,33.677736517244,0.0,22547.21645337384,1.811131734219186,<2x,19196.680361948067,1.1745372652069184,0.0
019ed6da-e14e-70f0-8a46-34b601a84edf,HdifyLNtMwRj5KDmief3zfdwq4ucjFCUoPnNc4rLpump,GoodDay,Good Day,2026-06-17T18:31:46.000Z,23788.371285910827,16588.49794943657,14966.51467061556,80.0,51,18299.73152069232,18299.73152069232,9.9496,9.9496,0.23718111666666666,18299.73152069232,80.0,,,51,62,,,44.4583050291736,0.0,0.0,45.3818436521822,0.6291525590690523,0.7692721498562926,1.5686274509803921,45.3818436521822,44.4583050291736,0.0,20381.77437553333,1.2286690716458508,<2x,23788.371285910827,0.8567957062114997,0.0
019edb49-f458-7131-a952-634f0caa7bff,HfJ4jfZaH1LQKQGNbi3gVjP2ei4UxU3A35UypGG7pump,gta,grend thuft autism,https://pump.fun,16246.23345377686,12463.1767803536,12163.7828566838,27.0,17,18831.21893331767,18831.21893331767,6.2919,6.2919,0.86627215,18831.21893331767,27.0,,,17,119,,,5.4614206936808,0.8502629751879,0.0,24.2878235668641,0.7487140260105035,1.1591129098874213,1.588235294117647,24.2878235668641,5.4614206936808,0.8502629751879,21981.160742067113,1.7636884342936738,<2x,16246.23345377686,1.3530004234278081,0.0
019eda4b-8d25-78d1-af50-ecdf219562eb,Hfgj64CwJrxQwKbxQo1jAYW9g9cdwNrJTCE9KPfNpump,ASS,AYE SOLANA SOLANA,2026-06-18T10:33:16.000Z,16214.339432481895,13446.040338706936,12190.439887630126,74.0,59,14132.61065673114,14132.61065673114,7.122,7.122,0.42240751666666665,14132.61065673114,74.0,,,59,90,,,36.1388383339905,0.0,0.0,24.2980468559474,0.7518308062065875,0.8716118664951306,1.2542372881355932,24.2980468559474,36.1388383339905,0.0,41668.7768953322,3.0989626570865516,2x-5x,16214.339432481895,2.5698719993401573,1.0
019edc79-c4c7-7b9b-b5c6-a7b828752891,HgjjhWAfjrJP5v2i2RATJ9AVg9JJ9Xhdpb9PFZ5vbank,POKEBANK,Pokebank,https://pump.fun,15683.184727092745,12602.724243372691,16998.653584324766,26.0,17,15413.754114453775,15413.754114453775,2.8268,2.8268,2.2127980333333332,15413.754114453775,26.0,,,17,62,,,2.4344885594295,2.2137798021299,0.0,19.4541102047146,1.083877661337467,0.9828204145186451,1.5294117647058822,19.4541102047146,2.4344885594295,2.2137798021299,16532.04834097564,1.3117837081668462,<2x,15683.184727092745,1.0541257167248999,0.0
019ed864-3479-7429-8623-d73466d1842f,Hkb3kxi9VuCGfXME4LFo8HCfJhhnMj6RV1VGTbjmpump,motion,motion,2026-06-18T01:32:33.000Z,17057.5443705068,15152.757699069703,12599.828781745167,21.0,15,24023.99931316245,24023.99931316245,6.9131,6.9131,0.23694303333333336,24023.99931316245,21.0,,,15,78,,,36.0245125945429,0.0,0.0,27.8672014156697,0.738666041727014,1.4084090178127247,1.4,27.8672014156697,36.0245125945429,0.0,22240.298685755595,1.4677393466880968,<2x,17057.5443705068,1.3038394157256301,0.0
019ed76f-3fb3-7587-9350-e344acd7821c,HkxGeftPi2MKzSysaUhpxixBnn7tWospcRSbnDTTpump,LECHATON,LECHATONCHAIN,https://pump.fun,15392.123026788788,12834.319895138213,11947.20482291615,48.0,35,23897.7340348119,23897.7340348119,6.5122,6.5122,0.1985967,23897.7340348119,48.0,,,35,127,,,3.8410017808945,1.6203128783549,0.003792793692,19.8098607449822,0.7761895355256044,1.5525950509374022,1.3714285714285714,19.8098607449822,3.8410017808945,1.6203128783549,12834.319895138213,1.0,<2x,15392.123026788788,0.8338238898429464,0.0
019ecef3-f7e8-7753-a684-66fbb05db57d,HnMurnqedgVPuHhcMV9T2kbgPU9N1j4wnXGhqpMSYkVC,SHHPE,shhpe,https://pump.fun,23912.136553763004,14961.479428652114,15063.761153088239,169.0,113,33472.03104218745,33472.03104218745,8.239,8.239,29.549526500000002,33472.03104218745,169.0,,,113,139,,,45.5615801681498,0.0682196567041,0.0,24.2933112914856,0.6299629947001822,1.3997925683859491,1.4955752212389382,24.2933112914856,45.5615801681498,0.0682196567041,14961.479428652114,1.0,<2x,23912.136553763004,0.625685596726724,0.0
019ed6c0-5cb7-7358-be00-e15ed1f9515d,HoAVURefi1Nyo5qW3YFX3VBSimyX4fxZ5xnUewKDpump,NOTE,NOTE,https://pump.fun,37156.13171517332,13658.440567736892,13984.313943144189,38.0,16,75049.80833609875,75049.80833609875,16.3466,16.3466,0.4293256166666667,75049.80833609875,38.0,,,16,108,,,36.878715904244,27.6367606932306,,44.6857202603788,0.3763662495962534,2.0198498840354504,2.375,44.6857202603788,36.878715904244,27.6367606932306,13658.440567736892,1.0,<2x,37156.13171517332,0.3675958701093538,0.0
019ed731-9e32-71ed-9d5b-84855311dd48,HpHcPyBzmbXx2Tp4VAALW3SxB6fHSd4vGtYWoKkWpump,miniontcg,minion TCG,https://pump.fun,21626.478771300808,21566.27116199695,14140.124608521523,25.0,11,35631.81314359185,57032.2082704266,1.0011,8.8047,0.35043814999999995,35631.81314359185,25.0,,,11,104,,,11.3351671052234,0.0,0.0,25.7683880692269,0.6538338838260636,1.6476012355222929,2.272727272727273,25.7683880692269,11.3351671052234,0.0,47450.19577156797,2.2002039858973133,2x-5x,21626.478771300808,2.1940786696415993,1.0
019ed9a0-54fc-7a66-aab6-1aa387650c58,HsgV7ehjamv7wPpmWuGbTUBvnmparxgnCasFuWRRnTEi,CGH,Chill Gorilla House,https://pump.fun,15878.783725127747,15580.391058871388,12087.336376482213,48.0,29,20830.36174366704,20830.36174366704,5.8242,5.8242,0.38248526666666666,20830.36174366704,48.0,,,29,87,,,23.8039782210116,0.0,0.0,27.8549658763854,0.7612255816139324,1.3118361018233125,1.6551724137931034,27.8549658763854,23.8039782210116,0.0,21755.213338216596,1.3963201087837458,<2x,15878.783725127747,1.3700805877083366,0.0
019edea9-2ab0-76d9-b4a9-3e802054461a,HtLJZPKoMFcP8BrYkqFAjWZfgeLkb4sM5U1zJHmopump,dream,dream,pump.fun,17697.068879394985,12218.449172381383,12492.671393380022,90.0,74,24848.68378208704,24848.68378208704,6.296,6.296,0.48046428333333335,24848.68378208704,90.0,,,74,160,,,6.0686219875011,6.1641270403384,0.1115589592132,21.2974336445829,0.7059175436631466,1.4041129608202412,1.2162162162162162,21.2974336445829,6.0686219875011,6.1641270403384,32229.88472585844,2.637804869599242,2x-5x,17697.068879394985,1.8211990327609717,0.0
019ed735-a545-70cf-a254-fa1247fc96aa,HxXve5u46BNutV2QLyYW7jZFfrSrp1e7pGCvKKN1pump,WUF,Just Wuf,https://pump.fun,16013.169867471632,12902.506780479207,12168.916565108038,31.0,25,46766.244039361,46766.244039361,3.6296,3.6296,0.46666063333333335,46766.244039361,31.0,,,25,125,,,22.5395162420396,0.0,0.3274600663523,25.8343421544368,0.7599317727733207,2.920486351322586,1.24,25.8343421544368,22.5395162420396,0.0,12902.506780479207,1.0,<2x,16013.169867471632,0.8057434528742948,0.0
019eda42-7594-7333-a1a0-0fb0e13e1135,HzL2M7ZwkcCkRxodo7QHaU2PYMSePpYfq7pKjTkjpump,AYESOL,Aye Solana,pump.fun,15427.5725739215,13246.882165905887,11893.710201942737,55.0,50,14626.82021823935,14626.82021823935,6.0408,6.0408,0.43703610000000004,14626.82021823935,55.0,,,50,83,,,32.1658774649938,15.4393751604589,0.0,22.4289993898153,0.7709385352072599,0.9480960240604717,1.1,22.4289993898153,32.1658774649938,15.4393751604589,27338.691343176633,2.0637830850144865,2x-5x,15427.5725739215,1.77206694132747,0.0
019ed8e8-c7c8-7b91-8fd8-2ff73d110772,HzsHZPiqizPA8jqJz2QubtwU3DiZiGf9HFyzUfQ8pump,THING,Thing,pump,16332.092349514365,13210.230936962029,12268.089212879686,78.0,51,34805.4422979102,34805.4422979102,6.4282,6.4282,0.31515078333333335,34805.4422979102,78.0,,,51,120,,,21.2794154613878,0.0,0.0,23.6339964072455,0.7511645752630389,2.1311073653673738,1.5294117647058822,23.6339964072455,21.2794154613878,0.0,68594.07552278106,5.192496319716551,5x-10x,16332.092349514365,4.199956383715936,1.0
019ed970-032f-765e-9568-4c5e568bb214,J1PSbntLgRqXCQ1xtNnJ1N36R5JjPUJjDdaho9K5pump,ジラーチ,Wish Upon a Jirachi,https://rapidlaunch.io,18045.578315975006,15709.140489276379,12854.303587639582,130.0,86,38433.08439334126,38433.08439334126,7.2606,7.2606,0.2996644,38433.08439334126,130.0,,,86,120,,,23.8589601826107,0.0,0.0,30.1679617096219,0.7123242803618102,2.129778482040558,1.5116279069767442,30.1679617096219,23.8589601826107,0.0,15709.140489276379,1.0,<2x,18045.578315975006,0.8705257439917968,0.0
019ed507-9b38-7c5a-98d6-c45361c3857f,J2mLV4MPVE8dQRKeRBKraPRT8nqiPJyKRmXQ9Xk5pump,HAM,Hero Archetype Meme,https://pump.fun,16890.623228675715,13964.7860662813,12551.700362978465,51.0,44,23095.53155891644,23095.53155891644,6.9932,6.9932,0.39297496666666665,23095.53155891644,51.0,,,44,108,,,17.6904039903756,0.0,0.0,22.48752838963342,0.7431164731487864,1.3673581635345737,1.1590909090909092,22.48752838963342,17.6904039903756,0.0,21879.043531815336,1.5667295888365538,<2x,16890.623228675715,1.2953366631653136,0.0
019ed280-a928-745c-b1d6-407e3ae0ac40,J8tHnmyXeo74pyXGcs1pAfQiJbThAb3xu1E8EyNQpump,BOG,ogpepe,https://pump.fun,15156.848168120525,13263.98457694224,12010.188794754478,39.0,28,53412.5596175014,53412.5596175014,4.1364,4.1364,0.9031372666666667,53412.5596175014,39.0,,,28,83,,,23.105318770642878,0.0,0.0,27.21790027823471,0.792393554486847,3.5239885644460243,1.3928571428571428,27.21790027823471,23.105318770642878,0.0,78222.71791773503,5.897377026034494,5x-10x,15156.848168120525,5.160882859687232,1.0
019ed97f-9af3-76de-8b1f-a2264a230ec9,J9uiX5CLZ8x9Dk1QDDnDFC8Fw3UZQDnnL8RK3GJGpump,Villager,The villager,https://pump.fun,15222.33995593893,12642.029328772456,11816.674196817894,22.0,17,29737.41554944888,29737.41554944888,6.6171,6.6171,4.588625483333333,29737.41554944888,22.0,,,17,121,,,12.6696408654598,0.0,0.3564784088685,25.8260465082643,0.776271863000121,1.953537737005207,1.2941176470588236,25.8260465082643,12.6696408654598,0.0,19721.40727901732,1.5599874645230136,<2x,15222.33995593893,1.295556881274557,0.0
019ed187-ef0f-7188-9911-a48b2877888c,JAZYu8Kz7epcKeKtCW2mbkwYf1rkaqKZqZgoPFg4pump,MBGA,Make Bagworking Great Again,https://pump.fun,16314.474664274676,15208.147754589105,12402.870199408606,110.0,68,29534.0782407315,29534.0782407315,3.8046,3.8046,0.14705618333333334,29534.0782407315,110.0,,,68,87,,,49.8984688430899,0.0,0.0,29.1918888602046,0.7602371792312949,1.8102990656147218,1.6176470588235294,29.1918888602046,49.8984688430899,0.0,15208.147754589105,1.0,<2x,16314.474664274676,0.9321874021412287,0.0
019ede31-941d-7998-a786-43a6e79ad5da,JBXSxKhCCgjyCRCAKFYctCUQQjiWRjNZPT7pCFahpump,yns,young niggas,pump.fun,15083.10238227015,12083.177372443683,11531.145310072889,138.0,113,34563.6190000368,34563.6190000368,5.4981,5.4981,1.5518830833333332,34563.6190000368,138.0,,,113,121,,,28.4428277845362,0.0,0.0,23.1206219051371,0.7645075275513274,2.291545739334473,1.2212389380530972,23.1206219051371,28.4428277845362,0.0,17171.64792686216,1.421120239948062,<2x,15083.10238227015,1.1384692281242517,0.0
019ed579-75e7-7e51-a9a2-e9b7e3aa6fe4,JDE87hhU9rw2uUf2K8kkah4JW9Lp9CbyNMk9pW8Tpump,Jane,The Prediction Chimp,https://pump.fun,14550.239915038315,12709.974218087264,11614.131537035606,75.0,55,35252.45676576195,35252.45676576195,5.8951,5.8951,0.47436085,35252.45676576195,75.0,,,55,86,,,1.8542873805818,,0.0,20.8779275248728,0.7982089370933251,2.42280931253422,1.3636363636363635,20.8779275248728,1.8542873805818,,12709.974218087264,1.0,<2x,14550.239915038315,0.8735233434158666,0.0
019edf7e-f389-78f2-bbb2-5d525667f2d1,Jm7FXQSGE18mnL2GuNScDxjcH23zix2uBBfm5ABpump,Cap,Self-Hosted CAPTCHA,https://pump.fun,15869.977419033508,12106.786985691811,11799.984466805343,32.0,20,44202.43993108125,44202.43993108125,7.1714,7.1714,3.5446594,44202.43993108125,32.0,,,20,131,,,0.1409375999349,0.0,0.0,25.5333764684858,0.7435413520282104,2.785286882517392,1.6,25.5333764684858,0.1409375999349,0.0,28822.864190583172,2.3807195273731137,2x-5x,15869.977419033508,1.8161881034572072,0.0
019ed60e-6236-7464-ad7e-9d3da391a895,LCCzL7F1uZxJhmEhQzoy2WtMPJW2jZXQG1AJrCKpump,RONALDO,Ronaldo The GOAT,2026-06-17T14:48:27.000Z,29286.56978444436,21612.36239216607,16519.098690297178,127.0,84,30963.49318500396,30963.49318500396,11.7915,11.7915,0.1759537833333333,30963.49318500396,127.0,,,84,154,,,52.7129697005358,0.127992889222,0.0,25.4785870278819,0.564050307423553,1.0572591263812092,1.5119047619047619,25.4785870278819,52.7129697005358,0.127992889222,31204.653130936607,1.4438335136489984,<2x,29286.56978444436,1.0654936156951724,0.0
019edde9-24a0-7b99-b6a1-c04ad39a8bdc,MXQcb928CL59NrZoV1u5VoLnX3RFUGFdn3NssXApump,#1,#1,2026-06-19T03:24:20.000Z,17576.15893253293,13810.799941610585,12490.740123203914,62.0,44,12802.50331797151,12802.50331797151,7.8245,7.8245,0.2984798166666666,12802.50331797151,62.0,,,44,107,,,29.7031387961314,8.7562118325763,0.0,31.0770531868117,0.7106638129041913,0.7284016585827788,1.4090909090909092,31.0770531868117,29.7031387961314,8.7562118325763,23963.839507064135,1.7351521713715827,<2x,17576.15893253293,1.3634286990149938,0.0
019edc3d-aa7f-7d47-9656-5693570c6e02,Nn1eM2aRiP6LCmBVnSPiB37mytdDUfiwnqEBg4rpump,クマキチ,Kumakichi,pump.fun,19027.838008620423,14666.892782234538,12997.341109630555,87.0,59,32816.6241892842,32816.6241892842,7.3099,7.3099,2.4892881333333334,32816.6241892842,87.0,,,59,134,,,17.5120666208077,0.0,0.0,23.2843520754148,0.6830697793276465,1.7246638411792694,1.4745762711864407,23.2843520754148,17.5120666208077,0.0,15883.141464276645,1.0829247680541652,<2x,19027.838008620423,0.8347317996443371,0.0
019ed784-155d-78c2-9d47-681f0bbe76c8,Rzd3U1qcQpDMG7C3CkdhFgocNPxijC2P3rjR5f3pump,FIFA,FIFA Coin,https://pump.fun,14206.854974621474,12865.013267216555,11465.455223106559,66.0,49,29150.28867054898,29150.28867054898,6.7071,6.7071,1.3287328999999999,29150.28867054898,66.0,,,49,154,,,22.9213099111753,0.0,0.003792793692,22.8337480742414,0.807036831416099,2.0518467122119444,1.346938775510204,22.8337480742414,22.9213099111753,0.0,17474.28110630524,1.3582792915444801,<2x,14206.854974621474,1.2299894056440048,0.0
019edcf0-72f7-79c1-b482-76dd77363afd,SEAT94f87htprjQ6H929XfHNk8SE3HUAcuinRk4Xs28,SEATd,SEATd,2026-06-18T20:34:54.000Z,100517.84572522779,78230.62879125163,36877.650127593086,53.0,21,24047.84617545287,64331.30113451818,2.0579,14.3552,0.3208144333333333,24047.84617545287,53.0,,,21,159,,,,0.0,,21.4302646612662,0.36687664624648436,0.2392395698689092,2.5238095238095237,21.4302646612662,,0.0,267151.64473118883,3.4149239097137856,2x-5x,100517.84572522779,2.657753385020463,1.0
019ed68f-b344-7218-8599-afc3089a7927,SLVTKDwzZ4GRBwDxaAA9biL29YZepQX8aWTX7paBpzx,SOLVATARS,Solvatars.com,2026-06-17T17:09:54.000Z,16143.152632176036,14575.617373990584,12378.13538084609,23.0,18,30280.64311297147,30280.64311297147,3.6611,3.6611,0.7151135166666667,30280.64311297147,23.0,,,18,163,,,33.2193625687302,5.7557155857019,,21.6118251543434,0.7667731119740744,1.8757577161611556,1.2777777777777777,21.6118251543434,33.2193625687302,5.7557155857019,20762.199599837062,1.4244473538998152,<2x,16143.152632176036,1.2861304153474016,0.0
019ee0b1-6cf0-7b76-9ea7-0ed9f920179c,TzyyGEL7R5r2QrUzx8txqyWscvhnKKNqffYoYjNpump,SPRITE,Design A Sprite,https://pump.fun,14938.880343666386,12719.061673327848,16588.94983476228,20.0,13,19990.82123563002,19990.82123563002,2.1742,2.1742,5.93124245,19990.82123563002,20.0,,,13,77,,,0.0569283935986,0.0,0.0,21.3914023049595,1.11045469627819,1.3381739980336276,1.5384615384615385,21.3914023049595,0.0569283935986,0.0,46606.90051627376,3.664334815987995,2x-5x,14938.880343666386,3.1198389333129386,1.0
019ed569-3d04-7c0c-affb-1277ed13cb7d,UhHp5yN9DKQTCrjtBkpoWUNDHztWfxJ1GqzteMVpump,1ELON,1ELON,2026-06-17T09:24:25.000Z,21339.94123416872,15549.124637040335,14077.157004310082,69.0,44,29568.06461715498,30996.48908883828,7.1303,8.63,2.5825552833333334,29568.06461715498,69.0,,,44,124,,,19.0807299793675,0.0,0.0,23.8428736318763,0.659662407212737,1.385573853868524,1.5681818181818181,23.8428736318763,19.0807299793675,0.0,67153.35216043498,4.318786666643965,2x-5x,21339.94123416872,3.1468386638718355,1.0
019ed251-766c-7e2d-a626-f227a3f73c42,VES7YdEc6YMBGSgfeWawdxofnSLLJ9QdvzLA2QVpump,WIF,dogwifhat,https://pump.fun,17429.09680085294,14016.541783220702,12875.436954029441,37.0,20,34212.9535538699,34212.9535538699,7.2154,7.2154,0.12767656666666666,34212.9535538699,37.0,,,20,92,,,11.0837567230929,0.5014403500874,0.0,28.8567156641005,0.7387323107528638,1.9629791460103425,1.85,28.8567156641005,11.0837567230929,0.5014403500874,14301.921262322101,1.0203601918015919,<2x,17429.09680085294,0.8205773039037914,0.0
019ed6cf-7d82-7148-9313-896180069582,XVZ5i1VNDtSgc6Bksy8vHZoBncNx8sgyACGyqkSpump,COLLECTOOOR,the collectooor,2026-06-17T18:19:34.000Z,23295.02918898168,13982.748293128587,10954.671701113477,148.0,77,39474.52811419039,39474.52811419039,8.3579,8.3579,0.1964082666666667,39474.52811419039,148.0,,,77,153,,,,,,29.0258527494472,0.47025790833930053,1.6945472698897264,1.922077922077922,29.0258527494472,,,44162.9827174003,3.15839073918701,2x-5x,23295.02918898168,1.895811435097448,0.0
019ed7c9-d6fe-70ca-aefb-4b235395038e,a3PUpweSGZv4848NyzbSQg73NbJBbUq8RnH8Erspump,CLAW,The Claw Is The Law,https://pump.fun,20403.66117440614,18298.326933590193,13749.186905841372,32.0,17,6966.0772868547,17063.3293274094,2.5365,8.9615,0.38320868333333336,6966.0772868547,32.0,,,17,88,,,0.0382722638698,,1e-13,24.3848324738456,0.6738588132941562,0.3414131036244014,1.8823529411764706,24.3848324738456,0.0382722638698,,37047.96963502253,2.024664318736904,2x-5x,20403.66117440614,1.8157510712584566,0.0
019ed631-678d-7004-9591-b517f914c900,cDEZiJtVyTDKC8kQ7TVPgyV91bLELAzwGZGSxC6pump,MEMELLIONAIRE,MEMELLIONAIRE,https://pump.fun,17591.59696814146,17413.92290268476,12853.686522334716,20.0,13,50775.71210058172,50775.71210058172,5.6832,5.6832,0.41494213333333335,50775.71210058172,20.0,,,13,205,,,14.4000048128251,0.0587801744918,0.6859215223504,22.3249173230412,0.7306719535249049,2.8863617210272032,1.5384615384615385,22.3249173230412,14.4000048128251,0.0587801744918,17413.92290268476,1.0,<2x,17591.59696814146,0.9899000604789622,0.0
019edc48-5f43-7859-9867-fbd114f0609d,cY435H7F4wcZ4NgWQFM3wUjBDffdb3qdsQST2EVpump,SPEEDYCAT,Speedycat,2026-06-18T19:44:57.000Z,17882.042000199264,13310.01663358081,12629.991043823078,31.0,17,40430.8313250534,40430.8313250534,5.129,5.129,0.25194565,40430.8313250534,31.0,,,17,177,,,28.9767490252436,0.0,0.0,18.4607108209438,0.7062946750534609,2.2609739606138306,1.8235294117647058,18.4607108209438,28.9767490252436,0.0,32438.12110051871,2.437121003942115,2x-5x,17882.042000199264,1.8140054195240813,0.0
019ed3aa-daaa-7588-99ee-e844cfe7dcd7,cbAhbADA5yxN4gbECXfhomvr4nEFpBFyFCenqNepump,HAM,Hero Archetype Meme,pump.fun,17231.050855446167,13983.404962812927,12788.206541839556,118.0,93,56760.16147257354,56760.16147257354,6.1434,6.1434,0.28660098333333334,56760.16147257354,118.0,,,93,95,,,26.0007883276692,0.0,0.0,24.7542903984586,0.7421605710018333,3.2940626749199993,1.2688172043010753,24.7542903984586,26.0007883276692,0.0,60196.839112749236,4.304877050534903,2x-5x,17231.050855446167,3.4935094567214398,1.0
019ecc50-28c4-7d2f-b442-3af3aa7fc920,ctKpkKoiywGGVUgqQ4exW4MRNd6s2KFzm2TCu7Lpump,THOMAS,Human Thomas,1781541334,15169.300579623803,14350.391883323486,8969.445349285143,,0,95079.89464017304,96494.41573164266,6.127,5.7727,767.7127504666666,95079.89464017304,45.0,,,31,152,,,5.1062178817498,7.2301468e-06,0.0,21.4977353610141,0.5912893150349575,6.267915527225383,1.4516129032258065,21.4977353610141,5.1062178817498,7.2301468e-06,27527.42769545389,1.918235259306289,<2x,15169.300579623803,1.8146800869929474,0.0
019ee00b-dc97-7695-8c4c-e523d1cd9e90,gAYuqKUgzEz11eQbpH3125GUc8Lvc21W4P31pXKpump,YOU,Your next opponent is,pump.fun,17922.015948682612,12287.731296224347,12566.313562699086,35.0,17,22353.55094083248,22353.55094083248,7.9213,7.9213,2.0414923833333334,22353.55094083248,35.0,,,17,96,,,9.334094504809368,0.0,0.0,27.776039677776478,0.7011662972893846,1.2472676625687087,2.0588235294117645,27.776039677776478,9.334094504809368,0.0,24227.667783203273,1.9716957670329032,<2x,17922.015948682612,1.3518383117488615,0.0
019ee095-3b12-7691-81c0-f598365706bc,gLK8xzV1FbccRw9CkqZngTqCwUezWvDSkKUCijbpump,BALLSACK,Ballsack Coin,2026-06-19T15:51:36.000Z,14603.648103817,12727.582291595701,11412.115406914683,39.0,29,34441.67743576586,34441.67743576586,3.2422,3.2422,0.9914355,34441.67743576586,39.0,,,29,145,,,22.9355658742905,0.1833393425119,22.5335186080232,20.4988922289541,0.7814564775723309,2.358429701326734,1.3448275862068966,20.4988922289541,22.9355658742905,0.1833393425119,13737.465982007856,1.0793460743191583,<2x,14603.648103817,0.9406872778875884,0.0
019ed2e7-b38b-7f2a-9be9-72d53a62149b,hQrnw6SscDqSoDxH4fquStmsTFucTd1GoKNTaGqpump,JarJar,JarJarBinks,2026-06-17T00:02:12.000Z,22589.051895886707,21616.889564655263,14624.510193924641,24.0,15,35176.11635106432,35176.11635106432,9.5628,9.5628,0.1560155166666667,35176.11635106432,24.0,,,15,244,,,,1e-13,0.0,9.895154211948103,0.6474158482316672,1.5572196882450662,1.6,9.895154211948103,,1e-13,21616.889564655263,1.0,<2x,22589.051895886707,0.9569631193149604,0.0
019ed83d-f708-7446-899c-466cd5b819ee,hUTHZAtjZ23QqBs9seaxR9ToQ9v744T2FmVMRCcpump,PACKS,Pump Packs,https://pump.fun,16586.110432863195,15129.348050217513,12415.011372938852,98.0,73,25313.25173678325,25313.25173678325,5.2249,5.2249,0.5295034,25313.25173678325,98.0,,,73,141,,,21.9823127840545,1.8753484837792,0.0,21.2912547729851,0.7485185525076536,1.5261716626839994,1.3424657534246576,21.2912547729851,21.9823127840545,1.8753484837792,22244.364413422776,1.4702791118023735,<2x,16586.110432863195,1.341144115943452,0.0
019ed6cc-f89b-731a-b260-e3fbbcae906e,iaGJA8Yg2KS4Cf9JirGzXXn6pPBfVoDrSrFHXkspump,HAWK,The Hawk,pump.fun,18423.99647014858,13479.198763726592,13176.047202408636,55.0,36,11379.29717259776,11379.29717259776,7.1188,7.1188,0.2258424,11379.29717259776,55.0,,,36,75,,,22.6840786592763,0.8946084486166,0.0,26.1760496465101,0.7151568457884304,0.6176345719038228,1.5277777777777777,26.1760496465101,22.6840786592763,0.8946084486166,18994.681198468166,1.4091847394953547,<2x,18423.99647014858,1.0309750780317526,0.0
019ed4b8-69cf-7a6e-b288-207dfd850be8,m5HoubAkSxBn5P2ccdv8Pbn5e99dUdLSwcspUwXpump,CHUD,CHUD,2026-06-17T08:34:07.000Z,15864.3956981173,12938.181169967005,12174.493117050033,121.0,96,34323.08562152892,34323.08562152892,3.6933,3.6933,0.17120596666666668,34323.08562152892,121.0,,,96,138,,,33.6203908552221,2.9059227831136,0.0,21.8953438748678,0.7674098244091854,2.1635293442410917,1.2604166666666667,21.8953438748678,33.6203908552221,2.9059227831136,47188.00993167187,3.6471903826179153,2x-5x,15864.3956981173,2.974459968700345,1.0
019ed4f3-14f2-7a7b-a238-25fee883d522,mHbBQMh3ExWvFz8NUp7iPHe3Gs3SvUxdcrHRtbSpump,CCM,Collectible Capital Markets,pump.fun,13088.032103656538,13067.139856134263,11048.083785301365,92.0,74,30179.29003832288,30179.29003832288,7.3978,7.3978,1.9884325833333334,30179.29003832288,92.0,,,74,142,,,25.2682587031599,0.0,0.0,22.529321779878,0.8441363604399128,2.305869194031957,1.2432432432432432,22.529321779878,25.2682587031599,0.0,73110.1294087589,5.594960351973117,5x-10x,13088.032103656538,5.586029192909251,1.0
019edc96-a548-78d0-8975-c0e594120f51,n6LWdEBYbnuYyPLTnRUAgwZ5rV2V4mNphnKhEvkGR2h,TAY,RIP Tay Keith,pump,16528.34930255127,15329.038844060382,12178.750358505738,74.0,57,16588.77146147145,16588.77146147145,5.3007,5.3007,0.17826446666666668,16588.77146147145,74.0,,,57,103,,,48.6190018760554,0.0,0.0,32.4135578609666,0.7368400882371152,1.003655668077565,1.2982456140350878,32.4135578609666,48.6190018760554,0.0,15329.038844060382,1.0,<2x,16528.34930255127,0.9274391872692475,0.0
019ed55f-3a27-7c84-beed-949be6657b18,oLQXV7Z2RY9GsRsM6Gp9Y7dT7Fd24QhD6JZtY94BAGS,Elon,Speedrun to an Elon,2026-06-17T11:37:12.000Z,761920.4264640011,376044.98915122956,11641.730080309404,60.0,26,32587.5497560214,32587.5497560214,12.3961,12.3961,0.23894163333333335,32587.5497560214,60.0,,,26,120,,,,0.5589258600103234,,1.0584311136383795,0.01527945658884294,0.0427702797092041,2.3076923076923075,1.0584311136383795,,0.5589258600103234,376044.98915122956,1.0,<2x,761920.4264640011,0.493548901026867,0.0
019edc1c-6f08-7cbf-a005-7fdaa9ff3564,ooMnSRKs3d8zrw39MAFHij7JP8skRFA3dihionMpump,Clitcoin,Clitcoin,pump.fun,18921.084970166343,14478.82138698843,12923.19160229189,88.0,57,43735.81453332488,43735.81453332488,8.5538,8.5538,1.3875413833333332,43735.81453332488,88.0,,,57,188,,,13.6252535002934,0.0,0.0,21.5734422680925,0.6830047866001564,2.3114855518214177,1.543859649122807,21.5734422680925,13.6252535002934,0.0,16638.781353697013,1.1491806486852347,<2x,18921.084970166343,0.8793777618953706,0.0
019edde0-5daf-78e3-a032-a4cd1c3d5e1c,pQ7VeXJGCE8LEBLUUoLGFqiLNJJfJH6Pj2vRPj8pump,GWF,Gamble With Friends,https://pump.fun,20579.730961379464,12900.50296225485,13567.78712292551,61.0,48,18630.6633616494,18630.6633616494,9.3978,9.3978,0.32861799999999997,18630.6633616494,61.0,,,48,87,,,32.0697565876553,5.5225715574751,2.0011684912216,25.8335781478334,0.6592791299549651,0.905291881444527,1.2708333333333333,25.8335781478334,32.0697565876553,5.5225715574751,27155.013902503113,2.1049577665270154,2x-5x,20579.730961379464,1.3195028619889648,0.0
019ed29c-de1a-721c-95c7-ba3c8356e390,qZqCSzKHrQiUgp34H3NSeCrJAFPzaG9mCyWgB9upump,MUTUMBO,MUTUMBO,https://pump.fun,19513.806721512232,18075.564211376062,13613.648065550356,51.0,34,33585.09406060788,33585.09406060788,7.4373,7.4373,0.46907435,33585.09406060788,51.0,,,34,98,,,17.887527008650522,0.0,0.0,27.585055858761812,0.6976418419960326,1.7210939177532854,1.5,27.585055858761812,17.887527008650522,0.0,18075.564211376062,1.0,<2x,19513.806721512232,0.926296158885768,0.0
019edcfc-e736-7310-b63f-e1fc00b8c33f,qvm1XFQAUMYg3UzhoNt9AxAhrbvph93jnYDguMNg9Yc,VOYAGER,the sprite voyager,2026-06-18T23:04:39.000Z,17289.60349814131,13699.395704674103,12433.343240046173,98.0,79,24897.99715680987,24897.99715680987,6.102,6.102,0.37544991666666666,24897.99715680987,98.0,,,79,118,,,20.491857909447248,0.0,0.0,25.619645377073407,0.7191225201539642,1.4400559943139521,1.240506329113924,25.619645377073407,20.491857909447248,0.0,96682.7288412028,7.057444789934462,5x-10x,17289.60349814131,5.591957551345612,1.0
019ed67b-c79a-7587-8715-b01cb2a8ef57,qyTCUucHzAs9ZLou5BG4aFwFNGHDGdWUZsgnqZwpump,SON,Son😭🥀,pump.fun,12904.46460344249,13646.200743022562,11094.06954184551,79.0,60,24556.11079838619,24556.11079838619,5.4208,5.4208,2.841820033333333,24556.11079838619,79.0,,,60,67,,,40.3695278545728,0.0,0.0,33.7048948902331,0.8597078517217968,1.902915894072461,1.3166666666666667,33.7048948902331,40.3695278545728,0.0,13646.200743022562,1.0,<2x,12904.46460344249,1.0574790324413925,0.0
019edd29-9c14-7330-9168-5b037657e4a4,sBRr1CwcRYW2cE9WFNEhHRam5TVWq2pb8YgMHAFpump,GRIND,Grindscape,2026-06-18T23:55:40.000Z,20216.185351699412,13863.213797037304,13462.893786696679,140.0,67,32945.1538930432,32945.1538930432,7.8913,7.8913,0.1782726166666667,32945.1538930432,140.0,,,67,97,,,53.901218196722,8.110111613938,1.0041854183375,33.3073719255154,0.6659462976067818,1.6296424533065417,2.08955223880597,33.3073719255154,53.901218196722,8.110111613938,40198.71700405655,2.899667969677232,2x-5x,20216.185351699412,1.988442245889745,0.0
019ed93e-e737-774e-b831-0849c249244c,siVs14QAPvUMP4sEvvAs8uEu8RvX3uQEbQ5AsEdpump,NTC,Net Cash,https://pump.fun,21288.616073231213,12527.35547455334,13940.79537956245,50.0,44,22364.20433845168,22364.20433845168,9.0202,9.0202,0.49803818333333333,22364.20433845168,50.0,,,44,136,,,41.1721605639701,4.5218635974053,0.0,21.0985231483345,0.6548474232240922,1.0505241045975242,1.1363636363636365,21.0985231483345,41.1721605639701,4.5218635974053,42789.575182351546,3.415690986758496,2x-5x,21288.616073231213,2.0099744875457697,1.0
019ed2f6-1804-7d8a-b76c-b674f528d1ee,tungXo9vjMeyxRcXMRvejsiAWpCBBD64VNVi8KYX4Ar,TUNGTARDIO,tungtardio,https://pump.fun,15594.600074225184,13376.393022613005,12151.157357537668,59.0,44,18660.41113668252,18660.41113668252,6.2251,6.2251,0.3145404,18660.41113668252,59.0,,,44,91,,,19.038543040952,0.0,0.0,25.6123259195478,0.7791900593604287,1.196594401130204,1.3409090909090908,25.6123259195478,19.038543040952,0.0,13376.393022613005,1.0,<2x,15594.600074225184,0.8577580033438343,0.0
019edc80-4618-730f-adbe-95d8db9d5e6f,wF4Cdd3h7TYtyKdHN2KD5xmxPasmuMEcLAyqHWVpump,SPDR,Spider Robotics,https://pump.fun,21814.64007527414,12697.410815848218,13997.10161768531,88.0,74,15328.60204422075,15328.60204422075,8.1155,8.1155,0.22256928333333334,15328.60204422075,88.0,,,74,94,,,44.4266911394029,7.538422366699,0.0,23.0575371890219,0.6416379811624928,0.7026749921762401,1.1891891891891893,23.0575371890219,44.4266911394029,7.538422366699,211870.72280428448,16.686135927793952,10x-20x,21814.64007527414,9.7123180613202,1.0
019eda3e-2bce-7eba-9b46-3fe160b4dfb0,xYv6TnoTKyXVWpZzmgBBRCxgb7fj6BXXbXdwQzJpump,Inugami,The Megashiba,https://pump.fun,15617.033068691095,14161.497018033642,11977.229719595587,20.0,16,71027.463267492,71027.463267492,6.2342,6.2342,0.5216269166666667,71027.463267492,20.0,,,16,102,,,16.294490867723734,0.0,0.0,26.40405124252299,0.7669337489979094,4.5480766388263145,1.25,26.40405124252299,16.294490867723734,0.0,14161.497018033642,1.0,<2x,15617.033068691095,0.906798170673308,0.0
