notification_id,mint,symbol,name,sent_at,alert_market_cap,first_call_market_cap,alert_liquidity,vol_1h,vol_24h,total_buy,count_buy,metric_market_cap,metric_liquidity,age_minutes,volume_usd,buy_volume_sol,sell_volume_sol,buy_sell_volume_ratio,buys,holders,unique_buyers,top_buyer_share,bundle_pct,sniper_pct,top10_holder_pct,bundle_hold_percent,sniper_hold_percent,top10_percent,liq_to_mc,vol_to_mc,avg_buy_size_sol,entry_market_cap,entry_liquidity,first_vlak_sent_at,first_vlak_market_cap,target_wait_time,wait_minutes,snapshot_lag_minutes,entry_time,ath_mc,ath_at,current_mc,token_level_max_multiple,post_wait_multiple
019ed73c-a3ab-76ad-95ab-3b3cddf84dcd,1HzvfoqESQMaRz7hBYpAYNutp4kdXSZnB3HCfFNLoop,LOOP,LOOP,2026-06-17 20:18:56.043000+00:00,18700.673443263957,16215.56305606241,13142.288617005406,23613.31890044694,23613.31890044694,26.0,12,18700.673443263957,13142.288617005406,0.18100845000000002,23613.31890044694,26.0,,,12,86,,,38.4813465185446,,21.9349545086187,38.4813465185446,,21.9349545086187,0.7027708738339208,1.2626988526422578,2.1666666666666665,18700.673443263957,13142.288617005406,2026-06-17 20:18:56.043000+00:00,18700.673443263957,2026-06-17 20:18:56.043000+00:00,0,0.0,2026-06-17 20:18:56.043000+00:00,49848.42603491973,,12055.303255802053,3.07411009180364,2.6655952357092945
019ed267-e4c2-731d-81d5-3bdad50dcc8c,21vBTF7Kwg17j2m2tpSejgNzwqgz5nQBf54aSVBnpump,Stonks,Stonks Street,2026-06-16 21:48:04.674000+00:00,24375.972125329532,18758.566645411636,15223.076065449033,40557.31075485342,40557.31075485342,34.0,33,24375.972125329532,15223.076065449033,0.09930836666666668,40557.31075485342,34.0,,,33,107,,,30.6858124644592,14.8830815971985,25.9179991477013,30.6858124644592,14.8830815971985,25.9179991477013,0.624511547157147,1.6638233152847082,1.0303030303030303,24375.972125329532,15223.076065449033,2026-06-16 21:48:04.674000+00:00,24375.972125329532,2026-06-16 21:48:04.674000+00:00,0,0.0,2026-06-16 21:48:04.674000+00:00,37914.652444534884,,1549.3731264862452,2.021191339467765,1.555410887803611
019ed186-ca33-757f-936d-65b4ac5918bd,2ChXKPRmEGT9xvHQccEUSpRg1LueVfZDg8gx1JAxpump,币安之死,Binance Death,2026-06-16 17:42:12.275000+00:00,15088.908818954349,13844.01322647313,11929.108098645409,68765.79469290923,68765.79469290923,28.0,16,15088.908818954349,11929.108098645409,0.15969126666666666,68765.79469290923,28.0,,,16,99,,,3.682889540480474,0.10034827437565653,26.729155566975635,3.682889540480474,0.10034827437565653,26.729155566975635,0.790587857729005,4.557373599244445,1.75,15088.908818954349,11929.108098645409,2026-06-16 17:42:12.275000+00:00,15088.908818954349,2026-06-16 17:42:12.275000+00:00,0,0.0,2026-06-16 17:42:12.275000+00:00,13844.01322647313,,2589.5178688712485,1.0,0.917495982816371
019ee086-97fd-7dfc-9d37-b15dd5c8c5ab,2CvqowBpUSGLWgU1p3k6KW87KHVzSCWD3ADX1pafpump,MUST,Elon Must,2026-06-19 15:36:17.661000+00:00,17287.828721473248,12910.75142748588,12405.657200982407,21959.56918113892,21959.56918113892,131.0,97,17287.828721473248,12405.657200982407,0.25127525,21959.56918113892,131.0,,,97,71,,,32.0768400934954,4.3678275639357,24.5831511656572,32.0768400934954,4.3678275639357,24.5831511656572,0.7175948698273088,1.270232921376812,1.3505154639175259,17287.828721473248,12405.657200982407,2026-06-19 15:36:17.661000+00:00,17287.828721473248,2026-06-19 15:36:17.661000+00:00,0,0.0,2026-06-19 15:36:17.661000+00:00,26188.559027568183,,2473.9076770959514,2.028430271828717,1.5148553036645556
019edcb4-e353-7d11-9836-ccc89b06c8fa,2GNjBTa9E1HSsj4y4djEas9BwqewDnpM6Es3GcTopump,bread,"market's dead, send this bread",2026-06-18 21:48:22.739000+00:00,16295.687309986204,13611.03154490106,12068.940080917806,16211.61637021318,16211.61637021318,69.0,48,16295.687309986204,12068.940080917806,0.16113306666666669,16211.61637021318,69.0,,,48,90,,,35.767671942203535,0.0,23.239072142634924,35.767671942203535,0.0,23.239072142634924,0.7406217271683783,0.9948409086297634,1.4375,16295.687309986204,12068.940080917806,2026-06-18 21:48:22.739000+00:00,16295.687309986204,2026-06-18 21:48:22.739000+00:00,0,0.0,2026-06-18 21:48:22.739000+00:00,15543.507658474771,,2017.1789391889413,1.141978666877578,0.9538417964702546
019ed687-8672-7a2a-a95a-2911c35a7f65,2GYbMPSsW2Dm59rXpHySaZfbTqmxs6P7kres4uq2BAGS,X,X Coin,2026-06-17 17:01:06.546000+00:00,93968.03585038874,164333.0014903836,4146.9821127179375,29152.43924868639,29152.43924868639,70.0,31,93968.03585038874,4146.9821127179375,0.19231795000000002,29152.43924868639,70.0,,,31,55,,,,3.101051747e-06,1.2460340396212377,,3.101051747e-06,1.2460340396212377,0.04413183775939041,0.31023782698939734,2.2580645161290325,93968.03585038874,4146.9821127179375,2026-06-17 17:01:06.546000+00:00,93968.03585038874,2026-06-17 17:01:06.546000+00:00,0,0.0,2026-06-17 17:01:06.546000+00:00,164333.0014903836,,48136.221211896474,1.0,1.748818095464148
019edb1b-b221-7581-8df6-7ce2f1d64016,2SMH5d728QGNJCigAZPWJiQR3jmbpXjdNoNZD7FDpump,GTAIFY,GTAification,2026-06-18 14:21:25.921000+00:00,18009.051932517308,15021.087751833778,12846.604397951984,20197.97820484894,20197.97820484894,42.0,27,18009.051932517308,12846.604397951984,0.10530795,20197.97820484894,42.0,,,27,70,,,7.9919797667403,,25.0326545697098,7.9919797667403,,25.0326545697098,0.713341515482891,1.1215458915068863,1.5555555555555556,18009.051932517308,12846.604397951984,2026-06-18 14:21:25.921000+00:00,18009.051932517308,2026-06-18 14:21:25.921000+00:00,0,0.0,2026-06-18 14:21:25.921000+00:00,48684.91401390772,,11798.843178525858,3.241104427205297,2.703357966667962
019edbdc-9ac7-7c5b-81d8-8d555fb34eb2,2b7TqTfTW3Mo9AUunUADFtRxGqcDDZryHJg69MRPpump,JIN,Aladdin X Jin,2026-06-18 17:52:08.391000+00:00,21524.454463043476,17527.076216881025,13795.6450200052,16690.84274320608,16690.84274320608,94.0,72,21524.454463043476,13795.6450200052,0.08929235,16690.84274320608,94.0,,,72,115,,,27.0671910812853,5.0113297095663,29.0567578276059,27.0671910812853,5.0113297095663,29.0567578276059,0.6409289045486242,0.7754362728153464,1.3055555555555556,21524.454463043476,13795.6450200052,2026-06-18 17:52:08.391000+00:00,21524.454463043476,2026-06-18 17:52:08.391000+00:00,0,0.0,2026-06-18 17:52:08.391000+00:00,17527.076216881025,,1342.1384287549872,1.0,0.8142866638954418
019ee03a-c315-7af5-a9be-a51c7c13e6a0,2bJLvamPNX7iTxZwtsu3SL2fLuSgejfB4rxtYeaipump,FATTOO,Fattoo Coin,2026-06-19 14:13:27.957000+00:00,21933.577396225763,13318.432922346012,13965.565002143738,22344.09134643642,22344.09134643642,51.0,30,21933.577396225763,13965.565002143738,0.1400613,22344.09134643642,51.0,,,30,174,,,18.4649316961274,0.989264884746,21.8401299272852,18.4649316961274,0.989264884746,21.8401299272852,0.6367208025329636,1.018716233234315,1.7,21933.577396225763,13965.565002143738,2026-06-19 14:13:27.957000+00:00,21933.577396225763,2026-06-19 14:13:27.957000+00:00,0,0.0,2026-06-19 14:13:27.957000+00:00,71339.44108514584,,2092.4255448915205,5.356444072744525,3.2525219117890742
019ed5ff-320d-7a07-b2f5-5d74648740b5,2kzUqtKR47EwQRYJLPQn2fPrxhtxoZJDtsGGPex4pump,Ronaldo,Ronaldo,2026-06-17 14:32:12.045000+00:00,15830.422789021464,12919.50777014467,12143.331023313753,43797.11459234676,43797.11459234676,57.0,37,15830.422789021464,12143.331023313753,0.22284006666666667,43797.11459234676,57.0,,,37,151,,,28.71029965162127,0.0,30.40410799906281,28.71029965162127,0.0,30.40410799906281,0.7670882316380873,2.7666421280119216,1.5405405405405406,15830.422789021464,12143.331023313753,2026-06-17 14:32:12.045000+00:00,15830.422789021464,2026-06-17 14:32:12.045000+00:00,0,0.0,2026-06-17 14:32:12.045000+00:00,12919.50777014467,,2053.817342083605,1.0,0.8161189339241439
019ee083-8566-73f5-bd6e-c513d9f8d041,2mdfssaGr9MAVNNpaCxxd3LuhhHKNShByT9RWjZBpump,CHADLON,chadlon musk,2026-06-19 15:32:56.294000+00:00,22312.818684920792,14721.364359396252,14077.851452244924,26074.31687274342,26074.31687274342,136.0,79,22312.818684920792,14077.851452244924,0.22678513333333333,26074.31687274342,136.0,,,79,105,,,57.78472230694,0.0,34.9312166877263,57.78472230694,0.0,34.9312166877263,0.6309311096476962,1.1685801440391161,1.7215189873417722,22312.818684920792,14077.851452244924,2026-06-19 15:32:56.294000+00:00,22312.818684920792,2026-06-19 15:32:56.294000+00:00,0,0.0,2026-06-19 15:32:56.294000+00:00,14721.364359396252,,1353.295842486906,1.0,0.6597716123308565
019ed795-6521-7e97-a877-d58026226ebe,2pGdxH9gV8Ajwr5GrbFLzva4AbwPze4GCywP1EzRpump,Kirk,Kirk The Sprite,2026-06-17 21:55:52.737000+00:00,23783.151860597955,19777.943128071995,14795.237045005995,42149.8752040648,42149.8752040648,20.0,15,23783.151860597955,14795.237045005995,0.15485405,42149.8752040648,20.0,,,15,174,,,11.7861943266146,0.0,27.4418336017714,11.7861943266146,0.0,27.4418336017714,0.6220889952570826,1.7722577499870984,1.3333333333333333,23783.151860597955,14795.237045005995,2026-06-17 21:55:52.737000+00:00,23783.151860597955,2026-06-17 21:55:52.737000+00:00,0,0.0,2026-06-17 21:55:52.737000+00:00,19777.943128071995,,1946.8084949242163,1.0,0.8315947038474125
019ed20c-87e6-7066-8417-4d576f85c581,2wc8dLNPNCZYtFJf2P5PBLZsk2nhjVjmVPz4ZiUcpump,BELLS,BELLSCOIN,2026-06-16 20:08:17.126000+00:00,70787.89993133002,71106.08408060788,26726.99040636486,41325.611776723534,215938.65734479798,59.0,27,70787.89993133002,26726.99040636486,0.08067629999999999,41325.611776723534,59.0,,,27,247,,,8.555599315446203,4.124984900435143,23.507924479765613,8.555599315446203,4.124984900435143,23.507924479765613,0.37756439211068843,0.5837948550078857,2.185185185185185,70787.89993133002,26726.99040636486,2026-06-16 20:08:17.126000+00:00,70787.89993133002,2026-06-16 20:08:17.126000+00:00,0,0.0,2026-06-16 20:08:17.126000+00:00,61590.98601579799,,17337.293689340542,2.801803573673317,0.8700778816089505
019ed1ba-1205-7efb-8cbf-aa666572c65b,31e5p5ZNwX3DfkT8DTRucdyzEdeLZNwYXuzK7FJzpump,ANSEM,The Black Bull,2026-06-16 18:38:12.997000+00:00,18466.691340259382,14384.96279797919,13242.496359813511,29326.7490371784,29326.7490371784,100.0,74,18466.691340259382,13242.496359813511,0.2535262833333333,29326.7490371784,100.0,,,74,85,,,22.0692578228026,0.0,26.9533505724379,22.0692578228026,0.0,26.9533505724379,0.7171017328341563,1.5880889812265893,1.3513513513513513,18466.691340259382,13242.496359813511,2026-06-16 18:38:12.997000+00:00,18466.691340259382,2026-06-16 18:38:12.997000+00:00,0,0.0,2026-06-16 18:38:12.997000+00:00,14384.96279797919,,1397.8036981672087,1.0,0.7789680637926956
019ed2a5-bba9-725d-9bfd-395361ef6bf6,3ALxU164ur3NtAaMKsPyLm29YLneP2tanw6X6MNSpump,GOOGLE,Google Coin,2026-06-16 22:55:37.385000+00:00,17876.2860962782,14275.23523199268,13019.420210084887,8909.31497580464,8909.31497580464,38.0,33,17876.2860962782,13019.420210084887,0.20672026666666668,8909.31497580464,38.0,,,33,95,,,31.895182136352,7.5248977883264,25.7270971945364,31.895182136352,7.5248977883264,25.7270971945364,0.72830677132626,0.4983873567373448,1.1515151515151516,17876.2860962782,13019.420210084887,2026-06-16 22:55:37.385000+00:00,17876.2860962782,2026-06-16 22:55:37.385000+00:00,0,0.0,2026-06-16 22:55:37.385000+00:00,32795.62815880989,,1712.6877496448542,2.2973791763032088,1.8345884588207535
019ed680-b96c-7c6a-827f-af424e6b407a,3Bizspecy45G42iyCHramF1cSVdZx6Jkgs2RW2w9pump,Fish,Fishcoin,2026-06-17 16:53:40.844000+00:00,12683.412694247716,13806.53558221995,10986.522300212522,26683.36469053882,26683.36469053882,90.0,59,12683.412694247716,10986.522300212522,0.12626711666666665,26683.36469053882,90.0,,,59,81,,,28.6948867029237,21.4168505863027,32.2739307949432,28.6948867029237,21.4168505863027,32.2739307949432,0.866211844166769,2.103800083919092,1.5254237288135593,12683.412694247716,10986.522300212522,2026-06-17 16:53:40.844000+00:00,12683.412694247716,2026-06-17 16:53:40.844000+00:00,0,0.0,2026-06-17 16:53:40.844000+00:00,13806.53558221995,,2159.9120310707417,1.0,1.0885505277677832
019ed6e4-bc9f-7d9b-a40d-6d329ca0a0b8,3HwB3NUsH4qmDrLo7c1gvEjpWMybrrvxHnmvadPEpump,Memecoin,My Meme Coin,2026-06-17 18:42:55.263000+00:00,24511.49208683073,13619.883857659943,15230.677910062135,47945.13736137849,47945.13736137849,30.0,20,24511.49208683073,15230.677910062135,0.19682866666666668,47945.13736137849,30.0,,,20,136,,,10.2285389725615,1.4704456074958,26.0962463440213,10.2285389725615,1.4704456074958,26.0962463440213,0.6213688606188568,1.9560268788017983,1.5,24511.49208683073,15230.677910062135,2026-06-17 18:42:55.263000+00:00,24511.49208683073,2026-06-17 18:42:55.263000+00:00,0,0.0,2026-06-17 18:42:55.263000+00:00,52582.45476518343,,1401.149737080373,3.860712419776663,2.1452163980435266
019ed287-d309-787c-9afb-4d0374646027,3LQGitBLtCWmCZUPMZgyJFonzrHhKAu8VJPpvyEFpump,GLM-5.2,GLM 5.2,2026-06-16 22:22:57.289000+00:00,21788.265844939466,13174.750813941491,14390.711687336609,63865.9217859131,63865.9217859131,24.0,12,21788.265844939466,14390.711687336609,0.2390059833333333,63865.9217859131,24.0,,,12,127,,,16.0683113451251,0.0,24.0320749608738,16.0683113451251,0.0,24.0320749608738,0.6604799018770459,2.931207203015956,2.0,21788.265844939466,14390.711687336609,2026-06-16 22:22:57.289000+00:00,21788.265844939466,2026-06-16 22:22:57.289000+00:00,0,0.0,2026-06-16 22:22:57.289000+00:00,29097.797585668006,,7004.5459344576475,2.208603259112634,1.3354801980455113
019ed727-865d-7a68-ac9f-df1e1ac32a83,3MuboDr1XiSNVz4UuqQEV1eNyFpDxikK3g3eEdPLpump,NUT,NUT,2026-06-17 19:55:52.285000+00:00,19264.094529472513,18816.387241042827,13329.480381644438,15443.8987775162,15443.8987775162,21.0,15,19264.094529472513,13329.480381644438,0.20088371666666666,15443.8987775162,21.0,,,15,107,,,20.3588434988457,0.0,25.3729967420133,20.3588434988457,0.0,25.3729967420133,0.6919339168135521,0.8016934693654186,1.4,19264.094529472513,13329.480381644438,2026-06-17 19:55:52.285000+00:00,19264.094529472513,2026-06-17 19:55:52.285000+00:00,0,0.0,2026-06-17 19:55:52.285000+00:00,27611.25845976827,,2203.6279075093616,1.4674048799092434,1.4333016492171624
019ed2ac-9209-7032-90fc-6341906ebc7c,3Q4mDLfCrMViTC79VybKarm12q8Dbxf1RDXggXukpump,SBF,Sam Bankman-Fried,2026-06-16 23:03:05.481000+00:00,22572.390717013168,13699.165359179324,10828.054203239564,39080.11025101616,39080.11025101616,176.0,112,22572.390717013168,10828.054203239564,0.18877705,39080.11025101616,176.0,,,112,133,,,50.2205014587603,0.0,23.0620198556615,50.2205014587603,0.0,23.0620198556615,0.479703472219196,1.7313234889896205,1.5714285714285714,22572.390717013168,10828.054203239564,2026-06-16 23:03:05.481000+00:00,22572.390717013168,2026-06-16 23:03:05.481000+00:00,0,0.0,2026-06-16 23:03:05.481000+00:00,13699.165359179324,,1416.6777120395475,1.0,0.6068991774475199
019ed4c0-b17f-7ad4-a837-02ffe81eaba6,3V3h9aSABvopyu1kKT6t2k3MMdQ6Wz8zQFfJQ2TKBAGS,INDEX,INDEX,2026-06-17 08:44:18.687000+00:00,311223.2707201147,303120.69409725454,7447.251930909981,22148.56486063056,22148.56486063056,59.0,26,311223.2707201147,7447.251930909981,0.14415318333333332,22148.56486063056,59.0,,,26,100,,,,0.466462152583653,1.6968654116290705,,0.466462152583653,1.6968654116290705,0.023928968787193767,0.0711661592958096,2.269230769230769,311223.2707201147,7447.251930909981,2026-06-17 08:44:18.687000+00:00,311223.2707201147,2026-06-17 08:44:18.687000+00:00,0,0.0,2026-06-17 08:44:18.687000+00:00,303120.69409725454,,29988.081559700466,1.0,0.9739653895285135
019ed5ec-7671-785e-a5c7-8d5a3f287ead,3VU3TG3Mj45Hy3Yo9N9BEyPSkdKxrJsoPV2Auj2Rpump,Gentaro,セクシーなゴリラ,2026-06-17 14:11:44.369000+00:00,16678.303879180676,12951.805520058722,12459.246522217012,30421.84733792455,30421.84733792455,74.0,54,16678.303879180676,12459.246522217012,0.13540178333333333,30421.84733792455,74.0,,,54,114,,,4.9453054105501,0.0,15.8436325040252,4.9453054105501,0.0,15.8436325040252,0.7470331882949883,1.8240372377373322,1.3703703703703705,16678.303879180676,12459.246522217012,2026-06-17 14:11:44.369000+00:00,16678.303879180676,2026-06-17 14:11:44.369000+00:00,0,0.0,2026-06-17 14:11:44.369000+00:00,12951.805520058722,,2007.1467469119304,1.0,0.7765661073142038
019ed4f8-dc92-7445-918f-e3510f4730bc,3oX9emrqYRGzFEDPP3jA6tYnUBML4QSr3DfgD2r5pump,滑る猫,Sliding Cat,2026-06-17 09:45:39.730000+00:00,18359.425857852944,18044.547030051082,13088.781826053817,21519.3255126723,21519.3255126723,22.0,11,18359.425857852944,13088.781826053817,0.241943,21519.3255126723,22.0,,,11,99,,,19.7515817701275,0.0,29.3813380194346,19.7515817701275,0.0,29.3813380194346,0.7129189075624227,1.1721132065503979,2.0,18359.425857852944,13088.781826053817,2026-06-17 09:45:39.730000+00:00,18359.425857852944,2026-06-17 09:45:39.730000+00:00,0,0.0,2026-06-17 09:45:39.730000+00:00,352059.6875166828,,305055.56743809493,19.510586047428543,19.175963902275026
019ed45f-ec6f-78d7-b9d3-92e050fc4f58,3wMNHtTmRjXr8PQC5vEfpLPXoFXbqs9uFjzk41hApump,Sneed,Sneed,2026-06-17 06:58:36.783000+00:00,16948.86332867951,12870.217142888872,12654.644253358687,24906.6162050688,24906.6162050688,82.0,62,16948.86332867951,12654.644253358687,0.20854103333333332,24906.6162050688,82.0,,,62,141,,,16.895898429413545,0.5761178648049,22.694037871406195,16.895898429413545,0.5761178648049,22.694037871406195,0.7466367512649366,1.4695154313341958,1.3225806451612903,16948.86332867951,12654.644253358687,2026-06-17 06:58:36.783000+00:00,16948.86332867951,2026-06-17 06:58:36.783000+00:00,0,0.0,2026-06-17 06:58:36.783000+00:00,20799.68923070827,,2089.4404344462228,1.616110202320917,1.2272026051158667
019ed9e8-6217-7be9-ac6b-1aa941f8ce5e,42ZzQ2vczbV9xHQSW5aUZuRdkJMdZpyuq1ts9tTxpump,SHILL,Shill Coin,2026-06-18 08:45:45.879000+00:00,15903.907923885215,13520.312819759136,12132.392488308507,18217.96384626733,18217.96384626733,52.0,43,15903.907923885215,12132.392488308507,0.23086845,18217.96384626733,52.0,,,43,117,,,27.4535781075941,0.0,17.4854533215555,27.4535781075941,0.0,17.4854533215555,0.7628560569121207,1.1455023465589083,1.2093023255813953,15903.907923885215,12132.392488308507,2026-06-18 08:45:45.879000+00:00,15903.907923885215,2026-06-18 08:45:45.879000+00:00,0,0.0,2026-06-18 08:45:45.879000+00:00,21273.41703565969,,1933.769612142955,1.5734411858111637,1.337621994384808
019ed2a2-4af5-7785-8f69-b6977b8a07f2,4BEtUQCjNymApZSwhSizJQATghnkn4Pm84QX7EUJ8MLM,NALA,Nala,2026-06-16 22:51:51.925000+00:00,13526.155001146355,14980.130598296972,11321.829127755427,17901.86097568869,17901.86097568869,101.0,65,13526.155001146355,11321.829127755427,0.09706703333333334,17901.86097568869,101.0,,,65,80,,,31.3750333564241,,31.7675868678027,31.3750333564241,,31.7675868678027,0.837032336742843,1.3234996179011322,1.5538461538461539,13526.155001146355,11321.829127755427,2026-06-16 22:51:51.925000+00:00,13526.155001146355,2026-06-16 22:51:51.925000+00:00,0,0.0,2026-06-16 22:51:51.925000+00:00,14980.130598296972,,2190.8250783754697,1.0,1.107493637107322
019ee0f8-e773-753d-afb8-c2d362f0c8a9,4QqHbW1KwxJ9yzv7vKdG53QqnvatBHjLemwUgB77536Q,FLORK,فلورك,2026-06-19 17:41:09.107000+00:00,16129.408252193552,15505.45728964908,11983.836170361354,28827.04732503386,28827.04732503386,169.0,98,16129.408252193552,11983.836170361354,0.1025016,28827.04732503386,169.0,,,98,63,,,58.974567415445705,0.0,34.65052445555681,58.974567415445705,0.0,34.65052445555681,0.7429805224709088,1.78723527077402,1.7244897959183674,16129.408252193552,11983.836170361354,2026-06-19 17:41:09.107000+00:00,16129.408252193552,2026-06-19 17:41:09.107000+00:00,0,0.0,2026-06-19 17:41:09.107000+00:00,,,,,1.0
019ed6b4-1f79-7bf2-8b9e-eee1fc7fd5f6,4ZQhcqhZ8knh5KAcgC8Tmq3QJ2uzk8TPL3cVkjLopump,ball,ball hat cult,2026-06-17 17:49:49.305000+00:00,17470.256620825603,12942.904032635392,12863.08727375354,35372.36920982424,35372.36920982424,42.0,27,17470.256620825603,12863.08727375354,0.08429431666666667,35372.36920982424,42.0,,,27,154,,,13.5261771959103,0.0,20.0696090125043,13.5261771959103,0.0,20.0696090125043,0.7362849643788266,2.024719497689475,1.5555555555555556,17470.256620825603,12863.08727375354,2026-06-17 17:49:49.305000+00:00,17470.256620825603,2026-06-17 17:49:49.305000+00:00,0,0.0,2026-06-17 17:49:49.305000+00:00,27266.332387752005,,1700.5019428160736,2.1066626407026,1.5607287849022713
019edc12-3b14-7472-aaa3-c968375c46b5,4ccm6bP9obG1y67kbZt5P2iuYet6sj3JSVfm9w6Ypump,OPAQUE,OpaquePay,2026-06-18 18:50:42.836000+00:00,19348.15259629909,19456.85245175266,13075.775785764516,34756.66626994375,34756.66626994375,25.0,10,19348.15259629909,13075.775785764516,0.10844256666666667,34756.66626994375,25.0,,,10,114,,,6.1166251705618,0.0949384473649,26.0550793384146,6.1166251705618,0.0949384473649,26.0550793384146,0.6758152087484387,1.7963816492015883,2.5,19348.15259629909,13075.775785764516,2026-06-18 18:50:42.836000+00:00,19348.15259629909,2026-06-18 18:50:42.836000+00:00,0,0.0,2026-06-18 18:50:42.836000+00:00,24483.115499345455,,7931.52941516647,1.2583286818901704,1.2653980982157738
019ed1ef-3292-7f28-b347-2b5ad75f6e95,4k6WBtxobSHRrEEkTDQkrpjS9nZnXfpNrGkaZivmpump,币安之死,Binance Death,2026-06-16 19:36:14.738000+00:00,17556.83271627558,17909.770474630608,12936.519426632107,26670.94497450234,26670.94497450234,64.0,51,17556.83271627558,12936.519426632107,0.17038460000000002,26670.94497450234,64.0,,,51,159,,,45.6156181875872,5.5384801279151,14.0554538093695,45.6156181875872,5.5384801279151,14.0554538093695,0.7368367424632155,1.5191205273476105,1.2549019607843137,17556.83271627558,12936.519426632107,2026-06-16 19:36:14.738000+00:00,17556.83271627558,2026-06-16 19:36:14.738000+00:00,0,0.0,2026-06-16 19:36:14.738000+00:00,47952.576708115565,,2246.309481164373,2.677453447884267,2.7312771889466396
019edeb3-ba7e-7f1c-9c34-968cb2e3446d,4wHCJ3Wp2KsFRHs1AdFLFuDqUrxuZwDcTxVmCypwpump,Lemmon,John Lemmon,2026-06-19 07:06:21.182000+00:00,16120.907057782164,13991.649254721717,11934.07873648453,27637.60199086922,27637.60199086922,21.0,11,16120.907057782164,11934.07873648453,0.23243978333333332,27637.60199086922,21.0,,,11,104,,,6.798005798479739,0.0,24.89842142929263,6.798005798479739,0.0,24.89842142929263,0.7402858098312467,1.7143949711891378,1.9090909090909092,16120.907057782164,11934.07873648453,2026-06-19 07:06:21.182000+00:00,16120.907057782164,2026-06-19 07:06:21.182000+00:00,0,0.0,2026-06-19 07:06:21.182000+00:00,14315.418520769885,,6268.8143968463655,1.0231401788419552,0.8880032909723462
019ed2a8-5aa1-7264-b12f-98375e59852c,4wNsn7WNtct8kAhRyPX1qTovYPjFBiJFfoktDWt4pump,ALBERT,Albert the Monkey,2026-06-16 22:58:29.153000+00:00,18781.950965983764,14693.225673600062,18600.738908007846,11075.524218130926,11075.524218130926,67.0,56,18781.950965983764,18600.738908007846,0.21891351666666664,11075.524218130926,67.0,,,56,83,,,14.7919257967579,0.0,21.680379517741,14.7919257967579,0.0,21.680379517741,0.9903517979413261,0.5896897632301326,1.1964285714285714,18781.950965983764,18600.738908007846,2026-06-16 22:58:29.153000+00:00,18781.950965983764,2026-06-16 22:58:29.153000+00:00,0,0.0,2026-06-16 22:58:29.153000+00:00,36995.58513870837,,8057.405939370478,2.517866802058305,1.969741333353045
019edb1b-6854-71a5-b164-635df8d40a82,5BFtthSpPiD34zZpdbbSzvkFKDkqzCbpKXjrLFrapump,GTAify,GTAification,2026-06-18 14:21:07.028000+00:00,21310.832173186525,17403.42919325022,13974.59902313499,28679.83291475352,28679.83291475352,67.0,43,21310.832173186525,13974.59902313499,0.23809671666666665,28679.83291475352,67.0,,,43,118,,,4.5586785324843,0.0,25.4329607767015,4.5586785324843,0.0,25.4329607767015,0.6557509772292212,1.3457866253969535,1.558139534883721,21310.832173186525,13974.59902313499,2026-06-18 14:21:07.028000+00:00,21310.832173186525,2026-06-18 14:21:07.028000+00:00,0,0.0,2026-06-18 14:21:07.028000+00:00,79402.62211374022,,2176.7036071149632,4.562469915097875,3.7259278036849866
019edf7c-31b1-7221-b372-b15b385828eb,5Dv3voRfE5PDEbTKzzy4V42gyxj65wTmEPqvWeLUpump,WCA,World Cup Anime,2026-06-19 10:45:18.897000+00:00,21666.512757770608,20337.772060288757,13781.445607859569,22182.12534870072,22182.12534870072,20.0,16,21666.512757770608,13781.445607859569,0.230667,22182.12534870072,20.0,,,16,186,,,0.4102949203242,1e-13,21.6970002722306,0.4102949203242,1e-13,21.6970002722306,0.636071238686849,1.023797673243249,1.25,21666.512757770608,13781.445607859569,2026-06-19 10:45:18.897000+00:00,21666.512757770608,2026-06-19 10:45:18.897000+00:00,0,0.0,2026-06-19 10:45:18.897000+00:00,46195.5940405736,,14917.203135566662,2.271418614764321,2.132119485818304
019edcaa-2683-7c5a-a35b-8b9460bca847,5U7XtJL252qdFUXu9H9auKpKkABTrcjomwoq18CNpump,Anna,The Meme Commander,2026-06-18 21:36:39.043000+00:00,18976.49066873162,17162.5861051866,13043.577394412503,27893.12971898085,27893.12971898085,34.0,21,18976.49066873162,13043.577394412503,0.1301193,27893.12971898085,34.0,,,21,170,,,12.5471092476236,0.9281855580237,22.8671318686758,12.5471092476236,0.9281855580237,22.8671318686758,0.6873545600243656,1.4698781880119467,1.619047619047619,18976.49066873162,13043.577394412503,2026-06-18 21:36:39.043000+00:00,18976.49066873162,2026-06-18 21:36:39.043000+00:00,0,0.0,2026-06-18 21:36:39.043000+00:00,24441.8630714656,,1423.6099176479945,1.4241363697560225,1.2880075403899367
019edb79-3255-7793-b87a-2e2504c4d62f,5XGHP7Kxe5xzMairhGhBgFHo51qwomGwaiHhMBXLpump,Yuji,Yuji naka,2026-06-18 16:03:33.589000+00:00,22351.749177530684,12498.777174157281,14038.74117715473,7660.8687408085,7660.8687408085,37.0,35,22351.749177530684,14038.74117715473,0.24393308333333333,7660.8687408085,37.0,,,35,117,,,29.4061297883653,0.9581320443602,28.2026374531529,29.4061297883653,0.9581320443602,28.2026374531529,0.6280824406918145,0.3427413523640317,1.0571428571428572,22351.749177530684,14038.74117715473,2026-06-18 16:03:33.589000+00:00,22351.749177530684,2026-06-18 16:03:33.589000+00:00,0,0.0,2026-06-18 16:03:33.589000+00:00,25600.621422408527,,2004.3395023893502,2.048250086043687,1.1453520357209361
019ed6f6-ea9f-7dc6-a0af-f35e420578a6,5cvEH5ZFD4ofVrALJmTujL2rymCKNvyqjLPSewuCpump,Renuldo,Crustieno Renuldo,2026-06-17 19:02:46.687000+00:00,16117.086318406513,12955.180191977817,12366.250216097742,25472.0742034395,25472.0742034395,117.0,82,16117.086318406513,12366.250216097742,0.18300148333333333,25472.0742034395,117.0,,,82,114,,,19.386357107449,0.0,25.7203869714651,19.386357107449,0.0,25.7203869714651,0.767275794879554,1.5804391501179171,1.4268292682926829,16117.086318406513,12366.250216097742,2026-06-17 19:02:46.687000+00:00,16117.086318406513,2026-06-17 19:02:46.687000+00:00,0,0.0,2026-06-17 19:02:46.687000+00:00,16744.22248939392,,1968.2858341228452,1.2924731452027487,1.0389112621597854
019ee0f7-4779-71d6-8118-0a366a82d586,5yaqc8wVKUF7bPjGF2JWQyd1ppS2ddr5pf5GjXnkpump,FLORK,فلورک,2026-06-19 17:39:22.617000+00:00,21144.614872646125,12632.725821655862,13719.038399852747,25679.88508259018,25679.88508259018,58.0,32,21144.614872646125,13719.038399852747,0.25460483333333334,25679.88508259018,58.0,,,32,148,,,41.0469349322731,15.9319563573724,24.8141344216276,41.0469349322731,15.9319563573724,24.8141344216276,0.6488194976585019,1.2144881917812151,1.8125,21144.614872646125,13719.038399852747,2026-06-19 17:39:22.617000+00:00,21144.614872646125,2026-06-19 17:39:22.617000+00:00,0,0.0,2026-06-19 17:39:22.617000+00:00,,,,,1.0
019ee0c7-c0ef-794d-a205-10d662644af9,661HKCo3MfE7eeuGTXdUz4JUxiZecWg2cMXU6ACwGQNa,BLOB,Blob,2026-06-19 16:47:27.983000+00:00,15640.030907881288,12602.20804059864,11804.05478755428,15660.46492560814,15660.46492560814,69.0,52,15640.030907881288,11804.05478755428,0.06338993333333334,15660.46492560814,69.0,,,52,81,,,30.4808994501612,0.0,27.2882883925017,30.4808994501612,0.0,27.2882883925017,0.7547334693313175,1.001306520290606,1.3269230769230769,15640.030907881288,11804.05478755428,2026-06-19 16:47:27.983000+00:00,15640.030907881288,2026-06-19 16:47:27.983000+00:00,0,0.0,2026-06-19 16:47:27.983000+00:00,12602.20804059864,,2180.982070666806,1.0,0.8057661851709107
019ed575-7b23-7bd9-9e15-0945e7f0106f,6QYddd82wVasozCk9gV61yyEvJyM9JwvGEK9nfcRpump,Jane,The Mystic Chimp,2026-06-17 12:01:46.787000+00:00,18089.109760728756,18325.290231729465,9572.534407866093,24423.30166168647,24423.30166168647,93.0,58,18089.109760728756,9572.534407866093,0.2105599,24423.30166168647,93.0,,,58,138,,,22.7646097662211,10.5815043063931,22.1268267546673,22.7646097662211,10.5815043063931,22.1268267546673,0.5291877010248427,1.3501660382817273,1.603448275862069,18089.109760728756,9572.534407866093,2026-06-17 12:01:46.787000+00:00,18089.109760728756,2026-06-17 12:01:46.787000+00:00,0,0.0,2026-06-17 12:01:46.787000+00:00,18325.290231729465,,3263.5421839372175,1.0,1.0130565005201888
019ed292-3f04-7169-894a-c61efba80da3,6QukiGJwyy33YAVewFyh5XfQTFLkCmrRKWGB8dgYpump,Bitcointalk,Bitcointalk Coin,2026-06-16 22:34:20.292000+00:00,18297.527076811915,13389.688935326816,18359.29145079376,14224.322120709036,14224.322120709036,57.0,34,18297.527076811915,18359.29145079376,0.13925126666666668,14224.322120709036,57.0,,,34,46,,,34.2245993174305,0.0937445029238,23.5369139891372,34.2245993174305,0.0937445029238,23.5369139891372,1.0033755585507573,0.7773904124309361,1.6764705882352942,18297.527076811915,18359.29145079376,2026-06-16 22:34:20.292000+00:00,18297.527076811915,2026-06-16 22:34:20.292000+00:00,0,0.0,2026-06-16 22:34:20.292000+00:00,13389.688935326816,,4021.0501816201568,1.0,0.7317758776427934
019ed699-be77-7f3b-8555-18eb02567e57,6VCRczotz9NoDnQ4RiCsK3FRX7GHxMJVW2wWbVbepump,PULLS,Collector Pulls,2026-06-17 17:21:00.535000+00:00,21978.769524681138,16896.574861141922,14429.211652756198,34626.91160799234,34626.91160799234,47.0,32,21978.769524681138,14429.211652756198,0.10719846666666667,34626.91160799234,47.0,,,32,100,,,47.771180205555,6.4451328457467,29.7950164916278,47.771180205555,6.4451328457467,29.7950164916278,0.6565068001897405,1.5754708910845954,1.46875,21978.769524681138,14429.211652756198,2026-06-17 17:21:00.535000+00:00,21978.769524681138,2026-06-17 17:21:00.535000+00:00,0,0.0,2026-06-17 17:21:00.535000+00:00,16896.574861141922,,1931.3043443463048,1.0,0.7687680077889644
019ed2c2-1c68-7dae-9783-9f87092a0afe,6XK8TGpSTKbugQfssfkLXtyVd68AYjF5v2iNk9Dpump,GOATSE,меметик agent,2026-06-16 23:26:37.160000+00:00,17733.827415184733,14802.423966341496,12960.228299130362,27459.5786558136,27459.5786558136,120.0,83,17733.827415184733,12960.228299130362,0.24701743333333334,27459.5786558136,120.0,,,83,117,,,28.4267286957382,0.0255928325538,23.2225674815696,28.4267286957382,0.0255928325538,23.2225674815696,0.7308195797616177,1.5484293386266472,1.4457831325301205,17733.827415184733,12960.228299130362,2026-06-16 23:26:37.160000+00:00,17733.827415184733,2026-06-16 23:26:37.160000+00:00,0,0.0,2026-06-16 23:26:37.160000+00:00,14802.423966341496,,2396.6618456690926,1.0,0.8346998997896417
019ed64f-5daa-78d0-a947-c4a296b99e09,6aMWJdUjAhXN1jtZq2hgcT3Ev284P6ymPYgP8vX4pump,ESPEJO,El Perro,2026-06-17 15:59:46.090000+00:00,15280.968563225457,13402.16773226403,12037.128480590112,16931.65944621019,16931.65944621019,65.0,36,15280.968563225457,12037.128480590112,0.21098651666666665,16931.65944621019,65.0,,,36,70,,,23.5439633316452,4.0637700920677,25.8196401437895,23.5439633316452,4.0637700920677,25.8196401437895,0.7877202567877906,1.108022660746598,1.8055555555555556,15280.968563225457,12037.128480590112,2026-06-17 15:59:46.090000+00:00,15280.968563225457,2026-06-17 15:59:46.090000+00:00,0,0.0,2026-06-17 15:59:46.090000+00:00,13402.16773226403,,2710.1994312839834,1.0,0.8770496239693294
019edc5a-c7f8-7111-b9ed-d256d1398242,6dwpotLnFRMcWH2Ti6BaSNsF7hAhk1cGs1zVoKi9BAGS,DYMO,Daimyo,2026-06-18 20:09:57.496000+00:00,1262989.6542271543,996400.3808532716,14623.720758591084,18018.62060314162,18018.62060314162,89.0,46,1262989.6542271543,14623.720758591084,0.17568058333333333,18018.62060314162,89.0,,,46,66,,,,0.4966342232244906,2.788316685148283,,0.4966342232244906,2.788316685148283,0.011578654432873876,0.014266641490557206,1.934782608695652,1262989.6542271543,14623.720758591084,2026-06-18 20:09:57.496000+00:00,1262989.6542271543,2026-06-18 20:09:57.496000+00:00,0,0.0,2026-06-18 20:09:57.496000+00:00,1345936.1012279927,,27310.269956140713,1.3507984612324162,1.0656746844467184
019ee0ee-5524-7216-bc82-308f4ed16cd9,6kN7YnZPoxVZxE4YWjAZyxX2KNweE8LbNJCQTz2ExmoT,Clutch,The Patriotic Eagle,2026-06-19 17:29:36.292000+00:00,19935.78436521506,13072.127380098465,13297.991901147809,41068.9363949848,41068.9363949848,233.0,149,19935.78436521506,13297.991901147809,0.17285096666666666,41068.9363949848,233.0,,,149,118,,,31.251807827135355,0.0,25.740197242688,31.251807827135355,0.0,25.740197242688,0.6670413191442219,2.060061226717716,1.563758389261745,19935.78436521506,13297.991901147809,2026-06-19 17:29:36.292000+00:00,19935.78436521506,2026-06-19 17:29:36.292000+00:00,0,0.0,2026-06-19 17:29:36.292000+00:00,13072.127380098465,,2023.321928541708,1.0,0.6557117162095392
019ed596-808f-7eda-b2ea-f850dbb84f0d,6snUbikeEfoenoF3eTp91ENg3ZnkDp4wUhy1fiwBpump,CASHEW,Cashew Coin,2026-06-17 12:37:50.863000+00:00,17078.08814825024,13184.018949639089,12567.037122754266,68048.07698233747,68048.07698233747,52.0,35,17078.08814825024,12567.037122754266,0.23291148333333334,68048.07698233747,52.0,,,35,167,,,14.836336056737977,0.0,20.83097645910361,14.836336056737977,0.0,20.83097645910361,0.7358573754663421,3.9845254569264785,1.4857142857142858,17078.08814825024,12567.037122754266,2026-06-17 12:37:50.863000+00:00,17078.08814825024,2026-06-17 12:37:50.863000+00:00,0,0.0,2026-06-17 12:37:50.863000+00:00,23815.245830035416,,2793.8881810946837,1.8063722390726202,1.394491328496594
019edd84-720f-7a56-98f2-b9c22444f33f,71se67vdGmGaB2yxuHKphM8AfECy4AK4DAqUkxgzpump,gary,gary the snail,2026-06-19 01:35:05.231000+00:00,15500.168934186695,12303.646386361974,11787.056330326941,28563.75756218871,28563.75756218871,179.0,114,15500.168934186695,11787.056330326941,0.1776635666666667,28563.75756218871,179.0,,,114,87,,,48.867281882322,0.0,25.5531276373959,48.867281882322,0.0,25.5531276373959,0.7604469590218319,1.842802983855832,1.5701754385964912,15500.168934186695,11787.056330326941,2026-06-19 01:35:05.231000+00:00,15500.168934186695,2026-06-19 01:35:05.231000+00:00,0,0.0,2026-06-19 01:35:05.231000+00:00,12303.646386361974,,1353.9665400870958,1.0,0.7937749864922717
019ecf56-ceef-7f38-b6f8-62a604e8229e,74qtu3i2fuiJ5cQEeZM4HvwJFAQzZG8r3YAgxcDvpump,Elonjak,Elonjak,2026-06-16 07:30:33.327000+00:00,18514.911738691186,15482.368861546496,13301.842053246188,33660.89084010961,33660.89084010961,86.0,79,18514.911738691186,13301.842053246188,0.18327960000000001,33660.89084010961,86.0,,,79,232,,,30.285117973055,0.0,17.2510501398995,30.285117973055,0.0,17.2510501398995,0.7184393985227008,1.8180421983739412,1.0886075949367089,18514.911738691186,13301.842053246188,2026-06-16 07:30:33.327000+00:00,18514.911738691186,2026-06-16 07:30:33.327000+00:00,0,0.0,2026-06-16 07:30:33.327000+00:00,15482.368861546496,,2390.217295907725,1.0,0.8362107840456247
019ed61a-dd90-7a74-b789-0c2edec095ed,7BxRGHcmxY1nkCsjiyvjaHDBHecYta7TtE2LEmgEpump,ANIMALS,World Cup Animals,2026-06-17 15:02:25.424000+00:00,16165.847984841266,13203.815679254672,12275.147103949672,40013.6017600681,40013.6017600681,36.0,22,16165.847984841266,12275.147103949672,0.11017815,40013.6017600681,36.0,,,22,135,,,18.700399246712603,0.0,23.871442047083868,18.700399246712603,0.0,23.871442047083868,0.7593259020782634,2.475193494185328,1.6363636363636365,16165.847984841266,12275.147103949672,2026-06-17 15:02:25.424000+00:00,16165.847984841266,2026-06-17 15:02:25.424000+00:00,0,0.0,2026-06-17 15:02:25.424000+00:00,19665.08195480099,,2495.9598746023175,1.4893484150720167,1.2164584235383729
019edeb0-b7cb-70b2-bf2e-139c68c632e4,7S7adXnXwfmSo4HRrdG8W5XBkwan89gr5kGKas4Apump,MiiGPT,MiiGPT,2026-06-19 07:03:03.883000+00:00,24570.943772946797,14395.387135511764,10893.491315284711,26654.7396917494,26654.7396917494,134.0,102,24570.943772946797,10893.491315284711,0.2557416,26654.7396917494,134.0,,,102,119,,,51.535022859654,0.0,27.1044378740944,51.535022859654,0.0,27.1044378740944,0.44334851017317084,1.0848073211211737,1.3137254901960784,24570.943772946797,10893.491315284711,2026-06-19 07:03:03.883000+00:00,24570.943772946797,2026-06-19 07:03:03.883000+00:00,0,0.0,2026-06-19 07:03:03.883000+00:00,29174.116767624484,,1514.3957011459845,2.0266295371560585,1.187342132122165
019ee0c9-f650-7adb-a762-437cc00389d5,7bzbXiaNbPq9k9HVaTbwfNvuMMLTWxnttMeuk6i2pump,SS,Solana Summer,2026-06-19 16:49:52.720000+00:00,18186.340111434478,13472.29830324644,12725.964143744373,10564.27280351611,10564.27280351611,68.0,46,18186.340111434478,12725.964143744373,0.19787541666666666,10564.27280351611,68.0,,,46,77,,,55.0927023884467,0.0,20.0015277865395,55.0927023884467,0.0,20.0015277865395,0.6997539947987145,0.580890533157572,1.4782608695652173,18186.340111434478,12725.964143744373,2026-06-19 16:49:52.720000+00:00,18186.340111434478,2026-06-19 16:49:52.720000+00:00,0,0.0,2026-06-19 16:49:52.720000+00:00,13472.29830324644,,1989.3429230141169,1.0,0.7407921671263515
019ee06a-57e7-798b-9fb9-eb84edb1bf2a,7dWh3zJ3bnrSN8rJUAL9zG78Acydqjh6GisTuGe7fnDc,TVB,Trump Vs Biden,2026-06-19 15:05:26.247000+00:00,16038.020883051568,12592.379048810573,11941.212490392603,35837.64865949112,35837.64865949112,79.0,59,16038.020883051568,11941.212490392603,0.20253601666666665,35837.64865949112,79.0,,,59,108,,,2.3825922112399,0.0,15.2288386009458,2.3825922112399,0.0,15.2288386009458,0.7445564872042079,2.2345430848866847,1.3389830508474576,16038.020883051568,11941.212490392603,2026-06-19 15:05:26.247000+00:00,16038.020883051568,2026-06-19 15:05:26.247000+00:00,0,0.0,2026-06-19 15:05:26.247000+00:00,17775.2064431789,,1939.0653672652527,1.4115844491560057,1.1083167039620911
019ed65c-0584-7e3f-9b2f-e099d91095da,7fAWyzhRSvrhbTc8QJdfYixEvmmHyxBcRPMpRDmiBAGS,ANSEM,ansem coin,2026-06-17 16:13:35.492000+00:00,353207.2556716606,360151.0007243348,8012.2643590328535,28891.51907337244,28891.51907337244,64.0,25,353207.2556716606,8012.2643590328535,0.19217171666666666,28891.51907337244,64.0,,,25,170,,,,0.1475055651703784,1.3836281415819607,,0.1475055651703784,1.3836281415819607,0.022684314182042194,0.08179763753276299,2.56,353207.2556716606,8012.2643590328535,2026-06-17 16:13:35.492000+00:00,353207.2556716606,2026-06-17 16:13:35.492000+00:00,0,0.0,2026-06-17 16:13:35.492000+00:00,710383.5532361813,,31908.863635496436,1.9724603063922066,2.0112371471115806
019ed20d-3c41-7ece-bf28-85bb206c476e,7nSXuyYJm47YHqFjtFm4dCMAaFzSSnhwR5M4XubCpump,RUNNER,Homestar Runner,2026-06-16 20:09:03.297000+00:00,19092.037150946715,16022.543689554363,13458.338402322328,29112.59764845948,29112.59764845948,97.0,76,19092.037150946715,13458.338402322328,0.19672851666666666,29112.59764845948,97.0,,,76,119,,,31.0344650361117,0.0,21.4240897530609,31.0344650361117,0.0,21.4240897530609,0.70491893012344,1.524855489138616,1.2763157894736843,19092.037150946715,13458.338402322328,2026-06-16 20:09:03.297000+00:00,19092.037150946715,2026-06-16 20:09:03.297000+00:00,0,0.0,2026-06-16 20:09:03.297000+00:00,32234.678189411552,,1626.266828757675,2.0118327535238008,1.6883833786073026
019ed53b-bb7f-7382-a21b-763696109969,7qhL2SAx1w27sCo686JhTr7AoTyULBQL5GRF1fphpump,obuma,stupid son of a bitch,2026-06-17 10:58:42.175000+00:00,15359.054366213202,13777.29113757698,11950.923491091897,23454.80462424704,23454.80462424704,127.0,93,15359.054366213202,11950.923491091897,0.24699281666666667,23454.80462424704,127.0,,,93,109,,,26.2177748092214,0.0,21.7016428519943,26.2177748092214,0.0,21.7016428519943,0.7781028184509522,1.5270995248146815,1.3655913978494623,15359.054366213202,11950.923491091897,2026-06-17 10:58:42.175000+00:00,15359.054366213202,2026-06-17 10:58:42.175000+00:00,0,0.0,2026-06-17 10:58:42.175000+00:00,13810.27382911266,,2046.398397673166,1.002393989588107,0.8991617257044454
019ed97b-32f3-7d78-b9bb-513f3ed121a5,7rqm8G9ZjGpr3RmP2UNc1syCPbJBRCUk5ZVKDu9spump,LeWine,Sipping on LeWine,2026-06-18 06:46:30.387000+00:00,15899.354146267044,13081.869625794718,12073.271356326799,25013.8833932812,25013.8833932812,52.0,33,15899.354146267044,12073.271356326799,0.20853348333333335,25013.8833932812,52.0,,,33,103,,,10.0994199271649,0.0,17.6346352532783,10.0994199271649,0.0,17.6346352532783,0.7593560873767594,1.573264118980212,1.5757575757575757,15899.354146267044,12073.271356326799,2026-06-18 06:46:30.387000+00:00,15899.354146267044,2026-06-18 06:46:30.387000+00:00,0,0.0,2026-06-18 06:46:30.387000+00:00,20848.79947422596,,1920.783821543648,1.5937171115905695,1.3112985145450693
019ed3e1-5762-71f9-9244-d832f10a7f97,81w76iZ5pTvNV77o4MjoZqkarcz3nVX7izc1rjwtpump,Ronaldo,Cristiano Ronaldo,2026-06-17 04:40:21.090000+00:00,15815.513624705143,13227.907762971558,12251.672472050439,29873.50802734906,29873.50802734906,34.0,23,15815.513624705143,12251.672472050439,0.20751438333333333,29873.50802734906,34.0,,,23,190,,,6.395707285061,,20.2866741747464,6.395707285061,,20.2866741747464,0.7746616874277362,1.8888737183144129,1.4782608695652173,15815.513624705143,12251.672472050439,2026-06-17 04:40:21.090000+00:00,15815.513624705143,2026-06-17 04:40:21.090000+00:00,0,0.0,2026-06-17 04:40:21.090000+00:00,13227.907762971558,,2146.64433497171,1.0,0.836388123513641
019edaa3-3b94-77d6-b001-4c3ff74bdd9c,84JwffevVW4McuAiTBm5avGA7WXQWTfiTtJTzkgSpump,Cate,Catecoin,2026-06-18 12:09:51.252000+00:00,18513.224983390402,13193.971650146426,12999.425061040214,35835.355771404,35835.355771404,187.0,130,18513.224983390402,12999.425061040214,0.12251213333333334,35835.355771404,187.0,,,130,145,,,29.394558972879,0.0,23.8733963223698,29.394558972879,0.0,23.8733963223698,0.70216966912588,1.9356625225240105,1.4384615384615385,18513.224983390402,12999.425061040214,2026-06-18 12:09:51.252000+00:00,18513.224983390402,2026-06-18 12:09:51.252000+00:00,0,0.0,2026-06-18 12:09:51.252000+00:00,19093.69467464097,,1347.549407597092,1.44715292566428,1.031354325989737
019edbb7-7c9f-72dd-8f0b-b5da5c56224a,8Ed8BUEffgNvhA3H8euhbAGvkEvvEQQeYR6zqDXMpump,SATURN,ꜱᴀᴛᴜʀɴ ᴛʜᴇᴏʀʏ,2026-06-18 17:11:35.839000+00:00,15317.05672567606,12344.924539876085,11657.874121395214,24696.48060766485,24696.48060766485,66.0,46,15317.05672567606,11657.874121395214,0.1887165,24696.48060766485,66.0,,,46,116,,,27.8893203164654,0.0,23.0180140174464,27.8893203164654,0.0,23.0180140174464,0.7611040639324043,1.6123515796782297,1.434782608695652,15317.05672567606,11657.874121395214,2026-06-18 17:11:35.839000+00:00,15317.05672567606,2026-06-18 17:11:35.839000+00:00,0,0.0,2026-06-18 17:11:35.839000+00:00,26607.268222010916,,1237.6339633580508,2.1553204425077834,1.7371005865251525
019ed4cf-9c51-7266-8e62-41cb0c3f6451,8H9umb6ABnSUpb11yBVWT3AJ9oAxxXyfVjFYr9bpBAGS,B100,B100,2026-06-17 09:00:36.305000+00:00,374787.43850513117,373973.5728472209,8133.128136177001,31507.55975372148,31507.55975372148,46.0,24,374787.43850513117,8133.128136177001,0.17108038333333334,31507.55975372148,46.0,,,24,94,,,,2.9530096507e-06,1.229389070945137,,2.9530096507e-06,1.229389070945137,0.021700642285708973,0.08406781155577635,1.9166666666666667,374787.43850513117,8133.128136177001,2026-06-17 09:00:36.305000+00:00,374787.43850513117,2026-06-17 09:00:36.305000+00:00,0,0.0,2026-06-17 09:00:36.305000+00:00,373973.5728472209,,31921.446166762802,1.0,0.9978284606838573
019ed259-e40d-7262-b5a2-cb71604c8b5b,8SXeSRLStHf4DfzJ5J6yMhmKq4BPCfJVewARvhpEpump,TISM,ThisInvestmentSimplyMoons,2026-06-16 21:32:46.989000+00:00,14704.938918471922,13543.748000299329,11818.587441524991,17856.62948654298,17856.62948654298,87.0,55,14704.938918471922,11818.587441524991,0.18154251666666665,17856.62948654298,87.0,,,55,93,,,26.3082389256155,5.9221647246675,20.3570229393538,26.3082389256155,5.9221647246675,20.3570229393538,0.8037155072217825,1.2143287085750485,1.5818181818181818,14704.938918471922,11818.587441524991,2026-06-16 21:32:46.989000+00:00,14704.938918471922,2026-06-16 21:32:46.989000+00:00,0,0.0,2026-06-16 21:32:46.989000+00:00,13543.748000299329,,2092.453941451732,1.0,0.9210339516124111
019ee0e7-be23-763e-86b7-5e74e7a23e6f,8UxekN1DeMEsZc71LhJTJ39DJKGrkTTq17JYj4uG64GU,UP,only way is up,2026-06-19 17:22:24.419000+00:00,18736.922263869234,15765.585081811923,12909.733065094462,26439.85669217775,26439.85669217775,100.0,50,18736.922263869234,12909.733065094462,0.12075075,26439.85669217775,100.0,,,50,93,,,68.8180697943873,0.0,58.3150869165478,68.8180697943873,0.0,58.3150869165478,0.6889996597780922,1.411109910145821,2.0,18736.922263869234,12909.733065094462,2026-06-19 17:22:24.419000+00:00,18736.922263869234,2026-06-19 17:22:24.419000+00:00,0,0.0,2026-06-19 17:22:24.419000+00:00,38106.70011531609,,2413.097209341245,2.4170812511917585,2.033775855963173
019edc5e-9a18-7cd6-9272-ea91aa8a9de1,8eZWTc2ddGHHcoknyoD6KtwK4D9LqgdVRs5g9J72pump,GTA,GTAfication,2026-06-18 20:14:07.896000+00:00,14968.745627585928,14788.833085143682,16605.522384331925,12135.150014321353,30577.67088771182,22.0,13,14968.745627585928,16605.522384331925,0.25294928333333333,12135.150014321353,22.0,,,13,90,,,0.9594056790802,0.8292641505889,24.4940514785357,0.9594056790802,0.8292641505889,24.4940514785357,1.1093462870883168,0.8106991939229339,1.6923076923076923,14968.745627585928,16605.522384331925,2026-06-18 20:14:07.896000+00:00,14968.745627585928,2026-06-18 20:14:07.896000+00:00,0,0.0,2026-06-18 20:14:07.896000+00:00,14788.833085143682,,4251.855155003724,1.0,0.9879807869731794
019ed29b-3553-7c86-9be2-f2b5895d9d62,8jg4V1378f5vCdhj7z2DMSheWk5E6S4PakmxC1dYpump,Nala,Nala Grok Companion,2026-06-16 22:44:07.635000+00:00,26179.401983223317,15193.106124885944,15763.88254984323,23237.4059581598,23237.4059581598,86.0,58,26179.401983223317,15763.88254984323,0.1891909,23237.4059581598,86.0,,,58,112,,,31.8280393256668,0.0,23.3645593680129,31.8280393256668,0.0,23.3645593680129,0.6021483057537098,0.8876217253950701,1.4827586206896552,26179.401983223317,15763.88254984323,2026-06-16 22:44:07.635000+00:00,26179.401983223317,2026-06-16 22:44:07.635000+00:00,0,0.0,2026-06-16 22:44:07.635000+00:00,30482.494490198682,,12184.818597396039,2.006337232139061,1.1643693965864055
019ed25e-2ee5-7c33-8588-a002e44092ab,8ns6sUJwLQa6AsvKGy4nraJB25BPKaEpKLEvKhijpump,ansum,ansum,2026-06-16 21:37:28.293000+00:00,20780.892476144272,13652.689762125228,14052.200428853812,49709.97194044236,49709.97194044236,69.0,57,20780.892476144272,14052.200428853812,0.2061076,49709.97194044236,69.0,,,57,108,,,0.6331122185178,0.0,16.688133469009,0.6331122185178,0.0,16.688133469009,0.6762077444452994,2.392099954201084,1.2105263157894737,20780.892476144272,14052.200428853812,2026-06-16 21:37:28.293000+00:00,20780.892476144272,2026-06-16 21:37:28.293000+00:00,0,0.0,2026-06-16 21:37:28.293000+00:00,13652.689762125228,,2059.156235090252,1.0,0.6569828402604957
019ee0ce-0638-7c6b-8941-df5a597120bd,8oGoTGPstdxKqe7EHUsboWbz4rbkaPG4FFX38CKbpump,Cuakssant,Duck Croissant,2026-06-19 16:54:18.936000+00:00,22129.269247438744,14395.14812350451,14027.861930303605,22683.61985186545,22683.61985186545,50.0,34,22129.269247438744,14027.861930303605,0.20866266666666666,22683.61985186545,50.0,,,34,115,,,26.9823344784525,0.2531530048569,14.1082738086521,26.9823344784525,0.2531530048569,14.1082738086521,0.6339053392794342,1.0250505607857279,1.4705882352941178,22129.269247438744,14027.861930303605,2026-06-19 16:54:18.936000+00:00,22129.269247438744,2026-06-19 16:54:18.936000+00:00,0,0.0,2026-06-19 16:54:18.936000+00:00,41868.39764707778,,2063.807629475437,2.9085075949107275,1.8919918764115382
019ed6da-6cc1-7b42-a2e3-509dd40b2edc,8vreH8zd6wKEkqEtaWanKZAcyjjrx4SfT42f5Sqppump,Day,Good Day,2026-06-17 18:31:39.457000+00:00,13887.892021451276,13514.7911194725,11434.764653549379,23020.64618984984,23020.64618984984,70.0,37,13887.892021451276,11434.764653549379,0.19574121666666666,23020.64618984984,70.0,,,37,69,,,38.1545136813857,0.0,35.0298806691584,38.1545136813857,0.0,35.0298806691584,0.8233621514256598,1.6576054994013552,1.8918918918918919,13887.892021451276,11434.764653549379,2026-06-17 18:31:39.457000+00:00,13887.892021451276,2026-06-17 18:31:39.457000+00:00,0,0.0,2026-06-17 18:31:39.457000+00:00,54664.58835605904,,2379.883400123282,4.0447971317364075,3.936132875430192
019ed227-e500-7d25-95d5-e844923d22da,8x7LJbFzGN7JUfJGHQTh1JhpPKduNWfvSQapQNUCpump,Scooter,Imperooterxbt,2026-06-16 20:38:10.432000+00:00,13699.311342147923,13318.464766206014,11415.759229957503,12756.18014402973,12756.18014402973,49.0,44,13699.311342147923,11415.759229957503,0.20762403333333335,12756.18014402973,49.0,,,44,118,,,40.2913113823247,0.0,20.5176136648398,40.2913113823247,0.0,20.5176136648398,0.8333089850170249,0.9311548460675894,1.1136363636363635,13699.311342147923,11415.759229957503,2026-06-16 20:38:10.432000+00:00,13699.311342147923,2026-06-16 20:38:10.432000+00:00,0,0.0,2026-06-16 20:38:10.432000+00:00,75911.84736030325,,6070.002377712546,5.699744579639565,5.541289300196384
019ee0aa-5869-7dbe-8ab4-5c30e81fa4a9,8xKzNYHuoNeJ1cm1XP6xSPei7XYvdVXXMByAgf8bpump,WOJAK,Wojak Kowalski,2026-06-19 16:15:20.681000+00:00,18715.132949584757,12400.145141820954,12919.911446997527,21426.65995934415,21426.65995934415,92.0,70,18715.132949584757,12919.911446997527,0.24557163333333334,21426.65995934415,92.0,,,70,107,,,35.1136144243112,0.0,22.5037142952433,35.1136144243112,0.0,22.5037142952433,0.6903456941396822,1.144884197032624,1.3142857142857143,18715.132949584757,12919.911446997527,2026-06-19 16:15:20.681000+00:00,18715.132949584757,2026-06-19 16:15:20.681000+00:00,0,0.0,2026-06-19 16:15:20.681000+00:00,18866.804165942456,,2547.5947877986855,1.5214986558755614,1.008104201918644
019ed826-eb3f-70e6-a40e-c35057b6c11f,94CdDjBAzEEi3waMbD3YKXcKaBkuMvpNSbp5HHaLpump,X,X Coin,2026-06-18 00:34:49.791000+00:00,15477.249769140277,12919.489760703751,12003.471771111044,13660.19405577265,13660.19405577265,82.0,63,15477.249769140277,12003.471771111044,0.15391371666666667,13660.19405577265,82.0,,,63,70,,,21.4765382997233,5.8865287439585,24.0329180851038,21.4765382997233,5.8865287439585,24.0329180851038,0.7755558610318795,0.8825982819641115,1.3015873015873016,15477.249769140277,12003.471771111044,2026-06-18 00:34:49.791000+00:00,15477.249769140277,2026-06-18 00:34:49.791000+00:00,0,0.0,2026-06-18 00:34:49.791000+00:00,22379.57157622001,,2217.2480426793522,1.7322333923968332,1.4459656534613863
019ee083-46e1-7301-a92d-00aacc4e8796,97G3xuSATggNYUpXmHp8ZNcNYnZmtjdnqHytsFWxpump,elun,elun mesk,2026-06-19 15:32:40.289000+00:00,30264.662380775757,18577.392508358345,12121.36227336418,25806.15175772816,25806.15175772816,139.0,90,30264.662380775757,12121.36227336418,0.13580933333333334,25806.15175772816,139.0,,,90,154,,,55.585495790752,,30.4900828994724,55.585495790752,,30.4900828994724,0.40051205993507866,0.85268262480669,1.5444444444444445,30264.662380775757,12121.36227336418,2026-06-19 15:32:40.289000+00:00,30264.662380775757,2026-06-19 15:32:40.289000+00:00,0,0.0,2026-06-19 15:32:40.289000+00:00,121635.5354778585,,66606.80378069775,6.547503123655928,4.019061370898422
019ed4d0-3427-7a42-a5e8-fefbf0dece6d,9JmruaWd8Dscxs1GBVbnckGWWsoVdJwg9DDFGFW9pump,GC,gamercat,2026-06-17 09:01:15.175000+00:00,15742.496606596376,13070.456347529667,12106.721279941588,19844.1796138537,19844.1796138537,61.0,43,15742.496606596376,12106.721279941588,0.23874478333333335,19844.1796138537,61.0,,,43,111,,,30.4153361378383,13.8811166191195,24.5222183734099,30.4153361378383,13.8811166191195,24.5222183734099,0.7690470947834707,1.2605484447453301,1.4186046511627908,15742.496606596376,12106.721279941588,2026-06-17 09:01:15.175000+00:00,15742.496606596376,2026-06-17 09:01:15.175000+00:00,0,0.0,2026-06-17 09:01:15.175000+00:00,25117.493083954567,,1810.421492081661,1.9216997797251207,1.5955215815914425
019ed9e3-cfce-702a-a7bd-591f4a811928,9eQDmmm2VU7czhTWFwpQcr8oURg7VUoF4bTj1Eoqpump,Paz,Drinking Cat,2026-06-18 08:40:46.286000+00:00,15876.781799877284,12873.267581901642,12124.777480981313,31017.01343131568,31017.01343131568,22.0,13,15876.781799877284,12124.777480981313,0.12132825,31017.01343131568,22.0,,,13,154,,,16.9456113930086,0.0,23.442093518007976,16.9456113930086,0.0,23.442093518007976,0.7636797956796905,1.9536083459656428,1.6923076923076923,15876.781799877284,12124.777480981313,2026-06-18 08:40:46.286000+00:00,15876.781799877284,2026-06-18 08:40:46.286000+00:00,0,0.0,2026-06-18 08:40:46.286000+00:00,12914.249393701786,,2538.9414298778593,1.0031834817026377,0.8134047287720237
019edb0a-7d43-7f14-b664-56aa32c5adc5,9evCye9diSxD6aG1Dn7veRbvoMBCfWGApcEa2Gxhpump,RAUL,CRYPTO MOGUL,2026-06-18 14:02:38.275000+00:00,16266.114413978536,13046.21795616818,12191.461040433587,90697.66546232,90697.66546232,36.0,23,16266.114413978536,12191.461040433587,0.10292655,90697.66546232,36.0,,,23,123,,,10.0418179872153,0.0,25.896317036787,10.0418179872153,0.0,25.896317036787,0.7495005094736495,5.575865455881558,1.565217391304348,16266.114413978536,12191.461040433587,2026-06-18 14:02:38.275000+00:00,16266.114413978536,2026-06-18 14:02:38.275000+00:00,0,0.0,2026-06-18 14:02:38.275000+00:00,13732.982929373691,,2646.592701568937,1.0526409244052841,0.8442694167681521
019edb30-260b-70a6-bfdb-b9d04e146e74,9gVWVw7kfMaUoF7Qx2MFs7VJk3o35YG8sUG6pec7pump,ELONGOAT,Elon The GOAT,2026-06-18 14:43:46.315000+00:00,15853.72404367784,16843.66002763646,12052.154982335924,8183.73538554048,8183.73538554048,29.0,25,15853.72404367784,12052.154982335924,0.21017295,8183.73538554048,29.0,,,25,101,,,18.0642315452641,0.0,28.4101136980791,18.0642315452641,0.0,28.4101136980791,0.7602097115562001,0.5162027144533272,1.16,15853.72404367784,12052.154982335924,2026-06-18 14:43:46.315000+00:00,15853.72404367784,2026-06-18 14:43:46.315000+00:00,0,0.0,2026-06-18 14:43:46.315000+00:00,25338.627411726742,,23799.60941115343,1.5043421305198545,1.5982760480703144
019edb5f-d535-7122-9db4-671c53b00295,9h66V2NiHU3PpviwceSg4KZ7xqStLTDej58o5pdhpump,Vort,Vort,2026-06-18 15:35:51.349000+00:00,18443.32321153024,13205.560122046025,12867.350858581152,6370.0532412742,6370.0532412742,32.0,24,18443.32321153024,12867.350858581152,0.18247506666666666,6370.0532412742,32.0,,,24,109,,,23.93331008258,0.0,27.0459152699628,23.93331008258,0.0,27.0459152699628,0.6976698673554043,0.34538532824126966,1.3333333333333333,18443.32321153024,12867.350858581152,2026-06-18 15:35:51.349000+00:00,18443.32321153024,2026-06-18 15:35:51.349000+00:00,0,0.0,2026-06-18 15:35:51.349000+00:00,409512.436584487,,154017.62799674712,31.010607107897403,22.20383126661639
019ed759-293b-723d-891e-5f82c1355dfb,9hBVKX5bEn3pDhWYCzacFrhSoQCPdkYZj3DdhoUZpump,POKEWORLD,PokeWorld,2026-06-17 20:50:05.243000+00:00,18664.754786066223,13014.005410377835,13137.26815268165,20914.09610777311,20914.09610777311,106.0,68,18664.754786066223,13137.26815268165,0.08667209999999999,20914.09610777311,106.0,,,68,126,,,28.0349836178209,2.7436364767979,22.5795605205255,28.0349836178209,2.7436364767979,22.5795605205255,0.7038543127547006,1.1205127711287204,1.5588235294117647,18664.754786066223,13137.26815268165,2026-06-17 20:50:05.243000+00:00,18664.754786066223,2026-06-17 20:50:05.243000+00:00,0,0.0,2026-06-17 20:50:05.243000+00:00,13014.005410377835,,1956.0583494458178,1.0,0.697250275159959
019edc2c-b64e-78b2-b8d5-0799d289aae9,9hgbjVxihuEm6wrHPpDgJ9kxU7Cpr7ypz3kfg45xpump,CENTER,Card Center,2026-06-18 19:19:38.318000+00:00,17127.84482122832,12843.44933632531,12299.07258949188,8488.34173720575,8488.34173720575,56.0,48,17127.84482122832,12299.07258949188,0.20312821666666667,8488.34173720575,56.0,,,48,53,,,23.2278839163207,8.4832646612005,29.7032950396598,23.2278839163207,8.4832646612005,29.7032950396598,0.7180747325692933,0.4955872630679877,1.1666666666666667,17127.84482122832,12299.07258949188,2026-06-18 19:19:38.318000+00:00,17127.84482122832,2026-06-18 19:19:38.318000+00:00,0,0.0,2026-06-18 19:19:38.318000+00:00,12843.44933632531,,1936.8506582893244,1.0,0.7498578758961599
019ed697-9cdb-7c1a-bd69-4f203006b052,9oivhRMQVbofmBuTZyeyWYTKTxfeHbXmLWH8dptKpump,POTA,POTA,2026-06-17 17:18:40.859000+00:00,18698.266370054484,16833.06445726325,13306.361242124756,7347.28784339352,7347.28784339352,30.0,21,18698.266370054484,13306.361242124756,0.19693713333333335,7347.28784339352,30.0,,,21,95,,,23.8271904010901,0.4974375100403,32.5505057854073,23.8271904010901,0.4974375100403,32.5505057854073,0.7116360938913068,0.3929395216639066,1.4285714285714286,18698.266370054484,13306.361242124756,2026-06-17 17:18:40.859000+00:00,18698.266370054484,2026-06-17 17:18:40.859000+00:00,0,0.0,2026-06-17 17:18:40.859000+00:00,16833.06445726325,,2044.866993462255,1.0,0.900247334385054
019ed7a5-a355-71ba-82cd-6fc94235c325,9qwxahBxcgKyn5X7kZvkN7qxKZg6pkVD8Lo4URtopump,CS,chicken shrimp,2026-06-17 22:13:37.237000+00:00,69606.90233675968,74270.6252723606,18950.193370573314,147587.49770515438,171977.76843149553,79.0,20,69606.90233675968,18950.193370573314,0.21407155,147587.49770515438,79.0,,,20,516,,,5.3537744626068475,0.3362131805433193,20.533219452111656,5.3537744626068475,0.3362131805433193,20.533219452111656,0.27224589422025813,2.120299751181613,3.95,69606.90233675968,18950.193370573314,2026-06-17 22:13:37.237000+00:00,69606.90233675968,2026-06-17 22:13:37.237000+00:00,0,0.0,2026-06-17 22:13:37.237000+00:00,309522.9191727256,,207208.01729622422,11.794515046556336,4.446727390270107
019ed1d6-3f77-79e2-b01f-39eeb8c00b05,9rNQ5oCh5Ujb3NkkhLUA5kGDbgYV5qB4JjT5gsnMpump,WHATIF,What If We Buy And Never Sell,2026-06-16 19:08:59.639000+00:00,23106.523889889348,13461.53078425174,14802.811899104508,26205.27284248809,26205.27284248809,128.0,75,23106.523889889348,14802.811899104508,0.11479731666666666,26205.27284248809,128.0,,,75,147,,,20.3767330653992,0.0,25.9001943544958,20.3767330653992,0.0,25.9001943544958,0.6406334405661828,1.134107101845581,1.7066666666666668,23106.523889889348,14802.811899104508,2026-06-16 19:08:59.639000+00:00,23106.523889889348,2026-06-16 19:08:59.639000+00:00,0,0.0,2026-06-16 19:08:59.639000+00:00,13461.53078425174,,2035.7300768633384,1.0,0.5825857168477887
019edb09-3e24-7d0b-b43b-c27a96480684,9tgdsnV61nBdcZFqzLSQdJEt5ZfMmEgCP6rjxirgpump,IMG,Infinite Money Glitch,2026-06-18 14:01:16.580000+00:00,17009.70948777388,13074.412543616289,12466.656394862277,29508.49697898258,29508.49697898258,41.0,27,17009.70948777388,12466.656394862277,0.2361016,29508.49697898258,41.0,,,27,123,,,7.7688263541529,,24.6116974040009,7.7688263541529,,24.6116974040009,0.732914127888132,1.734803113491885,1.5185185185185186,17009.70948777388,12466.656394862277,2026-06-18 14:01:16.580000+00:00,17009.70948777388,2026-06-18 14:01:16.580000+00:00,0,0.0,2026-06-18 14:01:16.580000+00:00,18159.57303420823,,2137.47731785007,1.3889398834271007,1.06760042240938
019edc7a-2b48-72bf-867e-532e46c0b627,9vfRMTdHQMHnQ5MiFN33xg6GLwLXnTAW4tbjS2mypump,Runechain,Runechain,2026-06-18 20:44:14.536000+00:00,14922.16035636688,14383.656514555707,11581.1505783412,12287.62298656008,12287.62298656008,20.0,16,14922.16035636688,11581.1505783412,0.24008096666666667,12287.62298656008,20.0,,,16,74,,,21.1676969575618,0.0,23.889071050626,21.1676969575618,0.0,23.889071050626,0.7761041499195415,0.8234479923221898,1.25,14922.16035636688,11581.1505783412,2026-06-18 20:44:14.536000+00:00,14922.16035636688,2026-06-18 20:44:14.536000+00:00,0,0.0,2026-06-18 20:44:14.536000+00:00,65706.42062718244,,39376.00136563568,4.568130541819465,4.403278014576977
019ee008-2ed0-7e11-9e28-29e74f080866,9zPnV3BDM3Ryph485gp5x5jpF5cTa76wT3Ttveuepump,Navi,Navi,2026-06-19 13:18:13.200000+00:00,13992.81009829474,14233.857895801935,11111.784849907965,16954.37034794622,16954.37034794622,75.0,57,13992.81009829474,11111.784849907965,0.08569975,16954.37034794622,75.0,,,57,95,,,32.7180066954242,10.2690712013762,35.7391953037206,32.7180066954242,10.2690712013762,35.7391953037206,0.7941067428094464,1.2116487130781826,1.3157894736842106,13992.81009829474,11111.784849907965,2026-06-19 13:18:13.200000+00:00,13992.81009829474,2026-06-19 13:18:13.200000+00:00,0,0.0,2026-06-19 13:18:13.200000+00:00,25137.194979850352,,2410.5941423963845,1.7660141870085828,1.7964365129856041
019ed7f3-b140-7211-b34d-d1de44ea39f6,A1aAXj2jWDzzPTv2LEWVBiXUahGVnGwDmivN7YWEpump,SHILL,The Shill Coin,2026-06-17 23:38:52.608000+00:00,16951.918262985557,15485.19906517909,12532.738589845601,24404.412313728,24404.412313728,97.0,72,16951.918262985557,12532.738589845601,0.16472733333333334,24404.412313728,97.0,,,72,152,,,37.8051402675044,0.0,20.3150804239761,37.8051402675044,0.0,20.3150804239761,0.7393109378783865,1.4396254120110368,1.3472222222222223,16951.918262985557,12532.738589845601,2026-06-17 23:38:52.608000+00:00,16951.918262985557,2026-06-17 23:38:52.608000+00:00,0,0.0,2026-06-17 23:38:52.608000+00:00,15485.19906517909,,1341.5538190888576,1.0,0.9134776858257367
019ed741-6f6a-7539-8df0-845637e43e65,A1srGG2jZFyzT79ksrdZKrz3xFNzA2ckb9FncmtWpump,Boss,Congo Final Boss,2026-06-17 20:24:10.346000+00:00,15099.18876957746,15764.508274709413,11814.06266825628,26427.99391713569,26427.99391713569,21.0,14,15099.18876957746,11814.06266825628,0.25520681666666667,26427.99391713569,21.0,,,14,107,,,9.5214853884212,0.0,26.2287372471209,9.5214853884212,0.0,26.2287372471209,0.7824302913584202,1.7502923051325794,1.5,15099.18876957746,11814.06266825628,2026-06-17 20:24:10.346000+00:00,15099.18876957746,2026-06-17 20:24:10.346000+00:00,0,0.0,2026-06-17 20:24:10.346000+00:00,16238.877786873996,,2660.4559610692213,1.030090980568395,1.075480148946335
019ed704-af13-73d7-ae0a-41829d56069e,A2xbyhjEsdEBF89WYAo6GyRok5mgw2SLNw1RPh2fBAGS,DECOIN,Decentralized Coin,2026-06-17 19:17:48.947000+00:00,205083.87511609154,137087.64740431923,6120.751274134148,34685.07171782184,34685.07171782184,69.0,33,205083.87511609154,6120.751274134148,0.1887795,34685.07171782184,69.0,,,33,89,,,,0.7528200842874441,1.5038077779641783,,0.7528200842874441,1.5038077779641783,0.029845112253069055,0.1691262743021006,2.090909090909091,205083.87511609154,6120.751274134148,2026-06-17 19:17:48.947000+00:00,205083.87511609154,2026-06-17 19:17:48.947000+00:00,0,0.0,2026-06-17 19:17:48.947000+00:00,137087.64740431923,,29207.61774151749,1.0,0.6684467383245914
019edc0e-7494-7095-9a31-fe6e9fa5a7a2,A3pSvCXGcdvicHn8cR7PinrTjpuPLXcsTBZQTkTjpump,DINNER,Chicken Dinner,2026-06-18 18:46:35.412000+00:00,22239.499456046462,12784.435638477036,14011.631629329595,33332.84286664776,33332.84286664776,26.0,10,22239.499456046462,14011.631629329595,0.23151611666666666,33332.84286664776,26.0,,,10,127,,,4.905409831466,0.1802645368957,29.5607499543836,4.905409831466,0.1802645368957,29.5607499543836,0.6300335876273565,1.4988126388602352,2.6,22239.499456046462,14011.631629329595,2026-06-18 18:46:35.412000+00:00,22239.499456046462,2026-06-18 18:46:35.412000+00:00,0,0.0,2026-06-18 18:46:35.412000+00:00,31210.97862764082,,3075.161248108728,2.4413262744039965,1.4034029268206032
019edda4-19e8-717d-9f77-71d15303075d,ABq9niaH28GhGzZXbG78TT43tqoz5nNrBDp68nBMpump,POKESTRAT,POKESTRAT,2026-06-19 02:09:39.816000+00:00,26043.414550129102,23984.023722667498,15312.550700204627,38771.00532374944,38771.00532374944,22.0,12,26043.414550129102,15312.550700204627,0.14065358333333336,38771.00532374944,22.0,,,12,122,,,7.8635235272432,5.0301898530794,27.1552820982786,7.8635235272432,5.0301898530794,27.1552820982786,0.5879624835956359,1.48870668433749,1.8333333333333333,26043.414550129102,15312.550700204627,2026-06-19 02:09:39.816000+00:00,26043.414550129102,2026-06-19 02:09:39.816000+00:00,0,0.0,2026-06-19 02:09:39.816000+00:00,36892.735521154704,,1381.2470524365185,1.53822127378431,1.416585964568606
019ed28a-6f49-7a1f-838f-bf9ba6ddf33c,AKTm2hNrwNh1Mt7Sq7jJDuGEBXESxQW45KPS4GHTpump,PIP,Pump Improvement Protocol,2026-06-16 22:25:48.361000+00:00,22851.89914081995,15982.415284625333,14733.107637247182,13889.4905449675,13889.4905449675,68.0,48,22851.89914081995,14733.107637247182,0.18199526666666666,13889.4905449675,68.0,,,48,83,,,41.8068070659017,0.0,29.4386226857225,41.8068070659017,0.0,29.4386226857225,0.644721366327479,0.6078046493806261,1.4166666666666667,22851.89914081995,14733.107637247182,2026-06-16 22:25:48.361000+00:00,22851.89914081995,2026-06-16 22:25:48.361000+00:00,0,0.0,2026-06-16 22:25:48.361000+00:00,15982.415284625333,,2294.226836660816,1.0,0.6993911178295121
019edf2b-2fe9-7a9d-b20f-e291c809732f,AUcHUfXcz9hWLcaRahA6MWWGNPJ1dXw9rAqJHTr5pump,QWANT,Le Qwant,2026-06-19 09:16:50.025000+00:00,14226.794584346135,12322.392593994555,11181.581531105337,32545.91405709108,32545.91405709108,70.0,43,14226.794584346135,11181.581531105337,0.2500856833333333,32545.91405709108,70.0,,,43,124,,,36.5941751466358,0.0,29.2905597948022,36.5941751466358,0.0,29.2905597948022,0.7859522722995191,2.287649116189646,1.627906976744186,14226.794584346135,11181.581531105337,2026-06-19 09:16:50.025000+00:00,14226.794584346135,2026-06-19 09:16:50.025000+00:00,0,0.0,2026-06-19 09:16:50.025000+00:00,46435.93513767186,,5723.290284025528,3.768418737145487,3.26397733954532
019edd06-566e-798f-b5e3-02c53c3d1bc6,AWvgKkGymGqupAxS7uufhzTis9XEoLMgBZhctimxpump,VOYAGER,The Sprite Voyager,2026-06-18 23:17:20.622000+00:00,15652.85614445088,12832.712013558414,11819.12255632374,48453.57979815664,48453.57979815664,34.0,25,15652.85614445088,11819.12255632374,0.24921788333333333,48453.57979815664,34.0,,,25,110,,,29.8966841983658,0.0,24.2265797082945,29.8966841983658,0.0,24.2265797082945,0.7550776961886126,3.0955104519588907,1.36,15652.85614445088,11819.12255632374,2026-06-18 23:17:20.622000+00:00,15652.85614445088,2026-06-18 23:17:20.622000+00:00,0,0.0,2026-06-18 23:17:20.622000+00:00,36382.585203966664,,4281.152104596828,2.8351439014236903,2.3243416324927204
019ed7a7-4b14-7036-a12a-8b0fe007b877,Ak2LkrMS1LgrrE7B2p5eUT2Pz2ph65wErP5SfhmKd9P5,BMC,boomercoin,2026-06-17 22:15:25.716000+00:00,18775.14468920478,13167.096413502873,13139.899803702281,13569.92984200128,13569.92984200128,89.0,122,18775.14468920478,13139.899803702281,0.20024716666666667,13569.92984200128,89.0,,,122,40,,,58.9463046971806,0.0,31.8618460879168,58.9463046971806,0.0,31.8618460879168,0.6998561140920199,0.7227603337620955,0.7295081967213115,18775.14468920478,13139.899803702281,2026-06-17 22:15:25.716000+00:00,18775.14468920478,2026-06-17 22:15:25.716000+00:00,0,0.0,2026-06-17 22:15:25.716000+00:00,62920.98814355368,,1514.200701283238,4.778653255628031,3.351291784170996
019ed56b-6368-71e4-abf6-6583e957833f,BBigotCNXbM14JqKjgbnRiKU6BLfgFv7FNPqEDHKpump,1ELON,1ELON,2026-06-17 11:50:45.352000+00:00,14493.308637439157,14493.308637439159,11601.606692237203,42926.38596752821,42926.38596752821,60.0,45,14493.308637439157,11601.606692237203,0.22441716666666667,42926.38596752821,60.0,,,45,116,,,2.7370346692403,0.0,18.5715875421365,2.7370346692403,0.0,18.5715875421365,0.8004802065877421,2.9618072064401253,1.3333333333333333,14493.308637439157,11601.606692237203,2026-06-17 11:50:45.352000+00:00,14493.308637439157,2026-06-17 11:50:45.352000+00:00,0,0.0,2026-06-17 11:50:45.352000+00:00,14493.308637439159,,1987.3105179500935,1.0,1.0000000000000002
019ed779-d5a2-71fd-bb1a-c9ca9409ac13,BPQw227L44JsgfPPVnHTEAoebvYsfN5PVxQpZVyK5aoA,Livaković,Dominik Livaković,2026-06-17 21:25:46.530000+00:00,14488.636203274064,13129.705490871422,11582.423758281551,13763.52680748672,13763.52680748672,52.0,31,14488.636203274064,11582.423758281551,0.1503850833333333,13763.52680748672,52.0,,,31,102,,,18.4738315186144,,22.0674857326231,18.4738315186144,,22.0674857326231,0.7994143545176611,0.9499532333054586,1.6774193548387097,14488.636203274064,11582.423758281551,2026-06-17 21:25:46.530000+00:00,14488.636203274064,2026-06-17 21:25:46.530000+00:00,0,0.0,2026-06-17 21:25:46.530000+00:00,13129.705490871422,,1961.7566504899723,1.0,0.9062071341058616
019edb7f-3fc4-7544-94f6-0352ee4acb87,BWPA8hVRxr37FYW6vzkRW2Q2n9VZZNYxPvC9v4t4pump,Jorge,RIP Jorge Messi,2026-06-18 16:10:10.244000+00:00,16201.65043071118,15756.38572753087,11972.368977588543,30707.49074071154,30707.49074071154,58.0,45,16201.65043071118,11972.368977588543,0.13751375000000002,30707.49074071154,58.0,,,45,118,,,24.8870384856625,2e-13,27.2789701946867,24.8870384856625,2e-13,27.2789701946867,0.7389598379986161,1.89533102643072,1.288888888888889,16201.65043071118,11972.368977588543,2026-06-18 16:10:10.244000+00:00,16201.65043071118,2026-06-18 16:10:10.244000+00:00,0,0.0,2026-06-18 16:10:10.244000+00:00,15756.38572753087,,2123.336385256748,1.0,0.9725173243871325
019ed55f-ea83-7584-a342-e7baf8406479,Bdzme2Jm8XdsAmQXhkgkqy8XNuEigogRct34mypoBAGS,ELON,Speedrun to an Elon,2026-06-17 11:38:13.507000+00:00,631989.1077282841,491858.3571579949,10596.584822136421,35156.6362077172,35156.6362077172,96.0,33,631989.1077282841,10596.584822136421,0.19111651666666668,35156.6362077172,96.0,,,33,124,,,,0.4896203822607541,1.3493483200025689,,0.4896203822607541,1.3493483200025689,0.01676703710958938,0.0556285476724266,2.909090909090909,631989.1077282841,10596.584822136421,2026-06-17 11:38:13.507000+00:00,631989.1077282841,2026-06-17 11:38:13.507000+00:00,0,0.0,2026-06-17 11:38:13.507000+00:00,496943.6187108278,,29856.278813158482,1.0103388739437427,0.7863167460229118
019ed2c1-e519-72b9-b8d8-f160e64ae3b1,BfChhbvFEvjHUXZGC58coM3WnV9JtG1nBCHQ2oY3pump,Yore Coproces,YORO,2026-06-16 23:26:23.001000+00:00,19151.252625816178,17789.493721655344,13468.212026514508,29616.23609508648,29616.23609508648,20.0,16,19151.252625816178,13468.212026514508,0.13393895,29616.23609508648,20.0,,,16,77,,,32.9178407382099,0.8737746804601,25.4488197010525,32.9178407382099,0.8737746804601,25.4488197010525,0.7032548883178092,1.5464385893569879,1.25,19151.252625816178,13468.212026514508,2026-06-16 23:26:23.001000+00:00,19151.252625816178,2026-06-16 23:26:23.001000+00:00,0,0.0,2026-06-16 23:26:23.001000+00:00,17789.493721655344,,1537.1836606349038,1.0,0.9288945255557246
019ed958-31c3-7b3c-95f7-5648388bcbc8,Bh77MrPYg8RRQPZ8kxRUyCCa5VrQzFzqLzdFtBgwpump,Helium,Only Goes Up,2026-06-18 06:08:16.323000+00:00,16188.032237477477,13911.462435687428,12170.267710990147,24734.82323743249,24734.82323743249,22.0,14,16188.032237477477,12170.267710990147,0.2508120833333333,24734.82323743249,22.0,,,14,129,,,3.8347492378429,0.0,27.7769658070261,3.8347492378429,0.0,27.7769658070261,0.7518064908972899,1.5279697294009609,1.5714285714285714,16188.032237477477,12170.267710990147,2026-06-18 06:08:16.323000+00:00,16188.032237477477,2026-06-18 06:08:16.323000+00:00,0,0.0,2026-06-18 06:08:16.323000+00:00,23357.82415714116,,2008.8970259361856,1.6790344124583725,1.4429069459760926
019ee092-6773-7b5f-a424-dc4f247e5076,Bk1ZX9zPw74gUGieWqEsXjwKwxNbKB1Z9V3tGa2upump,CAT,CatCoin,2026-06-19 15:49:11.667000+00:00,16672.61150969675,14571.046614665078,17525.153083003683,10967.963657131253,10967.963657131253,35.0,21,16672.61150969675,17525.153083003683,0.2284256,10967.963657131253,35.0,,,21,42,,,39.7566283468018,0.0,22.3715561535695,39.7566283468018,0.0,22.3715561535695,1.051134255291146,0.6578431729637743,1.6666666666666667,16672.61150969675,17525.153083003683,2026-06-19 15:49:11.667000+00:00,16672.61150969675,2026-06-19 15:49:11.667000+00:00,0,0.0,2026-06-19 15:49:11.667000+00:00,20563.376558185515,,4094.963858848227,1.411249109414655,1.233362664644702
019ed830-2021-7bb8-bfea-3dafca64ce9d,BndTSuJSqfKQ5kchNBKUxBibYWtmDWkNmE4ET22Upump,OATF,Official American Trust Fund,2026-06-18 00:44:53.153000+00:00,28743.628052227577,26982.41316541133,16356.912740474829,6414.37770087477,6414.37770087477,21.0,15,28743.628052227577,16356.912740474829,0.10189291666666667,6414.37770087477,21.0,,,15,50,,,6.2499636398393,,22.8490716935812,6.2499636398393,,22.8490716935812,0.5690622182681354,0.22315824882021698,1.4,28743.628052227577,16356.912740474829,2026-06-18 00:44:53.153000+00:00,28743.628052227577,2026-06-18 00:44:53.153000+00:00,0,0.0,2026-06-18 00:44:53.153000+00:00,34711.453309574215,,32733.40793991884,1.2864473276271196,1.207622546691149
019edd88-982d-7605-b62a-b944c044f8a3,BtcsR6NbtRPoKNNKpS1ZPkk3sYASC83fgmtQJDvdpump,gary,Gary VI,2026-06-19 01:39:37.133000+00:00,15560.840494698265,13546.663609667768,11809.032283908633,12741.62985707924,12741.62985707924,84.0,62,15560.840494698265,11809.032283908633,0.10816405,12741.62985707924,84.0,,,62,62,,,58.4883096696204,0.0,36.4272791441782,58.4883096696204,0.0,36.4272791441782,0.7588942440436999,0.818826583398271,1.3548387096774193,15560.840494698265,11809.032283908633,2026-06-19 01:39:37.133000+00:00,15560.840494698265,2026-06-19 01:39:37.133000+00:00,0,0.0,2026-06-19 01:39:37.133000+00:00,13546.663609667768,,1935.9840437318899,1.0,0.8705611765818982
019edf7d-6b18-7ab7-bafb-4a0399d664b3,BwLS1TLvwb771PyNuyktWyxUDdxpziZ5oGYKgQfNpump,QUACKSSANT,Quackssant,2026-06-19 10:46:39.128000+00:00,14833.14083192242,12098.057458803778,11402.939491695728,45517.99014385865,45517.99014385865,20.0,15,14833.14083192242,11402.939491695728,0.11529133333333334,45517.99014385865,20.0,,,15,202,,,11.6203685893381,0.1138795206461,21.1253932497766,11.6203685893381,0.1138795206461,21.1253932497766,0.7687474703371958,3.0686683730460738,1.3333333333333333,14833.14083192242,11402.939491695728,2026-06-19 10:46:39.128000+00:00,14833.14083192242,2026-06-19 10:46:39.128000+00:00,0,0.0,2026-06-19 10:46:39.128000+00:00,15838.410542760945,,2799.117745237584,1.30916972387458,1.0677718712597324
019ed663-2bef-7494-b315-74a2dc9464e6,ByYAq5QmKLkrj7BrHVAZRncLRDiFX3WHNBs3Fug2pump,Tagoh,Tagoh,2026-06-17 16:21:24.079000+00:00,21768.01731161144,14326.941914585346,14393.006646633206,31110.366763802,31110.366763802,65.0,37,21768.01731161144,14393.006646633206,0.13879645000000002,31110.366763802,65.0,,,37,117,,,53.2590440622079,0.3540500953614,23.3301136828999,53.2590440622079,0.3540500953614,23.3301136828999,0.6611997059996698,1.429177784933458,1.7567567567567568,21768.01731161144,14393.006646633206,2026-06-17 16:21:24.079000+00:00,21768.01731161144,2026-06-17 16:21:24.079000+00:00,0,0.0,2026-06-17 16:21:24.079000+00:00,14326.941914585346,,1935.136412725448,1.0,0.6581647611490601
019edad5-e99f-7152-9533-5e467c4b88ad,C1GMeaQk7cxqH4nRiGiiDixJhPpMmxFSw9PWEhjMgQFh,GTA6,Grand Theft Auto VI,2026-06-18 13:05:12.607000+00:00,12377.211988268033,16161.716578752665,10671.697781236222,17455.91382374426,17455.91382374426,83.0,52,12377.211988268033,10671.697781236222,0.24918828333333334,17455.91382374426,83.0,,,52,94,,,33.8804490113947,0.0,30.8437366187836,33.8804490113947,0.0,30.8437366187836,0.8622053004627849,1.4103268038303107,1.5961538461538463,12377.211988268033,10671.697781236222,2026-06-18 13:05:12.607000+00:00,12377.211988268033,2026-06-18 13:05:12.607000+00:00,0,0.0,2026-06-18 13:05:12.607000+00:00,16161.716578752665,,1917.752315178151,1.0,1.3057638985315791
019edab0-0560-7184-bba0-a9b188041c2c,C1mg2ddme7Hpwjmxngr1AfrwRSmLqL1CVHPzUmapEory,FLKR,FalkorDB,2026-06-18 12:23:49.344000+00:00,66882.35136476319,68936.43136318617,27731.691863590677,98585.29342760747,98585.29342760747,60.0,21,66882.35136476319,27731.691863590677,0.23306590000000002,98585.29342760747,60.0,,,21,180,,,4.789165457691719,0.0,26.533440319381445,4.789165457691719,0.0,26.533440319381445,0.41463392505965413,1.4740105785148412,2.857142857142857,66882.35136476319,27731.691863590677,2026-06-18 12:23:49.344000+00:00,66882.35136476319,2026-06-18 12:23:49.344000+00:00,0,0.0,2026-06-18 12:23:49.344000+00:00,1903676.934597519,,1368572.5584200316,27.614962030281877,28.463068294582516
019ee019-c19a-7b8a-819d-5408dc63bbc2,C3jxjp95QFWNfRXq48J67WiuLBLgqL9YQ8pExkyNpump,5DAHH,GIMME MY 5 DAHH,2026-06-19 13:37:24.890000+00:00,18998.495927654567,16053.51036868206,12949.464070486705,22065.73508327011,67966.18661138572,23.0,16,18998.495927654567,12949.464070486705,0.06836948333333333,22065.73508327011,23.0,,,16,138,,,1.1538359381876,0.0,22.9480113561123,1.1538359381876,0.0,22.9480113561123,0.681604697540147,1.1614464201427026,1.4375,18998.495927654567,12949.464070486705,2026-06-19 13:37:24.890000+00:00,18998.495927654567,2026-06-19 13:37:24.890000+00:00,0,0.0,2026-06-19 13:37:24.890000+00:00,24473.66267961607,,7580.540975025877,1.5245053647182636,1.2881894847260908
019ed877-8eb7-76de-9da9-06f4c40daec0,C5tcc5ppr9FMBoRCgAPn4w4qQ2vQzRYepdzsfPfxpump,cooking,got something cooking,2026-06-18 02:02:54.519000+00:00,15818.97847946127,14183.794829441757,12124.34064917831,22865.60075709741,22865.60075709741,92.0,61,15818.97847946127,12124.34064917831,0.25459991666666665,22865.60075709741,92.0,,,61,142,,,19.2626999592727,,25.8190791558126,19.2626999592727,,25.8190791558126,0.7664427045602262,1.4454536863290632,1.5081967213114753,15818.97847946127,12124.34064917831,2026-06-18 02:02:54.519000+00:00,15818.97847946127,2026-06-18 02:02:54.519000+00:00,0,0.0,2026-06-18 02:02:54.519000+00:00,105503.18205004225,,3721.945956105892,7.4382901979832585,6.669405498403286
019edc30-cc64-7277-99c0-45f71326ced0,CAhc23UwNgpaNigajHgrKwk4HLNQjtn5buMLTGV4BAGS,CNTBAGWORK,CNTbagwork,2026-06-18 19:24:06.116000+00:00,264374.6750237636,265343.1831352435,6681.434716420169,25296.67750691018,25296.67750691018,49.0,22,264374.6750237636,6681.434716420169,0.20769996666666665,25296.67750691018,49.0,,,22,85,,,,0.0009225810128104,1.5788438793412787,,0.0009225810128104,1.5788438793412787,0.025272597368940882,0.09568494979572592,2.227272727272727,264374.6750237636,6681.434716420169,2026-06-18 19:24:06.116000+00:00,264374.6750237636,2026-06-18 19:24:06.116000+00:00,0,0.0,2026-06-18 19:24:06.116000+00:00,265343.1831352435,,27605.341149808028,1.0,1.0036633921588474
019ed815-32de-7b34-8420-9da308062933,CB6DadqnWqipcuTCYTUdaRPfkZZ2Fq6FeXNrQJevpump,HYPOMNEMATA,Hypomnemata,2026-06-18 00:15:28.478000+00:00,24774.05040291266,13691.575878106582,11218.74800610322,76327.8652443418,76327.8652443418,34.0,13,24774.05040291266,11218.74800610322,0.25711476666666666,76327.8652443418,34.0,,,13,150,,,22.7575655673734,0.9788168720238,21.2099281904309,22.7575655673734,0.9788168720238,21.2099281904309,0.4528427053165373,3.0809602791220607,2.6153846153846154,24774.05040291266,11218.74800610322,2026-06-18 00:15:28.478000+00:00,24774.05040291266,2026-06-18 00:15:28.478000+00:00,0,0.0,2026-06-18 00:15:28.478000+00:00,18397.15960594992,,1582.1099222677108,1.3436845962609585,0.7425979727476046
019edb69-a160-792b-b5e1-442c0ff1ce4d,CFpfvwCRMydgQPqvazc9EZL4meuDg4qUKBhWnyoppump,Kyu,きゅう,2026-06-18 15:46:33.440000+00:00,16248.425485442556,15989.367325494422,12027.341400651392,37115.327124195,37115.327124195,26.0,20,16248.425485442556,12027.341400651392,0.16268905,37115.327124195,26.0,,,20,171,,,15.54511219675795,0.5083376982803169,20.664534371106168,15.54511219675795,0.5083376982803169,20.664534371106168,0.7402158080748834,2.284241458192224,1.3,16248.425485442556,12027.341400651392,2026-06-18 15:46:33.440000+00:00,16248.425485442556,2026-06-18 15:46:33.440000+00:00,0,0.0,2026-06-18 15:46:33.440000+00:00,15989.367325494422,,2338.307598905704,1.0,0.9840564145627383
019edaf4-1059-7143-b474-b6ef6d24320a,CSzHjHF8zLTmWatEZoLYmEnoXPrGhJ8mPe52CoVmpump,AGAIN,"AH SHIT, HERE WE GO AGAIN",2026-06-18 13:38:08.601000+00:00,16472.20792414973,16121.556821956108,12295.627608073733,30212.30308310016,30212.30308310016,20.0,12,16472.20792414973,12295.627608073733,0.1461601,30212.30308310016,20.0,,,12,102,,,14.6814444332,3.2846062e-06,23.7379936585943,14.6814444332,3.2846062e-06,23.7379936585943,0.7464468433553005,1.8341380355456915,1.6666666666666667,16472.20792414973,12295.627608073733,2026-06-18 13:38:08.601000+00:00,16472.20792414973,2026-06-18 13:38:08.601000+00:00,0,0.0,2026-06-18 13:38:08.601000+00:00,71579.3184094145,,22768.73639305394,4.439975568112002,4.345459864216066
019edff9-41ce-7681-ba93-129ec753de8c,CZg8qo6fAqVcVxZmgJFWxJqpGp3EHRvPTHaJafqNpump,Binface,Count Binface,2026-06-19 13:01:55.022000+00:00,21630.266262765435,13772.409891830694,13816.358152808218,40342.3216971354,40342.3216971354,252.0,142,21630.266262765435,13816.358152808218,0.14723391666666666,40342.3216971354,252.0,,,142,152,,,52.86646774132934,0.0,24.329610272429054,52.86646774132934,0.0,24.329610272429054,0.6387511824850645,1.8650866895051166,1.7746478873239437,21630.266262765435,13816.358152808218,2026-06-19 13:01:55.022000+00:00,21630.266262765435,2026-06-19 13:01:55.022000+00:00,0,0.0,2026-06-19 13:01:55.022000+00:00,30117.292910982156,,3330.1710024048957,2.186784531358355,1.3923681079611292
019ed228-af8f-72b4-839c-3e11f29d3449,CfbVyNSBuV1tNj68vY1JZADLkiYSAT5FKK6RELtPpump,PIP,The Baby Squirrel,2026-06-16 20:39:02.287000+00:00,16829.75278841045,13514.462974781942,12655.560860867987,26287.6070988174,26287.6070988174,137.0,82,16829.75278841045,12655.560860867987,0.22335558333333333,26287.6070988174,137.0,,,82,63,,,17.2697803807771,0.0,25.2767472732314,17.2697803807771,0.0,25.2767472732314,0.7519754461029899,1.5619722659812303,1.670731707317073,16829.75278841045,12655.560860867987,2026-06-16 20:39:02.287000+00:00,16829.75278841045,2026-06-16 20:39:02.287000+00:00,0,0.0,2026-06-16 20:39:02.287000+00:00,13514.462974781942,,1304.3350842094512,1.0,0.8030101894359654
019ede2f-3551-78b0-a441-71bdbf508b04,CgJ4itfGDWcCU7ZX8USPwDHvBP1X7qwuECMpmmeipump,YN,young nigga,2026-06-19 04:41:36.337000+00:00,17031.42520046564,15408.363271668175,9052.476908379254,16766.92604721124,16766.92604721124,60.0,49,17031.42520046564,9052.476908379254,0.19605621666666667,16766.92604721124,60.0,,,49,115,,,60.0012181818477,3.0167808264927,30.7854595002505,60.0012181818477,3.0167808264927,30.7854595002505,0.5315161122353846,0.9844699342455986,1.2244897959183674,17031.42520046564,9052.476908379254,2026-06-19 04:41:36.337000+00:00,17031.42520046564,2026-06-19 04:41:36.337000+00:00,0,0.0,2026-06-19 04:41:36.337000+00:00,15408.363271668175,,1442.830244044064,1.0,0.9047019313009054
019edcf9-17ea-7330-9720-00a4d92fab75,CjEVKFx9MZeKcqiZUMBiV817h2F6y7ogqDGuqSsopump,CHEESE,CHEESE,2026-06-18 23:02:52.650000+00:00,191059.3540560249,191458.57978688274,30866.36646126327,107942.15505511592,107942.15505511592,65.0,20,191059.3540560249,30866.36646126327,0.15237098333333332,107942.15505511592,65.0,,,20,170,,,4.3543862802682,3.231004445106,54.4765059791731,4.3543862802682,3.231004445106,54.4765059791731,0.16155380935817587,0.5649666073060402,3.25,191059.3540560249,30866.36646126327,2026-06-18 23:02:52.650000+00:00,191059.3540560249,2026-06-18 23:02:52.650000+00:00,0,0.0,2026-06-18 23:02:52.650000+00:00,196681.3145197501,,50846.76436046166,1.0272786664284301,1.0294252039713097
019ed7f2-78f8-758b-b2c5-0efa22303589,CpzZ2N6p6B48o8zWouwMs2BXFm4nZjh4tzFHpg6tpump,OGAI,Open Generative Ai,2026-06-17 23:37:32.664000+00:00,19898.631890031964,15894.62280402989,13579.346497964303,15338.936204568,15338.936204568,39.0,22,19898.631890031964,13579.346497964303,0.21389725,15338.936204568,39.0,,,22,81,,,19.8317123267034,,27.4582627445385,19.8317123267034,,27.4582627445385,0.6824261372846819,0.7708538099170475,1.7727272727272727,19898.631890031964,13579.346497964303,2026-06-17 23:37:32.664000+00:00,19898.631890031964,2026-06-17 23:37:32.664000+00:00,0,0.0,2026-06-17 23:37:32.664000+00:00,17919.304146768292,,2476.8786295017026,1.1273815281873232,0.9005294557835809
019ed5da-5b80-7144-b309-0739bd3e2217,CsWnH9msTEqswGPfNjkSRF3dnf7Y3QYCxXdcSgfhWU9S,Thaïs,Justice for Thaïs d'Escufon,2026-06-17 13:51:57.824000+00:00,16544.364870527286,12920.749374611523,12438.064046995141,17915.182069024,17915.182069024,94.0,54,16544.364870527286,12438.064046995141,0.12782293333333333,17915.182069024,94.0,,,54,103,,,44.3263753816488,16.4075785895644,25.5593373302279,44.3263753816488,16.4075785895644,25.5593373302279,0.751800636913705,1.0828570458415563,1.7407407407407407,16544.364870527286,12438.064046995141,2026-06-17 13:51:57.824000+00:00,16544.364870527286,2026-06-17 13:51:57.824000+00:00,0,0.0,2026-06-17 13:51:57.824000+00:00,17244.369821257613,,2123.307817687481,1.3346261367116785,1.042310778093231
019edbd9-2519-7319-b22b-54bfc14acd76,CszvPGwxpXsJX9ghRUpEGotu2c4stu4v7Gx3i6tpump,DRIPZ,Dripz,2026-06-18 17:48:21.657000+00:00,19446.03469770281,13887.680045742885,13111.668802587754,22148.24384648708,22148.24384648708,87.0,69,19446.03469770281,13111.668802587754,0.14426833333333333,22148.24384648708,87.0,,,69,129,,,3.8442315358748,0.0,21.3892822680639,3.8442315358748,0.0,21.3892822680639,0.6742592516373869,1.1389593915053275,1.2608695652173914,19446.03469770281,13111.668802587754,2026-06-18 17:48:21.657000+00:00,19446.03469770281,2026-06-18 17:48:21.657000+00:00,0,0.0,2026-06-18 17:48:21.657000+00:00,13887.680045742885,,1981.9286939548851,1.0,0.7141651376042982
019ee089-a68f-7705-bfc2-3fa7b46ef7f0,Ct5ZGEs7TTwbV63e1gTDdhdves3xenJRe6gKW2pupump,HERO,Zero to Hero,2026-06-19 15:39:37.999000+00:00,20053.390883973003,12725.610927599808,13370.006444242905,14776.86948369216,14776.86948369216,66.0,45,20053.390883973003,13370.006444242905,0.18105718333333334,14776.86948369216,66.0,,,45,121,,,54.4595870182237,3.2475395811992,29.8893692805472,54.4595870182237,3.2475395811992,29.8893692805472,0.6667204824161899,0.7368763501988123,1.4666666666666666,20053.390883973003,13370.006444242905,2026-06-19 15:39:37.999000+00:00,20053.390883973003,2026-06-19 15:39:37.999000+00:00,0,0.0,2026-06-19 15:39:37.999000+00:00,14475.636001213545,,1522.907358327967,1.1375199260428601,0.7218547768289256
019ee0bb-1481-7bf9-8cac-a2323b8ba0a9,CwPoaq8GGF5i2RkiDyHsNsrnP5L1B4PnQZAEu3Xkpump,ELON,Comrade Elon,2026-06-19 16:33:37.409000+00:00,16819.955525858262,14006.07395308547,12254.484545821817,27294.3913630311,27294.3913630311,44.0,30,16819.955525858262,12254.484545821817,0.14217063333333335,27294.3913630311,44.0,,,30,86,,,26.8127380547098,0.0,24.6972893662216,26.8127380547098,0.0,24.6972893662216,0.7285681895521251,1.6227386167026363,1.4666666666666666,16819.955525858262,12254.484545821817,2026-06-19 16:33:37.409000+00:00,16819.955525858262,2026-06-19 16:33:37.409000+00:00,0,0.0,2026-06-19 16:33:37.409000+00:00,22168.38888846948,,1974.0432349858795,1.5827696585584492,1.3179814211986929
019ed746-8b40-719f-a2a3-7673a0d71679,D3jnVDrA9H9E9K9ztLk62iYZXJsKTG1vfX9L6ADqpump,Percy,Elon' Dog,2026-06-17 20:29:45.152000+00:00,15964.07452367795,13915.591737562687,12154.752196312524,29994.4652773858,29994.4652773858,80.0,62,15964.07452367795,12154.752196312524,0.11731470000000001,29994.4652773858,80.0,,,62,203,,,10.2156114412868,0.0,19.8756799158199,10.2156114412868,0.0,19.8756799158199,0.7613815745024598,1.8788727923374415,1.2903225806451613,15964.07452367795,12154.752196312524,2026-06-17 20:29:45.152000+00:00,15964.07452367795,2026-06-17 20:29:45.152000+00:00,0,0.0,2026-06-17 20:29:45.152000+00:00,13915.591737562687,,2007.3175821996417,1.0,0.8716817073813488
019edb91-84ea-7120-ba6c-bb34fa124fe7,D5UbiydvQRQtjYb1ktXchR7uS8sQWNdbVeJx2rfspump,CENTER,Card Center,2026-06-18 16:30:07.594000+00:00,15010.6505530818,14459.931405012554,11529.804953615236,8435.1789452638,8435.1789452638,62.0,46,15010.6505530818,11529.804953615236,0.20319453333333334,8435.1789452638,62.0,,,46,53,,,14.6562299196076,13.587904757292,32.4172537380211,14.6562299196076,13.587904757292,32.4172537380211,0.7681082783749222,0.5619462604525155,1.3478260869565217,15010.6505530818,11529.804953615236,2026-06-18 16:30:07.594000+00:00,15010.6505530818,2026-06-18 16:30:07.594000+00:00,0,0.0,2026-06-18 16:30:07.594000+00:00,14459.931405012554,,1944.7246560115066,1.0,0.9633114403588472
019ed5b7-8c5b-7030-83af-3af4c612a7eb,DCaoXH6QoxgFQ5phtpR18aTXJ6nsidDt5Ri2bTELpump,Pilly,Pilly,2026-06-17 13:13:56.571000+00:00,23340.195821076824,14764.586786968986,14739.540156124447,11255.03492022657,11255.03492022657,67.0,42,23340.195821076824,14739.540156124447,0.22993724999999998,11255.03492022657,67.0,,,42,81,,,38.3528447253719,,31.8207403455159,38.3528447253719,,31.8207403455159,0.6315088471886018,0.4822168162815057,1.5952380952380953,23340.195821076824,14739.540156124447,2026-06-17 13:13:56.571000+00:00,23340.195821076824,2026-06-17 13:13:56.571000+00:00,0,0.0,2026-06-17 13:13:56.571000+00:00,17869.26903137044,,2006.764555742556,1.210278979642126,0.7656006474133353
019ed240-7ef8-7133-a009-f4a632e9a7ed,DTZhKWmpnf7DKgVPhHpkMQi5Zhg9dg8sUVetNhUbpump,ansemconzimp,ansemconzimp,2026-06-16 21:05:02.712000+00:00,17544.37023408147,16697.39342575026,12936.352714469242,14862.37338540925,14862.37338540925,65.0,48,17544.37023408147,12936.352714469242,0.21375101666666665,14862.37338540925,65.0,,,48,80,,,27.8062710542927,2.9555644271954,31.3046319204662,27.8062710542927,2.9555644271954,31.3046319204662,0.7373506453562663,0.847130628635378,1.3541666666666667,17544.37023408147,12936.352714469242,2026-06-16 21:05:02.712000+00:00,17544.37023408147,2026-06-16 21:05:02.712000+00:00,0,0.0,2026-06-16 21:05:02.712000+00:00,16697.39342575026,,5737.531588266916,1.0,0.9517237269260378
019ed23c-1f5a-7512-bcf9-ce3fcf384e4d,DVWZVVLCjYjtnEnSpBBBUTwQ8ta73hFADiitnKthpump,ANSEM,Coldest Nigga Breathing,2026-06-16 21:00:16.090000+00:00,28769.93329090763,16134.330966762736,12253.772720855559,19163.95510441104,19163.95510441104,63.0,61,28769.93329090763,12253.772720855559,0.19260643333333333,19163.95510441104,63.0,,,61,52,,,51.817210707878,22.8819015344633,42.6332917745372,51.817210707878,22.8819015344633,42.6332917745372,0.42592287569635096,0.6661105158164397,1.0327868852459017,28769.93329090763,12253.772720855559,2026-06-16 21:00:16.090000+00:00,28769.93329090763,2026-06-16 21:00:16.090000+00:00,0,0.0,2026-06-16 21:00:16.090000+00:00,40937.782019738246,,1894.5776765202272,2.5373089286485726,1.4229362858020984
019edcfa-c090-730f-9da8-84bf308cfe19,DXbWYHDscBqR2J3APznFNJKeaX7fRCxuJK1zV7R6pump,VOYAGER,the voyager sprite,2026-06-18 23:04:41.360000+00:00,16198.018889377063,13192.65910820647,12033.584669085978,26727.133626598,26727.133626598,135.0,105,16198.018889377063,12033.584669085978,0.10135728333333334,26727.133626598,135.0,,,105,126,,,34.4067737500006,0.0,23.6345299178471,34.4067737500006,0.0,23.6345299178471,0.7429047188590333,1.650024846194377,1.2857142857142858,16198.018889377063,12033.584669085978,2026-06-18 23:04:41.360000+00:00,16198.018889377063,2026-06-18 23:04:41.360000+00:00,0,0.0,2026-06-18 23:04:41.360000+00:00,16206.533518071945,,1976.987864288544,1.228450866890868,1.0005256586470872
019edab6-e654-7196-953c-1d040c0cf5f0,DgVJZqmccrew2HySCA34pzkfyu54ZCkkZw6aKibYpump,Rebel,Rebel Mode,2026-06-18 12:31:20.148000+00:00,15258.81141365744,12577.114052908593,11831.645644201431,31444.8519474572,31444.8519474572,173.0,126,15258.81141365744,11831.645644201431,0.10641083333333333,31444.8519474572,173.0,,,126,109,,,29.1542275395827,,24.8991239806142,29.1542275395827,,24.8991239806142,0.7753975931317616,2.060766798606109,1.373015873015873,15258.81141365744,11831.645644201431,2026-06-18 12:31:20.148000+00:00,15258.81141365744,2026-06-18 12:31:20.148000+00:00,0,0.0,2026-06-18 12:31:20.148000+00:00,23993.404002323165,,1456.3117246608106,1.9077034605386625,1.5724294213930583
019ed51c-8fb0-7936-9dab-5cbfc2327061,DicbCpQUfJgBeDHZvcLur6RcF2HgDWagrGkjiXoGpump,Alon,Alon Card,2026-06-17 10:24:39.344000+00:00,15771.62492994967,13263.117347393912,12129.672995853141,12240.02565549696,12240.02565549696,46.0,38,15771.62492994967,12129.672995853141,0.18364,12240.02565549696,46.0,,,38,83,,,19.12441202082292,0.0,24.873450361216925,19.12441202082292,0.0,24.873450361216925,0.7690820096044377,0.7760789208379951,1.2105263157894737,15771.62492994967,12129.672995853141,2026-06-17 10:24:39.344000+00:00,15771.62492994967,2026-06-17 10:24:39.344000+00:00,0,0.0,2026-06-17 10:24:39.344000+00:00,16501.279632837974,,1476.053556740086,1.244147902836759,1.0462637620491924
019edec5-276c-74bd-a13a-e51740d6fc6f,DqQ6vpwrkKweG2wrxwpMVHixNwgRvn5aNftuc7VUpump,WAIFU,WaifuCoin,2026-06-19 07:25:23.180000+00:00,19911.13454499943,18396.89424131504,13244.338419969252,17586.7538571306,17586.7538571306,102.0,68,19911.13454499943,13244.338419969252,0.19098815,17586.7538571306,102.0,,,68,115,,,40.0189007171158,,24.900436920251,40.0189007171158,,24.900436920251,0.6651724636804031,0.8832622680231657,1.5,19911.13454499943,13244.338419969252,2026-06-19 07:25:23.180000+00:00,19911.13454499943,2026-06-19 07:25:23.180000+00:00,0,0.0,2026-06-19 07:25:23.180000+00:00,21949.205753630707,,1362.3601071419334,1.193093000683671,1.102358366572493
019ed2ca-623e-759c-a335-5effd40ac286,DrAQUhCLErvvZVxiZDBf9gYMCYKiEWyoyRY4cYaBpump,Kardashev,Kardashev scale,2026-06-16 23:35:39.326000+00:00,12692.872387119343,14297.602094257962,10974.993480978455,21244.30203054656,21244.30203054656,49.0,33,12692.872387119343,10974.993480978455,0.2024995,21244.30203054656,49.0,,,33,84,,,23.2891816332507,38.8419392294519,61.2582978703152,23.2891816332507,38.8419392294519,61.2582978703152,0.8646579864866378,1.6737190277044904,1.4848484848484849,12692.872387119343,10974.993480978455,2026-06-16 23:35:39.326000+00:00,12692.872387119343,2026-06-16 23:35:39.326000+00:00,0,0.0,2026-06-16 23:35:39.326000+00:00,14297.602094257962,,2190.1111605880455,1.0,1.1264276247484446
019edb0a-d4fc-7d35-91db-17ce26c795bc,DrkxWKNSZecBY4MhMThGW5531ZUNnYFktBMeYrAYBAGS,10M,10M Before GTA VI,2026-06-18 14:03:00.732000+00:00,129248.28900461382,137952.25744566054,4787.091396761309,38126.21780713872,38126.21780713872,76.0,39,129248.28900461382,4787.091396761309,0.25107736666666663,38126.21780713872,76.0,,,39,91,,,,2.9530096507e-06,1.4359202216451084,,2.9530096507e-06,1.4359202216451084,0.037037947918911504,0.2949843135314365,1.9487179487179487,129248.28900461382,4787.091396761309,2026-06-18 14:03:00.732000+00:00,129248.28900461382,2026-06-18 14:03:00.732000+00:00,0,0.0,2026-06-18 14:03:00.732000+00:00,137952.25744566054,,36900.3927347427,1.0,1.0673430070763723
019ee052-1d5c-78f3-9dee-8223ece20716,E6Bh9FSsyY7qz7LBRtDuccn9VjhW9DYFBWXEKZL5pump,PIZZA,stable asset,2026-06-19 14:38:58.396000+00:00,21854.085451504587,21976.1964269718,20064.393536864587,20356.08551322156,20356.08551322156,27.0,14,21854.085451504587,20064.393536864587,0.14674283333333332,20356.08551322156,27.0,,,14,83,,,2.6043523427938,,26.2808747040429,2.6043523427938,,26.2808747040429,0.9181072153025381,0.9314544668726965,1.9285714285714286,21854.085451504587,20064.393536864587,2026-06-19 14:38:58.396000+00:00,21854.085451504587,2026-06-19 14:38:58.396000+00:00,0,0.0,2026-06-19 14:38:58.396000+00:00,21976.1964269718,,4292.372895808994,1.0,1.0055875582502953
019edd2a-1907-7eb5-8678-0ae8ce2f1803,ER2hhTpLnV9xgL2hAJmMvYwpFobwYXPkuYNQb9Wopump,Juanita,Merlin's Girlfriend,2026-06-18 23:56:24.199000+00:00,16504.991503920162,13445.481899412998,12165.4319233132,24266.2795316544,24266.2795316544,88.0,62,16504.991503920162,12165.4319233132,0.16148698333333333,24266.2795316544,88.0,,,62,149,,,18.4856133147697,0.0,22.4792344389503,18.4856133147697,0.0,22.4792344389503,0.7370759276321798,1.470238838104874,1.4193548387096775,16504.991503920162,12165.4319233132,2026-06-18 23:56:24.199000+00:00,16504.991503920162,2026-06-18 23:56:24.199000+00:00,0,0.0,2026-06-18 23:56:24.199000+00:00,18446.00468562349,,11646.836383104393,1.3719110124590481,1.1176015862378548
019ed5e1-6aa5-718a-af60-931329ff973f,EVVtxoxCaWBVhDdFgo18P1trkG6h8AEvDxnau6YLpump,GOAT,Messi the GOAT,2026-06-17 13:59:40.453000+00:00,16423.187668863204,12780.274210140076,12383.634092943867,39590.89999705296,39590.89999705296,22.0,16,16423.187668863204,12383.634092943867,0.19528256666666666,39590.89999705296,22.0,,,16,176,,,17.8985125235778,0.1475031738067,16.9593083246423,17.8985125235778,0.1475031738067,16.9593083246423,0.7540335251981596,2.4106708633740777,1.375,16423.187668863204,12383.634092943867,2026-06-17 13:59:40.453000+00:00,16423.187668863204,2026-06-17 13:59:40.453000+00:00,0,0.0,2026-06-17 13:59:40.453000+00:00,160621.46067396962,,16703.14328119088,12.567919751403295,9.780163504950538
019eda03-7c09-7d77-9d9a-46352182d733,EkrnLXAyAryizTvGicA2vvwXexDqy6sTTRhYeBfGpump,muffin,just a chill cat,2026-06-18 09:15:21.993000+00:00,17155.589467559617,13755.159523365497,12597.271012120935,22896.29162859115,22896.29162859115,37.0,27,17155.589467559617,12597.271012120935,0.21276801666666667,22896.29162859115,37.0,,,27,112,,,21.1042844802669,0.0,21.8619709805142,21.1042844802669,0.0,21.8619709805142,0.734295433913347,1.3346257598368694,1.3703703703703705,17155.589467559617,12597.271012120935,2026-06-18 09:15:21.993000+00:00,17155.589467559617,2026-06-18 09:15:21.993000+00:00,0,0.0,2026-06-18 09:15:21.993000+00:00,13755.159523365497,,1925.2611310317523,1.0,0.8017888017998934
019ed254-504e-7bfe-9aa4-f98546610fc2,EmAnkHTaPNmHVn59Dkf3of6ZKGq1UKbHtEpi6hRXpump,ANSEM,Ansem The Wise,2026-06-16 21:26:41.486000+00:00,19119.11213061838,13150.04891849963,13478.840761111216,27317.35858295746,27317.35858295746,69.0,47,19119.11213061838,13478.840761111216,0.2094858,27317.35858295746,69.0,,,47,162,,,47.6126690392892,1.1293230708877,22.8932288106182,47.6126690392892,1.1293230708877,22.8932288106182,0.7049930283909717,1.4287984921229664,1.4680851063829787,19119.11213061838,13478.840761111216,2026-06-16 21:26:41.486000+00:00,19119.11213061838,2026-06-16 21:26:41.486000+00:00,0,0.0,2026-06-16 21:26:41.486000+00:00,13150.04891849963,,2026.607033847365,1.0,0.6877960037401752
019ee095-380b-73d5-b5c5-3fecd375e388,EoHKjiNy8w2ZcizdGexxsHcTHvDZT44HVGJg7eDUpump,CEX,CEXcoin,2026-06-19 15:52:16.139000+00:00,16019.24917936483,13096.340419676499,11952.547638095335,35998.37766585924,35998.37766585924,33.0,29,16019.24917936483,11952.547638095335,0.134522,35998.37766585924,33.0,,,29,85,,,15.3242860740187,0.0,28.641954664032966,15.3242860740187,0.0,28.641954664032966,0.7461365700891893,2.2471950628142108,1.1379310344827587,16019.24917936483,11952.547638095335,2026-06-19 15:52:16.139000+00:00,16019.24917936483,2026-06-19 15:52:16.139000+00:00,0,0.0,2026-06-19 15:52:16.139000+00:00,28290.94574248655,,3788.5216456256203,2.1602176513357145,1.7660594092592983
019ed176-fc4e-7e59-9a8a-25d39b134a3c,Es9ManscSwzmfBjiYqDrojLgzhc9PmRn68ufASBHpump,CHAIR,Empty CHAIR,2026-06-16 17:24:56.526000+00:00,18463.39700766599,27446.550884352127,13181.82365501108,29365.24259068746,29365.24259068746,137.0,83,18463.39700766599,13181.82365501108,0.09622884999999999,29365.24259068746,137.0,,,83,102,,,61.9080484801761,0.0,20.5913032598425,61.9080484801761,0.0,20.5913032598425,0.7139435743887214,1.5904571936840783,1.6506024096385543,18463.39700766599,13181.82365501108,2026-06-16 17:24:56.526000+00:00,18463.39700766599,2026-06-16 17:24:56.526000+00:00,0,0.0,2026-06-16 17:24:56.526000+00:00,27446.550884352127,,2066.7042889868603,1.0,1.4865385212134223
019ed5f9-7e24-752f-b14d-ff9bab81b0cf,EvCtT2DFU1Z9aq9pcRqeioUCU14Vygo3z6h5uSwjpump,Ronaldo,Ronaldo Patriotic Dog,2026-06-17 14:25:58.308000+00:00,18893.69062107832,12911.980029651397,13275.157020488137,22195.33503371856,22195.33503371856,58.0,43,18893.69062107832,13275.157020488137,0.19235425,22195.33503371856,58.0,,,43,114,,,13.7635461921955,0.0,22.1807741461804,13.7635461921955,0.0,22.1807741461804,0.7026238169517822,1.1747485167856424,1.3488372093023255,18893.69062107832,13275.157020488137,2026-06-17 14:25:58.308000+00:00,18893.69062107832,2026-06-17 14:25:58.308000+00:00,0,0.0,2026-06-17 14:25:58.308000+00:00,17314.185759424498,,1994.4537026915407,1.340939632780082,0.9164004061815385
019edc03-410e-76f7-a6eb-49b0fdfbdea9,EvFZj7rVA4ttaCtx7NTb5euv2zB61soqJ9UcMiZdpump,AYOUB,Justice For Ayoub,2026-06-18 18:34:21.326000+00:00,15062.5078647145,14677.792497595125,11546.334622293296,24624.55361950117,24624.55361950117,65.0,49,15062.5078647145,11546.334622293296,0.12891655,24624.55361950117,65.0,,,49,100,,,0.0504210851232,0.0,21.9883025351192,0.0504210851232,0.0,21.9883025351192,0.7665612344237703,1.6348242829593311,1.3265306122448979,15062.5078647145,11546.334622293296,2026-06-18 18:34:21.326000+00:00,15062.5078647145,2026-06-18 18:34:21.326000+00:00,0,0.0,2026-06-18 18:34:21.326000+00:00,16568.68406011786,,1942.8055947257706,1.1288266994394796,1.0999950478984801
019edab3-ef2f-78e1-aa09-d7afc7484b09,F4rBqiXHkr6GrBx7yYefEoLhWP3Q21dr9JUE7cs5hsrY,Grok,Official Grok Coin,2026-06-18 12:28:05.807000+00:00,17167.88512237039,14664.579310405974,12542.0499060813,25868.1020143581,25868.1020143581,144.0,102,17167.88512237039,12542.0499060813,0.18268608333333333,25868.1020143581,144.0,,,102,85,,,37.6218657836993,0.0,34.0292499370125,37.6218657836993,0.0,34.0292499370125,0.7305529957058337,1.5067727812700125,1.411764705882353,17167.88512237039,12542.0499060813,2026-06-18 12:28:05.807000+00:00,17167.88512237039,2026-06-18 12:28:05.807000+00:00,0,0.0,2026-06-18 12:28:05.807000+00:00,14664.579310405974,,1915.3661351796381,1.0,0.8541867100041044
019edf35-1440-75c4-845f-85d327fca2f7,F5x2MoFMKF1NNyXznnFfxm7647SW3w2gp8yFB3AVpump,TRACEY,The Crocodile Hero,2026-06-19 09:27:38.304000+00:00,16394.126844396884,12308.289275275674,12007.31680198343,28900.8795928934,28900.8795928934,26.0,18,16394.126844396884,12007.31680198343,0.13745865000000002,28900.8795928934,26.0,,,18,117,,,4.9955760293296,0.0,25.700698737772,4.9955760293296,0.0,25.700698737772,0.7324157557123722,1.762880076944813,1.4444444444444444,16394.126844396884,12007.31680198343,2026-06-19 09:27:38.304000+00:00,16394.126844396884,2026-06-19 09:27:38.304000+00:00,0,0.0,2026-06-19 09:27:38.304000+00:00,57894.46057318283,,8925.794142657187,4.703696775268238,3.5314147025140135
019ed2bd-84f9-705b-96b1-ac116773ce79,FJVis6jGFFiizZ1NSyNdKYHSTnqUWHmM5P3nyco5pump,Meepcat,Meepcat,2026-06-16 23:21:36.249000+00:00,16583.652428890244,13081.774101199904,12541.493558677665,30312.58448292312,30312.58448292312,118.0,86,16583.652428890244,12541.493558677665,0.24221198333333332,30312.58448292312,118.0,,,86,141,,,18.5532339015419,0.0,23.9255539961627,18.5532339015419,0.0,23.9255539961627,0.7562564165195137,1.8278593701177563,1.372093023255814,16583.652428890244,12541.493558677665,2026-06-16 23:21:36.249000+00:00,16583.652428890244,2026-06-16 23:21:36.249000+00:00,0,0.0,2026-06-16 23:21:36.249000+00:00,867587.9995214477,,55201.578663541346,66.32036242254554,52.31585763399321
019ed4d9-44eb-7b90-b455-22713f85dae5,FKxbCh3egLotiMNFAEMLw8MDQjAVmmEA1LLq7mFvpump,Monaka,もなか,2026-06-17 09:11:09.291000+00:00,15932.588630174707,15939.395527124296,12181.31782745422,32574.96563483652,32574.96563483652,37.0,24,15932.588630174707,12181.31782745422,0.10351056666666666,32574.96563483652,37.0,,,24,126,,,22.824069821139,0.0,27.1282457203292,22.824069821139,0.0,27.1282457203292,0.7645535895142639,2.044549469704053,1.5416666666666667,15932.588630174707,12181.31782745422,2026-06-17 09:11:09.291000+00:00,15932.588630174707,2026-06-17 09:11:09.291000+00:00,0,0.0,2026-06-17 09:11:09.291000+00:00,36230.24581116803,,3051.6319137639,2.2729999860731547,2.273971082298053
019ed64c-da77-75d9-bf7f-45e0ab35d2ee,FidreAFHsPkgNdZgyRcu2EhFF3R7roA9KuYUM6tZpump,prutzker,prutzker,2026-06-17 15:57:01.431000+00:00,15277.761951789364,13205.916205271475,12034.230916918108,31315.8588595402,31315.8588595402,48.0,33,15277.761951789364,12034.230916918108,0.11974226666666667,31315.8588595402,48.0,,,33,168,,,10.8107549746338,0.0,23.6729097910306,10.8107549746338,0.0,23.6729097910306,0.7876959305226401,2.049767430488889,1.4545454545454546,15277.761951789364,12034.230916918108,2026-06-17 15:57:01.431000+00:00,15277.761951789364,2026-06-17 15:57:01.431000+00:00,0,0.0,2026-06-17 15:57:01.431000+00:00,13205.916205271475,,2368.350309756703,1.0,0.8643881379317322
019eded7-a6eb-7109-ae6f-644c30148054,FoiUBbx7SAtGVJrBx2rtDbka6XebS12Qzd2WzXvgpump,WAIFU,WaifuCoin,2026-06-19 07:45:35.467000+00:00,50895.41441999507,51677.204524708446,15683.576915935246,81984.0671439928,82315.86573093008,70.0,30,50895.41441999507,15683.576915935246,0.2158794,81984.0671439928,70.0,,,30,323,,,10.1002817207746,0.2625359218205,22.6468201633795,10.1002817207746,0.2625359218205,22.6468201633795,0.30815304472250654,1.610834061934351,2.3333333333333335,50895.41441999507,15683.576915935246,2026-06-19 07:45:35.467000+00:00,50895.41441999507,2026-06-19 07:45:35.467000+00:00,0,0.0,2026-06-19 07:45:35.467000+00:00,144603.69614310918,,16630.062801214768,2.798210496737875,2.841193018880289
019ed66a-4157-7158-9c8c-262b946b1ede,FpJfSLANsaPJkRFuFroPqPkYJGyNbXdQ194P499spump,mohammad,mohammad Something,2026-06-17 16:29:08.311000+00:00,17142.74628274183,15329.259627849535,12782.197990100676,47681.48427265422,47681.48427265422,196.0,120,17142.74628274183,12782.197990100676,0.14562626666666667,47681.48427265422,196.0,,,120,180,,,18.7371486223611,0.0343297225649,22.7868246102138,18.7371486223611,0.0343297225649,22.7868246102138,0.7456330379788061,2.7814379030188845,1.6333333333333333,17142.74628274183,12782.197990100676,2026-06-17 16:29:08.311000+00:00,17142.74628274183,2026-06-17 16:29:08.311000+00:00,0,0.0,2026-06-17 16:29:08.311000+00:00,25186.51712185973,,1968.3021474826548,1.6430354585489542,1.4692230000053044
019edaa7-faa9-70cb-9401-026687956d7f,FyGmxqqt6Vit6WhXg9rpedyvury8Vt7NNQZwGR5Jpump,DARK,Dark And Darker,2026-06-18 12:15:02.313000+00:00,26046.978897651305,23530.74660211445,15424.68512833212,24618.40753599154,24618.40753599154,27.0,20,26046.978897651305,15424.68512833212,0.2538202,24618.40753599154,27.0,,,20,129,,,17.223674045906,8.2059271250847,27.3820360660286,17.223674045906,8.2059271250847,27.3820360660286,0.5921871088751481,0.945154047719961,1.35,26046.978897651305,15424.68512833212,2026-06-18 12:15:02.313000+00:00,26046.978897651305,2026-06-18 12:15:02.313000+00:00,0,0.0,2026-06-18 12:15:02.313000+00:00,51337.54375338255,,1483.5782151267306,2.181721839151904,1.970959624726833
019ed660-5405-7c21-a34b-0f4bb2d87e6f,G4nJ8psjvB1AuVFiHeWsTGmGzrV2gEEfNMN45M5vpump,硬币,硬币,2026-06-17 16:18:17.733000+00:00,25508.026127150937,13306.733990156468,11516.03936673097,38092.65531734278,38092.65531734278,142.0,97,25508.026127150937,11516.03936673097,0.24189346666666667,38092.65531734278,142.0,,,97,229,,,47.1420864182104,2.0677112672792,25.0299105929705,47.1420864182104,2.0677112672792,25.0299105929705,0.4514672875637841,1.4933595852325348,1.4639175257731958,25508.026127150937,11516.03936673097,2026-06-17 16:18:17.733000+00:00,25508.026127150937,2026-06-17 16:18:17.733000+00:00,0,0.0,2026-06-17 16:18:17.733000+00:00,13306.733990156468,,1358.5635412851925,1.0,0.5216685102887157
019ecfbb-e3f5-7598-a518-1ef38bbeebff,G7pzH1i6A3A9Drj92mgnU3khHkJD4NohME8Vgphwpump,KOHEN,Justice for Kohen Wiley,2026-06-16 09:20:57.845000+00:00,18441.58262994572,19758.790456801333,13352.165707628788,25997.95071333841,25997.95071333841,75.0,59,18441.58262994572,13352.165707628788,0.24715496666666667,25997.95071333841,75.0,,,59,90,,,36.1923384369528,22.185796522166,39.7350787752833,36.1923384369528,22.185796522166,39.7350787752833,0.7240249373146175,1.4097461825821038,1.271186440677966,18441.58262994572,13352.165707628788,2026-06-16 09:20:57.845000+00:00,18441.58262994572,2026-06-16 09:20:57.845000+00:00,0,0.0,2026-06-16 09:20:57.845000+00:00,19758.790456801333,,2040.882342075433,1.0,1.0714259645328224
019eddee-1dca-7339-9f05-8988808e928a,G9QiASU1UxaXXvfJmZ911MDd8pFTjk5cYR5DWMH6pump,MCAT,Mayhem Cat,2026-06-19 03:30:30.474000+00:00,16350.246824096246,14613.943354597772,12070.918532860103,14506.64623974768,14506.64623974768,68.0,41,16350.246824096246,12070.918532860103,0.24428280000000002,14506.64623974768,68.0,,,41,105,,,19.650488025911,0.3193711123242,26.6607681446354,19.650488025911,0.3193711123242,26.6607681446354,0.738271333926931,0.8872432566808991,1.6585365853658536,16350.246824096246,12070.918532860103,2026-06-19 03:30:30.474000+00:00,16350.246824096246,2026-06-19 03:30:30.474000+00:00,0,0.0,2026-06-19 03:30:30.474000+00:00,20279.385837726324,,1418.3923491048513,1.3876737678298252,1.2403106849640637
019ed67c-bb47-7593-a5ba-72f73403c2c2,GBse64zcyGmPDjS2UseqHCHE2gfCV53cSmvh9axMpump,DIH,dih,2026-06-17 16:49:19.175000+00:00,14413.990462299866,14229.930303244306,11717.650350747763,13943.92492763424,13943.92492763424,66.0,47,14413.990462299866,11717.650350747763,0.17317071666666667,13943.92492763424,66.0,,,47,96,,,17.2538320887669,5.0474552272026,22.7735320872406,17.2538320887669,5.0474552272026,22.7735320872406,0.8129359028920933,0.9673882443661183,1.4042553191489362,14413.990462299866,11717.650350747763,2026-06-17 16:49:19.175000+00:00,14413.990462299866,2026-06-17 16:49:19.175000+00:00,0,0.0,2026-06-17 16:49:19.175000+00:00,29087.215724277903,,2226.710833465776,2.0440870126852455,2.0179849431950303
019ed6ce-fd6a-79ed-b599-4a5c65643e5f,GUrNWV2kARKwi7bhcimknoBpUhDHTsKht3aK2kJLBAGS,ASTEROID,Asteroid Shiba,2026-06-17 18:19:10.058000+00:00,174525.57108686308,719359.7781456781,5648.771388684528,36291.25560533655,36291.25560533655,83.0,22,174525.57108686308,5648.771388684528,0.20476783333333334,36291.25560533655,83.0,,,22,54,,,,0.0110515024431028,3.0692652069629753,,0.0110515024431028,3.0692652069629753,0.032366439791639924,0.2079423397919955,3.772727272727273,174525.57108686308,5648.771388684528,2026-06-17 18:19:10.058000+00:00,174525.57108686308,2026-06-17 18:19:10.058000+00:00,0,0.0,2026-06-17 18:19:10.058000+00:00,719359.7781456781,,27581.857135913473,1.0,4.121801599993881
019ed652-1ee1-79c8-89bc-0ce69d0f05c7,GXB3aNL2ABERkqg8jDkGFnbtuZd2ohnk3fC7sqDZpump,DogTrain,DogTrain,2026-06-17 16:02:46.625000+00:00,14062.165217685324,13003.566174258975,11551.312974762403,21927.45592425696,21927.45592425696,51.0,35,14062.165217685324,11551.312974762403,0.09511076666666667,21927.45592425696,51.0,,,35,85,,,15.1891481588957,0.0,23.6639830531736,15.1891481588957,0.0,23.6639830531736,0.8214462563869509,1.5593228770118437,1.457142857142857,14062.165217685324,11551.312974762403,2026-06-17 16:02:46.625000+00:00,14062.165217685324,2026-06-17 16:02:46.625000+00:00,0,0.0,2026-06-17 16:02:46.625000+00:00,13003.566174258975,,1948.5945433079207,1.0,0.9247200536305036
019edaa1-71eb-7b5e-8555-e68fb20abe88,GZoTNWDs77uPdj5xm6K4CVGJZ6g6BoCHawY1RMfhpump,COGE,Cogecoin,2026-06-18 12:07:54.091000+00:00,23137.095867664757,16292.036654000374,14532.401777949462,29233.720014394,29233.720014394,153.0,103,23137.095867664757,14532.401777949462,0.13474763333333334,29233.720014394,153.0,,,103,188,,,27.05754591533,0.0,25.2028097661699,27.05754591533,0.0,25.2028097661699,0.6280996483339647,1.263499973445223,1.4854368932038835,23137.095867664757,14532.401777949462,2026-06-18 12:07:54.091000+00:00,23137.095867664757,2026-06-18 12:07:54.091000+00:00,0,0.0,2026-06-18 12:07:54.091000+00:00,21875.62859836715,,4497.400621395549,1.342719088039602,0.9454785822510867
019ed23d-bb82-7cb5-abe1-bfe30d0cacf0,GaJ7uTMF6Xw38v6EaHHQ5iyqPJzUHdEJHNTrBoNaPvPA,OGHobbes,OG Hobbes,2026-06-16 21:02:01.602000+00:00,24555.1432877699,17620.23347622651,15304.649009921732,25620.82714501128,25620.82714501128,121.0,84,24555.1432877699,15304.649009921732,0.19256926666666668,25620.82714501128,121.0,,,84,96,,,40.9202007398658,0.4458151538169,32.2955481164765,40.9202007398658,0.4458151538169,32.2955481164765,0.6232767135814055,1.0433996187581671,1.4404761904761905,24555.1432877699,15304.649009921732,2026-06-16 21:02:01.602000+00:00,24555.1432877699,2026-06-16 21:02:01.602000+00:00,0,0.0,2026-06-16 21:02:01.602000+00:00,17620.23347622651,,2066.7493173719886,1.0,0.7175781167199525
019ed37b-bf8a-76f0-857d-f70efe82e1d1,GcAQw7vWYWqP8DXAKxUVM82dhz5YUVd7kzq3Ue1ipump,WIF,MessiWifHat,2026-06-17 02:49:23.082000+00:00,20746.34471258067,13400.039459509258,14040.465746685464,36788.74573924905,36788.74573924905,65.0,39,20746.34471258067,14040.465746685464,0.19757726666666667,36788.74573924905,65.0,,,39,151,,,23.1582094701486,0.0,24.0150423648189,23.1582094701486,0.0,24.0150423648189,0.6767681700657016,1.7732639772894643,1.6666666666666667,20746.34471258067,14040.465746685464,2026-06-17 02:49:23.082000+00:00,20746.34471258067,2026-06-17 02:49:23.082000+00:00,0,0.0,2026-06-17 02:49:23.082000+00:00,23229.797108254734,,2014.5544966626137,1.7335618434891882,1.1197055399435298
019ed3c5-37c6-71bd-bdc9-7c826160bb9b,Gd343z31qUT57uKBHjzaNrtis3q2qVujwSktyWREpump,Dropper,Dropper,2026-06-17 04:09:37.990000+00:00,14928.818097946201,13023.999238748554,11898.429875999711,15565.65575425136,15565.65575425136,23.0,12,14928.818097946201,11898.429875999711,0.23746178333333334,15565.65575425136,23.0,,,12,100,,,0.3929917985982,0.0,27.4763861747681,0.3929917985982,0.0,27.4763861747681,0.7970108415773792,1.0426582769062456,1.9166666666666667,14928.818097946201,11898.429875999711,2026-06-17 04:09:37.990000+00:00,14928.818097946201,2026-06-17 04:09:37.990000+00:00,0,0.0,2026-06-17 04:09:37.990000+00:00,17505.639340122867,,2186.4553575385535,1.3441062932528967,1.1726071833195668
019ed915-cd70-78ea-9497-26a68c334705,GeBxTNrdan9NSA6kC84ATxh4tM2QUKjni81p7jV2pump,COZUMEL,Cozumel Fox,2026-06-18 04:55:45.264000+00:00,17691.149067488142,13436.957270108724,12712.90937043312,27947.43598011024,27947.43598011024,40.0,30,17691.149067488142,12712.90937043312,0.13968601666666666,27947.43598011024,40.0,,,30,176,,,15.408707965507048,0.0,20.558766342171126,15.408707965507048,0.0,20.558766342171126,0.7186028065184433,1.5797411391140532,1.3333333333333333,17691.149067488142,12712.90937043312,2026-06-18 04:55:45.264000+00:00,17691.149067488142,2026-06-18 04:55:45.264000+00:00,0,0.0,2026-06-18 04:55:45.264000+00:00,16520.874925846165,,1997.5326775894027,1.2295101185294226,0.9338497382404264
019edee6-54d0-797a-87e1-7a914f6a1bf3,GkZwuG7UREDWnXjS8DxyCspUYKuYTsjYjrbKWwTSpump,Pari,Pari Mahulu,2026-06-19 08:01:37.488000+00:00,16749.831395872017,13220.22938618741,12133.299010861727,19779.3206761479,19779.3206761479,93.0,72,16749.831395872017,12133.299010861727,0.11624355,19779.3206761479,93.0,,,72,121,,,32.9739759111747,0.2143157925899,21.2425863284765,32.9739759111747,0.2143157925899,21.2425863284765,0.7243833519334391,1.1808668522491814,1.2916666666666667,16749.831395872017,12133.299010861727,2026-06-19 08:01:37.488000+00:00,16749.831395872017,2026-06-19 08:01:37.488000+00:00,0,0.0,2026-06-19 08:01:37.488000+00:00,13357.05823351272,,2804.866295972835,1.0103499601503336,0.7974443394579217
019ecfe6-0fbf-71c8-8205-61e3c7367545,Gpwny7K4hQbgbCf5sA2ty9tq3c2tWJ22reJbqHsgpump,Nong Sompoi,น้องส้มป่อ,2026-06-16 10:07:01.567000+00:00,16889.946240626246,13293.585918319166,12758.593706505757,10918.05256156235,10918.05256156235,67.0,53,16889.946240626246,12758.593706505757,0.18000988333333331,10918.05256156235,67.0,,,53,68,,,40.2115524925058,0.0,24.4025096724832,40.2115524925058,0.0,24.4025096724832,0.7553957558382787,0.6464231683165813,1.2641509433962264,16889.946240626246,12758.593706505757,2026-06-16 10:07:01.567000+00:00,16889.946240626246,2026-06-16 10:07:01.567000+00:00,0,0.0,2026-06-16 10:07:01.567000+00:00,13293.585918319166,,6550.844711566347,1.0,0.7870709432066414
019edfee-c2e0-738b-b754-71274b31d0c3,GrTuX8VAHTBisSozfp9VbnCfcN4UW6imdmMrhWhMpump,UP,OPERATION LEVEL UP,2026-06-19 12:50:27.168000+00:00,19886.365274496962,13307.56854824608,13191.521103976631,35023.0323875349,35023.0323875349,195.0,153,19886.365274496962,13191.521103976631,0.18787298333333335,35023.0323875349,195.0,,,153,127,,,37.839238871606895,0.0,23.30282866844818,37.839238871606895,0.0,23.30282866844818,0.6633450065856903,1.7611580549840236,1.2745098039215685,19886.365274496962,13191.521103976631,2026-06-19 12:50:27.168000+00:00,19886.365274496962,2026-06-19 12:50:27.168000+00:00,0,0.0,2026-06-19 12:50:27.168000+00:00,13307.56854824608,,2183.286916068275,1.0,0.6691805347311113
019ee0ec-4fa9-79ac-b46b-6eeacede5a03,GxsEZJbMRzc9BiKz79W1PrpEcBArVDa2DNvYZ6DKpump,ROOTS,Rooted Acres,2026-06-19 17:27:23.817000+00:00,16795.157579287774,13140.330609708595,12217.154594873355,9876.73432865385,9876.73432865385,56.0,45,16795.157579287774,12217.154594873355,0.17411848333333332,9876.73432865385,56.0,,,45,68,,,7.1160942757988,0.0,26.6906602983022,7.1160942757988,0.0,26.6906602983022,0.7274212544418082,0.5880703579009046,1.2444444444444445,16795.157579287774,12217.154594873355,2026-06-19 17:27:23.817000+00:00,16795.157579287774,2026-06-19 17:27:23.817000+00:00,0,0.0,2026-06-19 17:27:23.817000+00:00,20904.091687586613,,16081.441065290332,1.5908345313733465,1.2446499289394035
019edec6-f467-784c-ab46-aed754257005,H4U66SohL6XN6LuNN6CN2Cz3TpGK6xdr1rMzaAmFpump,楚德,The Chud Dog,2026-06-19 07:27:21.191000+00:00,16175.98062822973,13103.20207777975,11943.37656267804,35346.44358126228,35346.44358126228,57.0,35,16175.98062822973,11943.37656267804,0.22079721666666666,35346.44358126228,57.0,,,35,150,,,12.330932860625339,0.0,26.259170789077906,12.330932860625339,0.0,26.259170789077906,0.7383401870446664,2.185119059772918,1.6285714285714286,16175.98062822973,11943.37656267804,2026-06-19 07:27:21.191000+00:00,16175.98062822973,2026-06-19 07:27:21.191000+00:00,0,0.0,2026-06-19 07:27:21.191000+00:00,18382.664846142725,,1376.8296632226961,1.4029139394343786,1.1364173380661677
019ed536-442a-7c91-b9df-7dc3c9fcf9f0,H5pRCo5YkNrXVTGA8b3wQbAuesYgdePEXzCHsY6YBAGS,EXPERIMENT,THE 24 HOUR EXPERIMENT,2026-06-17 10:52:43.946000+00:00,459430.1295170926,306873.54090441397,9013.914147468162,15220.5761379663,15220.5761379663,47.0,26,459430.1295170926,9013.914147468162,0.19078341666666668,15220.5761379663,47.0,,,26,47,,,,3.1498760802e-06,2.4741482034579696,,3.1498760802e-06,2.4741482034579696,0.019619771469804766,0.033129251131101614,1.8076923076923077,459430.1295170926,9013.914147468162,2026-06-17 10:52:43.946000+00:00,459430.1295170926,2026-06-17 10:52:43.946000+00:00,0,0.0,2026-06-17 10:52:43.946000+00:00,1215045.3106473885,,110470.10152082228,3.9594332801271226,2.6446792070962424
019edcad-50fc-7553-91cd-5c5c4f9087b1,HA57ZhNgdoVT2HAjaKMgkomSVZbWusWCByXxrswGpump,Asteroid,Asteroid the Shiba,2026-06-18 21:40:06.524000+00:00,15934.998256602772,12764.612982796167,11948.37136695798,15436.30301432228,15436.30301432228,76.0,63,15934.998256602772,11948.37136695798,0.2527493333333333,15436.30301432228,76.0,,,63,95,,,35.4745718222933,0.0,22.7024146723023,35.4745718222933,0.0,22.7024146723023,0.7498194335858865,0.9687044055951588,1.2063492063492063,15934.998256602772,11948.37136695798,2026-06-18 21:40:06.524000+00:00,15934.998256602772,2026-06-18 21:40:06.524000+00:00,0,0.0,2026-06-18 21:40:06.524000+00:00,12764.612982796167,,2278.655073536033,1.0,0.8010426344105225
019eda79-505c-71fb-b7d9-3f3a502a90e4,HPPAVYNoZzmtGdzbRBY2EFbXDcueDY64FCaD2ZKypump,CCM,Compute Capital Markets,2026-06-18 11:24:04.060000+00:00,26377.283978155436,15896.371687890927,15516.652159733649,21178.54944342712,21178.54944342712,116.0,93,26377.283978155436,15516.652159733649,0.20364061666666666,21178.54944342712,116.0,,,93,124,,,42.3810870598573,9.4984286845221,21.1983220184711,42.3810870598573,9.4984286845221,21.1983220184711,0.5882581456295459,0.8029086490089847,1.2473118279569892,26377.283978155436,15516.652159733649,2026-06-18 11:24:04.060000+00:00,26377.283978155436,2026-06-18 11:24:04.060000+00:00,0,0.0,2026-06-18 11:24:04.060000+00:00,16309.399094116223,,1766.2869907080837,1.0259824955238006,0.6183122988562046
019edf26-3d25-7c58-945b-64c41cd78e83,Hdda1yxF4e31hxvRExfQRcMvRVFk8VhzuCk6f2mxpump,QWANT,The Qwant,2026-06-19 09:11:25.733000+00:00,19196.680361948067,12449.241558397398,12999.791852566737,10269.11510328105,10269.11510328105,62.0,50,19196.680361948067,12999.791852566737,0.10905345,10269.11510328105,62.0,,,50,111,,,33.677736517244,0.0,28.1223185872791,33.677736517244,0.0,28.1223185872791,0.6771895769195131,0.5349422353062999,1.24,19196.680361948067,12999.791852566737,2026-06-19 09:11:25.733000+00:00,19196.680361948067,2026-06-19 09:11:25.733000+00:00,0,0.0,2026-06-19 09:11:25.733000+00:00,22547.21645337384,,2061.7338193133837,1.811131734219186,1.1745372652069184
019ed6da-e14e-70f0-8a46-34b601a84edf,HdifyLNtMwRj5KDmief3zfdwq4ucjFCUoPnNc4rLpump,GoodDay,Good Day,2026-06-17 18:32:09.294000+00:00,23788.371285910827,16588.49794943657,14966.51467061556,18299.73152069232,18299.73152069232,80.0,51,23788.371285910827,14966.51467061556,0.23718111666666666,18299.73152069232,80.0,,,51,62,,,44.4583050291736,0.0,45.3818436521822,44.4583050291736,0.0,45.3818436521822,0.6291525590690523,0.7692721498562926,1.5686274509803921,23788.371285910827,14966.51467061556,2026-06-17 18:32:09.294000+00:00,23788.371285910827,2026-06-17 18:32:09.294000+00:00,0,0.0,2026-06-17 18:32:09.294000+00:00,20381.77437553333,,1559.6600321425456,1.2286690716458508,0.8567957062114997
019ed864-3479-7429-8623-d73466d1842f,Hkb3kxi9VuCGfXME4LFo8HCfJhhnMj6RV1VGTbjmpump,motion,motion,2026-06-18 01:41:46.233000+00:00,17057.5443705068,15152.757699069703,12599.828781745167,24023.99931316245,24023.99931316245,21.0,15,17057.5443705068,12599.828781745167,0.23694303333333336,24023.99931316245,21.0,,,15,78,,,36.0245125945429,0.0,27.8672014156697,36.0245125945429,0.0,27.8672014156697,0.738666041727014,1.4084090178127247,1.4,17057.5443705068,12599.828781745167,2026-06-18 01:41:46.233000+00:00,17057.5443705068,2026-06-18 01:41:46.233000+00:00,0,0.0,2026-06-18 01:41:46.233000+00:00,22240.298685755595,,2078.884703913947,1.4677393466880968,1.3038394157256301
019ed76f-3fb3-7587-9350-e344acd7821c,HkxGeftPi2MKzSysaUhpxixBnn7tWospcRSbnDTTpump,LECHATON,LECHATONCHAIN,2026-06-17 21:14:12.787000+00:00,15392.123026788788,12834.319895138213,11947.20482291615,23897.7340348119,23897.7340348119,48.0,35,15392.123026788788,11947.20482291615,0.1985967,23897.7340348119,48.0,,,35,127,,,3.8410017808945,1.6203128783549,19.8098607449822,3.8410017808945,1.6203128783549,19.8098607449822,0.7761895355256044,1.5525950509374022,1.3714285714285714,15392.123026788788,11947.20482291615,2026-06-17 21:14:12.787000+00:00,15392.123026788788,2026-06-17 21:14:12.787000+00:00,0,0.0,2026-06-17 21:14:12.787000+00:00,12834.319895138213,,2225.8085509983316,1.0,0.8338238898429464
019ed187-ef0f-7188-9911-a48b2877888c,JAZYu8Kz7epcKeKtCW2mbkwYf1rkaqKZqZgoPFg4pump,MBGA,Make Bagworking Great Again,2026-06-16 17:43:27.247000+00:00,16314.474664274676,15208.147754589105,12402.870199408606,29534.0782407315,29534.0782407315,110.0,68,16314.474664274676,12402.870199408606,0.14705618333333334,29534.0782407315,110.0,,,68,87,,,49.8984688430899,0.0,29.1918888602046,49.8984688430899,0.0,29.1918888602046,0.7602371792312949,1.8102990656147218,1.6176470588235294,16314.474664274676,12402.870199408606,2026-06-16 17:43:27.247000+00:00,16314.474664274676,2026-06-16 17:43:27.247000+00:00,0,0.0,2026-06-16 17:43:27.247000+00:00,15208.147754589105,,2067.494047366589,1.0,0.9321874021412287
019ed60e-6236-7464-ad7e-9d3da391a895,LCCzL7F1uZxJhmEhQzoy2WtMPJW2jZXQG1AJrCKpump,RONALDO,Ronaldo The GOAT,2026-06-17 14:48:47.414000+00:00,29286.56978444436,21612.36239216607,16519.098690297178,30963.49318500396,30963.49318500396,127.0,84,29286.56978444436,16519.098690297178,0.1759537833333333,30963.49318500396,127.0,,,84,154,,,52.7129697005358,0.127992889222,25.4785870278819,52.7129697005358,0.127992889222,25.4785870278819,0.564050307423553,1.0572591263812092,1.5119047619047619,29286.56978444436,16519.098690297178,2026-06-17 14:48:47.414000+00:00,29286.56978444436,2026-06-17 14:48:47.414000+00:00,0,0.0,2026-06-17 14:48:47.414000+00:00,31204.653130936607,,3843.1786265218398,1.4438335136489984,1.0654936156951724
019ee0fa-c235-7ac2-b144-2d6b88ba33f0,Mv47FV3DbDiyYmBLjaV8ezWpdiVSr4NwwQ8rzz5pump,ZALUMAN,Zaluman,2026-06-19 17:43:10.645000+00:00,23200.74076203867,21530.94298821188,14381.0571865697,23894.7929378496,23894.7929378496,25.0,16,23200.74076203867,14381.0571865697,0.18664486666666666,23894.7929378496,25.0,,,16,105,,,27.1624775930106,0.0,24.7948515066438,27.1624775930106,0.0,24.7948515066438,0.6198533630486557,1.029915086890094,1.5625,23200.74076203867,14381.0571865697,2026-06-19 17:43:10.645000+00:00,23200.74076203867,2026-06-19 17:43:10.645000+00:00,0,0.0,2026-06-19 17:43:10.645000+00:00,,,,,1.0
019ed251-766c-7e2d-a626-f227a3f73c42,VES7YdEc6YMBGSgfeWawdxofnSLLJ9QdvzLA2QVpump,WIF,dogwifhat,2026-06-16 21:23:34.636000+00:00,17429.09680085294,14016.541783220702,12875.436954029441,34212.9535538699,34212.9535538699,37.0,20,17429.09680085294,12875.436954029441,0.12767656666666666,34212.9535538699,37.0,,,20,92,,,11.0837567230929,0.5014403500874,28.8567156641005,11.0837567230929,0.5014403500874,28.8567156641005,0.7387323107528638,1.9629791460103425,1.85,17429.09680085294,12875.436954029441,2026-06-16 21:23:34.636000+00:00,17429.09680085294,2026-06-16 21:23:34.636000+00:00,0,0.0,2026-06-16 21:23:34.636000+00:00,14301.921262322101,,2188.164322471023,1.0203601918015919,0.8205773039037914
019ed6cf-7d82-7148-9313-896180069582,XVZ5i1VNDtSgc6Bksy8vHZoBncNx8sgyACGyqkSpump,COLLECTOOOR,the collectooor,2026-06-17 18:19:42.850000+00:00,23295.02918898168,13982.748293128587,10954.671701113477,39474.52811419039,39474.52811419039,148.0,77,23295.02918898168,10954.671701113477,0.1964082666666667,39474.52811419039,148.0,,,77,153,,,,,29.0258527494472,,,29.0258527494472,0.47025790833930053,1.6945472698897264,1.922077922077922,23295.02918898168,10954.671701113477,2026-06-17 18:19:42.850000+00:00,23295.02918898168,2026-06-17 18:19:42.850000+00:00,0,0.0,2026-06-17 18:19:42.850000+00:00,44162.9827174003,,3613.6621488085,3.15839073918701,1.895811435097448
019edc48-5f43-7859-9867-fbd114f0609d,cY435H7F4wcZ4NgWQFM3wUjBDffdb3qdsQST2EVpump,SPEEDYCAT,Speedycat,2026-06-18 19:49:51.043000+00:00,17882.042000199264,13310.01663358081,12629.991043823078,40430.8313250534,40430.8313250534,31.0,17,17882.042000199264,12629.991043823078,0.25194565,40430.8313250534,31.0,,,17,177,,,28.9767490252436,0.0,18.4607108209438,28.9767490252436,0.0,18.4607108209438,0.7062946750534609,2.2609739606138306,1.8235294117647058,17882.042000199264,12629.991043823078,2026-06-18 19:49:51.043000+00:00,17882.042000199264,2026-06-18 19:49:51.043000+00:00,0,0.0,2026-06-18 19:49:51.043000+00:00,32438.12110051871,,12261.935030386885,2.437121003942115,1.8140054195240813
019ed2e7-b38b-7f2a-9be9-72d53a62149b,hQrnw6SscDqSoDxH4fquStmsTFucTd1GoKNTaGqpump,JarJar,JarJarBinks,2026-06-17 00:07:40.683000+00:00,22589.051895886707,21616.889564655263,14624.510193924641,35176.11635106432,35176.11635106432,24.0,15,22589.051895886707,14624.510193924641,0.1560155166666667,35176.11635106432,24.0,,,15,244,,,,1e-13,9.895154211948103,,1e-13,9.895154211948103,0.6474158482316672,1.5572196882450662,1.6,22589.051895886707,14624.510193924641,2026-06-17 00:07:40.683000+00:00,22589.051895886707,2026-06-17 00:07:40.683000+00:00,0,0.0,2026-06-17 00:07:40.683000+00:00,21616.889564655263,,2027.3732089353111,1.0,0.9569631193149604
019ed6cc-f89b-731a-b260-e3fbbcae906e,iaGJA8Yg2KS4Cf9JirGzXXn6pPBfVoDrSrFHXkspump,HAWK,The Hawk,2026-06-17 18:16:57.755000+00:00,18423.99647014858,13479.198763726592,13176.047202408636,11379.29717259776,11379.29717259776,55.0,36,18423.99647014858,13176.047202408636,0.2258424,11379.29717259776,55.0,,,36,75,,,22.6840786592763,0.8946084486166,26.1760496465101,22.6840786592763,0.8946084486166,26.1760496465101,0.7151568457884304,0.6176345719038228,1.5277777777777777,18423.99647014858,13176.047202408636,2026-06-17 18:16:57.755000+00:00,18423.99647014858,2026-06-17 18:16:57.755000+00:00,0,0.0,2026-06-17 18:16:57.755000+00:00,18994.681198468166,,2757.430552413875,1.4091847394953547,1.0309750780317526
019ed4b8-69cf-7a6e-b288-207dfd850be8,m5HoubAkSxBn5P2ccdv8Pbn5e99dUdLSwcspUwXpump,CHUD,CHUD,2026-06-17 08:35:16.047000+00:00,15864.3956981173,12938.181169967005,12174.493117050033,34323.08562152892,34323.08562152892,121.0,96,15864.3956981173,12174.493117050033,0.17120596666666668,34323.08562152892,121.0,,,96,138,,,33.6203908552221,2.9059227831136,21.8953438748678,33.6203908552221,2.9059227831136,21.8953438748678,0.7674098244091854,2.1635293442410917,1.2604166666666667,15864.3956981173,12174.493117050033,2026-06-17 08:35:16.047000+00:00,15864.3956981173,2026-06-17 08:35:16.047000+00:00,0,0.0,2026-06-17 08:35:16.047000+00:00,47188.00993167187,,1729.2991658335857,3.6471903826179153,2.974459968700345
019edc96-a548-78d0-8975-c0e594120f51,n6LWdEBYbnuYyPLTnRUAgwZ5rV2V4mNphnKhEvkGR2h,TAY,RIP Tay Keith,2026-06-18 21:15:20.776000+00:00,16528.34930255127,15329.038844060382,12178.750358505738,16588.77146147145,16588.77146147145,74.0,57,16528.34930255127,12178.750358505738,0.17826446666666668,16588.77146147145,74.0,,,57,103,,,48.6190018760554,0.0,32.4135578609666,48.6190018760554,0.0,32.4135578609666,0.7368400882371152,1.003655668077565,1.2982456140350878,16528.34930255127,12178.750358505738,2026-06-18 21:15:20.776000+00:00,16528.34930255127,2026-06-18 21:15:20.776000+00:00,0,0.0,2026-06-18 21:15:20.776000+00:00,15329.038844060382,,1970.4338968199188,1.0,0.9274391872692475
019ed55f-3a27-7c84-beed-949be6657b18,oLQXV7Z2RY9GsRsM6Gp9Y7dT7Fd24QhD6JZtY94BAGS,Elon,Speedrun to an Elon,2026-06-17 11:37:28.359000+00:00,761920.4264640011,376044.98915122956,11641.730080309404,32587.5497560214,32587.5497560214,60.0,26,761920.4264640011,11641.730080309404,0.23894163333333335,32587.5497560214,60.0,,,26,120,,,,0.5589258600103234,1.0584311136383795,,0.5589258600103234,1.0584311136383795,0.01527945658884294,0.0427702797092041,2.3076923076923075,761920.4264640011,11641.730080309404,2026-06-17 11:37:28.359000+00:00,761920.4264640011,2026-06-17 11:37:28.359000+00:00,0,0.0,2026-06-17 11:37:28.359000+00:00,376044.98915122956,,30395.76947224274,1.0,0.493548901026867
019edd29-9c14-7330-9168-5b037657e4a4,sBRr1CwcRYW2cE9WFNEhHRam5TVWq2pb8YgMHAFpump,GRIND,Grindscape,2026-06-18 23:55:52.212000+00:00,20216.185351699412,13863.213797037304,13462.893786696679,32945.1538930432,32945.1538930432,140.0,67,20216.185351699412,13462.893786696679,0.1782726166666667,32945.1538930432,140.0,,,67,97,,,53.901218196722,8.110111613938,33.3073719255154,53.901218196722,8.110111613938,33.3073719255154,0.6659462976067818,1.6296424533065417,2.08955223880597,20216.185351699412,13462.893786696679,2026-06-18 23:55:52.212000+00:00,20216.185351699412,2026-06-18 23:55:52.212000+00:00,0,0.0,2026-06-18 23:55:52.212000+00:00,40198.71700405655,,3544.6776579642615,2.899667969677232,1.988442245889745
019edc80-4618-730f-adbe-95d8db9d5e6f,wF4Cdd3h7TYtyKdHN2KD5xmxPasmuMEcLAyqHWVpump,SPDR,Spider Robotics,2026-06-18 20:50:54.616000+00:00,21814.64007527414,12697.410815848218,13997.10161768531,15328.60204422075,15328.60204422075,88.0,74,21814.64007527414,13997.10161768531,0.22256928333333334,15328.60204422075,88.0,,,74,94,,,44.4266911394029,7.538422366699,23.0575371890219,44.4266911394029,7.538422366699,23.0575371890219,0.6416379811624928,0.7026749921762401,1.1891891891891893,21814.64007527414,13997.10161768531,2026-06-18 20:50:54.616000+00:00,21814.64007527414,2026-06-18 20:50:54.616000+00:00,0,0.0,2026-06-18 20:50:54.616000+00:00,211870.72280428448,,117882.13139830653,16.686135927793952,9.7123180613202
019ed73e-287d-7245-b770-c39df58c63a1,1HzvfoqESQMaRz7hBYpAYNutp4kdXSZnB3HCfFNLoop,LOOP,LOOP,2026-06-17 20:20:35.581000+00:00,22125.37331438475,16215.56305606241,14294.072514248548,26581.20330355101,26581.20330355101,38.0,22,22125.37331438475,14294.072514248548,0.33835,26581.20330355101,38.0,,,22,99,,,35.9594322161551,,23.8305045908375,35.9594322161551,,23.8305045908375,0.6460488738942677,1.2013900477904849,1.7272727272727273,22125.37331438475,14294.072514248548,2026-06-17 20:18:56.043000+00:00,18700.673443263957,2026-06-17 20:19:56.043000+00:00,1,0.6589666666666666,2026-06-17 20:20:35.581000+00:00,49848.42603491973,,12055.303255802053,3.07411009180364,2.25299819020504
019ee088-b9ec-7496-a082-eeb5b710fff8,2CvqowBpUSGLWgU1p3k6KW87KHVzSCWD3ADX1pafpump,MUST,Elon Must,2026-06-19 15:38:37.420000+00:00,22763.720088107413,12910.75142748588,10527.41176901425,44570.5032945942,44570.5032945942,182.0,113,22763.720088107413,10527.41176901425,0.21690116666666667,44570.5032945942,182.0,,,113,133,,,25.8943524852792,3.059885032319,22.8505938468224,25.8943524852792,3.059885032319,22.8505938468224,0.4624644710208921,1.9579621925626927,1.6106194690265487,22763.720088107413,10527.41176901425,2026-06-19 15:36:17.661000+00:00,17287.828721473248,2026-06-19 15:37:17.661000+00:00,1,1.3293166666666667,2026-06-19 15:38:37.420000+00:00,26188.559027568183,,2473.9076770959514,2.028430271828717,1.1504516364726356
019edcb5-fd8b-75cd-a965-8bede12f284b,2GNjBTa9E1HSsj4y4djEas9BwqewDnpM6Es3GcTopump,bread,"market's dead, send this bread",2026-06-18 21:49:34.987000+00:00,20482.99001324391,13611.03154490106,13534.885022353837,31941.8905124553,31941.8905124553,158.0,100,20482.99001324391,13534.885022353837,0.3536698,31941.8905124553,158.0,,,100,177,,,25.906180960032625,0.0,19.61748071976292,25.906180960032625,0.0,19.61748071976292,0.6607865850445876,1.5594349502588383,1.58,20482.99001324391,13534.885022353837,2026-06-18 21:48:22.739000+00:00,16295.687309986204,2026-06-18 21:49:22.739000+00:00,1,0.20413333333333333,2026-06-18 21:49:34.987000+00:00,15543.507658474771,,2017.1789391889413,1.141978666877578,0.7588495453263725
019edb1c-b6b6-7c3c-b215-a5013f6b92d7,2SMH5d728QGNJCigAZPWJiQR3jmbpXjdNoNZD7FDpump,GTAIFY,GTAification,2026-06-18 14:22:32.630000+00:00,15850.85342468836,15021.087751833778,12059.148998959996,28316.78665084052,28316.78665084052,70.0,46,15850.85342468836,12059.148998959996,0.21971758333333333,28316.78665084052,70.0,,,46,98,,,9.2153227129839,,24.3230107001033,9.2153227129839,,24.3230107001033,0.7607886260671223,1.786451864272239,1.5217391304347827,15850.85342468836,12059.148998959996,2026-06-18 14:21:25.921000+00:00,18009.051932517308,2026-06-18 14:22:25.921000+00:00,1,0.11181666666666666,2026-06-18 14:22:32.630000+00:00,48684.91401390772,,11798.843178525858,3.241104427205297,3.0714380298337094
019ee03b-c13f-7c03-af0e-cae953064a7f,2bJLvamPNX7iTxZwtsu3SL2fLuSgejfB4rxtYeaipump,FATTOO,Fattoo Coin,2026-06-19 14:14:33.023000+00:00,22998.893697286716,13318.432922346012,10572.401654843288,38127.0057632658,38127.0057632658,81.0,42,22998.893697286716,10572.401654843288,0.2912759333333333,38127.0057632658,81.0,,,42,285,,,16.7187512209653,3.2274258464542,21.6949036836769,16.7187512209653,3.2274258464542,21.6949036836769,0.45969174839442656,1.6577756419546308,1.9285714285714286,22998.893697286716,10572.401654843288,2026-06-19 14:13:27.957000+00:00,21933.577396225763,2026-06-19 14:14:27.957000+00:00,1,0.08443333333333333,2026-06-19 14:14:33.023000+00:00,71339.44108514584,,2092.4255448915205,5.356444072744525,3.101864029814707
019ed2af-33cd-7013-b9f7-69d57e1c79ae,3ALxU164ur3NtAaMKsPyLm29YLneP2tanw6X6MNSpump,GOOGLE,Google Coin,2026-06-16 23:05:57.965000+00:00,18097.540505451125,14275.23523199268,13115.577618898922,21504.43445491539,21504.43445491539,23.0,14,18097.540505451125,13115.577618898922,0.28310169999999996,21504.43445491539,23.0,,,14,137,,,21.6142906441397,7.5248977883264,24.1340113996838,21.6142906441397,7.5248977883264,24.1340113996838,0.7247160250835413,1.1882517653953077,1.6428571428571428,18097.540505451125,13115.577618898922,2026-06-16 22:55:37.385000+00:00,17876.2860962782,2026-06-16 22:56:37.385000+00:00,1,9.343,2026-06-16 23:05:57.965000+00:00,32795.62815880989,,1712.6877496448542,2.2973791763032088,1.812159400827509
019ed6eb-3e4e-7d82-b109-1748ed2b12a5,3HwB3NUsH4qmDrLo7c1gvEjpWMybrrvxHnmvadPEpump,Memecoin,My Meme Coin,2026-06-17 18:50:01.678000+00:00,66975.70195288851,57203.205205858176,18742.795587046923,92944.22941238256,92944.22941238256,99.0,30,66975.70195288851,18742.795587046923,0.10878431666666667,92944.22941238256,99.0,,,30,319,,,8.9186935638169,3.2319911561333,21.3756999673007,8.9186935638169,3.2319911561333,21.3756999673007,0.2798447054758877,1.3877305754519842,3.3,66975.70195288851,18742.795587046923,2026-06-17 18:42:55.263000+00:00,24511.49208683073,2026-06-17 18:43:55.263000+00:00,1,6.106916666666667,2026-06-17 18:50:01.678000+00:00,52582.45476518343,,1401.149737080373,3.860712419776663,0.7850974791151952
019ed2c5-9ec2-753c-897b-360e43aed78c,3LQGitBLtCWmCZUPMZgyJFonzrHhKAu8VJPpvyEFpump,GLM-5.2,GLM 5.2,2026-06-16 23:30:27.138000+00:00,,13174.750813941491,,33246.82725350733,103520.58436394866,49.0,34,0.0,0.0,0.37258325,33246.82725350733,49.0,,,34,157,,,19.5614518712827,0.0,24.6037069678419,19.5614518712827,0.0,24.6037069678419,,,1.4411764705882353,0.0,0.0,2026-06-16 22:22:57.289000+00:00,21788.265844939466,2026-06-16 22:23:57.289000+00:00,1,66.49748333333334,2026-06-16 23:30:27.138000+00:00,29097.797585668006,,7004.5459344576475,2.208603259112634,1.0
019ed728-dc01-78ec-8bfa-998d111775c5,3MuboDr1XiSNVz4UuqQEV1eNyFpDxikK3g3eEdPLpump,NUT,NUT,2026-06-17 19:57:19.745000+00:00,28754.946290163112,18816.387241042827,12039.083196379168,21165.5371337508,21165.5371337508,34.0,23,28754.946290163112,12039.083196379168,0.24809195,21165.5371337508,34.0,,,23,137,,,20.192413145927,0.0,24.9784734966029,20.192413145927,0.0,24.9784734966029,0.4186786883513555,0.7360659595803661,1.4782608695652173,28754.946290163112,12039.083196379168,2026-06-17 19:55:52.285000+00:00,19264.094529472513,2026-06-17 19:56:52.285000+00:00,1,0.45766666666666667,2026-06-17 19:57:19.745000+00:00,27611.25845976827,,2203.6279075093616,1.4674048799092434,0.9602263965700366
019ed4fa-279b-72a7-a16b-ba300d0f8888,3oX9emrqYRGzFEDPP3jA6tYnUBML4QSr3DfgD2r5pump,滑る猫,Sliding Cat,2026-06-17 09:47:04.475000+00:00,22927.656965075323,18044.547030051082,14625.835681098302,24908.14441575079,24908.14441575079,33.0,19,22927.656965075323,14625.835681098302,0.23955553333333332,24908.14441575079,33.0,,,19,121,,,19.6011582157245,0.0,29.6334491851429,19.6011582157245,0.0,29.6334491851429,0.6379123563902402,1.0863798448176478,1.736842105263158,22927.656965075323,14625.835681098302,2026-06-17 09:45:39.730000+00:00,18359.425857852944,2026-06-17 09:46:39.730000+00:00,1,0.4124166666666667,2026-06-17 09:47:04.475000+00:00,352059.6875166828,,305055.56743809493,19.510586047428543,15.355240531248334
019ed461-ec42-7471-ac22-1310b6c5a9f3,3wMNHtTmRjXr8PQC5vEfpLPXoFXbqs9uFjzk41hApump,Sneed,Sneed,2026-06-17 07:00:47.810000+00:00,20023.2499850589,12870.217142888872,13748.933171115981,35880.83987076485,35880.83987076485,60.0,43,20023.2499850589,13748.933171115981,0.2637730833333333,35880.83987076485,60.0,,,43,197,,,17.33621716199736,0.2126199008510144,22.928479971949542,17.33621716199736,0.2126199008510144,22.928479971949542,0.6866484302685759,1.7919588427222697,1.3953488372093024,20023.2499850589,13748.933171115981,2026-06-17 06:58:36.783000+00:00,16948.86332867951,2026-06-17 06:59:36.783000+00:00,1,1.1837833333333334,2026-06-17 07:00:47.810000+00:00,20799.68923070827,,2089.4404344462228,1.616110202320917,1.0387768841835736
019ed9e9-887a-71a7-8814-994c41a6f315,42ZzQ2vczbV9xHQSW5aUZuRdkJMdZpyuq1ts9tTxpump,SHILL,Shill Coin,2026-06-18 08:47:01.242000+00:00,25351.320249145996,13520.312819759136,15317.756644345278,29333.62378692561,29333.62378692561,104.0,78,25351.320249145996,15317.756644345278,0.21990355,29333.62378692561,104.0,,,78,190,,,22.6355025250414,0.0,19.0674410668677,22.6355025250414,0.0,19.0674410668677,0.6042192869565159,1.157084660626847,1.3333333333333333,25351.320249145996,15317.756644345278,2026-06-18 08:45:45.879000+00:00,15903.907923885215,2026-06-18 08:46:45.879000+00:00,1,0.25605,2026-06-18 08:47:01.242000+00:00,21273.41703565969,,1933.769612142955,1.5734411858111637,0.8391443454064813
019ed6b6-d745-7a15-93e7-0812733f4aa2,4ZQhcqhZ8knh5KAcgC8Tmq3QJ2uzk8TPL3cVkjLopump,ball,ball hat cult,2026-06-17 17:52:47.429000+00:00,20672.245846795002,12942.904032635392,13988.213684121136,45578.12610389584,45578.12610389584,36.0,23,20672.245846795002,13988.213684121136,0.22555176666666668,45578.12610389584,36.0,,,23,224,,,11.8156939330449,0.0,17.9479776349433,11.8156939330449,0.0,17.9479776349433,0.6766663761542798,2.2047979905851505,1.565217391304348,20672.245846795002,13988.213684121136,2026-06-17 17:49:49.305000+00:00,17470.256620825603,2026-06-17 17:50:49.305000+00:00,1,1.9687333333333332,2026-06-17 17:52:47.429000+00:00,27266.332387752005,,1700.5019428160736,2.1066626407026,1.3189825909495625
019ed1f4-145d-7f35-8c6a-7c356e5bdd52,4k6WBtxobSHRrEEkTDQkrpjS9nZnXfpNrGkaZivmpump,币安之死,Binance Death,2026-06-16 19:41:34.685000+00:00,65677.56044028525,65446.153908801185,18582.933191022054,111765.724710872,111765.724710872,59.0,25,65677.56044028525,18582.933191022054,0.41494926666666665,111765.724710872,59.0,,,25,513,,,16.4401721063809,3.275815575262,8.0093685033806,16.4401721063809,3.275815575262,8.0093685033806,0.28294189166660444,1.7017338031684446,2.36,65677.56044028525,18582.933191022054,2026-06-16 19:36:14.738000+00:00,17556.83271627558,2026-06-16 19:37:14.738000+00:00,1,4.33245,2026-06-16 19:41:34.685000+00:00,47952.576708115565,,2246.309481164373,2.677453447884267,0.730121161423384
019ed2ac-1819-7c70-a7da-9eaf5f38a2d2,4wNsn7WNtct8kAhRyPX1qTovYPjFBiJFfoktDWt4pump,ALBERT,Albert the Monkey,2026-06-16 23:02:34.265000+00:00,20577.607221724746,14693.225673600062,19469.741724207477,21367.832917337248,21367.832917337248,32.0,22,20577.607221724746,19469.741724207477,0.17525618333333334,21367.832917337248,32.0,,,22,88,,,11.6623250149974,0.0,20.3014796330707,11.6623250149974,0.0,20.3014796330707,0.9461615976250318,1.03840221494646,1.4545454545454546,20577.607221724746,19469.741724207477,2026-06-16 22:58:29.153000+00:00,18781.950965983764,2026-06-16 22:59:29.153000+00:00,1,3.0852,2026-06-16 23:02:34.265000+00:00,36995.58513870837,,8057.405939370478,2.517866802058305,1.7978565116963838
019edb2a-946e-7468-a3a6-6c8dc7d74a42,5BFtthSpPiD34zZpdbbSzvkFKDkqzCbpKXjrLFrapump,GTAify,GTAification,2026-06-18 14:37:41.358000+00:00,57686.4095032791,62915.3022019825,17286.66099615557,200830.2060397642,200830.2060397642,68.0,22,57686.4095032791,17286.66099615557,0.66175815,200830.2060397642,68.0,,,22,496,,,0.9068564889192082,1.0637028032041564,22.88996335128144,0.9068564889192082,1.0637028032041564,22.88996335128144,0.2996660937126436,3.4814128278923007,3.090909090909091,57686.4095032791,17286.66099615557,2026-06-18 14:21:07.028000+00:00,21310.832173186525,2026-06-18 14:22:07.028000+00:00,1,15.572166666666668,2026-06-18 14:37:41.358000+00:00,79402.62211374022,,2176.7036071149632,4.562469915097875,1.3764528386747088
019ed6f9-0211-7aea-ab6d-295e33ea724e,5cvEH5ZFD4ofVrALJmTujL2rymCKNvyqjLPSewuCpump,Renuldo,Crustieno Renuldo,2026-06-17 19:05:03.761000+00:00,24832.80700726102,12955.180191977817,15333.302841853272,49991.19169659615,49991.19169659615,138.0,72,24832.80700726102,15333.302841853272,0.4681556666666667,49991.19169659615,138.0,,,72,215,,,11.8245331362145,0.0,23.4525900307021,11.8245331362145,0.0,23.4525900307021,0.6174615232732197,2.0131107885620385,1.9166666666666667,24832.80700726102,15333.302841853272,2026-06-17 19:02:46.687000+00:00,16117.086318406513,2026-06-17 19:03:46.687000+00:00,1,1.2845666666666666,2026-06-17 19:05:03.761000+00:00,16744.22248939392,,1968.2858341228452,1.2924731452027487,0.6742782837436772
019ee0f8-7a07-72c3-9de8-0718bbcd1415,5yaqc8wVKUF7bPjGF2JWQyd1ppS2ddr5pf5GjXnkpump,FLORK,فلورک,2026-06-19 17:40:41.095000+00:00,45738.69942890321,56708.07948037205,15064.089791879149,108539.8560251223,108539.8560251223,179.0,78,45738.69942890321,15064.089791879149,0.21115238333333333,108539.8560251223,179.0,,,78,370,,,37.1937800202029,5.1796314828242,17.8098696581136,37.1937800202029,5.1796314828242,17.8098696581136,0.3293510742537608,2.3730420274375743,2.2948717948717947,45738.69942890321,15064.089791879149,2026-06-19 17:39:22.617000+00:00,21144.614872646125,2026-06-19 17:40:22.617000+00:00,1,0.30796666666666667,2026-06-19 17:40:41.095000+00:00,,,,,1.0
019ee0cc-5f58-7055-ad95-9bb9db009090,661HKCo3MfE7eeuGTXdUz4JUxiZecWg2cMXU6ACwGQNa,BLOB,Blob,2026-06-19 16:52:30.680000+00:00,18876.005069736108,12602.20804059864,12961.288337001955,65713.9926834849,65713.9926834849,87.0,59,18876.005069736108,12961.288337001955,0.5885378833333333,65713.9926834849,87.0,,,59,207,,,27.587746273927138,0.0,20.38249130971459,27.587746273927138,0.0,20.38249130971459,0.6866542093582495,3.4813506587177243,1.4745762711864407,18876.005069736108,12961.288337001955,2026-06-19 16:47:27.983000+00:00,15640.030907881288,2026-06-19 16:48:27.983000+00:00,1,4.04495,2026-06-19 16:52:30.680000+00:00,12602.20804059864,,2180.982070666806,1.0,0.667631100650834
019ed2c3-cf91-7a51-a1f7-62e105210271,6XK8TGpSTKbugQfssfkLXtyVd68AYjF5v2iNk9Dpump,GOATSE,меметик agent,2026-06-16 23:28:28.561000+00:00,24923.91943323336,14802.423966341496,15365.602014629414,53322.06086605696,53322.06086605696,243.0,170,24923.91943323336,15365.602014629414,0.3719745666666666,53322.06086605696,243.0,,,170,217,,,24.006265622192814,0.0,24.15011893990081,24.006265622192814,0.0,24.15011893990081,0.6165002280556661,2.1393930841775126,1.4294117647058824,24923.91943323336,15365.602014629414,2026-06-16 23:26:37.160000+00:00,17733.827415184733,2026-06-16 23:27:37.160000+00:00,1,0.8566833333333334,2026-06-16 23:28:28.561000+00:00,14802.423966341496,,2396.6618456690926,1.0,0.5939043418108654
019ee0ef-910b-7483-a21c-11b9c50ab00c,6kN7YnZPoxVZxE4YWjAZyxX2KNweE8LbNJCQTz2ExmoT,Clutch,The Patriotic Eagle,2026-06-19 17:30:57.163000+00:00,20887.78298583746,13072.127380098465,13611.775799709401,73266.69553375283,73266.69553375283,379.0,237,20887.78298583746,13611.775799709401,0.44112338333333334,73266.69553375283,379.0,,,237,224,,,24.120292329093843,0.0,23.593183133710735,24.120292329093843,0.0,23.593183133710735,0.6516620652818248,3.5076338921861567,1.59915611814346,20887.78298583746,13611.775799709401,2026-06-19 17:29:36.292000+00:00,19935.78436521506,2026-06-19 17:30:36.292000+00:00,1,0.34785,2026-06-19 17:30:57.163000+00:00,13072.127380098465,,2023.321928541708,1.0,0.6258264646354167
019ed598-8545-708c-a2c1-05302afca35b,6snUbikeEfoenoF3eTp91ENg3ZnkDp4wUhy1fiwBpump,CASHEW,Cashew Coin,2026-06-17 12:40:03.141000+00:00,24315.677464322318,13184.018949639089,15003.695080956577,85574.60165684033,85574.60165684033,99.0,58,24315.677464322318,15003.695080956577,0.32945705000000003,85574.60165684033,99.0,,,58,220,,,16.182812577283766,0.0,22.648243176921156,16.182812577283766,0.0,22.648243176921156,0.6170379214385887,3.5193180112872215,1.706896551724138,24315.677464322318,15003.695080956577,2026-06-17 12:37:50.863000+00:00,17078.08814825024,2026-06-17 12:38:50.863000+00:00,1,1.2046333333333334,2026-06-17 12:40:03.141000+00:00,23815.245830035416,,2793.8881810946837,1.8063722390726202,0.9794193834401212
019ecf58-e1f6-708d-9a17-7062c4b9bf81,74qtu3i2fuiJ5cQEeZM4HvwJFAQzZG8r3YAgxcDvpump,Elonjak,Elonjak,2026-06-16 07:32:49.270000+00:00,22413.075154465696,15482.368861546496,14639.246927023736,70560.9680190657,70560.9680190657,69.0,52,22413.075154465696,14639.246927023736,0.42731736666666664,70560.9680190657,69.0,,,52,429,,,18.3465732363686,0.0,16.6138570776136,18.3465732363686,0.0,16.6138570776136,0.6531565537586188,3.1482055689715014,1.3269230769230769,22413.075154465696,14639.246927023736,2026-06-16 07:30:33.327000+00:00,18514.911738691186,2026-06-16 07:31:33.327000+00:00,1,1.2657166666666666,2026-06-16 07:32:49.270000+00:00,15482.368861546496,,2390.217295907725,1.0,0.6907739680898589
019ed624-d2f6-7644-aad0-503bd0ea5be6,7BxRGHcmxY1nkCsjiyvjaHDBHecYta7TtE2LEmgEpump,ANIMALS,World Cup Animals,2026-06-17 15:13:18.070000+00:00,19217.59324021231,13203.815679254672,13389.54071351415,77652.68483793168,77652.68483793168,40.0,24,19217.59324021231,13389.54071351415,0.6105066,77652.68483793168,40.0,,,24,163,,,23.045351713773815,0.0,27.89197926885928,23.045351713773815,0.0,27.89197926885928,0.6967334851013959,4.040708108830478,1.6666666666666667,19217.59324021231,13389.54071351415,2026-06-17 15:02:25.424000+00:00,16165.847984841266,2026-06-17 15:03:25.424000+00:00,1,9.877433333333332,2026-06-17 15:13:18.070000+00:00,19665.08195480099,,2495.9598746023175,1.4893484150720167,1.0232853671630597
019ed65e-3307-7aab-863f-3191c07a0cff,7fAWyzhRSvrhbTc8QJdfYixEvmmHyxBcRPMpRDmiBAGS,ANSEM,ansem coin,2026-06-17 16:15:58.215000+00:00,509038.8931342121,360151.0007243348,9693.096368386514,43841.9140631472,43841.9140631472,80.0,40,509038.8931342121,9693.096368386514,0.34528715,43841.9140631472,80.0,,,40,165,,,,0.1475055651703784,1.4720754227276953,,0.1475055651703784,1.4720754227276953,0.019041956320282293,0.08612684542276798,2.0,509038.8931342121,9693.096368386514,2026-06-17 16:13:35.492000+00:00,353207.2556716606,2026-06-17 16:14:35.492000+00:00,1,1.3787166666666666,2026-06-17 16:15:58.215000+00:00,710383.5532361813,,31908.863635496436,1.9724603063922066,1.39553885335218
019ed20e-561c-732b-94e5-3e5a456dad56,7nSXuyYJm47YHqFjtFm4dCMAaFzSSnhwR5M4XubCpump,RUNNER,Homestar Runner,2026-06-16 20:10:15.452000+00:00,25455.20266930272,16022.543689554363,15540.165093489264,38708.21468322862,38708.21468322862,144.0,110,25455.20266930272,15540.165093489264,0.11127833333333334,38708.21468322862,144.0,,,110,206,,,24.5198415187194,0.0,20.046870936991,24.5198415187194,0.0,20.046870936991,0.6104907234633676,1.5206406009058477,1.309090909090909,25455.20266930272,15540.165093489264,2026-06-16 20:09:03.297000+00:00,19092.037150946715,2026-06-16 20:10:03.297000+00:00,1,0.2025833333333333,2026-06-16 20:10:15.452000+00:00,32234.678189411552,,1626.266828757675,2.0118327535238008,1.2663296618841864
019ed97c-37e8-7bec-b859-a7c09ec43f1d,7rqm8G9ZjGpr3RmP2UNc1syCPbJBRCUk5ZVKDu9spump,LeWine,Sipping on LeWine,2026-06-18 06:47:37.192000+00:00,13191.600344467146,13081.869625794718,11000.614781185372,40722.2127342674,40722.2127342674,89.0,59,13191.600344467146,11000.614781185372,0.6917872,40722.2127342674,89.0,,,59,139,,,7.651677599635,0.0,12.6661310478603,7.651677599635,0.0,12.6661310478603,0.8339105562578142,3.086980477796783,1.5084745762711864,13191.600344467146,11000.614781185372,2026-06-18 06:46:30.387000+00:00,15899.354146267044,2026-06-18 06:47:30.387000+00:00,1,0.11341666666666667,2026-06-18 06:47:37.192000+00:00,20848.79947422596,,1920.783821543648,1.5937171115905695,1.5804602117869966
019edaa6-1ee6-7738-8801-7d92a7c979f4,84JwffevVW4McuAiTBm5avGA7WXQWTfiTtJTzkgSpump,Cate,Catecoin,2026-06-18 12:13:00.518000+00:00,,13193.971650146426,6027.51631836348,60233.7779718598,60233.7779718598,86.0,47,0.0,6027.51631836348,0.17177836666666665,60233.7779718598,86.0,,,47,214,,,15.165811166632562,0.0,26.283367154773373,15.165811166632562,0.0,26.283367154773373,,,1.8297872340425532,0.0,6027.51631836348,2026-06-18 12:09:51.252000+00:00,18513.224983390402,2026-06-18 12:10:51.252000+00:00,1,2.154433333333333,2026-06-18 12:13:00.518000+00:00,19093.69467464097,,1347.549407597092,1.44715292566428,1.0
019edbb9-81ba-76c3-b573-60f70512e4d5,8Ed8BUEffgNvhA3H8euhbAGvkEvvEQQeYR6zqDXMpump,SATURN,ꜱᴀᴛᴜʀɴ ᴛʜᴇᴏʀʏ,2026-06-18 17:13:48.218000+00:00,17276.776791321026,12344.924539876085,12376.803738129156,29005.35672804216,29005.35672804216,47.0,27,17276.776791321026,12376.803738129156,0.25679355,29005.35672804216,47.0,,,27,127,,,25.8835501228623,0.0,22.3026381815807,25.8835501228623,0.0,22.3026381815807,0.7163838421728428,1.6788638921707304,1.7407407407407407,17276.776791321026,12376.803738129156,2026-06-18 17:11:35.839000+00:00,15317.05672567606,2026-06-18 17:12:35.839000+00:00,1,1.2063166666666667,2026-06-18 17:13:48.218000+00:00,26607.268222010916,,1237.6339633580508,2.1553204425077834,1.5400597312443751
019ed25c-c32b-7538-950a-9c5c7be3b2a7,8SXeSRLStHf4DfzJ5J6yMhmKq4BPCfJVewARvhpEpump,TISM,ThisInvestmentSimplyMoons,2026-06-16 21:35:55.179000+00:00,19137.682875067643,13543.748000299329,13483.769162536628,38516.70286585836,38516.70286585836,97.0,60,19137.682875067643,13483.769162536628,0.31993335,38516.70286585836,97.0,,,60,158,,,18.6539006335306,5.9221647246675,24.2190957668798,18.6539006335306,5.9221647246675,24.2190957668798,0.7045664436264188,2.012610571368464,1.6166666666666667,19137.682875067643,13483.769162536628,2026-06-16 21:32:46.989000+00:00,14704.938918471922,2026-06-16 21:33:46.989000+00:00,1,2.1365,2026-06-16 21:35:55.179000+00:00,13543.748000299329,,2092.453941451732,1.0,0.7077005136261282
019ee0e9-198f-7c96-bd03-bb1ac8bb10fe,8UxekN1DeMEsZc71LhJTJ39DJKGrkTTq17JYj4uG64GU,UP,only way is up,2026-06-19 17:23:53.359000+00:00,23298.16285243824,15765.585081811923,14396.599426257208,81166.70637437185,81166.70637437185,421.0,274,23298.16285243824,14396.599426257208,0.25665568333333333,81166.70637437185,421.0,,,274,219,,,29.1890571101918,0.0,17.9174568517326,29.1890571101918,0.0,17.9174568517326,0.6179285258429958,3.483824320760873,1.5364963503649636,23298.16285243824,14396.599426257208,2026-06-19 17:22:24.419000+00:00,18736.922263869234,2026-06-19 17:23:24.419000+00:00,1,0.48233333333333334,2026-06-19 17:23:53.359000+00:00,38106.70011531609,,2413.097209341245,2.4170812511917585,1.635609655433758
019ee0cf-685d-7225-b851-c4c31b6c89c0,8oGoTGPstdxKqe7EHUsboWbz4rbkaPG4FFX38CKbpump,Cuakssant,Duck Croissant,2026-06-19 16:55:49.597000+00:00,27854.02187594889,14395.14812350451,15735.657227679496,45701.43158718224,45701.43158718224,97.0,64,27854.02187594889,15735.657227679496,0.7190482833333333,45701.43158718224,97.0,,,64,160,,,22.2065538257577,0.140273682024,14.0431882683198,22.2065538257577,0.140273682024,14.0431882683198,0.5649330390332882,1.640748032392552,1.515625,27854.02187594889,15735.657227679496,2026-06-19 16:54:18.936000+00:00,22129.269247438744,2026-06-19 16:55:18.936000+00:00,1,0.5110166666666667,2026-06-19 16:55:49.597000+00:00,41868.39764707778,,2063.807629475437,2.9085075949107275,1.5031365248991164
019ed6dc-d2ae-7d75-8eaa-2ad8de065dec,8vreH8zd6wKEkqEtaWanKZAcyjjrx4SfT42f5Sqppump,Day,Good Day,2026-06-17 18:34:16.622000+00:00,51220.39248003141,59038.37179507595,16408.966947576562,145622.78787611963,145622.78787611963,320.0,138,51220.39248003141,16408.966947576562,0.3257198,145622.78787611963,320.0,,,138,376,,,37.4781419371911,1.2862949151458,20.1134386952248,37.4781419371911,1.2862949151458,20.1134386952248,0.3203600392943826,2.8430627104798463,2.318840579710145,51220.39248003141,16408.966947576562,2026-06-17 18:31:39.457000+00:00,13887.892021451276,2026-06-17 18:32:39.457000+00:00,1,1.6194166666666667,2026-06-17 18:34:16.622000+00:00,54664.58835605904,,2379.883400123282,4.0447971317364075,1.0672426685791283
019ed22b-0e13-7209-8767-bba6def47056,8x7LJbFzGN7JUfJGHQTh1JhpPKduNWfvSQapQNUCpump,Scooter,Imperooterxbt,2026-06-16 20:41:37.555000+00:00,24982.689128116494,13318.464766206014,15424.958108186167,43213.99407419644,43213.99407419644,84.0,63,24982.689128116494,15424.958108186167,0.34146163333333335,43213.99407419644,84.0,,,63,140,,,27.260579669397,0.0,23.1096982570012,27.260579669397,0.0,23.1096982570012,0.6174258515199758,1.7297575073918572,1.3333333333333333,24982.689128116494,15424.958108186167,2026-06-16 20:38:10.432000+00:00,13699.311342147923,2026-06-16 20:39:10.432000+00:00,1,2.45205,2026-06-16 20:41:37.555000+00:00,75911.84736030325,,6070.002377712546,5.699744579639565,3.03857791172965
019ed82c-a8dd-7e54-a183-4a2c05725b65,94CdDjBAzEEi3waMbD3YKXcKaBkuMvpNSbp5HHaLpump,X,X Coin,2026-06-18 00:41:06.013000+00:00,27130.808989583846,12919.489760703751,15893.630547633282,31534.64796080456,31534.64796080456,33.0,15,27130.808989583846,15893.630547633282,0.28962598333333334,31534.64796080456,33.0,,,15,155,,,20.3490624315603,5.8865287439585,23.8764700557971,20.3490624315603,5.8865287439585,23.8764700557971,0.5858148407493201,1.1623187488773907,2.2,27130.808989583846,15893.630547633282,2026-06-18 00:34:49.791000+00:00,15477.249769140277,2026-06-18 00:35:49.791000+00:00,1,5.270366666666666,2026-06-18 00:41:06.013000+00:00,22379.57157622001,,2217.2480426793522,1.7322333923968332,0.8248766774633242
019ee088-1e99-751c-b48b-7ee4b9166ed0,97G3xuSATggNYUpXmHp8ZNcNYnZmtjdnqHytsFWxpump,elun,elun mesk,2026-06-19 15:37:57.657000+00:00,49111.92636836971,53423.65671914858,15697.639448925791,179512.05815299577,179512.05815299577,258.0,99,49111.92636836971,15697.639448925791,0.3443134666666667,179512.05815299577,258.0,,,99,497,,,20.6391401746606,3.3346380959256,17.4048856138934,20.6391401746606,3.3346380959256,17.4048856138934,0.3196298864594278,3.655162226921109,2.606060606060606,49111.92636836971,15697.639448925791,2026-06-19 15:32:40.289000+00:00,30264.662380775757,2026-06-19 15:33:40.289000+00:00,1,4.289466666666667,2026-06-19 15:37:57.657000+00:00,121635.5354778585,,66606.80378069775,6.547503123655928,2.476700558750578
019ed4d3-777c-7918-8d9f-4fbf07599163,9JmruaWd8Dscxs1GBVbnckGWWsoVdJwg9DDFGFW9pump,GC,gamercat,2026-06-17 09:04:49.020000+00:00,18036.119337638378,13070.456347529667,12966.110580665432,38667.34218824544,38667.34218824544,57.0,48,18036.119337638378,12966.110580665432,0.22987428333333335,38667.34218824544,57.0,,,48,172,,,12.9551172151156,3.0002552752342,21.3290881179059,12.9551172151156,3.0002552752342,21.3290881179059,0.7188969166780417,2.143883696064992,1.1875,18036.119337638378,12966.110580665432,2026-06-17 09:01:15.175000+00:00,15742.496606596376,2026-06-17 09:02:15.175000+00:00,1,2.5640833333333335,2026-06-17 09:04:49.020000+00:00,25117.493083954567,,1810.421492081661,1.9216997797251207,1.3926218059302002
019edb60-e8cf-74e3-b527-0a08fca29fd3,9h66V2NiHU3PpviwceSg4KZ7xqStLTDej58o5pdhpump,Vort,Vort,2026-06-18 15:37:01.903000+00:00,28882.3365093742,13205.560122046025,11903.750099537634,19120.06508019168,19120.06508019168,69.0,52,28882.3365093742,11903.750099537634,0.23539026666666668,19120.06508019168,69.0,,,52,173,,,32.9435101816914,4.7500303976849,28.5870051038916,32.9435101816914,4.7500303976849,28.5870051038916,0.4121463682716283,0.6619985565913608,1.3269230769230769,28882.3365093742,11903.750099537634,2026-06-18 15:35:51.349000+00:00,18443.32321153024,2026-06-18 15:36:51.349000+00:00,1,0.1759,2026-06-18 15:37:01.903000+00:00,409512.436584487,,154017.62799674712,31.010607107897403,14.178646400424478
019edc7c-d587-7e07-bb59-9bb6e96b6b8e,9vfRMTdHQMHnQ5MiFN33xg6GLwLXnTAW4tbjS2mypump,Runechain,Runechain,2026-06-18 20:47:09.191000+00:00,17464.585210528203,14383.656514555707,12527.588552251378,15595.04248656237,15595.04248656237,23.0,16,17464.585210528203,12527.588552251378,0.114037,15595.04248656237,23.0,,,16,88,,,19.738928107971,0.0,23.1419793793474,19.738928107971,0.0,23.1419793793474,0.7173138326067631,0.8929523546405893,1.4375,17464.585210528203,12527.588552251378,2026-06-18 20:44:14.536000+00:00,14922.16035636688,2026-06-18 20:45:14.536000+00:00,1,1.9109166666666666,2026-06-18 20:47:09.191000+00:00,65706.42062718244,,39376.00136563568,4.568130541819465,3.7622663140933077
019ed746-4d1e-7c3b-b300-bbda2eb15848,A1srGG2jZFyzT79ksrdZKrz3xFNzA2ckb9FncmtWpump,Boss,Congo Final Boss,2026-06-17 20:29:29.246000+00:00,20074.016372277027,15764.508274709413,13630.95497132835,38334.37910469804,38334.37910469804,27.0,18,20074.016372277027,13630.95497132835,0.19952576666666666,38334.37910469804,27.0,,,18,144,,,11.4133107360088,0.0,24.5151840958255,11.4133107360088,0.0,24.5151840958255,0.6790347640720874,1.9096516807488144,1.5,20074.016372277027,13630.95497132835,2026-06-17 20:24:10.346000+00:00,15099.18876957746,2026-06-17 20:25:10.346000+00:00,1,4.3149999999999995,2026-06-17 20:29:29.246000+00:00,16238.877786873996,,2660.4559610692213,1.030090980568395,0.8089501117125967
019edd09-1721-7507-8ad5-68153bfc53e7,AWvgKkGymGqupAxS7uufhzTis9XEoLMgBZhctimxpump,VOYAGER,The Sprite Voyager,2026-06-18 23:20:21.025000+00:00,28371.952759221625,12832.712013558414,11759.406259873791,70325.57847157247,70325.57847157247,112.0,63,28371.952759221625,11759.406259873791,0.21483018333333334,70325.57847157247,112.0,,,63,165,,,27.35157686485186,0.0,24.986921000156354,27.35157686485186,0.0,24.986921000156354,0.4144729254158115,2.4787006755717518,1.7777777777777777,28371.952759221625,11759.406259873791,2026-06-18 23:17:20.622000+00:00,15652.85614445088,2026-06-18 23:18:20.622000+00:00,1,2.0067166666666667,2026-06-18 23:20:21.025000+00:00,36382.585203966664,,4281.152104596828,2.8351439014236903,1.2823433590464222
019ed77d-3577-7750-8a9a-a1d95193b3bd,BPQw227L44JsgfPPVnHTEAoebvYsfN5PVxQpZVyK5aoA,Livaković,Dominik Livaković,2026-06-17 21:29:27.671000+00:00,18387.646716770403,13129.705490871422,13046.315171741962,46956.4299742197,46956.4299742197,74.0,58,18387.646716770403,13046.315171741962,0.32818948333333336,46956.4299742197,74.0,,,58,168,,,0.4534166050013,,13.3900536885211,0.4534166050013,,13.3900536885211,0.7095152181623713,2.553694374136154,1.2758620689655173,18387.646716770403,13046.315171741962,2026-06-17 21:25:46.530000+00:00,14488.636203274064,2026-06-17 21:26:46.530000+00:00,1,2.685683333333333,2026-06-17 21:29:27.671000+00:00,13129.705490871422,,1961.7566504899723,1.0,0.7140503454907315
019ed2cc-52af-7ba7-971c-b4d5d6f513de,BfChhbvFEvjHUXZGC58coM3WnV9JtG1nBCHQ2oY3pump,Yore Coproces,YORO,2026-06-16 23:37:46.415000+00:00,27321.816560286883,17789.493721655344,11902.766814255188,41790.13278298948,41790.13278298948,48.0,22,27321.816560286883,11902.766814255188,0.2106368,41790.13278298948,48.0,,,22,124,,,31.8803935000038,0.0,24.0572427370634,31.8803935000038,0.0,24.0572427370634,0.43565063794316783,1.5295517664712217,2.1818181818181817,27321.816560286883,11902.766814255188,2026-06-16 23:26:23.001000+00:00,19151.252625816178,2026-06-16 23:27:23.001000+00:00,1,10.390233333333333,2026-06-16 23:37:46.415000+00:00,17789.493721655344,,1537.1836606349038,1.0,0.6511094781125546
019ed95a-c394-77b0-95b3-e1a51eeeb5d0,Bh77MrPYg8RRQPZ8kxRUyCCa5VrQzFzqLzdFtBgwpump,Helium,Only Goes Up,2026-06-18 06:11:04.724000+00:00,19795.62641857506,13911.462435687428,13459.170127899559,32970.92513836326,32970.92513836326,31.0,20,19795.62641857506,13459.170127899559,0.4342895666666667,32970.92513836326,31.0,,,20,172,,,9.5925918015292,0.0,27.2896749385221,9.5925918015292,0.0,27.2896749385221,0.6799062501639382,1.6655661428034059,1.55,19795.62641857506,13459.170127899559,2026-06-18 06:08:16.323000+00:00,16188.032237477477,2026-06-18 06:09:16.323000+00:00,1,1.8066833333333332,2026-06-18 06:11:04.724000+00:00,23357.82415714116,,2008.8970259361856,1.6790344124583725,1.1799487252004082
019edd90-d614-7ce6-9ab0-811f95d3aa06,BtcsR6NbtRPoKNNKpS1ZPkk3sYASC83fgmtQJDvdpump,gary,Gary VI,2026-06-19 01:48:37.268000+00:00,16787.08697363968,13546.663609667768,12274.337244658182,55231.36891794262,55231.36891794262,56.0,34,16787.08697363968,12274.337244658182,0.26057328333333335,55231.36891794262,56.0,,,34,98,,,46.0453721092207,0.0,25.9581438694813,46.0453721092207,0.0,25.9581438694813,0.7311773188482462,3.290110369039666,1.6470588235294117,16787.08697363968,12274.337244658182,2026-06-19 01:39:37.133000+00:00,15560.840494698265,2026-06-19 01:40:37.133000+00:00,1,8.00225,2026-06-19 01:48:37.268000+00:00,13546.663609667768,,1935.9840437318899,1.0,0.8069692872229551
019edf80-f20b-755d-891f-74918455077e,BwLS1TLvwb771PyNuyktWyxUDdxpziZ5oGYKgQfNpump,QUACKSSANT,Quackssant,2026-06-19 10:50:30.283000+00:00,18611.497546831222,12098.057458803778,12779.520134925458,58483.58785887636,58483.58785887636,24.0,13,18611.497546831222,12779.520134925458,0.6694226833333333,58483.58785887636,24.0,,,13,206,,,10.2576467588086,0.1138795206461,23.1445058336253,10.2576467588086,0.1138795206461,23.1445058336253,0.6866465260395603,3.142336489136186,1.8461538461538463,18611.497546831222,12779.520134925458,2026-06-19 10:46:39.128000+00:00,14833.14083192242,2026-06-19 10:47:39.128000+00:00,1,2.8525833333333335,2026-06-19 10:50:30.283000+00:00,15838.410542760945,,2799.117745237584,1.30916972387458,0.8510014039927475
019edac1-4e27-7260-8822-0fdbe8eaae11,C1mg2ddme7Hpwjmxngr1AfrwRSmLqL1CVHPzUmapEory,FLKR,FalkorDB,2026-06-18 12:42:42.087000+00:00,142836.6851582975,68936.43136318617,40587.04522343343,201550.24156449575,201550.24156449575,87.0,21,142836.6851582975,40587.04522343343,0.28726495,201550.24156449575,87.0,,,21,280,,,2.3920815316684125,0.0,23.211929071334172,2.3920815316684125,0.0,23.211929071334172,0.284150007951061,1.4110537593415127,4.142857142857143,142836.6851582975,40587.04522343343,2026-06-18 12:23:49.344000+00:00,66882.35136476319,2026-06-18 12:24:49.344000+00:00,1,17.87905,2026-06-18 12:42:42.087000+00:00,1903676.934597519,,1368572.5584200316,27.614962030281877,13.327647113119333
019ed87b-5efa-7ec0-a439-9a5ff4d055a8,C5tcc5ppr9FMBoRCgAPn4w4qQ2vQzRYepdzsfPfxpump,cooking,got something cooking,2026-06-18 02:07:04.442000+00:00,24065.762559618786,14183.794829441757,11071.355527325299,88436.185191242,88436.185191242,166.0,100,24065.762559618786,11071.355527325299,0.3185926333333333,88436.185191242,166.0,,,100,247,,,46.918866687765,13.1036829548891,22.8257919290259,46.918866687765,13.1036829548891,22.8257919290259,0.46004590546000446,3.6747717830322877,1.66,24065.762559618786,11071.355527325299,2026-06-18 02:02:54.519000+00:00,15818.97847946127,2026-06-18 02:03:54.519000+00:00,1,3.165383333333333,2026-06-18 02:07:04.442000+00:00,105503.18205004225,,3721.945956105892,7.4382901979832585,4.383953418832097
019edafe-2dd5-792b-8a0f-c1692d8544e1,CSzHjHF8zLTmWatEZoLYmEnoXPrGhJ8mPe52CoVmpump,AGAIN,"AH SHIT, HERE WE GO AGAIN",2026-06-18 13:49:11.509000+00:00,72842.74084595402,59772.51502508449,19196.45649258026,98164.78496308225,98164.78496308225,119.0,48,72842.74084595402,19196.45649258026,0.3758293833333333,98164.78496308225,119.0,,,48,371,,,2.8727245300749,0.1107153845602,23.5276456425745,2.8727245300749,0.1107153845602,23.5276456425745,0.2635328691595562,1.347626185163442,2.4791666666666665,72842.74084595402,19196.45649258026,2026-06-18 13:38:08.601000+00:00,16472.20792414973,2026-06-18 13:39:08.601000+00:00,1,10.048466666666666,2026-06-18 13:49:11.509000+00:00,71579.3184094145,,22768.73639305394,4.439975568112002,0.9826554791614531
019edd2f-4a3a-72e7-8efd-098c73b1c3a1,CjEVKFx9MZeKcqiZUMBiV817h2F6y7ogqDGuqSsopump,CHEESE,CHEESE,2026-06-19 00:02:04.474000+00:00,274868.0550365109,191458.57978688274,37307.42794468133,93568.087511251,201641.09957984785,116.0,33,274868.0550365109,37307.42794468133,0.16678151666666666,93568.087511251,116.0,,,33,227,,,0.01047870505279052,0.11979292034696504,10.588139857183895,0.01047870505279052,0.11979292034696504,10.588139857183895,0.13572849685906846,0.3404109200642551,3.515151515151515,274868.0550365109,37307.42794468133,2026-06-18 23:02:52.650000+00:00,191059.3540560249,2026-06-18 23:03:52.650000+00:00,1,58.197066666666665,2026-06-19 00:02:04.474000+00:00,196681.3145197501,,50846.76436046166,1.0272786664284301,0.7155480999551759
019ed7f5-4ff7-7151-886d-0350ca72d943,CpzZ2N6p6B48o8zWouwMs2BXFm4nZjh4tzFHpg6tpump,OGAI,Open Generative Ai,2026-06-17 23:40:38.775000+00:00,19705.493794467842,15894.62280402989,13511.382395404018,23918.3152833106,23918.3152833106,47.0,24,19705.493794467842,13511.382395404018,0.21243665,23918.3152833106,47.0,,,24,91,,,23.9390470859939,,27.6331047151357,23.9390470859939,,27.6331047151357,0.6856657608446853,1.2137891865478383,1.9583333333333333,19705.493794467842,13511.382395404018,2026-06-17 23:37:32.664000+00:00,19898.631890031964,2026-06-17 23:38:32.664000+00:00,1,2.10185,2026-06-17 23:40:38.775000+00:00,17919.304146768292,,2476.8786295017026,1.1273815281873232,0.909355752952458
019ed23f-7a88-7bd9-84ef-de458741f3fc,DVWZVVLCjYjtnEnSpBBBUTwQ8ta73hFADiitnKthpump,ANSEM,Coldest Nigga Breathing,2026-06-16 21:03:56.040000+00:00,62664.11172637251,60845.15243689528,18130.01749453531,68551.01634678517,68551.01634678517,171.0,80,62664.11172637251,18130.01749453531,0.24003343333333332,68551.01634678517,171.0,,,80,166,,,39.2433358964962,0.9530216071659,25.353796786909,39.2433358964962,0.9530216071659,25.353796786909,0.2893205855003798,1.0939437974660562,2.1375,62664.11172637251,18130.01749453531,2026-06-16 21:00:16.090000+00:00,28769.93329090763,2026-06-16 21:01:16.090000+00:00,1,2.665833333333333,2026-06-16 21:03:56.040000+00:00,40937.782019738246,,1894.5776765202272,2.5373089286485726,0.6532891138471109
019ed51e-d7da-7a7c-9fb2-2e9816fbe18d,DicbCpQUfJgBeDHZvcLur6RcF2HgDWagrGkjiXoGpump,Alon,Alon Card,2026-06-17 10:27:08.890000+00:00,20262.238849346035,13263.117347393912,13746.068751046147,22312.87834917082,22312.87834917082,82.0,55,20262.238849346035,13746.068751046147,0.18043515000000002,22312.87834917082,82.0,,,55,117,,,17.782423519261318,0.0,23.734826058488522,17.782423519261318,0.0,23.734826058488522,0.6784081884164445,1.1012049811016302,1.490909090909091,20262.238849346035,13746.068751046147,2026-06-17 10:24:39.344000+00:00,15771.62492994967,2026-06-17 10:25:39.344000+00:00,1,1.4924333333333335,2026-06-17 10:27:08.890000+00:00,16501.279632837974,,1476.053556740086,1.244147902836759,0.8143858018617006
019edd2e-9344-72a4-8f48-f84dbf38e280,ER2hhTpLnV9xgL2hAJmMvYwpFobwYXPkuYNQb9Wopump,Juanita,Merlin's Girlfriend,2026-06-19 00:01:17.636000+00:00,19489.65719824395,13445.481899412998,13220.758959698864,41024.31636031085,41024.31636031085,25.0,18,19489.65719824395,13220.758959698864,0.24575591666666666,41024.31636031085,25.0,,,18,203,,,15.713910205221461,0.0,23.861615454773254,15.713910205221461,0.0,23.861615454773254,0.6783474344992623,2.104927549162189,1.3888888888888888,19489.65719824395,13220.758959698864,2026-06-18 23:56:24.199000+00:00,16504.991503920162,2026-06-18 23:57:24.199000+00:00,1,3.890616666666667,2026-06-19 00:01:17.636000+00:00,18446.00468562349,,11646.836383104393,1.3719110124590481,0.946450955909348
019ed5e2-dc17-7d1a-ae7e-9c8bce7ea37b,EVVtxoxCaWBVhDdFgo18P1trkG6h8AEvDxnau6YLpump,GOAT,Messi the GOAT,2026-06-17 14:01:15.031000+00:00,21977.8463238072,12780.274210140076,14315.69225885032,44887.6821731224,44887.6821731224,33.0,21,21977.8463238072,14315.69225885032,0.21552671666666667,44887.6821731224,33.0,,,21,219,,,12.7559195271998,0.1475031738067,17.0053381832384,12.7559195271998,0.1475031738067,17.0053381832384,0.6513692036941329,2.0424058623295784,1.5714285714285714,21977.8463238072,14315.69225885032,2026-06-17 13:59:40.453000+00:00,16423.187668863204,2026-06-17 14:00:40.453000+00:00,1,0.5763,2026-06-17 14:01:15.031000+00:00,160621.46067396962,,16703.14328119088,12.567919751403295,7.308334870827568
019ee097-a87f-7248-91aa-86f7f31de36e,EoHKjiNy8w2ZcizdGexxsHcTHvDZT44HVGJg7eDUpump,CEX,CEXcoin,2026-06-19 15:54:55.999000+00:00,20382.38459366731,13096.340419676499,13481.218252680956,40655.2950588914,40655.2950588914,27.0,26,20382.38459366731,13481.218252680956,0.10193680000000001,40655.2950588914,27.0,,,26,93,,,15.679849007706016,0.0,28.263713887372024,15.679849007706016,0.0,28.263713887372024,0.6614151641937662,1.9946289832801394,1.0384615384615385,20382.38459366731,13481.218252680956,2026-06-19 15:52:16.139000+00:00,16019.24917936483,2026-06-19 15:53:16.139000+00:00,1,1.6643333333333332,2026-06-19 15:54:55.999000+00:00,28290.94574248655,,3788.5216456256203,2.1602176513357145,1.3880096125394663
019ed5fa-7054-73e9-b2c7-78cf0446218c,EvCtT2DFU1Z9aq9pcRqeioUCU14Vygo3z6h5uSwjpump,Ronaldo,Ronaldo Patriotic Dog,2026-06-17 14:27:00.308000+00:00,22746.96320904398,12911.980029651397,14564.054523281131,34197.30415617848,34197.30415617848,77.0,57,22746.96320904398,14564.054523281131,0.23879083333333334,34197.30415617848,77.0,,,57,135,,,7.5909418373851,0.0,20.5862043076673,7.5909418373851,0.0,20.5862043076673,0.6402636866045749,1.5033788836736655,1.3508771929824561,22746.96320904398,14564.054523281131,2026-06-17 14:25:58.308000+00:00,18893.69062107832,2026-06-17 14:26:58.308000+00:00,1,0.03333333333333333,2026-06-17 14:27:00.308000+00:00,17314.185759424498,,1994.4537026915407,1.340939632780082,0.7611647146174016
019edc04-b824-794c-8a38-6262ec6fef5a,EvFZj7rVA4ttaCtx7NTb5euv2zB61soqJ9UcMiZdpump,AYOUB,Justice For Ayoub,2026-06-18 18:35:57.348000+00:00,18057.284640299345,14677.792497595125,12635.746475787948,42207.51048732502,42207.51048732502,76.0,59,18057.284640299345,12635.746475787948,0.4039621,42207.51048732502,76.0,,,59,133,,,1.3484146112992,0.0,19.5258375854317,1.3484146112992,0.0,19.5258375854317,0.6997589464579919,2.33742289209577,1.2881355932203389,18057.284640299345,12635.746475787948,2026-06-18 18:34:21.326000+00:00,15062.5078647145,2026-06-18 18:35:21.326000+00:00,1,0.6003666666666666,2026-06-18 18:35:57.348000+00:00,16568.68406011786,,1942.8055947257706,1.1288266994394796,0.917562324024106
019edf45-a80a-7d39-879c-503b2037d16d,F5x2MoFMKF1NNyXznnFfxm7647SW3w2gp8yFB3AVpump,TRACEY,The Crocodile Hero,2026-06-19 09:45:44.714000+00:00,28434.58507738659,12308.289275275674,11699.736159929014,48531.911137963,48531.911137963,23.0,12,28434.58507738659,11699.736159929014,0.23823619999999998,48531.911137963,23.0,,,12,184,,,3.8281350638665,0.0,26.1950599736619,3.8281350638665,0.0,26.1950599736619,0.4114614694776595,1.7067916062738464,1.9166666666666667,28434.58507738659,11699.736159929014,2026-06-19 09:27:38.304000+00:00,16394.126844396884,2026-06-19 09:28:38.304000+00:00,1,17.106833333333334,2026-06-19 09:45:44.714000+00:00,57894.46057318283,,8925.794142657187,4.703696775268238,2.036057864590577
019ed2bf-8440-7884-bac9-180f74407de6,FJVis6jGFFiizZ1NSyNdKYHSTnqUWHmM5P3nyco5pump,Meepcat,Meepcat,2026-06-16 23:23:47.136000+00:00,21215.548649678803,13081.774101199904,14176.466704549286,40066.35734350491,40066.35734350491,85.0,54,21215.548649678803,14176.466704549286,0.22755376666666666,40066.35734350491,85.0,,,54,183,,,12.232319769609001,0.0,24.518355108695367,12.232319769609001,0.0,24.518355108695367,0.6682111756164228,1.8885374121169147,1.5740740740740742,21215.548649678803,14176.466704549286,2026-06-16 23:21:36.249000+00:00,16583.652428890244,2026-06-16 23:22:36.249000+00:00,1,1.1814500000000001,2026-06-16 23:23:47.136000+00:00,867587.9995214477,,55201.578663541346,66.32036242254554,40.89396950545433
019ed4dc-f30a-748d-96ed-a624f537a827,FKxbCh3egLotiMNFAEMLw8MDQjAVmmEA1LLq7mFvpump,Monaka,もなか,2026-06-17 09:15:10.474000+00:00,21267.765792419264,15939.395527124296,14076.696763632539,47083.21322726514,47083.21322726514,38.0,23,21267.765792419264,14076.696763632539,0.14879208333333332,47083.21322726514,38.0,,,23,202,,,22.3519332938798,0.0,25.0620726798437,22.3519332938798,0.0,25.0620726798437,0.6618794329891516,2.213829778210535,1.6521739130434783,21267.765792419264,14076.696763632539,2026-06-17 09:11:09.291000+00:00,15932.588630174707,2026-06-17 09:12:09.291000+00:00,1,3.0197166666666666,2026-06-17 09:15:10.474000+00:00,36230.24581116803,,3051.6319137639,2.2729999860731547,1.703528530678198
019ed66f-82a1-7a43-ba13-0c623b3e1aa1,FpJfSLANsaPJkRFuFroPqPkYJGyNbXdQ194P499spump,mohammad,mohammad Something,2026-06-17 16:34:52.705000+00:00,23683.25412007015,15329.259627849535,15036.17825495874,82888.68198309364,82888.68198309364,73.0,45,23683.25412007015,15036.17825495874,0.20193901666666667,82888.68198309364,73.0,,,45,249,,,12.0903342237277,0.0343297225649,25.1451600728536,12.0903342237277,0.0343297225649,25.1451600728536,0.6348864973845159,3.499885681370552,1.6222222222222222,23683.25412007015,15036.17825495874,2026-06-17 16:29:08.311000+00:00,17142.74628274183,2026-06-17 16:30:08.311000+00:00,1,4.7399000000000004,2026-06-17 16:34:52.705000+00:00,25186.51712185973,,1968.3021474826548,1.6430354585489542,1.0634736676880756
019edaac-3ed4-762a-8a25-bed54fb7e784,FyGmxqqt6Vit6WhXg9rpedyvury8Vt7NNQZwGR5Jpump,DARK,Dark And Darker,2026-06-18 12:19:41.908000+00:00,53532.07504398391,54295.63743582651,16422.808688381087,69847.52045579924,69847.52045579924,58.0,24,53532.07504398391,16422.808688381087,0.32714883333333333,69847.52045579924,58.0,,,24,301,,,11.3466176444371,2.2238257014877,21.1358498865971,11.3466176444371,2.2238257014877,21.1358498865971,0.30678445912824237,1.3047788713291977,2.4166666666666665,53532.07504398391,16422.808688381087,2026-06-18 12:15:02.313000+00:00,26046.978897651305,2026-06-18 12:16:02.313000+00:00,1,3.6599166666666667,2026-06-18 12:19:41.908000+00:00,51337.54375338255,,1483.5782151267306,2.181721839151904,0.9590053012367211
019eddf1-9192-71bc-a630-d35ebd9b6a51,G9QiASU1UxaXXvfJmZ911MDd8pFTjk5cYR5DWMH6pump,MCAT,Mayhem Cat,2026-06-19 03:34:16.722000+00:00,22604.644320678875,14613.943354597772,14190.93447986258,52822.3039789193,52822.3039789193,129.0,78,22604.644320678875,14190.93447986258,0.23997443333333335,52822.3039789193,129.0,,,78,227,,,10.521927850729638,0.0,23.82078714406647,10.521927850729638,0.0,23.82078714406647,0.6277884437615602,2.3367898751053167,1.6538461538461537,22604.644320678875,14190.93447986258,2026-06-19 03:30:30.474000+00:00,16350.246824096246,2026-06-19 03:31:30.474000+00:00,1,2.7708,2026-06-19 03:34:16.722000+00:00,20279.385837726324,,1418.3923491048513,1.3876737678298252,0.8971335956467411
019ed68e-a4bf-71f3-93cd-4c5579ff6674,GBse64zcyGmPDjS2UseqHCHE2gfCV53cSmvh9axMpump,DIH,dih,2026-06-17 17:08:53.055000+00:00,18590.81598006345,14229.930303244306,13281.404086795044,38352.16547459752,38352.16547459752,27.0,16,18590.81598006345,13281.404086795044,0.24614553333333333,38352.16547459752,27.0,,,16,118,,,13.2081045287822,5.0474552272026,23.6639993751858,13.2081045287822,5.0474552272026,23.6639993751858,0.7144067318528595,2.062962998274303,1.6875,18590.81598006345,13281.404086795044,2026-06-17 16:49:19.175000+00:00,14413.990462299866,2026-06-17 16:50:19.175000+00:00,1,18.564666666666668,2026-06-17 17:08:53.055000+00:00,29087.215724277903,,2226.710833465776,2.0440870126852455,1.5646013470022326
019ed654-5703-7b72-a3fc-5d9278320902,GXB3aNL2ABERkqg8jDkGFnbtuZd2ohnk3fC7sqDZpump,DogTrain,DogTrain,2026-06-17 16:05:12.067000+00:00,17360.09579485747,13003.566174258975,12842.965187196312,42973.24294334835,42973.24294334835,77.0,58,17360.09579485747,12842.965187196312,0.34800316666666664,42973.24294334835,77.0,,,58,128,,,0.0,0.0,16.5308949954778,0.0,0.0,16.5308949954778,0.7397980598125932,2.475403560623104,1.3275862068965518,17360.09579485747,12842.965187196312,2026-06-17 16:02:46.625000+00:00,14062.165217685324,2026-06-17 16:03:46.625000+00:00,1,1.4240333333333333,2026-06-17 16:05:12.067000+00:00,13003.566174258975,,1948.5945433079207,1.0,0.7490492176956179
019ed917-d9c9-7655-a9b6-c5a723c69695,GeBxTNrdan9NSA6kC84ATxh4tM2QUKjni81p7jV2pump,COZUMEL,Cozumel Fox,2026-06-18 04:57:59.497000+00:00,15718.03237319062,13436.957270108724,11991.449677201472,34818.34408422495,34818.34408422495,33.0,20,15718.03237319062,11991.449677201472,0.13736431666666665,34818.34408422495,33.0,,,20,213,,,17.578575056628754,0.0,21.64551879090874,17.578575056628754,0.0,21.64551879090874,0.7629103562386489,2.215184652731259,1.65,15718.03237319062,11991.449677201472,2026-06-18 04:55:45.264000+00:00,17691.149067488142,2026-06-18 04:56:45.264000+00:00,1,1.2372166666666666,2026-06-18 04:57:59.497000+00:00,16520.874925846165,,1997.5326775894027,1.2295101185294226,1.0510778024624068
019ecfe7-d6ca-7531-82d6-42a6d8bb91b0,Gpwny7K4hQbgbCf5sA2ty9tq3c2tWJ22reJbqHsgpump,Nong Sompoi,น้องส้มป่อ,2026-06-16 10:08:58.058000+00:00,23850.440279178285,13293.585918319166,15162.249336172064,19960.5004463438,19960.5004463438,76.0,57,23850.440279178285,15162.249336172064,0.22240931666666666,19960.5004463438,76.0,,,57,86,,,39.07898692591972,0.0,24.571372868968773,39.07898692591972,0.0,24.571372868968773,0.6357219891411768,0.836902808195518,1.3333333333333333,23850.440279178285,15162.249336172064,2026-06-16 10:07:01.567000+00:00,16889.946240626246,2026-06-16 10:08:01.567000+00:00,1,0.9415166666666667,2026-06-16 10:08:58.058000+00:00,13293.585918319166,,6550.844711566347,1.0,0.5573727680794481
019edec9-4588-7c82-bc8c-f1e82504e58a,H4U66SohL6XN6LuNN6CN2Cz3TpGK6xdr1rMzaAmFpump,楚德,The Chud Dog,2026-06-19 07:29:53.032000+00:00,18610.186780819233,13103.20207777975,12810.417302623315,39531.61838147904,39531.61838147904,29.0,22,18610.186780819233,12810.417302623315,0.14000523333333334,39531.61838147904,29.0,,,22,160,,,12.038012599519243,0.0,26.373419244453682,12.038012599519243,0.0,26.373419244453682,0.6883551171999248,2.1241924569087445,1.3181818181818181,18610.186780819233,12810.417302623315,2026-06-19 07:27:21.191000+00:00,16175.98062822973,2026-06-19 07:28:21.191000+00:00,1,1.5306833333333332,2026-06-19 07:29:53.032000+00:00,18382.664846142725,,1376.8296632226961,1.4029139394343786,0.9877743336294181
019ed539-c654-7788-a901-f171b59e1662,H5pRCo5YkNrXVTGA8b3wQbAuesYgdePEXzCHsY6YBAGS,EXPERIMENT,THE 24 HOUR EXPERIMENT,2026-06-17 10:56:33.876000+00:00,2353133.887193505,306873.54090441397,20451.577985170436,33734.80703006128,33734.80703006128,100.0,61,2353133.887193505,20451.577985170436,0.08109125,33734.80703006128,100.0,,,61,114,,,,3.1498760802e-06,2.6776926649607735,,3.1498760802e-06,2.6776926649607735,0.00869120881581552,0.014336118830151023,1.639344262295082,2353133.887193505,20451.577985170436,2026-06-17 10:52:43.946000+00:00,459430.1295170926,2026-06-17 10:53:43.946000+00:00,1,2.8321666666666667,2026-06-17 10:56:33.876000+00:00,1215045.3106473885,,110470.10152082228,3.9594332801271226,0.5163519667368046
019edf29-bbd5-7201-8153-87bc8969ba42,Hdda1yxF4e31hxvRExfQRcMvRVFk8VhzuCk6f2mxpump,QWANT,The Qwant,2026-06-19 09:15:14.773000+00:00,21444.591990478973,12449.241558397398,13728.79872947159,49928.30881687697,49928.30881687697,98.0,69,21444.591990478973,13728.79872947159,0.26888805,49928.30881687697,98.0,,,69,233,,,16.8967618593074,0.0,20.82573101929,16.8967618593074,0.0,20.82573101929,0.6401986447476798,2.3282470862138234,1.4202898550724639,21444.591990478973,13728.79872947159,2026-06-19 09:11:25.733000+00:00,19196.680361948067,2026-06-19 09:12:25.733000+00:00,1,2.817333333333333,2026-06-19 09:15:14.773000+00:00,22547.21645337384,,2061.7338193133837,1.811131734219186,1.051417367296352
019ed867-4ab4-7e36-8848-4e5128ceeb25,Hkb3kxi9VuCGfXME4LFo8HCfJhhnMj6RV1VGTbjmpump,motion,motion,2026-06-18 01:45:08.532000+00:00,17609.15157675294,15152.757699069703,12799.215843269118,33279.2519288775,33279.2519288775,22.0,13,17609.15157675294,12799.215843269118,0.49184273333333334,33279.2519288775,22.0,,,13,106,,,32.3559519553389,0.0,27.1748535829751,32.3559519553389,0.0,27.1748535829751,0.7268502282737033,1.8898838926920103,1.6923076923076923,17609.15157675294,12799.215843269118,2026-06-18 01:41:46.233000+00:00,17057.5443705068,2026-06-18 01:42:46.233000+00:00,1,2.3716500000000003,2026-06-18 01:45:08.532000+00:00,22240.298685755595,,2078.884703913947,1.4677393466880968,1.2629966065552274
019ed771-7804-7205-b3da-33a8901dbc11,HkxGeftPi2MKzSysaUhpxixBnn7tWospcRSbnDTTpump,LECHATON,LECHATONCHAIN,2026-06-17 21:16:38.276000+00:00,18676.639941589307,12834.319895138213,13155.034016278565,36244.57602224032,36244.57602224032,58.0,48,18676.639941589307,13155.034016278565,0.6480595499999999,36244.57602224032,58.0,,,48,175,,,1.265293316544,1.4541216977235,21.932463256362,1.265293316544,1.4541216977235,21.932463256362,0.7043576391374778,1.9406368669950411,1.2083333333333333,18676.639941589307,13155.034016278565,2026-06-17 21:14:12.787000+00:00,15392.123026788788,2026-06-17 21:15:12.787000+00:00,1,1.4248166666666668,2026-06-17 21:16:38.276000+00:00,12834.319895138213,,2225.8085509983316,1.0,0.6871857001729008
019ed18a-3bda-73d5-967a-a3da88748627,JAZYu8Kz7epcKeKtCW2mbkwYf1rkaqKZqZgoPFg4pump,MBGA,Make Bagworking Great Again,2026-06-16 17:45:57.978000+00:00,25335.36646588814,15208.147754589105,15450.783961275845,56211.39689310024,56211.39689310024,244.0,164,25335.36646588814,15450.783961275845,0.12098981666666667,56211.39689310024,244.0,,,164,124,,,34.4195015201834,0.0,23.8967706599201,34.4195015201834,0.0,23.8967706599201,0.6098504232050078,2.218692868278972,1.4878048780487805,25335.36646588814,15450.783961275845,2026-06-16 17:43:27.247000+00:00,16314.474664274676,2026-06-16 17:44:27.247000+00:00,1,1.5121833333333332,2026-06-16 17:45:57.978000+00:00,15208.147754589105,,2067.494047366589,1.0,0.6002734468066823
019ed263-055e-7461-bafb-bc3e7b7d549e,VES7YdEc6YMBGSgfeWawdxofnSLLJ9QdvzLA2QVpump,WIF,dogwifhat,2026-06-16 21:42:45.342000+00:00,20443.331758352353,14016.541783220702,13933.089428639561,50672.2313903866,50672.2313903866,21.0,12,20443.331758352353,13933.089428639561,0.28948748333333335,50672.2313903866,21.0,,,12,119,,,5.102607763196,0.0,23.7420687189319,5.102607763196,0.0,23.7420687189319,0.6815469021064554,2.478667958303024,1.75,20443.331758352353,13933.089428639561,2026-06-16 21:23:34.636000+00:00,17429.09680085294,2026-06-16 21:24:34.636000+00:00,1,18.17843333333333,2026-06-16 21:42:45.342000+00:00,14301.921262322101,,2188.164322471023,1.0203601918015919,0.6995885715389268
019edc4a-5a14-7cf1-a01e-c3c8565e1a37,cY435H7F4wcZ4NgWQFM3wUjBDffdb3qdsQST2EVpump,SPEEDYCAT,Speedycat,2026-06-18 19:52:00.788000+00:00,19516.11479186697,13310.01663358081,13192.541514560537,49070.19100779756,49070.19100779756,49.0,18,19516.11479186697,13192.541514560537,0.35250966666666667,49070.19100779756,49.0,,,18,215,,,27.9128750116926,0.0,18.5850493639037,27.9128750116926,0.0,18.5850493639037,0.6759819592810715,2.5143422003362463,2.7222222222222223,19516.11479186697,13192.541514560537,2026-06-18 19:49:51.043000+00:00,17882.042000199264,2026-06-18 19:50:51.043000+00:00,1,1.1624166666666667,2026-06-18 19:52:00.788000+00:00,32438.12110051871,,12261.935030386885,2.437121003942115,1.662119814648599
019ed2e8-fe7f-752c-9c10-a92f6d6532d5,hQrnw6SscDqSoDxH4fquStmsTFucTd1GoKNTaGqpump,JarJar,JarJarBinks,2026-06-17 00:09:05.407000+00:00,24827.22339256265,21616.889564655263,15334.017554995291,48035.3315948408,48035.3315948408,68.0,44,24827.22339256265,15334.017554995291,0.3518418166666667,48035.3315948408,68.0,,,44,247,,,,1e-13,11.013476253768468,,1e-13,11.013476253768468,0.6176291771551391,1.9347846851545416,1.5454545454545454,24827.22339256265,15334.017554995291,2026-06-17 00:07:40.683000+00:00,22589.051895886707,2026-06-17 00:08:40.683000+00:00,1,0.4120666666666667,2026-06-17 00:09:05.407000+00:00,21616.889564655263,,2027.3732089353111,1.0,0.8706929978779226
019ed6ce-18a7-708d-b64a-f7359a985d6a,iaGJA8Yg2KS4Cf9JirGzXXn6pPBfVoDrSrFHXkspump,HAWK,The Hawk,2026-06-17 18:18:11.495000+00:00,20673.159821741345,13479.198763726592,13957.570074670793,19253.71562778125,19253.71562778125,100.0,59,20673.159821741345,13957.570074670793,0.07571336666666667,19253.71562778125,100.0,,,59,110,,,16.241221774438,0.0,23.6132113436646,16.241221774438,0.0,23.6132113436646,0.6751541706745784,0.9313387887386568,1.694915254237288,20673.159821741345,13957.570074670793,2026-06-17 18:16:57.755000+00:00,18423.99647014858,2026-06-17 18:17:57.755000+00:00,1,0.229,2026-06-17 18:18:11.495000+00:00,18994.681198468166,,2757.430552413875,1.4091847394953547,0.9188088014727206
019ed4b9-96ed-762c-add5-5a9cca3e673d,m5HoubAkSxBn5P2ccdv8Pbn5e99dUdLSwcspUwXpump,CHUD,CHUD,2026-06-17 08:36:33.133000+00:00,23099.484246069776,12938.181169967005,14688.599929317006,44788.1624106867,44788.1624106867,174.0,137,23099.484246069776,14688.599929317006,0.14899035,44788.1624106867,174.0,,,137,178,,,20.4098089673724,1.2594278318326,22.6333420536808,20.4098089673724,1.2594278318326,22.6333420536808,0.635884324205904,1.938924780033005,1.27007299270073,23099.484246069776,14688.599929317006,2026-06-17 08:35:16.047000+00:00,15864.3956981173,2026-06-17 08:36:16.047000+00:00,1,0.28476666666666667,2026-06-17 08:36:33.133000+00:00,47188.00993167187,,1729.2991658335857,3.6471903826179153,2.042816602699716
019edd2b-975f-7d62-8767-97e14a3639cb,sBRr1CwcRYW2cE9WFNEhHRam5TVWq2pb8YgMHAFpump,GRIND,Grindscape,2026-06-18 23:58:02.079000+00:00,29037.092201121126,13863.213797037304,11929.249953163659,51089.546781549,51089.546781549,277.0,172,29037.092201121126,11929.249953163659,0.30672631666666667,51089.546781549,277.0,,,172,154,,,39.811801885718,4.2054796010864,21.5588663513895,39.811801885718,4.2054796010864,21.5588663513895,0.41082798065789344,1.7594580899383727,1.6104651162790697,29037.092201121126,11929.249953163659,2026-06-18 23:55:52.212000+00:00,20216.185351699412,2026-06-18 23:56:52.212000+00:00,1,1.16445,2026-06-18 23:58:02.079000+00:00,40198.71700405655,,3544.6776579642615,2.899667969677232,1.3843919606559114
019edc81-4efe-7726-b286-cf9620842b45,wF4Cdd3h7TYtyKdHN2KD5xmxPasmuMEcLAyqHWVpump,SPDR,Spider Robotics,2026-06-18 20:52:02.430000+00:00,31001.96438239265,12697.410815848218,12340.976476655715,44029.90798696008,44029.90798696008,160.0,115,31001.96438239265,12340.976476655715,1.3175753833333335,44029.90798696008,160.0,,,115,215,,,24.816651365443626,2.732249953422303,19.68896146728492,24.816651365443626,2.732249953422303,19.68896146728492,0.39807079075494606,1.4202296165454136,1.391304347826087,31001.96438239265,12340.976476655715,2026-06-18 20:50:54.616000+00:00,21814.64007527414,2026-06-18 20:51:54.616000+00:00,1,0.13023333333333334,2026-06-18 20:52:02.430000+00:00,211870.72280428448,,117882.13139830653,16.686135927793952,6.834106387291219
019ee088-b9ec-7496-a082-eeb5b710fff8,2CvqowBpUSGLWgU1p3k6KW87KHVzSCWD3ADX1pafpump,MUST,Elon Must,2026-06-19 15:38:37.420000+00:00,22763.720088107413,12910.75142748588,10527.41176901425,44570.5032945942,44570.5032945942,182.0,113,22763.720088107413,10527.41176901425,0.21690116666666667,44570.5032945942,182.0,,,113,133,,,25.8943524852792,3.059885032319,22.8505938468224,25.8943524852792,3.059885032319,22.8505938468224,0.4624644710208921,1.9579621925626927,1.6106194690265487,22763.720088107413,10527.41176901425,2026-06-19 15:36:17.661000+00:00,17287.828721473248,2026-06-19 15:38:17.661000+00:00,2,0.32931666666666665,2026-06-19 15:38:37.420000+00:00,26188.559027568183,,2473.9076770959514,2.028430271828717,1.1504516364726356
019edb1d-b6ec-7992-aa21-5bea2dba6eba,2SMH5d728QGNJCigAZPWJiQR3jmbpXjdNoNZD7FDpump,GTAIFY,GTAification,2026-06-18 14:23:38.220000+00:00,18508.356064103784,15021.087751833778,13026.180106079031,34081.11600319135,34081.11600319135,100.0,60,18508.356064103784,13026.180106079031,0.18125371666666668,34081.11600319135,100.0,,,60,109,,,9.2153227129839,,23.1438164983744,9.2153227129839,,23.1438164983744,0.7037999518143476,1.841390768858738,1.6666666666666667,18508.356064103784,13026.180106079031,2026-06-18 14:21:25.921000+00:00,18009.051932517308,2026-06-18 14:23:25.921000+00:00,2,0.20498333333333332,2026-06-18 14:23:38.220000+00:00,48684.91401390772,,11798.843178525858,3.241104427205297,2.630428863875715
019ee042-68ae-737e-82ae-99313e684603,2bJLvamPNX7iTxZwtsu3SL2fLuSgejfB4rxtYeaipump,FATTOO,Fattoo Coin,2026-06-19 14:21:49.102000+00:00,54512.46020263732,54477.33986943682,16390.769995112765,118380.6036481401,118380.6036481401,53.0,21,54512.46020263732,16390.769995112765,0.2843162833333333,118380.6036481401,53.0,,,21,485,,,9.2580450635121,0.5758568756424,17.0762519771114,9.2580450635121,0.5758568756424,17.0762519771114,0.3006793297199193,2.1716246745805985,2.5238095238095237,54512.46020263732,16390.769995112765,2026-06-19 14:13:27.957000+00:00,21933.577396225763,2026-06-19 14:15:27.957000+00:00,2,6.352416666666667,2026-06-19 14:21:49.102000+00:00,71339.44108514584,,2092.4255448915205,5.356444072744525,1.308681369726447
019ed2af-33cd-7013-b9f7-69d57e1c79ae,3ALxU164ur3NtAaMKsPyLm29YLneP2tanw6X6MNSpump,GOOGLE,Google Coin,2026-06-16 23:05:57.965000+00:00,18097.540505451125,14275.23523199268,13115.577618898922,21504.43445491539,21504.43445491539,23.0,14,18097.540505451125,13115.577618898922,0.28310169999999996,21504.43445491539,23.0,,,14,137,,,21.6142906441397,7.5248977883264,24.1340113996838,21.6142906441397,7.5248977883264,24.1340113996838,0.7247160250835413,1.1882517653953077,1.6428571428571428,18097.540505451125,13115.577618898922,2026-06-16 22:55:37.385000+00:00,17876.2860962782,2026-06-16 22:57:37.385000+00:00,2,8.343,2026-06-16 23:05:57.965000+00:00,32795.62815880989,,1712.6877496448542,2.2973791763032088,1.812159400827509
019ed6eb-3e4e-7d82-b109-1748ed2b12a5,3HwB3NUsH4qmDrLo7c1gvEjpWMybrrvxHnmvadPEpump,Memecoin,My Meme Coin,2026-06-17 18:50:01.678000+00:00,66975.70195288851,57203.205205858176,18742.795587046923,92944.22941238256,92944.22941238256,99.0,30,66975.70195288851,18742.795587046923,0.10878431666666667,92944.22941238256,99.0,,,30,319,,,8.9186935638169,3.2319911561333,21.3756999673007,8.9186935638169,3.2319911561333,21.3756999673007,0.2798447054758877,1.3877305754519842,3.3,66975.70195288851,18742.795587046923,2026-06-17 18:42:55.263000+00:00,24511.49208683073,2026-06-17 18:44:55.263000+00:00,2,5.106916666666667,2026-06-17 18:50:01.678000+00:00,52582.45476518343,,1401.149737080373,3.860712419776663,0.7850974791151952
019ed2c5-9ec2-753c-897b-360e43aed78c,3LQGitBLtCWmCZUPMZgyJFonzrHhKAu8VJPpvyEFpump,GLM-5.2,GLM 5.2,2026-06-16 23:30:27.138000+00:00,,13174.750813941491,,33246.82725350733,103520.58436394866,49.0,34,0.0,0.0,0.37258325,33246.82725350733,49.0,,,34,157,,,19.5614518712827,0.0,24.6037069678419,19.5614518712827,0.0,24.6037069678419,,,1.4411764705882353,0.0,0.0,2026-06-16 22:22:57.289000+00:00,21788.265844939466,2026-06-16 22:24:57.289000+00:00,2,65.49748333333334,2026-06-16 23:30:27.138000+00:00,29097.797585668006,,7004.5459344576475,2.208603259112634,1.0
019ed461-ec42-7471-ac22-1310b6c5a9f3,3wMNHtTmRjXr8PQC5vEfpLPXoFXbqs9uFjzk41hApump,Sneed,Sneed,2026-06-17 07:00:47.810000+00:00,20023.2499850589,12870.217142888872,13748.933171115981,35880.83987076485,35880.83987076485,60.0,43,20023.2499850589,13748.933171115981,0.2637730833333333,35880.83987076485,60.0,,,43,197,,,17.33621716199736,0.2126199008510144,22.928479971949542,17.33621716199736,0.2126199008510144,22.928479971949542,0.6866484302685759,1.7919588427222697,1.3953488372093024,20023.2499850589,13748.933171115981,2026-06-17 06:58:36.783000+00:00,16948.86332867951,2026-06-17 07:00:36.783000+00:00,2,0.18378333333333333,2026-06-17 07:00:47.810000+00:00,20799.68923070827,,2089.4404344462228,1.616110202320917,1.0387768841835736
019ed6b6-d745-7a15-93e7-0812733f4aa2,4ZQhcqhZ8knh5KAcgC8Tmq3QJ2uzk8TPL3cVkjLopump,ball,ball hat cult,2026-06-17 17:52:47.429000+00:00,20672.245846795002,12942.904032635392,13988.213684121136,45578.12610389584,45578.12610389584,36.0,23,20672.245846795002,13988.213684121136,0.22555176666666668,45578.12610389584,36.0,,,23,224,,,11.8156939330449,0.0,17.9479776349433,11.8156939330449,0.0,17.9479776349433,0.6766663761542798,2.2047979905851505,1.565217391304348,20672.245846795002,13988.213684121136,2026-06-17 17:49:49.305000+00:00,17470.256620825603,2026-06-17 17:51:49.305000+00:00,2,0.9687333333333333,2026-06-17 17:52:47.429000+00:00,27266.332387752005,,1700.5019428160736,2.1066626407026,1.3189825909495625
019ed1f4-145d-7f35-8c6a-7c356e5bdd52,4k6WBtxobSHRrEEkTDQkrpjS9nZnXfpNrGkaZivmpump,币安之死,Binance Death,2026-06-16 19:41:34.685000+00:00,65677.56044028525,65446.153908801185,18582.933191022054,111765.724710872,111765.724710872,59.0,25,65677.56044028525,18582.933191022054,0.41494926666666665,111765.724710872,59.0,,,25,513,,,16.4401721063809,3.275815575262,8.0093685033806,16.4401721063809,3.275815575262,8.0093685033806,0.28294189166660444,1.7017338031684446,2.36,65677.56044028525,18582.933191022054,2026-06-16 19:36:14.738000+00:00,17556.83271627558,2026-06-16 19:38:14.738000+00:00,2,3.33245,2026-06-16 19:41:34.685000+00:00,47952.576708115565,,2246.309481164373,2.677453447884267,0.730121161423384
019ed2ac-1819-7c70-a7da-9eaf5f38a2d2,4wNsn7WNtct8kAhRyPX1qTovYPjFBiJFfoktDWt4pump,ALBERT,Albert the Monkey,2026-06-16 23:02:34.265000+00:00,20577.607221724746,14693.225673600062,19469.741724207477,21367.832917337248,21367.832917337248,32.0,22,20577.607221724746,19469.741724207477,0.17525618333333334,21367.832917337248,32.0,,,22,88,,,11.6623250149974,0.0,20.3014796330707,11.6623250149974,0.0,20.3014796330707,0.9461615976250318,1.03840221494646,1.4545454545454546,20577.607221724746,19469.741724207477,2026-06-16 22:58:29.153000+00:00,18781.950965983764,2026-06-16 23:00:29.153000+00:00,2,2.0852,2026-06-16 23:02:34.265000+00:00,36995.58513870837,,8057.405939370478,2.517866802058305,1.7978565116963838
019edb2a-946e-7468-a3a6-6c8dc7d74a42,5BFtthSpPiD34zZpdbbSzvkFKDkqzCbpKXjrLFrapump,GTAify,GTAification,2026-06-18 14:37:41.358000+00:00,57686.4095032791,62915.3022019825,17286.66099615557,200830.2060397642,200830.2060397642,68.0,22,57686.4095032791,17286.66099615557,0.66175815,200830.2060397642,68.0,,,22,496,,,0.9068564889192082,1.0637028032041564,22.88996335128144,0.9068564889192082,1.0637028032041564,22.88996335128144,0.2996660937126436,3.4814128278923007,3.090909090909091,57686.4095032791,17286.66099615557,2026-06-18 14:21:07.028000+00:00,21310.832173186525,2026-06-18 14:23:07.028000+00:00,2,14.572166666666668,2026-06-18 14:37:41.358000+00:00,79402.62211374022,,2176.7036071149632,4.562469915097875,1.3764528386747088
019ed6f9-0211-7aea-ab6d-295e33ea724e,5cvEH5ZFD4ofVrALJmTujL2rymCKNvyqjLPSewuCpump,Renuldo,Crustieno Renuldo,2026-06-17 19:05:03.761000+00:00,24832.80700726102,12955.180191977817,15333.302841853272,49991.19169659615,49991.19169659615,138.0,72,24832.80700726102,15333.302841853272,0.4681556666666667,49991.19169659615,138.0,,,72,215,,,11.8245331362145,0.0,23.4525900307021,11.8245331362145,0.0,23.4525900307021,0.6174615232732197,2.0131107885620385,1.9166666666666667,24832.80700726102,15333.302841853272,2026-06-17 19:02:46.687000+00:00,16117.086318406513,2026-06-17 19:04:46.687000+00:00,2,0.2845666666666667,2026-06-17 19:05:03.761000+00:00,16744.22248939392,,1968.2858341228452,1.2924731452027487,0.6742782837436772
019ee0cc-5f58-7055-ad95-9bb9db009090,661HKCo3MfE7eeuGTXdUz4JUxiZecWg2cMXU6ACwGQNa,BLOB,Blob,2026-06-19 16:52:30.680000+00:00,18876.005069736108,12602.20804059864,12961.288337001955,65713.9926834849,65713.9926834849,87.0,59,18876.005069736108,12961.288337001955,0.5885378833333333,65713.9926834849,87.0,,,59,207,,,27.587746273927138,0.0,20.38249130971459,27.587746273927138,0.0,20.38249130971459,0.6866542093582495,3.4813506587177243,1.4745762711864407,18876.005069736108,12961.288337001955,2026-06-19 16:47:27.983000+00:00,15640.030907881288,2026-06-19 16:49:27.983000+00:00,2,3.04495,2026-06-19 16:52:30.680000+00:00,12602.20804059864,,2180.982070666806,1.0,0.667631100650834
019ed598-8545-708c-a2c1-05302afca35b,6snUbikeEfoenoF3eTp91ENg3ZnkDp4wUhy1fiwBpump,CASHEW,Cashew Coin,2026-06-17 12:40:03.141000+00:00,24315.677464322318,13184.018949639089,15003.695080956577,85574.60165684033,85574.60165684033,99.0,58,24315.677464322318,15003.695080956577,0.32945705000000003,85574.60165684033,99.0,,,58,220,,,16.182812577283766,0.0,22.648243176921156,16.182812577283766,0.0,22.648243176921156,0.6170379214385887,3.5193180112872215,1.706896551724138,24315.677464322318,15003.695080956577,2026-06-17 12:37:50.863000+00:00,17078.08814825024,2026-06-17 12:39:50.863000+00:00,2,0.20463333333333333,2026-06-17 12:40:03.141000+00:00,23815.245830035416,,2793.8881810946837,1.8063722390726202,0.9794193834401212
019ecf58-e1f6-708d-9a17-7062c4b9bf81,74qtu3i2fuiJ5cQEeZM4HvwJFAQzZG8r3YAgxcDvpump,Elonjak,Elonjak,2026-06-16 07:32:49.270000+00:00,22413.075154465696,15482.368861546496,14639.246927023736,70560.9680190657,70560.9680190657,69.0,52,22413.075154465696,14639.246927023736,0.42731736666666664,70560.9680190657,69.0,,,52,429,,,18.3465732363686,0.0,16.6138570776136,18.3465732363686,0.0,16.6138570776136,0.6531565537586188,3.1482055689715014,1.3269230769230769,22413.075154465696,14639.246927023736,2026-06-16 07:30:33.327000+00:00,18514.911738691186,2026-06-16 07:32:33.327000+00:00,2,0.26571666666666666,2026-06-16 07:32:49.270000+00:00,15482.368861546496,,2390.217295907725,1.0,0.6907739680898589
019ed624-d2f6-7644-aad0-503bd0ea5be6,7BxRGHcmxY1nkCsjiyvjaHDBHecYta7TtE2LEmgEpump,ANIMALS,World Cup Animals,2026-06-17 15:13:18.070000+00:00,19217.59324021231,13203.815679254672,13389.54071351415,77652.68483793168,77652.68483793168,40.0,24,19217.59324021231,13389.54071351415,0.6105066,77652.68483793168,40.0,,,24,163,,,23.045351713773815,0.0,27.89197926885928,23.045351713773815,0.0,27.89197926885928,0.6967334851013959,4.040708108830478,1.6666666666666667,19217.59324021231,13389.54071351415,2026-06-17 15:02:25.424000+00:00,16165.847984841266,2026-06-17 15:04:25.424000+00:00,2,8.877433333333332,2026-06-17 15:13:18.070000+00:00,19665.08195480099,,2495.9598746023175,1.4893484150720167,1.0232853671630597
019ed65e-3307-7aab-863f-3191c07a0cff,7fAWyzhRSvrhbTc8QJdfYixEvmmHyxBcRPMpRDmiBAGS,ANSEM,ansem coin,2026-06-17 16:15:58.215000+00:00,509038.8931342121,360151.0007243348,9693.096368386514,43841.9140631472,43841.9140631472,80.0,40,509038.8931342121,9693.096368386514,0.34528715,43841.9140631472,80.0,,,40,165,,,,0.1475055651703784,1.4720754227276953,,0.1475055651703784,1.4720754227276953,0.019041956320282293,0.08612684542276798,2.0,509038.8931342121,9693.096368386514,2026-06-17 16:13:35.492000+00:00,353207.2556716606,2026-06-17 16:15:35.492000+00:00,2,0.37871666666666665,2026-06-17 16:15:58.215000+00:00,710383.5532361813,,31908.863635496436,1.9724603063922066,1.39553885335218
019ed20f-3e90-71ad-920e-1f88a374fe7b,7nSXuyYJm47YHqFjtFm4dCMAaFzSSnhwR5M4XubCpump,RUNNER,Homestar Runner,2026-06-16 20:11:14.960000+00:00,,16022.543689554363,6262.93960179791,47702.82122212992,47702.82122212992,169.0,127,0.0,6262.93960179791,0.27947774999999997,47702.82122212992,169.0,,,127,243,,,21.0166986849796,0.0,20.0530291526001,21.0166986849796,0.0,20.0530291526001,,,1.330708661417323,0.0,6262.93960179791,2026-06-16 20:09:03.297000+00:00,19092.037150946715,2026-06-16 20:11:03.297000+00:00,2,0.19438333333333332,2026-06-16 20:11:14.960000+00:00,32234.678189411552,,1626.266828757675,2.0118327535238008,1.0
019edaa6-1ee6-7738-8801-7d92a7c979f4,84JwffevVW4McuAiTBm5avGA7WXQWTfiTtJTzkgSpump,Cate,Catecoin,2026-06-18 12:13:00.518000+00:00,,13193.971650146426,6027.51631836348,60233.7779718598,60233.7779718598,86.0,47,0.0,6027.51631836348,0.17177836666666665,60233.7779718598,86.0,,,47,214,,,15.165811166632562,0.0,26.283367154773373,15.165811166632562,0.0,26.283367154773373,,,1.8297872340425532,0.0,6027.51631836348,2026-06-18 12:09:51.252000+00:00,18513.224983390402,2026-06-18 12:11:51.252000+00:00,2,1.1544333333333334,2026-06-18 12:13:00.518000+00:00,19093.69467464097,,1347.549407597092,1.44715292566428,1.0
019edbb9-81ba-76c3-b573-60f70512e4d5,8Ed8BUEffgNvhA3H8euhbAGvkEvvEQQeYR6zqDXMpump,SATURN,ꜱᴀᴛᴜʀɴ ᴛʜᴇᴏʀʏ,2026-06-18 17:13:48.218000+00:00,17276.776791321026,12344.924539876085,12376.803738129156,29005.35672804216,29005.35672804216,47.0,27,17276.776791321026,12376.803738129156,0.25679355,29005.35672804216,47.0,,,27,127,,,25.8835501228623,0.0,22.3026381815807,25.8835501228623,0.0,22.3026381815807,0.7163838421728428,1.6788638921707304,1.7407407407407407,17276.776791321026,12376.803738129156,2026-06-18 17:11:35.839000+00:00,15317.05672567606,2026-06-18 17:13:35.839000+00:00,2,0.20631666666666665,2026-06-18 17:13:48.218000+00:00,26607.268222010916,,1237.6339633580508,2.1553204425077834,1.5400597312443751
019ed25c-c32b-7538-950a-9c5c7be3b2a7,8SXeSRLStHf4DfzJ5J6yMhmKq4BPCfJVewARvhpEpump,TISM,ThisInvestmentSimplyMoons,2026-06-16 21:35:55.179000+00:00,19137.682875067643,13543.748000299329,13483.769162536628,38516.70286585836,38516.70286585836,97.0,60,19137.682875067643,13483.769162536628,0.31993335,38516.70286585836,97.0,,,60,158,,,18.6539006335306,5.9221647246675,24.2190957668798,18.6539006335306,5.9221647246675,24.2190957668798,0.7045664436264188,2.012610571368464,1.6166666666666667,19137.682875067643,13483.769162536628,2026-06-16 21:32:46.989000+00:00,14704.938918471922,2026-06-16 21:34:46.989000+00:00,2,1.1365,2026-06-16 21:35:55.179000+00:00,13543.748000299329,,2092.453941451732,1.0,0.7077005136261282
019ee0d4-23cd-7a1f-8285-72d9af4cd7e1,8oGoTGPstdxKqe7EHUsboWbz4rbkaPG4FFX38CKbpump,Cuakssant,Duck Croissant,2026-06-19 17:00:59.725000+00:00,48126.512682579676,58615.021705340136,15382.544116882778,115700.5010907951,115700.5010907951,60.0,24,48126.512682579676,15382.544116882778,0.37037746666666665,115700.5010907951,60.0,,,24,363,,,27.61732147982607,1.8459890726268868,10.722345020721344,27.61732147982607,1.8459890726268868,10.722345020721344,0.31962723371084373,2.4040906901753374,2.5,48126.512682579676,15382.544116882778,2026-06-19 16:54:18.936000+00:00,22129.269247438744,2026-06-19 16:56:18.936000+00:00,2,4.6798166666666665,2026-06-19 17:00:59.725000+00:00,41868.39764707778,,2063.807629475437,2.9085075949107275,0.8699653333126889
019ed6dc-d2ae-7d75-8eaa-2ad8de065dec,8vreH8zd6wKEkqEtaWanKZAcyjjrx4SfT42f5Sqppump,Day,Good Day,2026-06-17 18:34:16.622000+00:00,51220.39248003141,59038.37179507595,16408.966947576562,145622.78787611963,145622.78787611963,320.0,138,51220.39248003141,16408.966947576562,0.3257198,145622.78787611963,320.0,,,138,376,,,37.4781419371911,1.2862949151458,20.1134386952248,37.4781419371911,1.2862949151458,20.1134386952248,0.3203600392943826,2.8430627104798463,2.318840579710145,51220.39248003141,16408.966947576562,2026-06-17 18:31:39.457000+00:00,13887.892021451276,2026-06-17 18:33:39.457000+00:00,2,0.6194166666666666,2026-06-17 18:34:16.622000+00:00,54664.58835605904,,2379.883400123282,4.0447971317364075,1.0672426685791283
019ed22b-0e13-7209-8767-bba6def47056,8x7LJbFzGN7JUfJGHQTh1JhpPKduNWfvSQapQNUCpump,Scooter,Imperooterxbt,2026-06-16 20:41:37.555000+00:00,24982.689128116494,13318.464766206014,15424.958108186167,43213.99407419644,43213.99407419644,84.0,63,24982.689128116494,15424.958108186167,0.34146163333333335,43213.99407419644,84.0,,,63,140,,,27.260579669397,0.0,23.1096982570012,27.260579669397,0.0,23.1096982570012,0.6174258515199758,1.7297575073918572,1.3333333333333333,24982.689128116494,15424.958108186167,2026-06-16 20:38:10.432000+00:00,13699.311342147923,2026-06-16 20:40:10.432000+00:00,2,1.45205,2026-06-16 20:41:37.555000+00:00,75911.84736030325,,6070.002377712546,5.699744579639565,3.03857791172965
019ed82c-a8dd-7e54-a183-4a2c05725b65,94CdDjBAzEEi3waMbD3YKXcKaBkuMvpNSbp5HHaLpump,X,X Coin,2026-06-18 00:41:06.013000+00:00,27130.808989583846,12919.489760703751,15893.630547633282,31534.64796080456,31534.64796080456,33.0,15,27130.808989583846,15893.630547633282,0.28962598333333334,31534.64796080456,33.0,,,15,155,,,20.3490624315603,5.8865287439585,23.8764700557971,20.3490624315603,5.8865287439585,23.8764700557971,0.5858148407493201,1.1623187488773907,2.2,27130.808989583846,15893.630547633282,2026-06-18 00:34:49.791000+00:00,15477.249769140277,2026-06-18 00:36:49.791000+00:00,2,4.270366666666666,2026-06-18 00:41:06.013000+00:00,22379.57157622001,,2217.2480426793522,1.7322333923968332,0.8248766774633242
019ee088-1e99-751c-b48b-7ee4b9166ed0,97G3xuSATggNYUpXmHp8ZNcNYnZmtjdnqHytsFWxpump,elun,elun mesk,2026-06-19 15:37:57.657000+00:00,49111.92636836971,53423.65671914858,15697.639448925791,179512.05815299577,179512.05815299577,258.0,99,49111.92636836971,15697.639448925791,0.3443134666666667,179512.05815299577,258.0,,,99,497,,,20.6391401746606,3.3346380959256,17.4048856138934,20.6391401746606,3.3346380959256,17.4048856138934,0.3196298864594278,3.655162226921109,2.606060606060606,49111.92636836971,15697.639448925791,2026-06-19 15:32:40.289000+00:00,30264.662380775757,2026-06-19 15:34:40.289000+00:00,2,3.2894666666666668,2026-06-19 15:37:57.657000+00:00,121635.5354778585,,66606.80378069775,6.547503123655928,2.476700558750578
019ed4d3-777c-7918-8d9f-4fbf07599163,9JmruaWd8Dscxs1GBVbnckGWWsoVdJwg9DDFGFW9pump,GC,gamercat,2026-06-17 09:04:49.020000+00:00,18036.119337638378,13070.456347529667,12966.110580665432,38667.34218824544,38667.34218824544,57.0,48,18036.119337638378,12966.110580665432,0.22987428333333335,38667.34218824544,57.0,,,48,172,,,12.9551172151156,3.0002552752342,21.3290881179059,12.9551172151156,3.0002552752342,21.3290881179059,0.7188969166780417,2.143883696064992,1.1875,18036.119337638378,12966.110580665432,2026-06-17 09:01:15.175000+00:00,15742.496606596376,2026-06-17 09:03:15.175000+00:00,2,1.5640833333333333,2026-06-17 09:04:49.020000+00:00,25117.493083954567,,1810.421492081661,1.9216997797251207,1.3926218059302002
019edb63-6494-7def-bbda-8f04dcdb7551,9h66V2NiHU3PpviwceSg4KZ7xqStLTDej58o5pdhpump,Vort,Vort,2026-06-18 15:39:44.660000+00:00,50857.35377742094,58396.12576047236,15899.227913480223,87847.78094628404,87847.78094628404,103.0,48,50857.35377742094,15899.227913480223,0.31264216666666667,87847.78094628404,103.0,,,48,373,,,13.3665733439559,2.1937787185811,25.4714939587774,13.3665733439559,2.1937787185811,25.4714939587774,0.31262397141352993,1.7273368435713947,2.1458333333333335,50857.35377742094,15899.227913480223,2026-06-18 15:35:51.349000+00:00,18443.32321153024,2026-06-18 15:37:51.349000+00:00,2,1.8885166666666668,2026-06-18 15:39:44.660000+00:00,409512.436584487,,154017.62799674712,31.010607107897403,8.052177436850785
019edc7c-d587-7e07-bb59-9bb6e96b6b8e,9vfRMTdHQMHnQ5MiFN33xg6GLwLXnTAW4tbjS2mypump,Runechain,Runechain,2026-06-18 20:47:09.191000+00:00,17464.585210528203,14383.656514555707,12527.588552251378,15595.04248656237,15595.04248656237,23.0,16,17464.585210528203,12527.588552251378,0.114037,15595.04248656237,23.0,,,16,88,,,19.738928107971,0.0,23.1419793793474,19.738928107971,0.0,23.1419793793474,0.7173138326067631,0.8929523546405893,1.4375,17464.585210528203,12527.588552251378,2026-06-18 20:44:14.536000+00:00,14922.16035636688,2026-06-18 20:46:14.536000+00:00,2,0.9109166666666667,2026-06-18 20:47:09.191000+00:00,65706.42062718244,,39376.00136563568,4.568130541819465,3.7622663140933077
019ed746-4d1e-7c3b-b300-bbda2eb15848,A1srGG2jZFyzT79ksrdZKrz3xFNzA2ckb9FncmtWpump,Boss,Congo Final Boss,2026-06-17 20:29:29.246000+00:00,20074.016372277027,15764.508274709413,13630.95497132835,38334.37910469804,38334.37910469804,27.0,18,20074.016372277027,13630.95497132835,0.19952576666666666,38334.37910469804,27.0,,,18,144,,,11.4133107360088,0.0,24.5151840958255,11.4133107360088,0.0,24.5151840958255,0.6790347640720874,1.9096516807488144,1.5,20074.016372277027,13630.95497132835,2026-06-17 20:24:10.346000+00:00,15099.18876957746,2026-06-17 20:26:10.346000+00:00,2,3.315,2026-06-17 20:29:29.246000+00:00,16238.877786873996,,2660.4559610692213,1.030090980568395,0.8089501117125967
019edd09-1721-7507-8ad5-68153bfc53e7,AWvgKkGymGqupAxS7uufhzTis9XEoLMgBZhctimxpump,VOYAGER,The Sprite Voyager,2026-06-18 23:20:21.025000+00:00,28371.952759221625,12832.712013558414,11759.406259873791,70325.57847157247,70325.57847157247,112.0,63,28371.952759221625,11759.406259873791,0.21483018333333334,70325.57847157247,112.0,,,63,165,,,27.35157686485186,0.0,24.986921000156354,27.35157686485186,0.0,24.986921000156354,0.4144729254158115,2.4787006755717518,1.7777777777777777,28371.952759221625,11759.406259873791,2026-06-18 23:17:20.622000+00:00,15652.85614445088,2026-06-18 23:19:20.622000+00:00,2,1.0067166666666667,2026-06-18 23:20:21.025000+00:00,36382.585203966664,,4281.152104596828,2.8351439014236903,1.2823433590464222
019ed77d-3577-7750-8a9a-a1d95193b3bd,BPQw227L44JsgfPPVnHTEAoebvYsfN5PVxQpZVyK5aoA,Livaković,Dominik Livaković,2026-06-17 21:29:27.671000+00:00,18387.646716770403,13129.705490871422,13046.315171741962,46956.4299742197,46956.4299742197,74.0,58,18387.646716770403,13046.315171741962,0.32818948333333336,46956.4299742197,74.0,,,58,168,,,0.4534166050013,,13.3900536885211,0.4534166050013,,13.3900536885211,0.7095152181623713,2.553694374136154,1.2758620689655173,18387.646716770403,13046.315171741962,2026-06-17 21:25:46.530000+00:00,14488.636203274064,2026-06-17 21:27:46.530000+00:00,2,1.6856833333333334,2026-06-17 21:29:27.671000+00:00,13129.705490871422,,1961.7566504899723,1.0,0.7140503454907315
019ed2cc-52af-7ba7-971c-b4d5d6f513de,BfChhbvFEvjHUXZGC58coM3WnV9JtG1nBCHQ2oY3pump,Yore Coproces,YORO,2026-06-16 23:37:46.415000+00:00,27321.816560286883,17789.493721655344,11902.766814255188,41790.13278298948,41790.13278298948,48.0,22,27321.816560286883,11902.766814255188,0.2106368,41790.13278298948,48.0,,,22,124,,,31.8803935000038,0.0,24.0572427370634,31.8803935000038,0.0,24.0572427370634,0.43565063794316783,1.5295517664712217,2.1818181818181817,27321.816560286883,11902.766814255188,2026-06-16 23:26:23.001000+00:00,19151.252625816178,2026-06-16 23:28:23.001000+00:00,2,9.390233333333333,2026-06-16 23:37:46.415000+00:00,17789.493721655344,,1537.1836606349038,1.0,0.6511094781125546
019ed95a-c394-77b0-95b3-e1a51eeeb5d0,Bh77MrPYg8RRQPZ8kxRUyCCa5VrQzFzqLzdFtBgwpump,Helium,Only Goes Up,2026-06-18 06:11:04.724000+00:00,19795.62641857506,13911.462435687428,13459.170127899559,32970.92513836326,32970.92513836326,31.0,20,19795.62641857506,13459.170127899559,0.4342895666666667,32970.92513836326,31.0,,,20,172,,,9.5925918015292,0.0,27.2896749385221,9.5925918015292,0.0,27.2896749385221,0.6799062501639382,1.6655661428034059,1.55,19795.62641857506,13459.170127899559,2026-06-18 06:08:16.323000+00:00,16188.032237477477,2026-06-18 06:10:16.323000+00:00,2,0.8066833333333334,2026-06-18 06:11:04.724000+00:00,23357.82415714116,,2008.8970259361856,1.6790344124583725,1.1799487252004082
019edd90-d614-7ce6-9ab0-811f95d3aa06,BtcsR6NbtRPoKNNKpS1ZPkk3sYASC83fgmtQJDvdpump,gary,Gary VI,2026-06-19 01:48:37.268000+00:00,16787.08697363968,13546.663609667768,12274.337244658182,55231.36891794262,55231.36891794262,56.0,34,16787.08697363968,12274.337244658182,0.26057328333333335,55231.36891794262,56.0,,,34,98,,,46.0453721092207,0.0,25.9581438694813,46.0453721092207,0.0,25.9581438694813,0.7311773188482462,3.290110369039666,1.6470588235294117,16787.08697363968,12274.337244658182,2026-06-19 01:39:37.133000+00:00,15560.840494698265,2026-06-19 01:41:37.133000+00:00,2,7.00225,2026-06-19 01:48:37.268000+00:00,13546.663609667768,,1935.9840437318899,1.0,0.8069692872229551
019edf80-f20b-755d-891f-74918455077e,BwLS1TLvwb771PyNuyktWyxUDdxpziZ5oGYKgQfNpump,QUACKSSANT,Quackssant,2026-06-19 10:50:30.283000+00:00,18611.497546831222,12098.057458803778,12779.520134925458,58483.58785887636,58483.58785887636,24.0,13,18611.497546831222,12779.520134925458,0.6694226833333333,58483.58785887636,24.0,,,13,206,,,10.2576467588086,0.1138795206461,23.1445058336253,10.2576467588086,0.1138795206461,23.1445058336253,0.6866465260395603,3.142336489136186,1.8461538461538463,18611.497546831222,12779.520134925458,2026-06-19 10:46:39.128000+00:00,14833.14083192242,2026-06-19 10:48:39.128000+00:00,2,1.8525833333333332,2026-06-19 10:50:30.283000+00:00,15838.410542760945,,2799.117745237584,1.30916972387458,0.8510014039927475
019edac1-4e27-7260-8822-0fdbe8eaae11,C1mg2ddme7Hpwjmxngr1AfrwRSmLqL1CVHPzUmapEory,FLKR,FalkorDB,2026-06-18 12:42:42.087000+00:00,142836.6851582975,68936.43136318617,40587.04522343343,201550.24156449575,201550.24156449575,87.0,21,142836.6851582975,40587.04522343343,0.28726495,201550.24156449575,87.0,,,21,280,,,2.3920815316684125,0.0,23.211929071334172,2.3920815316684125,0.0,23.211929071334172,0.284150007951061,1.4110537593415127,4.142857142857143,142836.6851582975,40587.04522343343,2026-06-18 12:23:49.344000+00:00,66882.35136476319,2026-06-18 12:25:49.344000+00:00,2,16.87905,2026-06-18 12:42:42.087000+00:00,1903676.934597519,,1368572.5584200316,27.614962030281877,13.327647113119333
019ed87b-5efa-7ec0-a439-9a5ff4d055a8,C5tcc5ppr9FMBoRCgAPn4w4qQ2vQzRYepdzsfPfxpump,cooking,got something cooking,2026-06-18 02:07:04.442000+00:00,24065.762559618786,14183.794829441757,11071.355527325299,88436.185191242,88436.185191242,166.0,100,24065.762559618786,11071.355527325299,0.3185926333333333,88436.185191242,166.0,,,100,247,,,46.918866687765,13.1036829548891,22.8257919290259,46.918866687765,13.1036829548891,22.8257919290259,0.46004590546000446,3.6747717830322877,1.66,24065.762559618786,11071.355527325299,2026-06-18 02:02:54.519000+00:00,15818.97847946127,2026-06-18 02:04:54.519000+00:00,2,2.165383333333333,2026-06-18 02:07:04.442000+00:00,105503.18205004225,,3721.945956105892,7.4382901979832585,4.383953418832097
019edafe-2dd5-792b-8a0f-c1692d8544e1,CSzHjHF8zLTmWatEZoLYmEnoXPrGhJ8mPe52CoVmpump,AGAIN,"AH SHIT, HERE WE GO AGAIN",2026-06-18 13:49:11.509000+00:00,72842.74084595402,59772.51502508449,19196.45649258026,98164.78496308225,98164.78496308225,119.0,48,72842.74084595402,19196.45649258026,0.3758293833333333,98164.78496308225,119.0,,,48,371,,,2.8727245300749,0.1107153845602,23.5276456425745,2.8727245300749,0.1107153845602,23.5276456425745,0.2635328691595562,1.347626185163442,2.4791666666666665,72842.74084595402,19196.45649258026,2026-06-18 13:38:08.601000+00:00,16472.20792414973,2026-06-18 13:40:08.601000+00:00,2,9.048466666666666,2026-06-18 13:49:11.509000+00:00,71579.3184094145,,22768.73639305394,4.439975568112002,0.9826554791614531
019edd2f-4a3a-72e7-8efd-098c73b1c3a1,CjEVKFx9MZeKcqiZUMBiV817h2F6y7ogqDGuqSsopump,CHEESE,CHEESE,2026-06-19 00:02:04.474000+00:00,274868.0550365109,191458.57978688274,37307.42794468133,93568.087511251,201641.09957984785,116.0,33,274868.0550365109,37307.42794468133,0.16678151666666666,93568.087511251,116.0,,,33,227,,,0.01047870505279052,0.11979292034696504,10.588139857183895,0.01047870505279052,0.11979292034696504,10.588139857183895,0.13572849685906846,0.3404109200642551,3.515151515151515,274868.0550365109,37307.42794468133,2026-06-18 23:02:52.650000+00:00,191059.3540560249,2026-06-18 23:04:52.650000+00:00,2,57.197066666666665,2026-06-19 00:02:04.474000+00:00,196681.3145197501,,50846.76436046166,1.0272786664284301,0.7155480999551759
019ed7f5-4ff7-7151-886d-0350ca72d943,CpzZ2N6p6B48o8zWouwMs2BXFm4nZjh4tzFHpg6tpump,OGAI,Open Generative Ai,2026-06-17 23:40:38.775000+00:00,19705.493794467842,15894.62280402989,13511.382395404018,23918.3152833106,23918.3152833106,47.0,24,19705.493794467842,13511.382395404018,0.21243665,23918.3152833106,47.0,,,24,91,,,23.9390470859939,,27.6331047151357,23.9390470859939,,27.6331047151357,0.6856657608446853,1.2137891865478383,1.9583333333333333,19705.493794467842,13511.382395404018,2026-06-17 23:37:32.664000+00:00,19898.631890031964,2026-06-17 23:39:32.664000+00:00,2,1.10185,2026-06-17 23:40:38.775000+00:00,17919.304146768292,,2476.8786295017026,1.1273815281873232,0.909355752952458
019ed23f-7a88-7bd9-84ef-de458741f3fc,DVWZVVLCjYjtnEnSpBBBUTwQ8ta73hFADiitnKthpump,ANSEM,Coldest Nigga Breathing,2026-06-16 21:03:56.040000+00:00,62664.11172637251,60845.15243689528,18130.01749453531,68551.01634678517,68551.01634678517,171.0,80,62664.11172637251,18130.01749453531,0.24003343333333332,68551.01634678517,171.0,,,80,166,,,39.2433358964962,0.9530216071659,25.353796786909,39.2433358964962,0.9530216071659,25.353796786909,0.2893205855003798,1.0939437974660562,2.1375,62664.11172637251,18130.01749453531,2026-06-16 21:00:16.090000+00:00,28769.93329090763,2026-06-16 21:02:16.090000+00:00,2,1.6658333333333333,2026-06-16 21:03:56.040000+00:00,40937.782019738246,,1894.5776765202272,2.5373089286485726,0.6532891138471109
019ed51e-d7da-7a7c-9fb2-2e9816fbe18d,DicbCpQUfJgBeDHZvcLur6RcF2HgDWagrGkjiXoGpump,Alon,Alon Card,2026-06-17 10:27:08.890000+00:00,20262.238849346035,13263.117347393912,13746.068751046147,22312.87834917082,22312.87834917082,82.0,55,20262.238849346035,13746.068751046147,0.18043515000000002,22312.87834917082,82.0,,,55,117,,,17.782423519261318,0.0,23.734826058488522,17.782423519261318,0.0,23.734826058488522,0.6784081884164445,1.1012049811016302,1.490909090909091,20262.238849346035,13746.068751046147,2026-06-17 10:24:39.344000+00:00,15771.62492994967,2026-06-17 10:26:39.344000+00:00,2,0.49243333333333333,2026-06-17 10:27:08.890000+00:00,16501.279632837974,,1476.053556740086,1.244147902836759,0.8143858018617006
019edd2e-9344-72a4-8f48-f84dbf38e280,ER2hhTpLnV9xgL2hAJmMvYwpFobwYXPkuYNQb9Wopump,Juanita,Merlin's Girlfriend,2026-06-19 00:01:17.636000+00:00,19489.65719824395,13445.481899412998,13220.758959698864,41024.31636031085,41024.31636031085,25.0,18,19489.65719824395,13220.758959698864,0.24575591666666666,41024.31636031085,25.0,,,18,203,,,15.713910205221461,0.0,23.861615454773254,15.713910205221461,0.0,23.861615454773254,0.6783474344992623,2.104927549162189,1.3888888888888888,19489.65719824395,13220.758959698864,2026-06-18 23:56:24.199000+00:00,16504.991503920162,2026-06-18 23:58:24.199000+00:00,2,2.890616666666667,2026-06-19 00:01:17.636000+00:00,18446.00468562349,,11646.836383104393,1.3719110124590481,0.946450955909348
019ed5e3-7c49-719a-8aa7-a13e1bdeaac4,EVVtxoxCaWBVhDdFgo18P1trkG6h8AEvDxnau6YLpump,GOAT,Messi the GOAT,2026-06-17 14:01:56.041000+00:00,26611.89311788994,12780.274210140076,15749.532619400887,52931.51048527293,52931.51048527293,51.0,33,26611.89311788994,15749.532619400887,0.4084152833333333,52931.51048527293,51.0,,,33,265,,,10.888574618377,0.0,17.6652058235951,10.888574618377,0.0,17.6652058235951,0.5918230826206501,1.9890171003914612,1.5454545454545454,26611.89311788994,15749.532619400887,2026-06-17 13:59:40.453000+00:00,16423.187668863204,2026-06-17 14:01:40.453000+00:00,2,0.2598,2026-06-17 14:01:56.041000+00:00,160621.46067396962,,16703.14328119088,12.567919751403295,6.035702156266037
019ee097-a87f-7248-91aa-86f7f31de36e,EoHKjiNy8w2ZcizdGexxsHcTHvDZT44HVGJg7eDUpump,CEX,CEXcoin,2026-06-19 15:54:55.999000+00:00,20382.38459366731,13096.340419676499,13481.218252680956,40655.2950588914,40655.2950588914,27.0,26,20382.38459366731,13481.218252680956,0.10193680000000001,40655.2950588914,27.0,,,26,93,,,15.679849007706016,0.0,28.263713887372024,15.679849007706016,0.0,28.263713887372024,0.6614151641937662,1.9946289832801394,1.0384615384615385,20382.38459366731,13481.218252680956,2026-06-19 15:52:16.139000+00:00,16019.24917936483,2026-06-19 15:54:16.139000+00:00,2,0.6643333333333333,2026-06-19 15:54:55.999000+00:00,28290.94574248655,,3788.5216456256203,2.1602176513357145,1.3880096125394663
019edf45-a80a-7d39-879c-503b2037d16d,F5x2MoFMKF1NNyXznnFfxm7647SW3w2gp8yFB3AVpump,TRACEY,The Crocodile Hero,2026-06-19 09:45:44.714000+00:00,28434.58507738659,12308.289275275674,11699.736159929014,48531.911137963,48531.911137963,23.0,12,28434.58507738659,11699.736159929014,0.23823619999999998,48531.911137963,23.0,,,12,184,,,3.8281350638665,0.0,26.1950599736619,3.8281350638665,0.0,26.1950599736619,0.4114614694776595,1.7067916062738464,1.9166666666666667,28434.58507738659,11699.736159929014,2026-06-19 09:27:38.304000+00:00,16394.126844396884,2026-06-19 09:29:38.304000+00:00,2,16.106833333333334,2026-06-19 09:45:44.714000+00:00,57894.46057318283,,8925.794142657187,4.703696775268238,2.036057864590577
019ed2bf-8440-7884-bac9-180f74407de6,FJVis6jGFFiizZ1NSyNdKYHSTnqUWHmM5P3nyco5pump,Meepcat,Meepcat,2026-06-16 23:23:47.136000+00:00,21215.548649678803,13081.774101199904,14176.466704549286,40066.35734350491,40066.35734350491,85.0,54,21215.548649678803,14176.466704549286,0.22755376666666666,40066.35734350491,85.0,,,54,183,,,12.232319769609001,0.0,24.518355108695367,12.232319769609001,0.0,24.518355108695367,0.6682111756164228,1.8885374121169147,1.5740740740740742,21215.548649678803,14176.466704549286,2026-06-16 23:21:36.249000+00:00,16583.652428890244,2026-06-16 23:23:36.249000+00:00,2,0.18145,2026-06-16 23:23:47.136000+00:00,867587.9995214477,,55201.578663541346,66.32036242254554,40.89396950545433
019ed4dc-f30a-748d-96ed-a624f537a827,FKxbCh3egLotiMNFAEMLw8MDQjAVmmEA1LLq7mFvpump,Monaka,もなか,2026-06-17 09:15:10.474000+00:00,21267.765792419264,15939.395527124296,14076.696763632539,47083.21322726514,47083.21322726514,38.0,23,21267.765792419264,14076.696763632539,0.14879208333333332,47083.21322726514,38.0,,,23,202,,,22.3519332938798,0.0,25.0620726798437,22.3519332938798,0.0,25.0620726798437,0.6618794329891516,2.213829778210535,1.6521739130434783,21267.765792419264,14076.696763632539,2026-06-17 09:11:09.291000+00:00,15932.588630174707,2026-06-17 09:13:09.291000+00:00,2,2.0197166666666666,2026-06-17 09:15:10.474000+00:00,36230.24581116803,,3051.6319137639,2.2729999860731547,1.703528530678198
019ed66f-82a1-7a43-ba13-0c623b3e1aa1,FpJfSLANsaPJkRFuFroPqPkYJGyNbXdQ194P499spump,mohammad,mohammad Something,2026-06-17 16:34:52.705000+00:00,23683.25412007015,15329.259627849535,15036.17825495874,82888.68198309364,82888.68198309364,73.0,45,23683.25412007015,15036.17825495874,0.20193901666666667,82888.68198309364,73.0,,,45,249,,,12.0903342237277,0.0343297225649,25.1451600728536,12.0903342237277,0.0343297225649,25.1451600728536,0.6348864973845159,3.499885681370552,1.6222222222222222,23683.25412007015,15036.17825495874,2026-06-17 16:29:08.311000+00:00,17142.74628274183,2026-06-17 16:31:08.311000+00:00,2,3.7399,2026-06-17 16:34:52.705000+00:00,25186.51712185973,,1968.3021474826548,1.6430354585489542,1.0634736676880756
019edaac-3ed4-762a-8a25-bed54fb7e784,FyGmxqqt6Vit6WhXg9rpedyvury8Vt7NNQZwGR5Jpump,DARK,Dark And Darker,2026-06-18 12:19:41.908000+00:00,53532.07504398391,54295.63743582651,16422.808688381087,69847.52045579924,69847.52045579924,58.0,24,53532.07504398391,16422.808688381087,0.32714883333333333,69847.52045579924,58.0,,,24,301,,,11.3466176444371,2.2238257014877,21.1358498865971,11.3466176444371,2.2238257014877,21.1358498865971,0.30678445912824237,1.3047788713291977,2.4166666666666665,53532.07504398391,16422.808688381087,2026-06-18 12:15:02.313000+00:00,26046.978897651305,2026-06-18 12:17:02.313000+00:00,2,2.6599166666666667,2026-06-18 12:19:41.908000+00:00,51337.54375338255,,1483.5782151267306,2.181721839151904,0.9590053012367211
019eddf1-9192-71bc-a630-d35ebd9b6a51,G9QiASU1UxaXXvfJmZ911MDd8pFTjk5cYR5DWMH6pump,MCAT,Mayhem Cat,2026-06-19 03:34:16.722000+00:00,22604.644320678875,14613.943354597772,14190.93447986258,52822.3039789193,52822.3039789193,129.0,78,22604.644320678875,14190.93447986258,0.23997443333333335,52822.3039789193,129.0,,,78,227,,,10.521927850729638,0.0,23.82078714406647,10.521927850729638,0.0,23.82078714406647,0.6277884437615602,2.3367898751053167,1.6538461538461537,22604.644320678875,14190.93447986258,2026-06-19 03:30:30.474000+00:00,16350.246824096246,2026-06-19 03:32:30.474000+00:00,2,1.7708000000000002,2026-06-19 03:34:16.722000+00:00,20279.385837726324,,1418.3923491048513,1.3876737678298252,0.8971335956467411
019ed68e-a4bf-71f3-93cd-4c5579ff6674,GBse64zcyGmPDjS2UseqHCHE2gfCV53cSmvh9axMpump,DIH,dih,2026-06-17 17:08:53.055000+00:00,18590.81598006345,14229.930303244306,13281.404086795044,38352.16547459752,38352.16547459752,27.0,16,18590.81598006345,13281.404086795044,0.24614553333333333,38352.16547459752,27.0,,,16,118,,,13.2081045287822,5.0474552272026,23.6639993751858,13.2081045287822,5.0474552272026,23.6639993751858,0.7144067318528595,2.062962998274303,1.6875,18590.81598006345,13281.404086795044,2026-06-17 16:49:19.175000+00:00,14413.990462299866,2026-06-17 16:51:19.175000+00:00,2,17.564666666666668,2026-06-17 17:08:53.055000+00:00,29087.215724277903,,2226.710833465776,2.0440870126852455,1.5646013470022326
019ed654-5703-7b72-a3fc-5d9278320902,GXB3aNL2ABERkqg8jDkGFnbtuZd2ohnk3fC7sqDZpump,DogTrain,DogTrain,2026-06-17 16:05:12.067000+00:00,17360.09579485747,13003.566174258975,12842.965187196312,42973.24294334835,42973.24294334835,77.0,58,17360.09579485747,12842.965187196312,0.34800316666666664,42973.24294334835,77.0,,,58,128,,,0.0,0.0,16.5308949954778,0.0,0.0,16.5308949954778,0.7397980598125932,2.475403560623104,1.3275862068965518,17360.09579485747,12842.965187196312,2026-06-17 16:02:46.625000+00:00,14062.165217685324,2026-06-17 16:04:46.625000+00:00,2,0.4240333333333333,2026-06-17 16:05:12.067000+00:00,13003.566174258975,,1948.5945433079207,1.0,0.7490492176956179
019ed917-d9c9-7655-a9b6-c5a723c69695,GeBxTNrdan9NSA6kC84ATxh4tM2QUKjni81p7jV2pump,COZUMEL,Cozumel Fox,2026-06-18 04:57:59.497000+00:00,15718.03237319062,13436.957270108724,11991.449677201472,34818.34408422495,34818.34408422495,33.0,20,15718.03237319062,11991.449677201472,0.13736431666666665,34818.34408422495,33.0,,,20,213,,,17.578575056628754,0.0,21.64551879090874,17.578575056628754,0.0,21.64551879090874,0.7629103562386489,2.215184652731259,1.65,15718.03237319062,11991.449677201472,2026-06-18 04:55:45.264000+00:00,17691.149067488142,2026-06-18 04:57:45.264000+00:00,2,0.2372166666666667,2026-06-18 04:57:59.497000+00:00,16520.874925846165,,1997.5326775894027,1.2295101185294226,1.0510778024624068
019edec9-4588-7c82-bc8c-f1e82504e58a,H4U66SohL6XN6LuNN6CN2Cz3TpGK6xdr1rMzaAmFpump,楚德,The Chud Dog,2026-06-19 07:29:53.032000+00:00,18610.186780819233,13103.20207777975,12810.417302623315,39531.61838147904,39531.61838147904,29.0,22,18610.186780819233,12810.417302623315,0.14000523333333334,39531.61838147904,29.0,,,22,160,,,12.038012599519243,0.0,26.373419244453682,12.038012599519243,0.0,26.373419244453682,0.6883551171999248,2.1241924569087445,1.3181818181818181,18610.186780819233,12810.417302623315,2026-06-19 07:27:21.191000+00:00,16175.98062822973,2026-06-19 07:29:21.191000+00:00,2,0.5306833333333334,2026-06-19 07:29:53.032000+00:00,18382.664846142725,,1376.8296632226961,1.4029139394343786,0.9877743336294181
019ed539-c654-7788-a901-f171b59e1662,H5pRCo5YkNrXVTGA8b3wQbAuesYgdePEXzCHsY6YBAGS,EXPERIMENT,THE 24 HOUR EXPERIMENT,2026-06-17 10:56:33.876000+00:00,2353133.887193505,306873.54090441397,20451.577985170436,33734.80703006128,33734.80703006128,100.0,61,2353133.887193505,20451.577985170436,0.08109125,33734.80703006128,100.0,,,61,114,,,,3.1498760802e-06,2.6776926649607735,,3.1498760802e-06,2.6776926649607735,0.00869120881581552,0.014336118830151023,1.639344262295082,2353133.887193505,20451.577985170436,2026-06-17 10:52:43.946000+00:00,459430.1295170926,2026-06-17 10:54:43.946000+00:00,2,1.8321666666666667,2026-06-17 10:56:33.876000+00:00,1215045.3106473885,,110470.10152082228,3.9594332801271226,0.5163519667368046
019edf29-bbd5-7201-8153-87bc8969ba42,Hdda1yxF4e31hxvRExfQRcMvRVFk8VhzuCk6f2mxpump,QWANT,The Qwant,2026-06-19 09:15:14.773000+00:00,21444.591990478973,12449.241558397398,13728.79872947159,49928.30881687697,49928.30881687697,98.0,69,21444.591990478973,13728.79872947159,0.26888805,49928.30881687697,98.0,,,69,233,,,16.8967618593074,0.0,20.82573101929,16.8967618593074,0.0,20.82573101929,0.6401986447476798,2.3282470862138234,1.4202898550724639,21444.591990478973,13728.79872947159,2026-06-19 09:11:25.733000+00:00,19196.680361948067,2026-06-19 09:13:25.733000+00:00,2,1.8173333333333335,2026-06-19 09:15:14.773000+00:00,22547.21645337384,,2061.7338193133837,1.811131734219186,1.051417367296352
019ed867-4ab4-7e36-8848-4e5128ceeb25,Hkb3kxi9VuCGfXME4LFo8HCfJhhnMj6RV1VGTbjmpump,motion,motion,2026-06-18 01:45:08.532000+00:00,17609.15157675294,15152.757699069703,12799.215843269118,33279.2519288775,33279.2519288775,22.0,13,17609.15157675294,12799.215843269118,0.49184273333333334,33279.2519288775,22.0,,,13,106,,,32.3559519553389,0.0,27.1748535829751,32.3559519553389,0.0,27.1748535829751,0.7268502282737033,1.8898838926920103,1.6923076923076923,17609.15157675294,12799.215843269118,2026-06-18 01:41:46.233000+00:00,17057.5443705068,2026-06-18 01:43:46.233000+00:00,2,1.37165,2026-06-18 01:45:08.532000+00:00,22240.298685755595,,2078.884703913947,1.4677393466880968,1.2629966065552274
019ed771-7804-7205-b3da-33a8901dbc11,HkxGeftPi2MKzSysaUhpxixBnn7tWospcRSbnDTTpump,LECHATON,LECHATONCHAIN,2026-06-17 21:16:38.276000+00:00,18676.639941589307,12834.319895138213,13155.034016278565,36244.57602224032,36244.57602224032,58.0,48,18676.639941589307,13155.034016278565,0.6480595499999999,36244.57602224032,58.0,,,48,175,,,1.265293316544,1.4541216977235,21.932463256362,1.265293316544,1.4541216977235,21.932463256362,0.7043576391374778,1.9406368669950411,1.2083333333333333,18676.639941589307,13155.034016278565,2026-06-17 21:14:12.787000+00:00,15392.123026788788,2026-06-17 21:16:12.787000+00:00,2,0.4248166666666667,2026-06-17 21:16:38.276000+00:00,12834.319895138213,,2225.8085509983316,1.0,0.6871857001729008
019ed18a-3bda-73d5-967a-a3da88748627,JAZYu8Kz7epcKeKtCW2mbkwYf1rkaqKZqZgoPFg4pump,MBGA,Make Bagworking Great Again,2026-06-16 17:45:57.978000+00:00,25335.36646588814,15208.147754589105,15450.783961275845,56211.39689310024,56211.39689310024,244.0,164,25335.36646588814,15450.783961275845,0.12098981666666667,56211.39689310024,244.0,,,164,124,,,34.4195015201834,0.0,23.8967706599201,34.4195015201834,0.0,23.8967706599201,0.6098504232050078,2.218692868278972,1.4878048780487805,25335.36646588814,15450.783961275845,2026-06-16 17:43:27.247000+00:00,16314.474664274676,2026-06-16 17:45:27.247000+00:00,2,0.5121833333333333,2026-06-16 17:45:57.978000+00:00,15208.147754589105,,2067.494047366589,1.0,0.6002734468066823
019ed263-055e-7461-bafb-bc3e7b7d549e,VES7YdEc6YMBGSgfeWawdxofnSLLJ9QdvzLA2QVpump,WIF,dogwifhat,2026-06-16 21:42:45.342000+00:00,20443.331758352353,14016.541783220702,13933.089428639561,50672.2313903866,50672.2313903866,21.0,12,20443.331758352353,13933.089428639561,0.28948748333333335,50672.2313903866,21.0,,,12,119,,,5.102607763196,0.0,23.7420687189319,5.102607763196,0.0,23.7420687189319,0.6815469021064554,2.478667958303024,1.75,20443.331758352353,13933.089428639561,2026-06-16 21:23:34.636000+00:00,17429.09680085294,2026-06-16 21:25:34.636000+00:00,2,17.17843333333333,2026-06-16 21:42:45.342000+00:00,14301.921262322101,,2188.164322471023,1.0203601918015919,0.6995885715389268
019edc4a-5a14-7cf1-a01e-c3c8565e1a37,cY435H7F4wcZ4NgWQFM3wUjBDffdb3qdsQST2EVpump,SPEEDYCAT,Speedycat,2026-06-18 19:52:00.788000+00:00,19516.11479186697,13310.01663358081,13192.541514560537,49070.19100779756,49070.19100779756,49.0,18,19516.11479186697,13192.541514560537,0.35250966666666667,49070.19100779756,49.0,,,18,215,,,27.9128750116926,0.0,18.5850493639037,27.9128750116926,0.0,18.5850493639037,0.6759819592810715,2.5143422003362463,2.7222222222222223,19516.11479186697,13192.541514560537,2026-06-18 19:49:51.043000+00:00,17882.042000199264,2026-06-18 19:51:51.043000+00:00,2,0.16241666666666665,2026-06-18 19:52:00.788000+00:00,32438.12110051871,,12261.935030386885,2.437121003942115,1.662119814648599
019ed726-8953-706a-8e8e-20e38fc9b319,iaGJA8Yg2KS4Cf9JirGzXXn6pPBfVoDrSrFHXkspump,HAWK,The Hawk,2026-06-17 19:54:47.507000+00:00,54480.96212479666,53917.2641794857,16701.678992944777,90261.53255545956,178523.7922615937,114.0,35,54480.96212479666,16701.678992944777,0.3938896333333333,90261.53255545956,114.0,,,35,425,,,1.1917237240925485,1.642431786320558,21.573641363763524,1.1917237240925485,1.642431786320558,21.573641363763524,0.306559912702847,1.6567536444878166,3.257142857142857,54480.96212479666,16701.678992944777,2026-06-17 18:16:57.755000+00:00,18423.99647014858,2026-06-17 18:18:57.755000+00:00,2,95.8292,2026-06-17 19:54:47.507000+00:00,18994.681198468166,,2757.430552413875,1.4091847394953547,0.34864804984460546
019ed4ba-c17b-78eb-9ab3-10730df88106,m5HoubAkSxBn5P2ccdv8Pbn5e99dUdLSwcspUwXpump,CHUD,CHUD,2026-06-17 08:37:49.563000+00:00,29975.523437546257,12938.181169967005,12381.488302872496,63194.72303579994,63194.72303579994,187.0,124,29975.523437546257,12381.488302872496,0.09594068333333333,63194.72303579994,187.0,,,124,226,,,11.9559968201619,1.2034035090422,21.665271253814,11.9559968201619,1.2034035090422,21.665271253814,0.41305328090998045,2.108210826325205,1.5080645161290323,29975.523437546257,12381.488302872496,2026-06-17 08:35:16.047000+00:00,15864.3956981173,2026-06-17 08:37:16.047000+00:00,2,0.5586,2026-06-17 08:37:49.563000+00:00,47188.00993167187,,1729.2991658335857,3.6471903826179153,1.5742180459329653
019edd2b-975f-7d62-8767-97e14a3639cb,sBRr1CwcRYW2cE9WFNEhHRam5TVWq2pb8YgMHAFpump,GRIND,Grindscape,2026-06-18 23:58:02.079000+00:00,29037.092201121126,13863.213797037304,11929.249953163659,51089.546781549,51089.546781549,277.0,172,29037.092201121126,11929.249953163659,0.30672631666666667,51089.546781549,277.0,,,172,154,,,39.811801885718,4.2054796010864,21.5588663513895,39.811801885718,4.2054796010864,21.5588663513895,0.41082798065789344,1.7594580899383727,1.6104651162790697,29037.092201121126,11929.249953163659,2026-06-18 23:55:52.212000+00:00,20216.185351699412,2026-06-18 23:57:52.212000+00:00,2,0.16445,2026-06-18 23:58:02.079000+00:00,40198.71700405655,,3544.6776579642615,2.899667969677232,1.3843919606559114
019edc98-5709-7bdc-b984-47611d5b348f,wF4Cdd3h7TYtyKdHN2KD5xmxPasmuMEcLAyqHWVpump,SPDR,Spider Robotics,2026-06-18 21:17:11.817000+00:00,94369.34307868671,87386.7929975993,21844.76345420173,187639.48101756076,187639.48101756076,54.0,24,94369.34307868671,21844.76345420173,0.09241535000000001,187639.48101756076,54.0,,,24,315,,,19.22039261266412,1.816446602290502,24.831802803731925,19.22039261266412,1.816446602290502,24.831802803731925,0.23148156744068046,1.9883520950347602,2.25,94369.34307868671,21844.76345420173,2026-06-18 20:50:54.616000+00:00,21814.64007527414,2026-06-18 20:52:54.616000+00:00,2,24.286683333333333,2026-06-18 21:17:11.817000+00:00,211870.72280428448,,117882.13139830653,16.686135927793952,2.2451223659321564
019edb41-5080-753e-9777-dc9554b2c965,2SMH5d728QGNJCigAZPWJiQR3jmbpXjdNoNZD7FDpump,GTAIFY,GTAification,2026-06-18 15:02:31.296000+00:00,26653.218937388378,15021.087751833778,15605.37903665618,81073.14838125,86184.3032867178,20.0,15,26653.218937388378,15605.37903665618,0.23360413333333332,81073.14838125,20.0,,,15,150,,,4.030094875030266,,23.57267764882845,4.030094875030266,,23.57267764882845,0.5854969740546196,3.0417770015584455,1.3333333333333333,26653.218937388378,15605.37903665618,2026-06-18 14:21:25.921000+00:00,18009.051932517308,2026-06-18 14:24:25.921000+00:00,3,38.08958333333333,2026-06-18 15:02:31.296000+00:00,48684.91401390772,,11798.843178525858,3.241104427205297,1.8266054140880488
019ee042-68ae-737e-82ae-99313e684603,2bJLvamPNX7iTxZwtsu3SL2fLuSgejfB4rxtYeaipump,FATTOO,Fattoo Coin,2026-06-19 14:21:49.102000+00:00,54512.46020263732,54477.33986943682,16390.769995112765,118380.6036481401,118380.6036481401,53.0,21,54512.46020263732,16390.769995112765,0.2843162833333333,118380.6036481401,53.0,,,21,485,,,9.2580450635121,0.5758568756424,17.0762519771114,9.2580450635121,0.5758568756424,17.0762519771114,0.3006793297199193,2.1716246745805985,2.5238095238095237,54512.46020263732,16390.769995112765,2026-06-19 14:13:27.957000+00:00,21933.577396225763,2026-06-19 14:16:27.957000+00:00,3,5.352416666666667,2026-06-19 14:21:49.102000+00:00,71339.44108514584,,2092.4255448915205,5.356444072744525,1.308681369726447
019ed2af-33cd-7013-b9f7-69d57e1c79ae,3ALxU164ur3NtAaMKsPyLm29YLneP2tanw6X6MNSpump,GOOGLE,Google Coin,2026-06-16 23:05:57.965000+00:00,18097.540505451125,14275.23523199268,13115.577618898922,21504.43445491539,21504.43445491539,23.0,14,18097.540505451125,13115.577618898922,0.28310169999999996,21504.43445491539,23.0,,,14,137,,,21.6142906441397,7.5248977883264,24.1340113996838,21.6142906441397,7.5248977883264,24.1340113996838,0.7247160250835413,1.1882517653953077,1.6428571428571428,18097.540505451125,13115.577618898922,2026-06-16 22:55:37.385000+00:00,17876.2860962782,2026-06-16 22:58:37.385000+00:00,3,7.343,2026-06-16 23:05:57.965000+00:00,32795.62815880989,,1712.6877496448542,2.2973791763032088,1.812159400827509
019ed6eb-3e4e-7d82-b109-1748ed2b12a5,3HwB3NUsH4qmDrLo7c1gvEjpWMybrrvxHnmvadPEpump,Memecoin,My Meme Coin,2026-06-17 18:50:01.678000+00:00,66975.70195288851,57203.205205858176,18742.795587046923,92944.22941238256,92944.22941238256,99.0,30,66975.70195288851,18742.795587046923,0.10878431666666667,92944.22941238256,99.0,,,30,319,,,8.9186935638169,3.2319911561333,21.3756999673007,8.9186935638169,3.2319911561333,21.3756999673007,0.2798447054758877,1.3877305754519842,3.3,66975.70195288851,18742.795587046923,2026-06-17 18:42:55.263000+00:00,24511.49208683073,2026-06-17 18:45:55.263000+00:00,3,4.106916666666667,2026-06-17 18:50:01.678000+00:00,52582.45476518343,,1401.149737080373,3.860712419776663,0.7850974791151952
019ed2c5-9ec2-753c-897b-360e43aed78c,3LQGitBLtCWmCZUPMZgyJFonzrHhKAu8VJPpvyEFpump,GLM-5.2,GLM 5.2,2026-06-16 23:30:27.138000+00:00,,13174.750813941491,,33246.82725350733,103520.58436394866,49.0,34,0.0,0.0,0.37258325,33246.82725350733,49.0,,,34,157,,,19.5614518712827,0.0,24.6037069678419,19.5614518712827,0.0,24.6037069678419,,,1.4411764705882353,0.0,0.0,2026-06-16 22:22:57.289000+00:00,21788.265844939466,2026-06-16 22:25:57.289000+00:00,3,64.49748333333334,2026-06-16 23:30:27.138000+00:00,29097.797585668006,,7004.5459344576475,2.208603259112634,1.0
019ed46a-ebf5-78c7-b879-e5b93a200252,3wMNHtTmRjXr8PQC5vEfpLPXoFXbqs9uFjzk41hApump,Sneed,Sneed,2026-06-17 07:10:37.557000+00:00,24810.45920272952,12870.217142888872,15301.374504400741,69593.30204182593,69593.30204182593,21.0,13,24810.45920272952,15301.374504400741,0.10187348333333333,69593.30204182593,21.0,,,13,232,,,12.539617706142357,0.0,21.547179741686723,12.539617706142357,0.0,21.547179741686723,0.6167308061237884,2.804998548119159,1.6153846153846154,24810.45920272952,15301.374504400741,2026-06-17 06:58:36.783000+00:00,16948.86332867951,2026-06-17 07:01:36.783000+00:00,3,9.0129,2026-06-17 07:10:37.557000+00:00,20799.68923070827,,2089.4404344462228,1.616110202320917,0.8383435816625271
019ed6b7-b65b-7a1a-abc0-a74fcd0c5703,4ZQhcqhZ8knh5KAcgC8Tmq3QJ2uzk8TPL3cVkjLopump,ball,ball hat cult,2026-06-17 17:53:44.539000+00:00,25990.889336268752,12942.904032635392,15685.698081513383,51764.64383647788,51764.64383647788,49.0,32,25990.889336268752,15685.698081513383,0.3430203666666667,51764.64383647788,49.0,,,32,264,,,10.5776324997042,0.0,17.3090893244748,10.5776324997042,0.0,17.3090893244748,0.6035075552272433,1.9916457327315604,1.53125,25990.889336268752,15685.698081513383,2026-06-17 17:49:49.305000+00:00,17470.256620825603,2026-06-17 17:52:49.305000+00:00,3,0.9205666666666666,2026-06-17 17:53:44.539000+00:00,27266.332387752005,,1700.5019428160736,2.1066626407026,1.0490726975511164
019ed1f4-145d-7f35-8c6a-7c356e5bdd52,4k6WBtxobSHRrEEkTDQkrpjS9nZnXfpNrGkaZivmpump,币安之死,Binance Death,2026-06-16 19:41:34.685000+00:00,65677.56044028525,65446.153908801185,18582.933191022054,111765.724710872,111765.724710872,59.0,25,65677.56044028525,18582.933191022054,0.41494926666666665,111765.724710872,59.0,,,25,513,,,16.4401721063809,3.275815575262,8.0093685033806,16.4401721063809,3.275815575262,8.0093685033806,0.28294189166660444,1.7017338031684446,2.36,65677.56044028525,18582.933191022054,2026-06-16 19:36:14.738000+00:00,17556.83271627558,2026-06-16 19:39:14.738000+00:00,3,2.33245,2026-06-16 19:41:34.685000+00:00,47952.576708115565,,2246.309481164373,2.677453447884267,0.730121161423384
019ed2ac-1819-7c70-a7da-9eaf5f38a2d2,4wNsn7WNtct8kAhRyPX1qTovYPjFBiJFfoktDWt4pump,ALBERT,Albert the Monkey,2026-06-16 23:02:34.265000+00:00,20577.607221724746,14693.225673600062,19469.741724207477,21367.832917337248,21367.832917337248,32.0,22,20577.607221724746,19469.741724207477,0.17525618333333334,21367.832917337248,32.0,,,22,88,,,11.6623250149974,0.0,20.3014796330707,11.6623250149974,0.0,20.3014796330707,0.9461615976250318,1.03840221494646,1.4545454545454546,20577.607221724746,19469.741724207477,2026-06-16 22:58:29.153000+00:00,18781.950965983764,2026-06-16 23:01:29.153000+00:00,3,1.0852,2026-06-16 23:02:34.265000+00:00,36995.58513870837,,8057.405939370478,2.517866802058305,1.7978565116963838
019edb2a-946e-7468-a3a6-6c8dc7d74a42,5BFtthSpPiD34zZpdbbSzvkFKDkqzCbpKXjrLFrapump,GTAify,GTAification,2026-06-18 14:37:41.358000+00:00,57686.4095032791,62915.3022019825,17286.66099615557,200830.2060397642,200830.2060397642,68.0,22,57686.4095032791,17286.66099615557,0.66175815,200830.2060397642,68.0,,,22,496,,,0.9068564889192082,1.0637028032041564,22.88996335128144,0.9068564889192082,1.0637028032041564,22.88996335128144,0.2996660937126436,3.4814128278923007,3.090909090909091,57686.4095032791,17286.66099615557,2026-06-18 14:21:07.028000+00:00,21310.832173186525,2026-06-18 14:24:07.028000+00:00,3,13.572166666666668,2026-06-18 14:37:41.358000+00:00,79402.62211374022,,2176.7036071149632,4.562469915097875,1.3764528386747088
019ee0cc-5f58-7055-ad95-9bb9db009090,661HKCo3MfE7eeuGTXdUz4JUxiZecWg2cMXU6ACwGQNa,BLOB,Blob,2026-06-19 16:52:30.680000+00:00,18876.005069736108,12602.20804059864,12961.288337001955,65713.9926834849,65713.9926834849,87.0,59,18876.005069736108,12961.288337001955,0.5885378833333333,65713.9926834849,87.0,,,59,207,,,27.587746273927138,0.0,20.38249130971459,27.587746273927138,0.0,20.38249130971459,0.6866542093582495,3.4813506587177243,1.4745762711864407,18876.005069736108,12961.288337001955,2026-06-19 16:47:27.983000+00:00,15640.030907881288,2026-06-19 16:50:27.983000+00:00,3,2.04495,2026-06-19 16:52:30.680000+00:00,12602.20804059864,,2180.982070666806,1.0,0.667631100650834
019ed624-d2f6-7644-aad0-503bd0ea5be6,7BxRGHcmxY1nkCsjiyvjaHDBHecYta7TtE2LEmgEpump,ANIMALS,World Cup Animals,2026-06-17 15:13:18.070000+00:00,19217.59324021231,13203.815679254672,13389.54071351415,77652.68483793168,77652.68483793168,40.0,24,19217.59324021231,13389.54071351415,0.6105066,77652.68483793168,40.0,,,24,163,,,23.045351713773815,0.0,27.89197926885928,23.045351713773815,0.0,27.89197926885928,0.6967334851013959,4.040708108830478,1.6666666666666667,19217.59324021231,13389.54071351415,2026-06-17 15:02:25.424000+00:00,16165.847984841266,2026-06-17 15:05:25.424000+00:00,3,7.877433333333333,2026-06-17 15:13:18.070000+00:00,19665.08195480099,,2495.9598746023175,1.4893484150720167,1.0232853671630597
019ed666-48d8-76f8-83ac-fa23b4615ba2,7fAWyzhRSvrhbTc8QJdfYixEvmmHyxBcRPMpRDmiBAGS,ANSEM,ansem coin,2026-06-17 16:24:48.088000+00:00,581115.8159924594,360151.0007243348,10564.532574518127,95963.07965084,95963.07965084,61.0,25,581115.8159924594,10564.532574518127,0.33072001666666667,95963.07965084,61.0,,,25,253,,,,0.1475055651703784,1.4118258815473668,,0.1475055651703784,1.4118258815473668,0.01817973678185901,0.1651358937580271,2.44,581115.8159924594,10564.532574518127,2026-06-17 16:13:35.492000+00:00,353207.2556716606,2026-06-17 16:16:35.492000+00:00,3,8.209933333333334,2026-06-17 16:24:48.088000+00:00,710383.5532361813,,31908.863635496436,1.9724603063922066,1.222447460017848
019edaa6-1ee6-7738-8801-7d92a7c979f4,84JwffevVW4McuAiTBm5avGA7WXQWTfiTtJTzkgSpump,Cate,Catecoin,2026-06-18 12:13:00.518000+00:00,,13193.971650146426,6027.51631836348,60233.7779718598,60233.7779718598,86.0,47,0.0,6027.51631836348,0.17177836666666665,60233.7779718598,86.0,,,47,214,,,15.165811166632562,0.0,26.283367154773373,15.165811166632562,0.0,26.283367154773373,,,1.8297872340425532,0.0,6027.51631836348,2026-06-18 12:09:51.252000+00:00,18513.224983390402,2026-06-18 12:12:51.252000+00:00,3,0.15443333333333334,2026-06-18 12:13:00.518000+00:00,19093.69467464097,,1347.549407597092,1.44715292566428,1.0
019edbd8-82ed-71b1-8bf4-fc299a674f4e,8Ed8BUEffgNvhA3H8euhbAGvkEvvEQQeYR6zqDXMpump,SATURN,ꜱᴀᴛᴜʀɴ ᴛʜᴇᴏʀʏ,2026-06-18 17:47:40.141000+00:00,24995.724104635647,12344.924539876085,14865.359445708496,52423.64655801824,52423.64655801824,21.0,19,24995.724104635647,14865.359445708496,0.13741443333333334,52423.64655801824,21.0,,,19,151,,,20.1299884677704,0.0,23.5559845269165,20.1299884677704,0.0,23.5559845269165,0.5947160955801878,2.0973045765173843,1.105263157894737,24995.724104635647,14865.359445708496,2026-06-18 17:11:35.839000+00:00,15317.05672567606,2026-06-18 17:14:35.839000+00:00,3,33.0717,2026-06-18 17:47:40.141000+00:00,26607.268222010916,,1237.6339633580508,2.1553204425077834,1.064472791851483
019ed25c-c32b-7538-950a-9c5c7be3b2a7,8SXeSRLStHf4DfzJ5J6yMhmKq4BPCfJVewARvhpEpump,TISM,ThisInvestmentSimplyMoons,2026-06-16 21:35:55.179000+00:00,19137.682875067643,13543.748000299329,13483.769162536628,38516.70286585836,38516.70286585836,97.0,60,19137.682875067643,13483.769162536628,0.31993335,38516.70286585836,97.0,,,60,158,,,18.6539006335306,5.9221647246675,24.2190957668798,18.6539006335306,5.9221647246675,24.2190957668798,0.7045664436264188,2.012610571368464,1.6166666666666667,19137.682875067643,13483.769162536628,2026-06-16 21:32:46.989000+00:00,14704.938918471922,2026-06-16 21:35:46.989000+00:00,3,0.13649999999999998,2026-06-16 21:35:55.179000+00:00,13543.748000299329,,2092.453941451732,1.0,0.7077005136261282
019ee0d4-23cd-7a1f-8285-72d9af4cd7e1,8oGoTGPstdxKqe7EHUsboWbz4rbkaPG4FFX38CKbpump,Cuakssant,Duck Croissant,2026-06-19 17:00:59.725000+00:00,48126.512682579676,58615.021705340136,15382.544116882778,115700.5010907951,115700.5010907951,60.0,24,48126.512682579676,15382.544116882778,0.37037746666666665,115700.5010907951,60.0,,,24,363,,,27.61732147982607,1.8459890726268868,10.722345020721344,27.61732147982607,1.8459890726268868,10.722345020721344,0.31962723371084373,2.4040906901753374,2.5,48126.512682579676,15382.544116882778,2026-06-19 16:54:18.936000+00:00,22129.269247438744,2026-06-19 16:57:18.936000+00:00,3,3.6798166666666665,2026-06-19 17:00:59.725000+00:00,41868.39764707778,,2063.807629475437,2.9085075949107275,0.8699653333126889
019ed22b-0e13-7209-8767-bba6def47056,8x7LJbFzGN7JUfJGHQTh1JhpPKduNWfvSQapQNUCpump,Scooter,Imperooterxbt,2026-06-16 20:41:37.555000+00:00,24982.689128116494,13318.464766206014,15424.958108186167,43213.99407419644,43213.99407419644,84.0,63,24982.689128116494,15424.958108186167,0.34146163333333335,43213.99407419644,84.0,,,63,140,,,27.260579669397,0.0,23.1096982570012,27.260579669397,0.0,23.1096982570012,0.6174258515199758,1.7297575073918572,1.3333333333333333,24982.689128116494,15424.958108186167,2026-06-16 20:38:10.432000+00:00,13699.311342147923,2026-06-16 20:41:10.432000+00:00,3,0.45205,2026-06-16 20:41:37.555000+00:00,75911.84736030325,,6070.002377712546,5.699744579639565,3.03857791172965
019ed82c-a8dd-7e54-a183-4a2c05725b65,94CdDjBAzEEi3waMbD3YKXcKaBkuMvpNSbp5HHaLpump,X,X Coin,2026-06-18 00:41:06.013000+00:00,27130.808989583846,12919.489760703751,15893.630547633282,31534.64796080456,31534.64796080456,33.0,15,27130.808989583846,15893.630547633282,0.28962598333333334,31534.64796080456,33.0,,,15,155,,,20.3490624315603,5.8865287439585,23.8764700557971,20.3490624315603,5.8865287439585,23.8764700557971,0.5858148407493201,1.1623187488773907,2.2,27130.808989583846,15893.630547633282,2026-06-18 00:34:49.791000+00:00,15477.249769140277,2026-06-18 00:37:49.791000+00:00,3,3.270366666666667,2026-06-18 00:41:06.013000+00:00,22379.57157622001,,2217.2480426793522,1.7322333923968332,0.8248766774633242
019ee088-1e99-751c-b48b-7ee4b9166ed0,97G3xuSATggNYUpXmHp8ZNcNYnZmtjdnqHytsFWxpump,elun,elun mesk,2026-06-19 15:37:57.657000+00:00,49111.92636836971,53423.65671914858,15697.639448925791,179512.05815299577,179512.05815299577,258.0,99,49111.92636836971,15697.639448925791,0.3443134666666667,179512.05815299577,258.0,,,99,497,,,20.6391401746606,3.3346380959256,17.4048856138934,20.6391401746606,3.3346380959256,17.4048856138934,0.3196298864594278,3.655162226921109,2.606060606060606,49111.92636836971,15697.639448925791,2026-06-19 15:32:40.289000+00:00,30264.662380775757,2026-06-19 15:35:40.289000+00:00,3,2.2894666666666668,2026-06-19 15:37:57.657000+00:00,121635.5354778585,,66606.80378069775,6.547503123655928,2.476700558750578
019ed4d3-777c-7918-8d9f-4fbf07599163,9JmruaWd8Dscxs1GBVbnckGWWsoVdJwg9DDFGFW9pump,GC,gamercat,2026-06-17 09:04:49.020000+00:00,18036.119337638378,13070.456347529667,12966.110580665432,38667.34218824544,38667.34218824544,57.0,48,18036.119337638378,12966.110580665432,0.22987428333333335,38667.34218824544,57.0,,,48,172,,,12.9551172151156,3.0002552752342,21.3290881179059,12.9551172151156,3.0002552752342,21.3290881179059,0.7188969166780417,2.143883696064992,1.1875,18036.119337638378,12966.110580665432,2026-06-17 09:01:15.175000+00:00,15742.496606596376,2026-06-17 09:04:15.175000+00:00,3,0.5640833333333333,2026-06-17 09:04:49.020000+00:00,25117.493083954567,,1810.421492081661,1.9216997797251207,1.3926218059302002
019edb63-6494-7def-bbda-8f04dcdb7551,9h66V2NiHU3PpviwceSg4KZ7xqStLTDej58o5pdhpump,Vort,Vort,2026-06-18 15:39:44.660000+00:00,50857.35377742094,58396.12576047236,15899.227913480223,87847.78094628404,87847.78094628404,103.0,48,50857.35377742094,15899.227913480223,0.31264216666666667,87847.78094628404,103.0,,,48,373,,,13.3665733439559,2.1937787185811,25.4714939587774,13.3665733439559,2.1937787185811,25.4714939587774,0.31262397141352993,1.7273368435713947,2.1458333333333335,50857.35377742094,15899.227913480223,2026-06-18 15:35:51.349000+00:00,18443.32321153024,2026-06-18 15:38:51.349000+00:00,3,0.8885166666666666,2026-06-18 15:39:44.660000+00:00,409512.436584487,,154017.62799674712,31.010607107897403,8.052177436850785
019edc88-5a9f-74a2-bced-65acb6586d50,9vfRMTdHQMHnQ5MiFN33xg6GLwLXnTAW4tbjS2mypump,Runechain,Runechain,2026-06-18 20:59:44.159000+00:00,25689.53167324072,14383.656514555707,11232.29320101324,42231.7342233641,42231.7342233641,35.0,14,25689.53167324072,11232.29320101324,4.0360371,42231.7342233641,35.0,,,14,171,,,11.147410912049,7.2712374346231,22.9851672502933,11.147410912049,7.2712374346231,22.9851672502933,0.43723230706900207,1.6439277586112802,2.5,25689.53167324072,11232.29320101324,2026-06-18 20:44:14.536000+00:00,14922.16035636688,2026-06-18 20:47:14.536000+00:00,3,12.493716666666668,2026-06-18 20:59:44.159000+00:00,65706.42062718244,,39376.00136563568,4.568130541819465,2.5577118907007934
019ed746-4d1e-7c3b-b300-bbda2eb15848,A1srGG2jZFyzT79ksrdZKrz3xFNzA2ckb9FncmtWpump,Boss,Congo Final Boss,2026-06-17 20:29:29.246000+00:00,20074.016372277027,15764.508274709413,13630.95497132835,38334.37910469804,38334.37910469804,27.0,18,20074.016372277027,13630.95497132835,0.19952576666666666,38334.37910469804,27.0,,,18,144,,,11.4133107360088,0.0,24.5151840958255,11.4133107360088,0.0,24.5151840958255,0.6790347640720874,1.9096516807488144,1.5,20074.016372277027,13630.95497132835,2026-06-17 20:24:10.346000+00:00,15099.18876957746,2026-06-17 20:27:10.346000+00:00,3,2.315,2026-06-17 20:29:29.246000+00:00,16238.877786873996,,2660.4559610692213,1.030090980568395,0.8089501117125967
019edd09-1721-7507-8ad5-68153bfc53e7,AWvgKkGymGqupAxS7uufhzTis9XEoLMgBZhctimxpump,VOYAGER,The Sprite Voyager,2026-06-18 23:20:21.025000+00:00,28371.952759221625,12832.712013558414,11759.406259873791,70325.57847157247,70325.57847157247,112.0,63,28371.952759221625,11759.406259873791,0.21483018333333334,70325.57847157247,112.0,,,63,165,,,27.35157686485186,0.0,24.986921000156354,27.35157686485186,0.0,24.986921000156354,0.4144729254158115,2.4787006755717518,1.7777777777777777,28371.952759221625,11759.406259873791,2026-06-18 23:17:20.622000+00:00,15652.85614445088,2026-06-18 23:20:20.622000+00:00,3,0.006716666666666667,2026-06-18 23:20:21.025000+00:00,36382.585203966664,,4281.152104596828,2.8351439014236903,1.2823433590464222
019ed77d-3577-7750-8a9a-a1d95193b3bd,BPQw227L44JsgfPPVnHTEAoebvYsfN5PVxQpZVyK5aoA,Livaković,Dominik Livaković,2026-06-17 21:29:27.671000+00:00,18387.646716770403,13129.705490871422,13046.315171741962,46956.4299742197,46956.4299742197,74.0,58,18387.646716770403,13046.315171741962,0.32818948333333336,46956.4299742197,74.0,,,58,168,,,0.4534166050013,,13.3900536885211,0.4534166050013,,13.3900536885211,0.7095152181623713,2.553694374136154,1.2758620689655173,18387.646716770403,13046.315171741962,2026-06-17 21:25:46.530000+00:00,14488.636203274064,2026-06-17 21:28:46.530000+00:00,3,0.6856833333333333,2026-06-17 21:29:27.671000+00:00,13129.705490871422,,1961.7566504899723,1.0,0.7140503454907315
019ed2cc-52af-7ba7-971c-b4d5d6f513de,BfChhbvFEvjHUXZGC58coM3WnV9JtG1nBCHQ2oY3pump,Yore Coproces,YORO,2026-06-16 23:37:46.415000+00:00,27321.816560286883,17789.493721655344,11902.766814255188,41790.13278298948,41790.13278298948,48.0,22,27321.816560286883,11902.766814255188,0.2106368,41790.13278298948,48.0,,,22,124,,,31.8803935000038,0.0,24.0572427370634,31.8803935000038,0.0,24.0572427370634,0.43565063794316783,1.5295517664712217,2.1818181818181817,27321.816560286883,11902.766814255188,2026-06-16 23:26:23.001000+00:00,19151.252625816178,2026-06-16 23:29:23.001000+00:00,3,8.390233333333333,2026-06-16 23:37:46.415000+00:00,17789.493721655344,,1537.1836606349038,1.0,0.6511094781125546
019ed95f-508e-7530-a71b-223dac759cc4,Bh77MrPYg8RRQPZ8kxRUyCCa5VrQzFzqLzdFtBgwpump,Helium,Only Goes Up,2026-06-18 06:16:02.958000+00:00,22814.65147128931,13911.462435687428,14439.940748361947,43500.3512174919,43500.3512174919,24.0,17,22814.65147128931,14439.940748361947,0.21676345000000002,43500.3512174919,24.0,,,17,207,,,12.6438059915725,0.0,25.1123294560647,12.6438059915725,0.0,25.1123294560647,0.6329240122968186,1.906684889411269,1.411764705882353,22814.65147128931,14439.940748361947,2026-06-18 06:08:16.323000+00:00,16188.032237477477,2026-06-18 06:11:16.323000+00:00,3,4.7772499999999996,2026-06-18 06:16:02.958000+00:00,23357.82415714116,,2008.8970259361856,1.6790344124583725,1.0238080641527834
019edd90-d614-7ce6-9ab0-811f95d3aa06,BtcsR6NbtRPoKNNKpS1ZPkk3sYASC83fgmtQJDvdpump,gary,Gary VI,2026-06-19 01:48:37.268000+00:00,16787.08697363968,13546.663609667768,12274.337244658182,55231.36891794262,55231.36891794262,56.0,34,16787.08697363968,12274.337244658182,0.26057328333333335,55231.36891794262,56.0,,,34,98,,,46.0453721092207,0.0,25.9581438694813,46.0453721092207,0.0,25.9581438694813,0.7311773188482462,3.290110369039666,1.6470588235294117,16787.08697363968,12274.337244658182,2026-06-19 01:39:37.133000+00:00,15560.840494698265,2026-06-19 01:42:37.133000+00:00,3,6.00225,2026-06-19 01:48:37.268000+00:00,13546.663609667768,,1935.9840437318899,1.0,0.8069692872229551
019edf80-f20b-755d-891f-74918455077e,BwLS1TLvwb771PyNuyktWyxUDdxpziZ5oGYKgQfNpump,QUACKSSANT,Quackssant,2026-06-19 10:50:30.283000+00:00,18611.497546831222,12098.057458803778,12779.520134925458,58483.58785887636,58483.58785887636,24.0,13,18611.497546831222,12779.520134925458,0.6694226833333333,58483.58785887636,24.0,,,13,206,,,10.2576467588086,0.1138795206461,23.1445058336253,10.2576467588086,0.1138795206461,23.1445058336253,0.6866465260395603,3.142336489136186,1.8461538461538463,18611.497546831222,12779.520134925458,2026-06-19 10:46:39.128000+00:00,14833.14083192242,2026-06-19 10:49:39.128000+00:00,3,0.8525833333333334,2026-06-19 10:50:30.283000+00:00,15838.410542760945,,2799.117745237584,1.30916972387458,0.8510014039927475
019edac1-4e27-7260-8822-0fdbe8eaae11,C1mg2ddme7Hpwjmxngr1AfrwRSmLqL1CVHPzUmapEory,FLKR,FalkorDB,2026-06-18 12:42:42.087000+00:00,142836.6851582975,68936.43136318617,40587.04522343343,201550.24156449575,201550.24156449575,87.0,21,142836.6851582975,40587.04522343343,0.28726495,201550.24156449575,87.0,,,21,280,,,2.3920815316684125,0.0,23.211929071334172,2.3920815316684125,0.0,23.211929071334172,0.284150007951061,1.4110537593415127,4.142857142857143,142836.6851582975,40587.04522343343,2026-06-18 12:23:49.344000+00:00,66882.35136476319,2026-06-18 12:26:49.344000+00:00,3,15.879050000000001,2026-06-18 12:42:42.087000+00:00,1903676.934597519,,1368572.5584200316,27.614962030281877,13.327647113119333
019ed87b-5efa-7ec0-a439-9a5ff4d055a8,C5tcc5ppr9FMBoRCgAPn4w4qQ2vQzRYepdzsfPfxpump,cooking,got something cooking,2026-06-18 02:07:04.442000+00:00,24065.762559618786,14183.794829441757,11071.355527325299,88436.185191242,88436.185191242,166.0,100,24065.762559618786,11071.355527325299,0.3185926333333333,88436.185191242,166.0,,,100,247,,,46.918866687765,13.1036829548891,22.8257919290259,46.918866687765,13.1036829548891,22.8257919290259,0.46004590546000446,3.6747717830322877,1.66,24065.762559618786,11071.355527325299,2026-06-18 02:02:54.519000+00:00,15818.97847946127,2026-06-18 02:05:54.519000+00:00,3,1.1653833333333334,2026-06-18 02:07:04.442000+00:00,105503.18205004225,,3721.945956105892,7.4382901979832585,4.383953418832097
019edafe-2dd5-792b-8a0f-c1692d8544e1,CSzHjHF8zLTmWatEZoLYmEnoXPrGhJ8mPe52CoVmpump,AGAIN,"AH SHIT, HERE WE GO AGAIN",2026-06-18 13:49:11.509000+00:00,72842.74084595402,59772.51502508449,19196.45649258026,98164.78496308225,98164.78496308225,119.0,48,72842.74084595402,19196.45649258026,0.3758293833333333,98164.78496308225,119.0,,,48,371,,,2.8727245300749,0.1107153845602,23.5276456425745,2.8727245300749,0.1107153845602,23.5276456425745,0.2635328691595562,1.347626185163442,2.4791666666666665,72842.74084595402,19196.45649258026,2026-06-18 13:38:08.601000+00:00,16472.20792414973,2026-06-18 13:41:08.601000+00:00,3,8.048466666666666,2026-06-18 13:49:11.509000+00:00,71579.3184094145,,22768.73639305394,4.439975568112002,0.9826554791614531
019edd2f-4a3a-72e7-8efd-098c73b1c3a1,CjEVKFx9MZeKcqiZUMBiV817h2F6y7ogqDGuqSsopump,CHEESE,CHEESE,2026-06-19 00:02:04.474000+00:00,274868.0550365109,191458.57978688274,37307.42794468133,93568.087511251,201641.09957984785,116.0,33,274868.0550365109,37307.42794468133,0.16678151666666666,93568.087511251,116.0,,,33,227,,,0.01047870505279052,0.11979292034696504,10.588139857183895,0.01047870505279052,0.11979292034696504,10.588139857183895,0.13572849685906846,0.3404109200642551,3.515151515151515,274868.0550365109,37307.42794468133,2026-06-18 23:02:52.650000+00:00,191059.3540560249,2026-06-18 23:05:52.650000+00:00,3,56.197066666666665,2026-06-19 00:02:04.474000+00:00,196681.3145197501,,50846.76436046166,1.0272786664284301,0.7155480999551759
019ed7f5-4ff7-7151-886d-0350ca72d943,CpzZ2N6p6B48o8zWouwMs2BXFm4nZjh4tzFHpg6tpump,OGAI,Open Generative Ai,2026-06-17 23:40:38.775000+00:00,19705.493794467842,15894.62280402989,13511.382395404018,23918.3152833106,23918.3152833106,47.0,24,19705.493794467842,13511.382395404018,0.21243665,23918.3152833106,47.0,,,24,91,,,23.9390470859939,,27.6331047151357,23.9390470859939,,27.6331047151357,0.6856657608446853,1.2137891865478383,1.9583333333333333,19705.493794467842,13511.382395404018,2026-06-17 23:37:32.664000+00:00,19898.631890031964,2026-06-17 23:40:32.664000+00:00,3,0.10185,2026-06-17 23:40:38.775000+00:00,17919.304146768292,,2476.8786295017026,1.1273815281873232,0.909355752952458
019ed23f-7a88-7bd9-84ef-de458741f3fc,DVWZVVLCjYjtnEnSpBBBUTwQ8ta73hFADiitnKthpump,ANSEM,Coldest Nigga Breathing,2026-06-16 21:03:56.040000+00:00,62664.11172637251,60845.15243689528,18130.01749453531,68551.01634678517,68551.01634678517,171.0,80,62664.11172637251,18130.01749453531,0.24003343333333332,68551.01634678517,171.0,,,80,166,,,39.2433358964962,0.9530216071659,25.353796786909,39.2433358964962,0.9530216071659,25.353796786909,0.2893205855003798,1.0939437974660562,2.1375,62664.11172637251,18130.01749453531,2026-06-16 21:00:16.090000+00:00,28769.93329090763,2026-06-16 21:03:16.090000+00:00,3,0.6658333333333334,2026-06-16 21:03:56.040000+00:00,40937.782019738246,,1894.5776765202272,2.5373089286485726,0.6532891138471109
019edd2e-9344-72a4-8f48-f84dbf38e280,ER2hhTpLnV9xgL2hAJmMvYwpFobwYXPkuYNQb9Wopump,Juanita,Merlin's Girlfriend,2026-06-19 00:01:17.636000+00:00,19489.65719824395,13445.481899412998,13220.758959698864,41024.31636031085,41024.31636031085,25.0,18,19489.65719824395,13220.758959698864,0.24575591666666666,41024.31636031085,25.0,,,18,203,,,15.713910205221461,0.0,23.861615454773254,15.713910205221461,0.0,23.861615454773254,0.6783474344992623,2.104927549162189,1.3888888888888888,19489.65719824395,13220.758959698864,2026-06-18 23:56:24.199000+00:00,16504.991503920162,2026-06-18 23:59:24.199000+00:00,3,1.8906166666666666,2026-06-19 00:01:17.636000+00:00,18446.00468562349,,11646.836383104393,1.3719110124590481,0.946450955909348
019ed5e4-87e7-7ba1-8ee4-5b6fbc71e837,EVVtxoxCaWBVhDdFgo18P1trkG6h8AEvDxnau6YLpump,GOAT,Messi the GOAT,2026-06-17 14:03:04.551000+00:00,31803.190363573493,12780.274210140076,12727.103528337222,64809.29060699368,64809.29060699368,67.0,43,31803.190363573493,12727.103528337222,0.3256928333333333,64809.29060699368,67.0,,,43,317,,,6.6477274559233,2.3820322587405,17.896079925731,6.6477274559233,2.3820322587405,17.896079925731,0.40018323265185685,2.0378235600295143,1.558139534883721,31803.190363573493,12727.103528337222,2026-06-17 13:59:40.453000+00:00,16423.187668863204,2026-06-17 14:02:40.453000+00:00,3,0.40163333333333334,2026-06-17 14:03:04.551000+00:00,160621.46067396962,,16703.14328119088,12.567919751403295,5.050482635161693
019ee098-1d3d-7ed4-9907-1e0900e51b3a,EoHKjiNy8w2ZcizdGexxsHcTHvDZT44HVGJg7eDUpump,CEX,CEXcoin,2026-06-19 15:55:25.885000+00:00,21662.593673565796,13096.340419676499,13898.113118399177,42525.64140217332,42525.64140217332,44.0,35,21662.593673565796,13898.113118399177,0.13363931666666667,42525.64140217332,44.0,,,35,102,,,15.679849007706016,0.0,28.31135836126248,15.679849007706016,0.0,28.31135836126248,0.641571980152987,1.963090941139983,1.2571428571428571,21662.593673565796,13898.113118399177,2026-06-19 15:52:16.139000+00:00,16019.24917936483,2026-06-19 15:55:16.139000+00:00,3,0.16243333333333335,2026-06-19 15:55:25.885000+00:00,28290.94574248655,,3788.5216456256203,2.1602176513357145,1.3059814613523926
019edf45-a80a-7d39-879c-503b2037d16d,F5x2MoFMKF1NNyXznnFfxm7647SW3w2gp8yFB3AVpump,TRACEY,The Crocodile Hero,2026-06-19 09:45:44.714000+00:00,28434.58507738659,12308.289275275674,11699.736159929014,48531.911137963,48531.911137963,23.0,12,28434.58507738659,11699.736159929014,0.23823619999999998,48531.911137963,23.0,,,12,184,,,3.8281350638665,0.0,26.1950599736619,3.8281350638665,0.0,26.1950599736619,0.4114614694776595,1.7067916062738464,1.9166666666666667,28434.58507738659,11699.736159929014,2026-06-19 09:27:38.304000+00:00,16394.126844396884,2026-06-19 09:30:38.304000+00:00,3,15.106833333333332,2026-06-19 09:45:44.714000+00:00,57894.46057318283,,8925.794142657187,4.703696775268238,2.036057864590577
019ed2d0-6b6c-78cc-aeaf-1398a52bcef3,FJVis6jGFFiizZ1NSyNdKYHSTnqUWHmM5P3nyco5pump,Meepcat,Meepcat,2026-06-16 23:42:14.892000+00:00,22789.049870245235,13081.774101199904,14701.764405926962,79610.2192268885,79610.2192268885,41.0,21,22789.049870245235,14701.764405926962,0.3426098,79610.2192268885,41.0,,,21,142,,,11.005548576337755,0.0,29.575266679032303,11.005548576337755,0.0,29.575266679032303,0.6451240613204536,3.4933540310003193,1.9523809523809523,22789.049870245235,14701.764405926962,2026-06-16 23:21:36.249000+00:00,16583.652428890244,2026-06-16 23:24:36.249000+00:00,3,17.64405,2026-06-16 23:42:14.892000+00:00,867587.9995214477,,55201.578663541346,66.32036242254554,38.070389264197594
019ed4dc-f30a-748d-96ed-a624f537a827,FKxbCh3egLotiMNFAEMLw8MDQjAVmmEA1LLq7mFvpump,Monaka,もなか,2026-06-17 09:15:10.474000+00:00,21267.765792419264,15939.395527124296,14076.696763632539,47083.21322726514,47083.21322726514,38.0,23,21267.765792419264,14076.696763632539,0.14879208333333332,47083.21322726514,38.0,,,23,202,,,22.3519332938798,0.0,25.0620726798437,22.3519332938798,0.0,25.0620726798437,0.6618794329891516,2.213829778210535,1.6521739130434783,21267.765792419264,14076.696763632539,2026-06-17 09:11:09.291000+00:00,15932.588630174707,2026-06-17 09:14:09.291000+00:00,3,1.0197166666666666,2026-06-17 09:15:10.474000+00:00,36230.24581116803,,3051.6319137639,2.2729999860731547,1.703528530678198
019ed66f-82a1-7a43-ba13-0c623b3e1aa1,FpJfSLANsaPJkRFuFroPqPkYJGyNbXdQ194P499spump,mohammad,mohammad Something,2026-06-17 16:34:52.705000+00:00,23683.25412007015,15329.259627849535,15036.17825495874,82888.68198309364,82888.68198309364,73.0,45,23683.25412007015,15036.17825495874,0.20193901666666667,82888.68198309364,73.0,,,45,249,,,12.0903342237277,0.0343297225649,25.1451600728536,12.0903342237277,0.0343297225649,25.1451600728536,0.6348864973845159,3.499885681370552,1.6222222222222222,23683.25412007015,15036.17825495874,2026-06-17 16:29:08.311000+00:00,17142.74628274183,2026-06-17 16:32:08.311000+00:00,3,2.7399,2026-06-17 16:34:52.705000+00:00,25186.51712185973,,1968.3021474826548,1.6430354585489542,1.0634736676880756
019edaac-3ed4-762a-8a25-bed54fb7e784,FyGmxqqt6Vit6WhXg9rpedyvury8Vt7NNQZwGR5Jpump,DARK,Dark And Darker,2026-06-18 12:19:41.908000+00:00,53532.07504398391,54295.63743582651,16422.808688381087,69847.52045579924,69847.52045579924,58.0,24,53532.07504398391,16422.808688381087,0.32714883333333333,69847.52045579924,58.0,,,24,301,,,11.3466176444371,2.2238257014877,21.1358498865971,11.3466176444371,2.2238257014877,21.1358498865971,0.30678445912824237,1.3047788713291977,2.4166666666666665,53532.07504398391,16422.808688381087,2026-06-18 12:15:02.313000+00:00,26046.978897651305,2026-06-18 12:18:02.313000+00:00,3,1.6599166666666667,2026-06-18 12:19:41.908000+00:00,51337.54375338255,,1483.5782151267306,2.181721839151904,0.9590053012367211
019eddf1-9192-71bc-a630-d35ebd9b6a51,G9QiASU1UxaXXvfJmZ911MDd8pFTjk5cYR5DWMH6pump,MCAT,Mayhem Cat,2026-06-19 03:34:16.722000+00:00,22604.644320678875,14613.943354597772,14190.93447986258,52822.3039789193,52822.3039789193,129.0,78,22604.644320678875,14190.93447986258,0.23997443333333335,52822.3039789193,129.0,,,78,227,,,10.521927850729638,0.0,23.82078714406647,10.521927850729638,0.0,23.82078714406647,0.6277884437615602,2.3367898751053167,1.6538461538461537,22604.644320678875,14190.93447986258,2026-06-19 03:30:30.474000+00:00,16350.246824096246,2026-06-19 03:33:30.474000+00:00,3,0.7707999999999999,2026-06-19 03:34:16.722000+00:00,20279.385837726324,,1418.3923491048513,1.3876737678298252,0.8971335956467411
019ed68e-a4bf-71f3-93cd-4c5579ff6674,GBse64zcyGmPDjS2UseqHCHE2gfCV53cSmvh9axMpump,DIH,dih,2026-06-17 17:08:53.055000+00:00,18590.81598006345,14229.930303244306,13281.404086795044,38352.16547459752,38352.16547459752,27.0,16,18590.81598006345,13281.404086795044,0.24614553333333333,38352.16547459752,27.0,,,16,118,,,13.2081045287822,5.0474552272026,23.6639993751858,13.2081045287822,5.0474552272026,23.6639993751858,0.7144067318528595,2.062962998274303,1.6875,18590.81598006345,13281.404086795044,2026-06-17 16:49:19.175000+00:00,14413.990462299866,2026-06-17 16:52:19.175000+00:00,3,16.564666666666668,2026-06-17 17:08:53.055000+00:00,29087.215724277903,,2226.710833465776,2.0440870126852455,1.5646013470022326
019eded0-0af3-7b8a-959e-64ebf2d3e89f,H4U66SohL6XN6LuNN6CN2Cz3TpGK6xdr1rMzaAmFpump,楚德,The Chud Dog,2026-06-19 07:37:16.787000+00:00,25668.820272934896,13103.20207777975,15030.668362838813,51836.76952797998,51836.76952797998,27.0,12,25668.820272934896,15030.668362838813,0.2686773,51836.76952797998,27.0,,,12,196,,,12.708593112513176,0.0,26.959825039265144,12.708593112513176,0.0,26.959825039265144,0.5855613231546559,2.019444952156078,2.25,25668.820272934896,15030.668362838813,2026-06-19 07:27:21.191000+00:00,16175.98062822973,2026-06-19 07:30:21.191000+00:00,3,6.9266,2026-06-19 07:37:16.787000+00:00,18382.664846142725,,1376.8296632226961,1.4029139394343786,0.7161476316667866
019ed539-c654-7788-a901-f171b59e1662,H5pRCo5YkNrXVTGA8b3wQbAuesYgdePEXzCHsY6YBAGS,EXPERIMENT,THE 24 HOUR EXPERIMENT,2026-06-17 10:56:33.876000+00:00,2353133.887193505,306873.54090441397,20451.577985170436,33734.80703006128,33734.80703006128,100.0,61,2353133.887193505,20451.577985170436,0.08109125,33734.80703006128,100.0,,,61,114,,,,3.1498760802e-06,2.6776926649607735,,3.1498760802e-06,2.6776926649607735,0.00869120881581552,0.014336118830151023,1.639344262295082,2353133.887193505,20451.577985170436,2026-06-17 10:52:43.946000+00:00,459430.1295170926,2026-06-17 10:55:43.946000+00:00,3,0.8321666666666666,2026-06-17 10:56:33.876000+00:00,1215045.3106473885,,110470.10152082228,3.9594332801271226,0.5163519667368046
019edf29-bbd5-7201-8153-87bc8969ba42,Hdda1yxF4e31hxvRExfQRcMvRVFk8VhzuCk6f2mxpump,QWANT,The Qwant,2026-06-19 09:15:14.773000+00:00,21444.591990478973,12449.241558397398,13728.79872947159,49928.30881687697,49928.30881687697,98.0,69,21444.591990478973,13728.79872947159,0.26888805,49928.30881687697,98.0,,,69,233,,,16.8967618593074,0.0,20.82573101929,16.8967618593074,0.0,20.82573101929,0.6401986447476798,2.3282470862138234,1.4202898550724639,21444.591990478973,13728.79872947159,2026-06-19 09:11:25.733000+00:00,19196.680361948067,2026-06-19 09:14:25.733000+00:00,3,0.8173333333333334,2026-06-19 09:15:14.773000+00:00,22547.21645337384,,2061.7338193133837,1.811131734219186,1.051417367296352
019ed867-4ab4-7e36-8848-4e5128ceeb25,Hkb3kxi9VuCGfXME4LFo8HCfJhhnMj6RV1VGTbjmpump,motion,motion,2026-06-18 01:45:08.532000+00:00,17609.15157675294,15152.757699069703,12799.215843269118,33279.2519288775,33279.2519288775,22.0,13,17609.15157675294,12799.215843269118,0.49184273333333334,33279.2519288775,22.0,,,13,106,,,32.3559519553389,0.0,27.1748535829751,32.3559519553389,0.0,27.1748535829751,0.7268502282737033,1.8898838926920103,1.6923076923076923,17609.15157675294,12799.215843269118,2026-06-18 01:41:46.233000+00:00,17057.5443705068,2026-06-18 01:44:46.233000+00:00,3,0.37165,2026-06-18 01:45:08.532000+00:00,22240.298685755595,,2078.884703913947,1.4677393466880968,1.2629966065552274
019ed775-7d03-7da1-b729-e387162c42d5,HkxGeftPi2MKzSysaUhpxixBnn7tWospcRSbnDTTpump,LECHATON,LECHATONCHAIN,2026-06-17 21:21:01.699000+00:00,22935.414897328224,12834.319895138213,14573.661463933848,48994.68782639886,48994.68782639886,33.0,25,22935.414897328224,14573.661463933848,0.3139391166666667,48994.68782639886,33.0,,,25,180,,,5.0562887385691,0.4165425991711,24.9171142240846,5.0562887385691,0.4165425991711,24.9171142240846,0.635421749690325,2.13620237722869,1.32,22935.414897328224,14573.661463933848,2026-06-17 21:14:12.787000+00:00,15392.123026788788,2026-06-17 21:17:12.787000+00:00,3,3.8152,2026-06-17 21:21:01.699000+00:00,12834.319895138213,,2225.8085509983316,1.0,0.5595852506960011
019ed263-055e-7461-bafb-bc3e7b7d549e,VES7YdEc6YMBGSgfeWawdxofnSLLJ9QdvzLA2QVpump,WIF,dogwifhat,2026-06-16 21:42:45.342000+00:00,20443.331758352353,14016.541783220702,13933.089428639561,50672.2313903866,50672.2313903866,21.0,12,20443.331758352353,13933.089428639561,0.28948748333333335,50672.2313903866,21.0,,,12,119,,,5.102607763196,0.0,23.7420687189319,5.102607763196,0.0,23.7420687189319,0.6815469021064554,2.478667958303024,1.75,20443.331758352353,13933.089428639561,2026-06-16 21:23:34.636000+00:00,17429.09680085294,2026-06-16 21:26:34.636000+00:00,3,16.178433333333334,2026-06-16 21:42:45.342000+00:00,14301.921262322101,,2188.164322471023,1.0203601918015919,0.6995885715389268
019edc5d-fe2f-7cb1-9dbd-f47a0a6e795d,cY435H7F4wcZ4NgWQFM3wUjBDffdb3qdsQST2EVpump,SPEEDYCAT,Speedycat,2026-06-18 20:13:27.983000+00:00,22551.603422716573,13310.01663358081,14221.371624592799,92316.37917558226,92316.37917558226,21.0,12,22551.603422716573,14221.371624592799,0.39768266666666663,92316.37917558226,21.0,,,12,216,,,12.4587436220026,0.0,22.569445379851,12.4587436220026,0.0,22.569445379851,0.6306146555533784,4.0935616614555475,1.75,22551.603422716573,14221.371624592799,2026-06-18 19:49:51.043000+00:00,17882.042000199264,2026-06-18 19:52:51.043000+00:00,3,20.615666666666666,2026-06-18 20:13:27.983000+00:00,32438.12110051871,,12261.935030386885,2.437121003942115,1.43839533236219
019ed726-8953-706a-8e8e-20e38fc9b319,iaGJA8Yg2KS4Cf9JirGzXXn6pPBfVoDrSrFHXkspump,HAWK,The Hawk,2026-06-17 19:54:47.507000+00:00,54480.96212479666,53917.2641794857,16701.678992944777,90261.53255545956,178523.7922615937,114.0,35,54480.96212479666,16701.678992944777,0.3938896333333333,90261.53255545956,114.0,,,35,425,,,1.1917237240925485,1.642431786320558,21.573641363763524,1.1917237240925485,1.642431786320558,21.573641363763524,0.306559912702847,1.6567536444878166,3.257142857142857,54480.96212479666,16701.678992944777,2026-06-17 18:16:57.755000+00:00,18423.99647014858,2026-06-17 18:19:57.755000+00:00,3,94.8292,2026-06-17 19:54:47.507000+00:00,18994.681198468166,,2757.430552413875,1.4091847394953547,0.34864804984460546
019edc98-5709-7bdc-b984-47611d5b348f,wF4Cdd3h7TYtyKdHN2KD5xmxPasmuMEcLAyqHWVpump,SPDR,Spider Robotics,2026-06-18 21:17:11.817000+00:00,94369.34307868671,87386.7929975993,21844.76345420173,187639.48101756076,187639.48101756076,54.0,24,94369.34307868671,21844.76345420173,0.09241535000000001,187639.48101756076,54.0,,,24,315,,,19.22039261266412,1.816446602290502,24.831802803731925,19.22039261266412,1.816446602290502,24.831802803731925,0.23148156744068046,1.9883520950347602,2.25,94369.34307868671,21844.76345420173,2026-06-18 20:50:54.616000+00:00,21814.64007527414,2026-06-18 20:53:54.616000+00:00,3,23.286683333333333,2026-06-18 21:17:11.817000+00:00,211870.72280428448,,117882.13139830653,16.686135927793952,2.2451223659321564
019edb41-5080-753e-9777-dc9554b2c965,2SMH5d728QGNJCigAZPWJiQR3jmbpXjdNoNZD7FDpump,GTAIFY,GTAification,2026-06-18 15:02:31.296000+00:00,26653.218937388378,15021.087751833778,15605.37903665618,81073.14838125,86184.3032867178,20.0,15,26653.218937388378,15605.37903665618,0.23360413333333332,81073.14838125,20.0,,,15,150,,,4.030094875030266,,23.57267764882845,4.030094875030266,,23.57267764882845,0.5854969740546196,3.0417770015584455,1.3333333333333333,26653.218937388378,15605.37903665618,2026-06-18 14:21:25.921000+00:00,18009.051932517308,2026-06-18 14:26:25.921000+00:00,5,36.08958333333333,2026-06-18 15:02:31.296000+00:00,48684.91401390772,,11798.843178525858,3.241104427205297,1.8266054140880488
019ee042-68ae-737e-82ae-99313e684603,2bJLvamPNX7iTxZwtsu3SL2fLuSgejfB4rxtYeaipump,FATTOO,Fattoo Coin,2026-06-19 14:21:49.102000+00:00,54512.46020263732,54477.33986943682,16390.769995112765,118380.6036481401,118380.6036481401,53.0,21,54512.46020263732,16390.769995112765,0.2843162833333333,118380.6036481401,53.0,,,21,485,,,9.2580450635121,0.5758568756424,17.0762519771114,9.2580450635121,0.5758568756424,17.0762519771114,0.3006793297199193,2.1716246745805985,2.5238095238095237,54512.46020263732,16390.769995112765,2026-06-19 14:13:27.957000+00:00,21933.577396225763,2026-06-19 14:18:27.957000+00:00,5,3.352416666666667,2026-06-19 14:21:49.102000+00:00,71339.44108514584,,2092.4255448915205,5.356444072744525,1.308681369726447
019ed2af-33cd-7013-b9f7-69d57e1c79ae,3ALxU164ur3NtAaMKsPyLm29YLneP2tanw6X6MNSpump,GOOGLE,Google Coin,2026-06-16 23:05:57.965000+00:00,18097.540505451125,14275.23523199268,13115.577618898922,21504.43445491539,21504.43445491539,23.0,14,18097.540505451125,13115.577618898922,0.28310169999999996,21504.43445491539,23.0,,,14,137,,,21.6142906441397,7.5248977883264,24.1340113996838,21.6142906441397,7.5248977883264,24.1340113996838,0.7247160250835413,1.1882517653953077,1.6428571428571428,18097.540505451125,13115.577618898922,2026-06-16 22:55:37.385000+00:00,17876.2860962782,2026-06-16 23:00:37.385000+00:00,5,5.343,2026-06-16 23:05:57.965000+00:00,32795.62815880989,,1712.6877496448542,2.2973791763032088,1.812159400827509
019ed6eb-3e4e-7d82-b109-1748ed2b12a5,3HwB3NUsH4qmDrLo7c1gvEjpWMybrrvxHnmvadPEpump,Memecoin,My Meme Coin,2026-06-17 18:50:01.678000+00:00,66975.70195288851,57203.205205858176,18742.795587046923,92944.22941238256,92944.22941238256,99.0,30,66975.70195288851,18742.795587046923,0.10878431666666667,92944.22941238256,99.0,,,30,319,,,8.9186935638169,3.2319911561333,21.3756999673007,8.9186935638169,3.2319911561333,21.3756999673007,0.2798447054758877,1.3877305754519842,3.3,66975.70195288851,18742.795587046923,2026-06-17 18:42:55.263000+00:00,24511.49208683073,2026-06-17 18:47:55.263000+00:00,5,2.1069166666666668,2026-06-17 18:50:01.678000+00:00,52582.45476518343,,1401.149737080373,3.860712419776663,0.7850974791151952
019ed2c5-9ec2-753c-897b-360e43aed78c,3LQGitBLtCWmCZUPMZgyJFonzrHhKAu8VJPpvyEFpump,GLM-5.2,GLM 5.2,2026-06-16 23:30:27.138000+00:00,,13174.750813941491,,33246.82725350733,103520.58436394866,49.0,34,0.0,0.0,0.37258325,33246.82725350733,49.0,,,34,157,,,19.5614518712827,0.0,24.6037069678419,19.5614518712827,0.0,24.6037069678419,,,1.4411764705882353,0.0,0.0,2026-06-16 22:22:57.289000+00:00,21788.265844939466,2026-06-16 22:27:57.289000+00:00,5,62.497483333333335,2026-06-16 23:30:27.138000+00:00,29097.797585668006,,7004.5459344576475,2.208603259112634,1.0
019ed46a-ebf5-78c7-b879-e5b93a200252,3wMNHtTmRjXr8PQC5vEfpLPXoFXbqs9uFjzk41hApump,Sneed,Sneed,2026-06-17 07:10:37.557000+00:00,24810.45920272952,12870.217142888872,15301.374504400741,69593.30204182593,69593.30204182593,21.0,13,24810.45920272952,15301.374504400741,0.10187348333333333,69593.30204182593,21.0,,,13,232,,,12.539617706142357,0.0,21.547179741686723,12.539617706142357,0.0,21.547179741686723,0.6167308061237884,2.804998548119159,1.6153846153846154,24810.45920272952,15301.374504400741,2026-06-17 06:58:36.783000+00:00,16948.86332867951,2026-06-17 07:03:36.783000+00:00,5,7.0129,2026-06-17 07:10:37.557000+00:00,20799.68923070827,,2089.4404344462228,1.616110202320917,0.8383435816625271
019ed6bc-d048-7e39-afb0-f05c3aaf3f52,4ZQhcqhZ8knh5KAcgC8Tmq3QJ2uzk8TPL3cVkjLopump,ball,ball hat cult,2026-06-17 17:59:18.856000+00:00,27715.34506540998,12942.904032635392,16251.753508696693,69961.48126372971,69961.48126372971,25.0,15,27715.34506540998,16251.753508696693,0.2244784333333333,69961.48126372971,25.0,,,15,339,,,8.0710508526644,0.0,16.5580486353531,8.0710508526644,0.0,16.5580486353531,0.5863810632825072,2.5242868562024454,1.6666666666666667,27715.34506540998,16251.753508696693,2026-06-17 17:49:49.305000+00:00,17470.256620825603,2026-06-17 17:54:49.305000+00:00,5,4.492516666666666,2026-06-17 17:59:18.856000+00:00,27266.332387752005,,1700.5019428160736,2.1066626407026,0.9837991308930747
019ed1f4-145d-7f35-8c6a-7c356e5bdd52,4k6WBtxobSHRrEEkTDQkrpjS9nZnXfpNrGkaZivmpump,币安之死,Binance Death,2026-06-16 19:41:34.685000+00:00,65677.56044028525,65446.153908801185,18582.933191022054,111765.724710872,111765.724710872,59.0,25,65677.56044028525,18582.933191022054,0.41494926666666665,111765.724710872,59.0,,,25,513,,,16.4401721063809,3.275815575262,8.0093685033806,16.4401721063809,3.275815575262,8.0093685033806,0.28294189166660444,1.7017338031684446,2.36,65677.56044028525,18582.933191022054,2026-06-16 19:36:14.738000+00:00,17556.83271627558,2026-06-16 19:41:14.738000+00:00,5,0.33244999999999997,2026-06-16 19:41:34.685000+00:00,47952.576708115565,,2246.309481164373,2.677453447884267,0.730121161423384
019ed2f4-abd3-7319-adba-ca5573aeaa74,4wNsn7WNtct8kAhRyPX1qTovYPjFBiJFfoktDWt4pump,ALBERT,Albert the Monkey,2026-06-17 00:21:50.675000+00:00,24039.67537802982,14693.225673600062,21043.85896536934,30501.868802230223,68817.92084255935,35.0,14,24039.67537802982,21043.85896536934,0.27215903333333336,30501.868802230223,35.0,,,14,90,,,7.0508875704149,0.0,21.9584961215377,7.0508875704149,0.0,21.9584961215377,0.8753803299940399,1.268813672505174,2.5,24039.67537802982,21043.85896536934,2026-06-16 22:58:29.153000+00:00,18781.950965983764,2026-06-16 23:03:29.153000+00:00,5,78.3587,2026-06-17 00:21:50.675000+00:00,36995.58513870837,,8057.405939370478,2.517866802058305,1.5389386319467162
019edb2a-946e-7468-a3a6-6c8dc7d74a42,5BFtthSpPiD34zZpdbbSzvkFKDkqzCbpKXjrLFrapump,GTAify,GTAification,2026-06-18 14:37:41.358000+00:00,57686.4095032791,62915.3022019825,17286.66099615557,200830.2060397642,200830.2060397642,68.0,22,57686.4095032791,17286.66099615557,0.66175815,200830.2060397642,68.0,,,22,496,,,0.9068564889192082,1.0637028032041564,22.88996335128144,0.9068564889192082,1.0637028032041564,22.88996335128144,0.2996660937126436,3.4814128278923007,3.090909090909091,57686.4095032791,17286.66099615557,2026-06-18 14:21:07.028000+00:00,21310.832173186525,2026-06-18 14:26:07.028000+00:00,5,11.572166666666668,2026-06-18 14:37:41.358000+00:00,79402.62211374022,,2176.7036071149632,4.562469915097875,1.3764528386747088
019ee0cc-5f58-7055-ad95-9bb9db009090,661HKCo3MfE7eeuGTXdUz4JUxiZecWg2cMXU6ACwGQNa,BLOB,Blob,2026-06-19 16:52:30.680000+00:00,18876.005069736108,12602.20804059864,12961.288337001955,65713.9926834849,65713.9926834849,87.0,59,18876.005069736108,12961.288337001955,0.5885378833333333,65713.9926834849,87.0,,,59,207,,,27.587746273927138,0.0,20.38249130971459,27.587746273927138,0.0,20.38249130971459,0.6866542093582495,3.4813506587177243,1.4745762711864407,18876.005069736108,12961.288337001955,2026-06-19 16:47:27.983000+00:00,15640.030907881288,2026-06-19 16:52:27.983000+00:00,5,0.044950000000000004,2026-06-19 16:52:30.680000+00:00,12602.20804059864,,2180.982070666806,1.0,0.667631100650834
019ed624-d2f6-7644-aad0-503bd0ea5be6,7BxRGHcmxY1nkCsjiyvjaHDBHecYta7TtE2LEmgEpump,ANIMALS,World Cup Animals,2026-06-17 15:13:18.070000+00:00,19217.59324021231,13203.815679254672,13389.54071351415,77652.68483793168,77652.68483793168,40.0,24,19217.59324021231,13389.54071351415,0.6105066,77652.68483793168,40.0,,,24,163,,,23.045351713773815,0.0,27.89197926885928,23.045351713773815,0.0,27.89197926885928,0.6967334851013959,4.040708108830478,1.6666666666666667,19217.59324021231,13389.54071351415,2026-06-17 15:02:25.424000+00:00,16165.847984841266,2026-06-17 15:07:25.424000+00:00,5,5.877433333333333,2026-06-17 15:13:18.070000+00:00,19665.08195480099,,2495.9598746023175,1.4893484150720167,1.0232853671630597
019ed666-48d8-76f8-83ac-fa23b4615ba2,7fAWyzhRSvrhbTc8QJdfYixEvmmHyxBcRPMpRDmiBAGS,ANSEM,ansem coin,2026-06-17 16:24:48.088000+00:00,581115.8159924594,360151.0007243348,10564.532574518127,95963.07965084,95963.07965084,61.0,25,581115.8159924594,10564.532574518127,0.33072001666666667,95963.07965084,61.0,,,25,253,,,,0.1475055651703784,1.4118258815473668,,0.1475055651703784,1.4118258815473668,0.01817973678185901,0.1651358937580271,2.44,581115.8159924594,10564.532574518127,2026-06-17 16:13:35.492000+00:00,353207.2556716606,2026-06-17 16:18:35.492000+00:00,5,6.209933333333334,2026-06-17 16:24:48.088000+00:00,710383.5532361813,,31908.863635496436,1.9724603063922066,1.222447460017848
019edbd8-82ed-71b1-8bf4-fc299a674f4e,8Ed8BUEffgNvhA3H8euhbAGvkEvvEQQeYR6zqDXMpump,SATURN,ꜱᴀᴛᴜʀɴ ᴛʜᴇᴏʀʏ,2026-06-18 17:47:40.141000+00:00,24995.724104635647,12344.924539876085,14865.359445708496,52423.64655801824,52423.64655801824,21.0,19,24995.724104635647,14865.359445708496,0.13741443333333334,52423.64655801824,21.0,,,19,151,,,20.1299884677704,0.0,23.5559845269165,20.1299884677704,0.0,23.5559845269165,0.5947160955801878,2.0973045765173843,1.105263157894737,24995.724104635647,14865.359445708496,2026-06-18 17:11:35.839000+00:00,15317.05672567606,2026-06-18 17:16:35.839000+00:00,5,31.0717,2026-06-18 17:47:40.141000+00:00,26607.268222010916,,1237.6339633580508,2.1553204425077834,1.064472791851483
019ed25f-339e-72e5-a3b8-b090cf89f90a,8SXeSRLStHf4DfzJ5J6yMhmKq4BPCfJVewARvhpEpump,TISM,ThisInvestmentSimplyMoons,2026-06-16 21:38:35.038000+00:00,26235.62909763002,13543.748000299329,15787.216107525679,61241.79796710325,61241.79796710325,117.0,71,26235.62909763002,15787.216107525679,0.16636731666666668,61241.79796710325,117.0,,,71,235,,,17.0254768327153,5.9221647246675,21.3735614705053,17.0254768327153,5.9221647246675,21.3735614705053,0.6017471907678329,2.334298817047825,1.647887323943662,26235.62909763002,15787.216107525679,2026-06-16 21:32:46.989000+00:00,14704.938918471922,2026-06-16 21:37:46.989000+00:00,5,0.8008166666666666,2026-06-16 21:38:35.038000+00:00,13543.748000299329,,2092.453941451732,1.0,0.5162349242665119
019ee0d4-23cd-7a1f-8285-72d9af4cd7e1,8oGoTGPstdxKqe7EHUsboWbz4rbkaPG4FFX38CKbpump,Cuakssant,Duck Croissant,2026-06-19 17:00:59.725000+00:00,48126.512682579676,58615.021705340136,15382.544116882778,115700.5010907951,115700.5010907951,60.0,24,48126.512682579676,15382.544116882778,0.37037746666666665,115700.5010907951,60.0,,,24,363,,,27.61732147982607,1.8459890726268868,10.722345020721344,27.61732147982607,1.8459890726268868,10.722345020721344,0.31962723371084373,2.4040906901753374,2.5,48126.512682579676,15382.544116882778,2026-06-19 16:54:18.936000+00:00,22129.269247438744,2026-06-19 16:59:18.936000+00:00,5,1.6798166666666667,2026-06-19 17:00:59.725000+00:00,41868.39764707778,,2063.807629475437,2.9085075949107275,0.8699653333126889
019ed29f-89c1-7bbd-ad53-7949769e3b07,8x7LJbFzGN7JUfJGHQTh1JhpPKduNWfvSQapQNUCpump,Scooter,Imperooterxbt,2026-06-16 22:48:51.393000+00:00,68190.12466307366,66944.97015477344,19265.661245555584,193678.98137466263,390052.21120364114,117.0,49,68190.12466307366,19265.661245555584,0.14665376666666669,193678.98137466263,117.0,,,49,394,,,10.7164244737633,0.0,23.6695446416773,10.7164244737633,0.0,23.6695446416773,0.2825286115951088,2.8402790335349506,2.3877551020408165,68190.12466307366,19265.661245555584,2026-06-16 20:38:10.432000+00:00,13699.311342147923,2026-06-16 20:43:10.432000+00:00,5,125.68268333333334,2026-06-16 22:48:51.393000+00:00,75911.84736030325,,6070.002377712546,5.699744579639565,1.1132381372725524
019ed82c-a8dd-7e54-a183-4a2c05725b65,94CdDjBAzEEi3waMbD3YKXcKaBkuMvpNSbp5HHaLpump,X,X Coin,2026-06-18 00:41:06.013000+00:00,27130.808989583846,12919.489760703751,15893.630547633282,31534.64796080456,31534.64796080456,33.0,15,27130.808989583846,15893.630547633282,0.28962598333333334,31534.64796080456,33.0,,,15,155,,,20.3490624315603,5.8865287439585,23.8764700557971,20.3490624315603,5.8865287439585,23.8764700557971,0.5858148407493201,1.1623187488773907,2.2,27130.808989583846,15893.630547633282,2026-06-18 00:34:49.791000+00:00,15477.249769140277,2026-06-18 00:39:49.791000+00:00,5,1.2703666666666666,2026-06-18 00:41:06.013000+00:00,22379.57157622001,,2217.2480426793522,1.7322333923968332,0.8248766774633242
019ee088-1e99-751c-b48b-7ee4b9166ed0,97G3xuSATggNYUpXmHp8ZNcNYnZmtjdnqHytsFWxpump,elun,elun mesk,2026-06-19 15:37:57.657000+00:00,49111.92636836971,53423.65671914858,15697.639448925791,179512.05815299577,179512.05815299577,258.0,99,49111.92636836971,15697.639448925791,0.3443134666666667,179512.05815299577,258.0,,,99,497,,,20.6391401746606,3.3346380959256,17.4048856138934,20.6391401746606,3.3346380959256,17.4048856138934,0.3196298864594278,3.655162226921109,2.606060606060606,49111.92636836971,15697.639448925791,2026-06-19 15:32:40.289000+00:00,30264.662380775757,2026-06-19 15:37:40.289000+00:00,5,0.28946666666666665,2026-06-19 15:37:57.657000+00:00,121635.5354778585,,66606.80378069775,6.547503123655928,2.476700558750578
019ed4d5-74e2-7e44-9ec3-dac970488563,9JmruaWd8Dscxs1GBVbnckGWWsoVdJwg9DDFGFW9pump,GC,gamercat,2026-06-17 09:06:59.426000+00:00,22019.244256370428,13070.456347529667,14319.270684390633,49838.033514234,49838.033514234,58.0,32,22019.244256370428,14319.270684390633,0.3997167833333333,49838.033514234,58.0,,,32,217,,,4.1404680636628,2.7529608280159,23.4314163843759,4.1404680636628,2.7529608280159,23.4314163843759,0.6503070912730303,2.263385288521665,1.8125,22019.244256370428,14319.270684390633,2026-06-17 09:01:15.175000+00:00,15742.496606596376,2026-06-17 09:06:15.175000+00:00,5,0.7375166666666666,2026-06-17 09:06:59.426000+00:00,25117.493083954567,,1810.421492081661,1.9216997797251207,1.1407064107882712
019edb67-bc19-755a-b6e2-5c3e1afc6882,9h66V2NiHU3PpviwceSg4KZ7xqStLTDej58o5pdhpump,Vort,Vort,2026-06-18 15:44:29.209000+00:00,87931.84410951979,58396.12576047236,21039.814487212043,163015.1831537268,163015.1831537268,126.0,44,87931.84410951979,21039.814487212043,0.3026266,163015.1831537268,126.0,,,44,527,,,7.612309506155722,0.8921563747510269,22.709671301208445,7.612309506155722,0.8921563747510269,22.709671301208445,0.23927411849803573,1.8538810917088253,2.8636363636363638,87931.84410951979,21039.814487212043,2026-06-18 15:35:51.349000+00:00,18443.32321153024,2026-06-18 15:40:51.349000+00:00,5,3.6310000000000002,2026-06-18 15:44:29.209000+00:00,409512.436584487,,154017.62799674712,31.010607107897403,4.657157378326287
019edc88-5a9f-74a2-bced-65acb6586d50,9vfRMTdHQMHnQ5MiFN33xg6GLwLXnTAW4tbjS2mypump,Runechain,Runechain,2026-06-18 20:59:44.159000+00:00,25689.53167324072,14383.656514555707,11232.29320101324,42231.7342233641,42231.7342233641,35.0,14,25689.53167324072,11232.29320101324,4.0360371,42231.7342233641,35.0,,,14,171,,,11.147410912049,7.2712374346231,22.9851672502933,11.147410912049,7.2712374346231,22.9851672502933,0.43723230706900207,1.6439277586112802,2.5,25689.53167324072,11232.29320101324,2026-06-18 20:44:14.536000+00:00,14922.16035636688,2026-06-18 20:49:14.536000+00:00,5,10.493716666666668,2026-06-18 20:59:44.159000+00:00,65706.42062718244,,39376.00136563568,4.568130541819465,2.5577118907007934
019ed746-4d1e-7c3b-b300-bbda2eb15848,A1srGG2jZFyzT79ksrdZKrz3xFNzA2ckb9FncmtWpump,Boss,Congo Final Boss,2026-06-17 20:29:29.246000+00:00,20074.016372277027,15764.508274709413,13630.95497132835,38334.37910469804,38334.37910469804,27.0,18,20074.016372277027,13630.95497132835,0.19952576666666666,38334.37910469804,27.0,,,18,144,,,11.4133107360088,0.0,24.5151840958255,11.4133107360088,0.0,24.5151840958255,0.6790347640720874,1.9096516807488144,1.5,20074.016372277027,13630.95497132835,2026-06-17 20:24:10.346000+00:00,15099.18876957746,2026-06-17 20:29:10.346000+00:00,5,0.315,2026-06-17 20:29:29.246000+00:00,16238.877786873996,,2660.4559610692213,1.030090980568395,0.8089501117125967
019ed2cc-52af-7ba7-971c-b4d5d6f513de,BfChhbvFEvjHUXZGC58coM3WnV9JtG1nBCHQ2oY3pump,Yore Coproces,YORO,2026-06-16 23:37:46.415000+00:00,27321.816560286883,17789.493721655344,11902.766814255188,41790.13278298948,41790.13278298948,48.0,22,27321.816560286883,11902.766814255188,0.2106368,41790.13278298948,48.0,,,22,124,,,31.8803935000038,0.0,24.0572427370634,31.8803935000038,0.0,24.0572427370634,0.43565063794316783,1.5295517664712217,2.1818181818181817,27321.816560286883,11902.766814255188,2026-06-16 23:26:23.001000+00:00,19151.252625816178,2026-06-16 23:31:23.001000+00:00,5,6.390233333333333,2026-06-16 23:37:46.415000+00:00,17789.493721655344,,1537.1836606349038,1.0,0.6511094781125546
019ed95f-508e-7530-a71b-223dac759cc4,Bh77MrPYg8RRQPZ8kxRUyCCa5VrQzFzqLzdFtBgwpump,Helium,Only Goes Up,2026-06-18 06:16:02.958000+00:00,22814.65147128931,13911.462435687428,14439.940748361947,43500.3512174919,43500.3512174919,24.0,17,22814.65147128931,14439.940748361947,0.21676345000000002,43500.3512174919,24.0,,,17,207,,,12.6438059915725,0.0,25.1123294560647,12.6438059915725,0.0,25.1123294560647,0.6329240122968186,1.906684889411269,1.411764705882353,22814.65147128931,14439.940748361947,2026-06-18 06:08:16.323000+00:00,16188.032237477477,2026-06-18 06:13:16.323000+00:00,5,2.77725,2026-06-18 06:16:02.958000+00:00,23357.82415714116,,2008.8970259361856,1.6790344124583725,1.0238080641527834
019edd90-d614-7ce6-9ab0-811f95d3aa06,BtcsR6NbtRPoKNNKpS1ZPkk3sYASC83fgmtQJDvdpump,gary,Gary VI,2026-06-19 01:48:37.268000+00:00,16787.08697363968,13546.663609667768,12274.337244658182,55231.36891794262,55231.36891794262,56.0,34,16787.08697363968,12274.337244658182,0.26057328333333335,55231.36891794262,56.0,,,34,98,,,46.0453721092207,0.0,25.9581438694813,46.0453721092207,0.0,25.9581438694813,0.7311773188482462,3.290110369039666,1.6470588235294117,16787.08697363968,12274.337244658182,2026-06-19 01:39:37.133000+00:00,15560.840494698265,2026-06-19 01:44:37.133000+00:00,5,4.00225,2026-06-19 01:48:37.268000+00:00,13546.663609667768,,1935.9840437318899,1.0,0.8069692872229551
019edac1-4e27-7260-8822-0fdbe8eaae11,C1mg2ddme7Hpwjmxngr1AfrwRSmLqL1CVHPzUmapEory,FLKR,FalkorDB,2026-06-18 12:42:42.087000+00:00,142836.6851582975,68936.43136318617,40587.04522343343,201550.24156449575,201550.24156449575,87.0,21,142836.6851582975,40587.04522343343,0.28726495,201550.24156449575,87.0,,,21,280,,,2.3920815316684125,0.0,23.211929071334172,2.3920815316684125,0.0,23.211929071334172,0.284150007951061,1.4110537593415127,4.142857142857143,142836.6851582975,40587.04522343343,2026-06-18 12:23:49.344000+00:00,66882.35136476319,2026-06-18 12:28:49.344000+00:00,5,13.879050000000001,2026-06-18 12:42:42.087000+00:00,1903676.934597519,,1368572.5584200316,27.614962030281877,13.327647113119333
019ed87f-a685-7929-9ac7-ac681164503f,C5tcc5ppr9FMBoRCgAPn4w4qQ2vQzRYepdzsfPfxpump,cooking,got something cooking,2026-06-18 02:11:44.901000+00:00,55203.029585788216,55572.61677174767,16950.340439488893,188191.85046230655,188191.85046230655,175.0,73,55203.029585788216,16950.340439488893,0.3852012166666666,188191.85046230655,175.0,,,73,424,,,30.6441693252293,9.4090339104553,21.6568465750894,30.6441693252293,9.4090339104553,21.6568465750894,0.3070545324536443,3.409085549731418,2.3972602739726026,55203.029585788216,16950.340439488893,2026-06-18 02:02:54.519000+00:00,15818.97847946127,2026-06-18 02:07:54.519000+00:00,5,3.8397,2026-06-18 02:11:44.901000+00:00,105503.18205004225,,3721.945956105892,7.4382901979832585,1.9111846368157228
019edafe-2dd5-792b-8a0f-c1692d8544e1,CSzHjHF8zLTmWatEZoLYmEnoXPrGhJ8mPe52CoVmpump,AGAIN,"AH SHIT, HERE WE GO AGAIN",2026-06-18 13:49:11.509000+00:00,72842.74084595402,59772.51502508449,19196.45649258026,98164.78496308225,98164.78496308225,119.0,48,72842.74084595402,19196.45649258026,0.3758293833333333,98164.78496308225,119.0,,,48,371,,,2.8727245300749,0.1107153845602,23.5276456425745,2.8727245300749,0.1107153845602,23.5276456425745,0.2635328691595562,1.347626185163442,2.4791666666666665,72842.74084595402,19196.45649258026,2026-06-18 13:38:08.601000+00:00,16472.20792414973,2026-06-18 13:43:08.601000+00:00,5,6.048466666666667,2026-06-18 13:49:11.509000+00:00,71579.3184094145,,22768.73639305394,4.439975568112002,0.9826554791614531
019edd2f-4a3a-72e7-8efd-098c73b1c3a1,CjEVKFx9MZeKcqiZUMBiV817h2F6y7ogqDGuqSsopump,CHEESE,CHEESE,2026-06-19 00:02:04.474000+00:00,274868.0550365109,191458.57978688274,37307.42794468133,93568.087511251,201641.09957984785,116.0,33,274868.0550365109,37307.42794468133,0.16678151666666666,93568.087511251,116.0,,,33,227,,,0.01047870505279052,0.11979292034696504,10.588139857183895,0.01047870505279052,0.11979292034696504,10.588139857183895,0.13572849685906846,0.3404109200642551,3.515151515151515,274868.0550365109,37307.42794468133,2026-06-18 23:02:52.650000+00:00,191059.3540560249,2026-06-18 23:07:52.650000+00:00,5,54.197066666666665,2026-06-19 00:02:04.474000+00:00,196681.3145197501,,50846.76436046166,1.0272786664284301,0.7155480999551759
019edd39-7179-7ba6-805e-5ea6b06d6f8f,ER2hhTpLnV9xgL2hAJmMvYwpFobwYXPkuYNQb9Wopump,Juanita,Merlin's Girlfriend,2026-06-19 00:13:09.881000+00:00,23466.18434165586,13445.481899412998,14498.488680927425,72618.68126097624,72618.68126097624,23.0,15,23466.18434165586,14498.488680927425,0.17765751666666668,72618.68126097624,23.0,,,15,261,,,13.441716459748301,0.0,23.78270031000377,13.441716459748301,0.0,23.78270031000377,0.6178460234453421,3.0946096819016127,1.5333333333333334,23466.18434165586,14498.488680927425,2026-06-18 23:56:24.199000+00:00,16504.991503920162,2026-06-19 00:01:24.199000+00:00,5,11.761366666666667,2026-06-19 00:13:09.881000+00:00,18446.00468562349,,11646.836383104393,1.3719110124590481,0.7860674925696878
019ed5fd-ce08-7795-af46-67a387ae1910,EVVtxoxCaWBVhDdFgo18P1trkG6h8AEvDxnau6YLpump,GOAT,Messi the GOAT,2026-06-17 14:30:40.904000+00:00,86841.37535570592,89351.7550787855,21651.45278909591,334721.36519571615,334721.36519571615,71.0,25,86841.37535570592,21651.45278909591,0.5028991666666667,334721.36519571615,71.0,,,25,908,,,2.7671320561956803,0.14392165901624795,15.869892224951496,2.7671320561956803,0.14392165901624795,15.869892224951496,0.24932185493850886,3.854399631796288,2.84,86841.37535570592,21651.45278909591,2026-06-17 13:59:40.453000+00:00,16423.187668863204,2026-06-17 14:04:40.453000+00:00,5,26.007516666666668,2026-06-17 14:30:40.904000+00:00,160621.46067396962,,16703.14328119088,12.567919751403295,1.849596002090678
019ee0b7-b80d-7db4-8b8c-c074032d9ac5,EoHKjiNy8w2ZcizdGexxsHcTHvDZT44HVGJg7eDUpump,CEX,CEXcoin,2026-06-19 16:29:57.133000+00:00,27477.182490351042,13096.340419676499,15670.685016627622,81143.14453171338,81143.14453171338,23.0,13,27477.182490351042,15670.685016627622,0.11841188333333334,81143.14453171338,23.0,,,13,120,,,11.210404463193925,0.0,30.36949030926651,11.210404463193925,0.0,30.36949030926651,0.5703162987009524,2.9531100781605906,1.7692307692307692,27477.182490351042,15670.685016627622,2026-06-19 15:52:16.139000+00:00,16019.24917936483,2026-06-19 15:57:16.139000+00:00,5,32.683233333333334,2026-06-19 16:29:57.133000+00:00,28290.94574248655,,3788.5216456256203,2.1602176513357145,1.0296159641703173
019edf45-a80a-7d39-879c-503b2037d16d,F5x2MoFMKF1NNyXznnFfxm7647SW3w2gp8yFB3AVpump,TRACEY,The Crocodile Hero,2026-06-19 09:45:44.714000+00:00,28434.58507738659,12308.289275275674,11699.736159929014,48531.911137963,48531.911137963,23.0,12,28434.58507738659,11699.736159929014,0.23823619999999998,48531.911137963,23.0,,,12,184,,,3.8281350638665,0.0,26.1950599736619,3.8281350638665,0.0,26.1950599736619,0.4114614694776595,1.7067916062738464,1.9166666666666667,28434.58507738659,11699.736159929014,2026-06-19 09:27:38.304000+00:00,16394.126844396884,2026-06-19 09:32:38.304000+00:00,5,13.106833333333332,2026-06-19 09:45:44.714000+00:00,57894.46057318283,,8925.794142657187,4.703696775268238,2.036057864590577
019ed2d0-6b6c-78cc-aeaf-1398a52bcef3,FJVis6jGFFiizZ1NSyNdKYHSTnqUWHmM5P3nyco5pump,Meepcat,Meepcat,2026-06-16 23:42:14.892000+00:00,22789.049870245235,13081.774101199904,14701.764405926962,79610.2192268885,79610.2192268885,41.0,21,22789.049870245235,14701.764405926962,0.3426098,79610.2192268885,41.0,,,21,142,,,11.005548576337755,0.0,29.575266679032303,11.005548576337755,0.0,29.575266679032303,0.6451240613204536,3.4933540310003193,1.9523809523809523,22789.049870245235,14701.764405926962,2026-06-16 23:21:36.249000+00:00,16583.652428890244,2026-06-16 23:26:36.249000+00:00,5,15.64405,2026-06-16 23:42:14.892000+00:00,867587.9995214477,,55201.578663541346,66.32036242254554,38.070389264197594
019ed4de-b056-777a-87f4-b0a71de92e8e,FKxbCh3egLotiMNFAEMLw8MDQjAVmmEA1LLq7mFvpump,Monaka,もなか,2026-06-17 09:17:04.470000+00:00,24381.74788084655,15939.395527124296,15071.018628340089,55952.7840025852,55952.7840025852,48.0,32,24381.74788084655,15071.018628340089,0.19919223333333333,55952.7840025852,48.0,,,32,252,,,20.9183526337251,0.0,25.6132197667823,20.9183526337251,0.0,25.6132197667823,0.6181270802237832,2.294863529720105,1.5,24381.74788084655,15071.018628340089,2026-06-17 09:11:09.291000+00:00,15932.588630174707,2026-06-17 09:16:09.291000+00:00,5,0.9196500000000001,2026-06-17 09:17:04.470000+00:00,36230.24581116803,,3051.6319137639,2.2729999860731547,1.4859576921320414
019ed66f-82a1-7a43-ba13-0c623b3e1aa1,FpJfSLANsaPJkRFuFroPqPkYJGyNbXdQ194P499spump,mohammad,mohammad Something,2026-06-17 16:34:52.705000+00:00,23683.25412007015,15329.259627849535,15036.17825495874,82888.68198309364,82888.68198309364,73.0,45,23683.25412007015,15036.17825495874,0.20193901666666667,82888.68198309364,73.0,,,45,249,,,12.0903342237277,0.0343297225649,25.1451600728536,12.0903342237277,0.0343297225649,25.1451600728536,0.6348864973845159,3.499885681370552,1.6222222222222222,23683.25412007015,15036.17825495874,2026-06-17 16:29:08.311000+00:00,17142.74628274183,2026-06-17 16:34:08.311000+00:00,5,0.7399,2026-06-17 16:34:52.705000+00:00,25186.51712185973,,1968.3021474826548,1.6430354585489542,1.0634736676880756
019ed68e-a4bf-71f3-93cd-4c5579ff6674,GBse64zcyGmPDjS2UseqHCHE2gfCV53cSmvh9axMpump,DIH,dih,2026-06-17 17:08:53.055000+00:00,18590.81598006345,14229.930303244306,13281.404086795044,38352.16547459752,38352.16547459752,27.0,16,18590.81598006345,13281.404086795044,0.24614553333333333,38352.16547459752,27.0,,,16,118,,,13.2081045287822,5.0474552272026,23.6639993751858,13.2081045287822,5.0474552272026,23.6639993751858,0.7144067318528595,2.062962998274303,1.6875,18590.81598006345,13281.404086795044,2026-06-17 16:49:19.175000+00:00,14413.990462299866,2026-06-17 16:54:19.175000+00:00,5,14.564666666666666,2026-06-17 17:08:53.055000+00:00,29087.215724277903,,2226.710833465776,2.0440870126852455,1.5646013470022326
019eded0-0af3-7b8a-959e-64ebf2d3e89f,H4U66SohL6XN6LuNN6CN2Cz3TpGK6xdr1rMzaAmFpump,楚德,The Chud Dog,2026-06-19 07:37:16.787000+00:00,25668.820272934896,13103.20207777975,15030.668362838813,51836.76952797998,51836.76952797998,27.0,12,25668.820272934896,15030.668362838813,0.2686773,51836.76952797998,27.0,,,12,196,,,12.708593112513176,0.0,26.959825039265144,12.708593112513176,0.0,26.959825039265144,0.5855613231546559,2.019444952156078,2.25,25668.820272934896,15030.668362838813,2026-06-19 07:27:21.191000+00:00,16175.98062822973,2026-06-19 07:32:21.191000+00:00,5,4.9266,2026-06-19 07:37:16.787000+00:00,18382.664846142725,,1376.8296632226961,1.4029139394343786,0.7161476316667866
019ed775-7d03-7da1-b729-e387162c42d5,HkxGeftPi2MKzSysaUhpxixBnn7tWospcRSbnDTTpump,LECHATON,LECHATONCHAIN,2026-06-17 21:21:01.699000+00:00,22935.414897328224,12834.319895138213,14573.661463933848,48994.68782639886,48994.68782639886,33.0,25,22935.414897328224,14573.661463933848,0.3139391166666667,48994.68782639886,33.0,,,25,180,,,5.0562887385691,0.4165425991711,24.9171142240846,5.0562887385691,0.4165425991711,24.9171142240846,0.635421749690325,2.13620237722869,1.32,22935.414897328224,14573.661463933848,2026-06-17 21:14:12.787000+00:00,15392.123026788788,2026-06-17 21:19:12.787000+00:00,5,1.8152000000000001,2026-06-17 21:21:01.699000+00:00,12834.319895138213,,2225.8085509983316,1.0,0.5595852506960011
019ed263-055e-7461-bafb-bc3e7b7d549e,VES7YdEc6YMBGSgfeWawdxofnSLLJ9QdvzLA2QVpump,WIF,dogwifhat,2026-06-16 21:42:45.342000+00:00,20443.331758352353,14016.541783220702,13933.089428639561,50672.2313903866,50672.2313903866,21.0,12,20443.331758352353,13933.089428639561,0.28948748333333335,50672.2313903866,21.0,,,12,119,,,5.102607763196,0.0,23.7420687189319,5.102607763196,0.0,23.7420687189319,0.6815469021064554,2.478667958303024,1.75,20443.331758352353,13933.089428639561,2026-06-16 21:23:34.636000+00:00,17429.09680085294,2026-06-16 21:28:34.636000+00:00,5,14.178433333333334,2026-06-16 21:42:45.342000+00:00,14301.921262322101,,2188.164322471023,1.0203601918015919,0.6995885715389268
019edc5d-fe2f-7cb1-9dbd-f47a0a6e795d,cY435H7F4wcZ4NgWQFM3wUjBDffdb3qdsQST2EVpump,SPEEDYCAT,Speedycat,2026-06-18 20:13:27.983000+00:00,22551.603422716573,13310.01663358081,14221.371624592799,92316.37917558226,92316.37917558226,21.0,12,22551.603422716573,14221.371624592799,0.39768266666666663,92316.37917558226,21.0,,,12,216,,,12.4587436220026,0.0,22.569445379851,12.4587436220026,0.0,22.569445379851,0.6306146555533784,4.0935616614555475,1.75,22551.603422716573,14221.371624592799,2026-06-18 19:49:51.043000+00:00,17882.042000199264,2026-06-18 19:54:51.043000+00:00,5,18.615666666666666,2026-06-18 20:13:27.983000+00:00,32438.12110051871,,12261.935030386885,2.437121003942115,1.43839533236219
019ed726-8953-706a-8e8e-20e38fc9b319,iaGJA8Yg2KS4Cf9JirGzXXn6pPBfVoDrSrFHXkspump,HAWK,The Hawk,2026-06-17 19:54:47.507000+00:00,54480.96212479666,53917.2641794857,16701.678992944777,90261.53255545956,178523.7922615937,114.0,35,54480.96212479666,16701.678992944777,0.3938896333333333,90261.53255545956,114.0,,,35,425,,,1.1917237240925485,1.642431786320558,21.573641363763524,1.1917237240925485,1.642431786320558,21.573641363763524,0.306559912702847,1.6567536444878166,3.257142857142857,54480.96212479666,16701.678992944777,2026-06-17 18:16:57.755000+00:00,18423.99647014858,2026-06-17 18:21:57.755000+00:00,5,92.8292,2026-06-17 19:54:47.507000+00:00,18994.681198468166,,2757.430552413875,1.4091847394953547,0.34864804984460546
019edc98-5709-7bdc-b984-47611d5b348f,wF4Cdd3h7TYtyKdHN2KD5xmxPasmuMEcLAyqHWVpump,SPDR,Spider Robotics,2026-06-18 21:17:11.817000+00:00,94369.34307868671,87386.7929975993,21844.76345420173,187639.48101756076,187639.48101756076,54.0,24,94369.34307868671,21844.76345420173,0.09241535000000001,187639.48101756076,54.0,,,24,315,,,19.22039261266412,1.816446602290502,24.831802803731925,19.22039261266412,1.816446602290502,24.831802803731925,0.23148156744068046,1.9883520950347602,2.25,94369.34307868671,21844.76345420173,2026-06-18 20:50:54.616000+00:00,21814.64007527414,2026-06-18 20:55:54.616000+00:00,5,21.286683333333333,2026-06-18 21:17:11.817000+00:00,211870.72280428448,,117882.13139830653,16.686135927793952,2.2451223659321564
019edb41-5080-753e-9777-dc9554b2c965,2SMH5d728QGNJCigAZPWJiQR3jmbpXjdNoNZD7FDpump,GTAIFY,GTAification,2026-06-18 15:02:31.296000+00:00,26653.218937388378,15021.087751833778,15605.37903665618,81073.14838125,86184.3032867178,20.0,15,26653.218937388378,15605.37903665618,0.23360413333333332,81073.14838125,20.0,,,15,150,,,4.030094875030266,,23.57267764882845,4.030094875030266,,23.57267764882845,0.5854969740546196,3.0417770015584455,1.3333333333333333,26653.218937388378,15605.37903665618,2026-06-18 14:21:25.921000+00:00,18009.051932517308,2026-06-18 14:31:25.921000+00:00,10,31.089583333333334,2026-06-18 15:02:31.296000+00:00,48684.91401390772,,11798.843178525858,3.241104427205297,1.8266054140880488
019ee04c-3242-760a-a45d-0952aa4a5e4b,2bJLvamPNX7iTxZwtsu3SL2fLuSgejfB4rxtYeaipump,FATTOO,Fattoo Coin,2026-06-19 14:32:30.530000+00:00,77496.46262347397,54477.33986943682,19770.82931129134,203577.96790486714,203577.96790486714,61.0,22,77496.46262347397,19770.82931129134,0.39301311666666666,203577.96790486714,61.0,,,22,637,,,6.2159551797645785,0.5062040959951136,16.165185268496508,6.2159551797645785,0.5062040959951136,16.165185268496508,0.25511911953130467,2.6269323916625145,2.772727272727273,77496.46262347397,19770.82931129134,2026-06-19 14:13:27.957000+00:00,21933.577396225763,2026-06-19 14:23:27.957000+00:00,10,9.042883333333332,2026-06-19 14:32:30.530000+00:00,71339.44108514584,,2092.4255448915205,5.356444072744525,0.9205509344569343
019ed2af-33cd-7013-b9f7-69d57e1c79ae,3ALxU164ur3NtAaMKsPyLm29YLneP2tanw6X6MNSpump,GOOGLE,Google Coin,2026-06-16 23:05:57.965000+00:00,18097.540505451125,14275.23523199268,13115.577618898922,21504.43445491539,21504.43445491539,23.0,14,18097.540505451125,13115.577618898922,0.28310169999999996,21504.43445491539,23.0,,,14,137,,,21.6142906441397,7.5248977883264,24.1340113996838,21.6142906441397,7.5248977883264,24.1340113996838,0.7247160250835413,1.1882517653953077,1.6428571428571428,18097.540505451125,13115.577618898922,2026-06-16 22:55:37.385000+00:00,17876.2860962782,2026-06-16 23:05:37.385000+00:00,10,0.34299999999999997,2026-06-16 23:05:57.965000+00:00,32795.62815880989,,1712.6877496448542,2.2973791763032088,1.812159400827509
019ed6f2-e184-7c89-92b9-d53a46f5db7a,3HwB3NUsH4qmDrLo7c1gvEjpWMybrrvxHnmvadPEpump,Memecoin,My Meme Coin,2026-06-17 18:58:22.212000+00:00,69555.61078743197,57203.205205858176,19367.653708113095,222694.9096828302,222694.9096828302,58.0,22,69555.61078743197,19367.653708113095,0.4096496833333333,222694.9096828302,58.0,,,22,549,,,4.465995412766577,0.7483110112549,17.09761298380963,4.465995412766577,0.7483110112549,17.09761298380963,0.2784484743768887,3.2016814626702845,2.6363636363636362,69555.61078743197,19367.653708113095,2026-06-17 18:42:55.263000+00:00,24511.49208683073,2026-06-17 18:52:55.263000+00:00,10,5.44915,2026-06-17 18:58:22.212000+00:00,52582.45476518343,,1401.149737080373,3.860712419776663,0.7559771838663024
019ed2c5-9ec2-753c-897b-360e43aed78c,3LQGitBLtCWmCZUPMZgyJFonzrHhKAu8VJPpvyEFpump,GLM-5.2,GLM 5.2,2026-06-16 23:30:27.138000+00:00,,13174.750813941491,,33246.82725350733,103520.58436394866,49.0,34,0.0,0.0,0.37258325,33246.82725350733,49.0,,,34,157,,,19.5614518712827,0.0,24.6037069678419,19.5614518712827,0.0,24.6037069678419,,,1.4411764705882353,0.0,0.0,2026-06-16 22:22:57.289000+00:00,21788.265844939466,2026-06-16 22:32:57.289000+00:00,10,57.497483333333335,2026-06-16 23:30:27.138000+00:00,29097.797585668006,,7004.5459344576475,2.208603259112634,1.0
019ed46a-ebf5-78c7-b879-e5b93a200252,3wMNHtTmRjXr8PQC5vEfpLPXoFXbqs9uFjzk41hApump,Sneed,Sneed,2026-06-17 07:10:37.557000+00:00,24810.45920272952,12870.217142888872,15301.374504400741,69593.30204182593,69593.30204182593,21.0,13,24810.45920272952,15301.374504400741,0.10187348333333333,69593.30204182593,21.0,,,13,232,,,12.539617706142357,0.0,21.547179741686723,12.539617706142357,0.0,21.547179741686723,0.6167308061237884,2.804998548119159,1.6153846153846154,24810.45920272952,15301.374504400741,2026-06-17 06:58:36.783000+00:00,16948.86332867951,2026-06-17 07:08:36.783000+00:00,10,2.0129,2026-06-17 07:10:37.557000+00:00,20799.68923070827,,2089.4404344462228,1.616110202320917,0.8383435816625271
019ed1f8-c1f0-7ae1-82db-8a083d5f0769,4k6WBtxobSHRrEEkTDQkrpjS9nZnXfpNrGkaZivmpump,币安之死,Binance Death,2026-06-16 19:46:41.264000+00:00,107930.06355501007,65446.153908801185,24124.93097236005,250766.97224903383,250766.97224903383,166.0,66,107930.06355501007,24124.93097236005,0.2710839,250766.97224903383,166.0,,,66,698,,,15.1888018376117,2.4041597622761,8.8946262752896,15.1888018376117,2.4041597622761,8.8946262752896,0.2235237354424793,2.3234209634391836,2.515151515151515,107930.06355501007,24124.93097236005,2026-06-16 19:36:14.738000+00:00,17556.83271627558,2026-06-16 19:46:14.738000+00:00,10,0.4421,2026-06-16 19:46:41.264000+00:00,47952.576708115565,,2246.309481164373,2.677453447884267,0.4442930461508991
019ed2f4-abd3-7319-adba-ca5573aeaa74,4wNsn7WNtct8kAhRyPX1qTovYPjFBiJFfoktDWt4pump,ALBERT,Albert the Monkey,2026-06-17 00:21:50.675000+00:00,24039.67537802982,14693.225673600062,21043.85896536934,30501.868802230223,68817.92084255935,35.0,14,24039.67537802982,21043.85896536934,0.27215903333333336,30501.868802230223,35.0,,,14,90,,,7.0508875704149,0.0,21.9584961215377,7.0508875704149,0.0,21.9584961215377,0.8753803299940399,1.268813672505174,2.5,24039.67537802982,21043.85896536934,2026-06-16 22:58:29.153000+00:00,18781.950965983764,2026-06-16 23:08:29.153000+00:00,10,73.3587,2026-06-17 00:21:50.675000+00:00,36995.58513870837,,8057.405939370478,2.517866802058305,1.5389386319467162
019edb2a-946e-7468-a3a6-6c8dc7d74a42,5BFtthSpPiD34zZpdbbSzvkFKDkqzCbpKXjrLFrapump,GTAify,GTAification,2026-06-18 14:37:41.358000+00:00,57686.4095032791,62915.3022019825,17286.66099615557,200830.2060397642,200830.2060397642,68.0,22,57686.4095032791,17286.66099615557,0.66175815,200830.2060397642,68.0,,,22,496,,,0.9068564889192082,1.0637028032041564,22.88996335128144,0.9068564889192082,1.0637028032041564,22.88996335128144,0.2996660937126436,3.4814128278923007,3.090909090909091,57686.4095032791,17286.66099615557,2026-06-18 14:21:07.028000+00:00,21310.832173186525,2026-06-18 14:31:07.028000+00:00,10,6.572166666666666,2026-06-18 14:37:41.358000+00:00,79402.62211374022,,2176.7036071149632,4.562469915097875,1.3764528386747088
019ed624-d2f6-7644-aad0-503bd0ea5be6,7BxRGHcmxY1nkCsjiyvjaHDBHecYta7TtE2LEmgEpump,ANIMALS,World Cup Animals,2026-06-17 15:13:18.070000+00:00,19217.59324021231,13203.815679254672,13389.54071351415,77652.68483793168,77652.68483793168,40.0,24,19217.59324021231,13389.54071351415,0.6105066,77652.68483793168,40.0,,,24,163,,,23.045351713773815,0.0,27.89197926885928,23.045351713773815,0.0,27.89197926885928,0.6967334851013959,4.040708108830478,1.6666666666666667,19217.59324021231,13389.54071351415,2026-06-17 15:02:25.424000+00:00,16165.847984841266,2026-06-17 15:12:25.424000+00:00,10,0.8774333333333334,2026-06-17 15:13:18.070000+00:00,19665.08195480099,,2495.9598746023175,1.4893484150720167,1.0232853671630597
019ed666-48d8-76f8-83ac-fa23b4615ba2,7fAWyzhRSvrhbTc8QJdfYixEvmmHyxBcRPMpRDmiBAGS,ANSEM,ansem coin,2026-06-17 16:24:48.088000+00:00,581115.8159924594,360151.0007243348,10564.532574518127,95963.07965084,95963.07965084,61.0,25,581115.8159924594,10564.532574518127,0.33072001666666667,95963.07965084,61.0,,,25,253,,,,0.1475055651703784,1.4118258815473668,,0.1475055651703784,1.4118258815473668,0.01817973678185901,0.1651358937580271,2.44,581115.8159924594,10564.532574518127,2026-06-17 16:13:35.492000+00:00,353207.2556716606,2026-06-17 16:23:35.492000+00:00,10,1.2099333333333333,2026-06-17 16:24:48.088000+00:00,710383.5532361813,,31908.863635496436,1.9724603063922066,1.222447460017848
019edbd8-82ed-71b1-8bf4-fc299a674f4e,8Ed8BUEffgNvhA3H8euhbAGvkEvvEQQeYR6zqDXMpump,SATURN,ꜱᴀᴛᴜʀɴ ᴛʜᴇᴏʀʏ,2026-06-18 17:47:40.141000+00:00,24995.724104635647,12344.924539876085,14865.359445708496,52423.64655801824,52423.64655801824,21.0,19,24995.724104635647,14865.359445708496,0.13741443333333334,52423.64655801824,21.0,,,19,151,,,20.1299884677704,0.0,23.5559845269165,20.1299884677704,0.0,23.5559845269165,0.5947160955801878,2.0973045765173843,1.105263157894737,24995.724104635647,14865.359445708496,2026-06-18 17:11:35.839000+00:00,15317.05672567606,2026-06-18 17:21:35.839000+00:00,10,26.0717,2026-06-18 17:47:40.141000+00:00,26607.268222010916,,1237.6339633580508,2.1553204425077834,1.064472791851483
019ed29f-89c1-7bbd-ad53-7949769e3b07,8x7LJbFzGN7JUfJGHQTh1JhpPKduNWfvSQapQNUCpump,Scooter,Imperooterxbt,2026-06-16 22:48:51.393000+00:00,68190.12466307366,66944.97015477344,19265.661245555584,193678.98137466263,390052.21120364114,117.0,49,68190.12466307366,19265.661245555584,0.14665376666666669,193678.98137466263,117.0,,,49,394,,,10.7164244737633,0.0,23.6695446416773,10.7164244737633,0.0,23.6695446416773,0.2825286115951088,2.8402790335349506,2.3877551020408165,68190.12466307366,19265.661245555584,2026-06-16 20:38:10.432000+00:00,13699.311342147923,2026-06-16 20:48:10.432000+00:00,10,120.68268333333334,2026-06-16 22:48:51.393000+00:00,75911.84736030325,,6070.002377712546,5.699744579639565,1.1132381372725524
019ee095-de60-7265-ba78-427e7ca9bfad,97G3xuSATggNYUpXmHp8ZNcNYnZmtjdnqHytsFWxpump,elun,elun mesk,2026-06-19 15:52:58.720000+00:00,77090.9764908551,53423.65671914858,20268.22790747256,414373.13133541984,414373.13133541984,87.0,39,77090.9764908551,20268.22790747256,0.11990593333333334,414373.13133541984,87.0,,,39,738,,,18.645509537321715,0.7366129662578498,16.547613906751177,18.645509537321715,0.7366129662578498,16.547613906751177,0.26291310384266403,5.375118466485825,2.230769230769231,77090.9764908551,20268.22790747256,2026-06-19 15:32:40.289000+00:00,30264.662380775757,2026-06-19 15:42:40.289000+00:00,10,10.307183333333334,2026-06-19 15:52:58.720000+00:00,121635.5354778585,,66606.80378069775,6.547503123655928,1.5778180665838042
019edb69-6413-76df-9f2d-0be2e98e1152,9h66V2NiHU3PpviwceSg4KZ7xqStLTDej58o5pdhpump,Vort,Vort,2026-06-18 15:46:17.747000+00:00,171570.47699202277,58396.12576047236,29631.56305708456,284538.2992384995,284538.2992384995,327.0,91,171570.47699202277,29631.56305708456,0.2455747166666667,284538.2992384995,327.0,,,91,688,,,5.146424573794055,0.22208383073954047,21.922822718077963,5.146424573794055,0.22208383073954047,21.922822718077963,0.1727078199966903,1.6584339230561747,3.5934065934065935,171570.47699202277,29631.56305708456,2026-06-18 15:35:51.349000+00:00,18443.32321153024,2026-06-18 15:45:51.349000+00:00,10,0.4399666666666667,2026-06-18 15:46:17.747000+00:00,409512.436584487,,154017.62799674712,31.010607107897403,2.386846756878384
019edc88-5a9f-74a2-bced-65acb6586d50,9vfRMTdHQMHnQ5MiFN33xg6GLwLXnTAW4tbjS2mypump,Runechain,Runechain,2026-06-18 20:59:44.159000+00:00,25689.53167324072,14383.656514555707,11232.29320101324,42231.7342233641,42231.7342233641,35.0,14,25689.53167324072,11232.29320101324,4.0360371,42231.7342233641,35.0,,,14,171,,,11.147410912049,7.2712374346231,22.9851672502933,11.147410912049,7.2712374346231,22.9851672502933,0.43723230706900207,1.6439277586112802,2.5,25689.53167324072,11232.29320101324,2026-06-18 20:44:14.536000+00:00,14922.16035636688,2026-06-18 20:54:14.536000+00:00,10,5.493716666666667,2026-06-18 20:59:44.159000+00:00,65706.42062718244,,39376.00136563568,4.568130541819465,2.5577118907007934
019ed752-ad4b-7003-9a0f-17004a42fe80,A1srGG2jZFyzT79ksrdZKrz3xFNzA2ckb9FncmtWpump,Boss,Congo Final Boss,2026-06-17 20:43:00.299000+00:00,22761.666700131194,15764.508274709413,14523.415753069332,63066.92921421996,63066.92921421996,51.0,36,22761.666700131194,14523.415753069332,0.34134706666666664,63066.92921421996,51.0,,,36,169,,,9.0773015720849,0.0,26.0024758965349,9.0773015720849,0.0,26.0024758965349,0.6380646876349183,2.770751810273035,1.4166666666666667,22761.666700131194,14523.415753069332,2026-06-17 20:24:10.346000+00:00,15099.18876957746,2026-06-17 20:34:10.346000+00:00,10,8.83255,2026-06-17 20:43:00.299000+00:00,16238.877786873996,,2660.4559610692213,1.030090980568395,0.7134309627150633
019ed2cc-52af-7ba7-971c-b4d5d6f513de,BfChhbvFEvjHUXZGC58coM3WnV9JtG1nBCHQ2oY3pump,Yore Coproces,YORO,2026-06-16 23:37:46.415000+00:00,27321.816560286883,17789.493721655344,11902.766814255188,41790.13278298948,41790.13278298948,48.0,22,27321.816560286883,11902.766814255188,0.2106368,41790.13278298948,48.0,,,22,124,,,31.8803935000038,0.0,24.0572427370634,31.8803935000038,0.0,24.0572427370634,0.43565063794316783,1.5295517664712217,2.1818181818181817,27321.816560286883,11902.766814255188,2026-06-16 23:26:23.001000+00:00,19151.252625816178,2026-06-16 23:36:23.001000+00:00,10,1.3902333333333334,2026-06-16 23:37:46.415000+00:00,17789.493721655344,,1537.1836606349038,1.0,0.6511094781125546
019edac1-4e27-7260-8822-0fdbe8eaae11,C1mg2ddme7Hpwjmxngr1AfrwRSmLqL1CVHPzUmapEory,FLKR,FalkorDB,2026-06-18 12:42:42.087000+00:00,142836.6851582975,68936.43136318617,40587.04522343343,201550.24156449575,201550.24156449575,87.0,21,142836.6851582975,40587.04522343343,0.28726495,201550.24156449575,87.0,,,21,280,,,2.3920815316684125,0.0,23.211929071334172,2.3920815316684125,0.0,23.211929071334172,0.284150007951061,1.4110537593415127,4.142857142857143,142836.6851582975,40587.04522343343,2026-06-18 12:23:49.344000+00:00,66882.35136476319,2026-06-18 12:33:49.344000+00:00,10,8.879050000000001,2026-06-18 12:42:42.087000+00:00,1903676.934597519,,1368572.5584200316,27.614962030281877,13.327647113119333
019ed884-d409-711b-973f-2261ebdf9bd1,C5tcc5ppr9FMBoRCgAPn4w4qQ2vQzRYepdzsfPfxpump,cooking,got something cooking,2026-06-18 02:17:24.233000+00:00,105267.00306673997,55572.61677174767,23858.68919498689,381248.03570806305,381248.03570806305,313.0,110,105267.00306673997,23858.68919498689,0.17029003333333334,381248.03570806305,313.0,,,110,633,,,23.186719401118207,5.2661381324486785,16.98172930583083,23.186719401118207,5.2661381324486785,16.98172930583083,0.2266492680508851,3.6217240407836946,2.8454545454545452,105267.00306673997,23858.68919498689,2026-06-18 02:02:54.519000+00:00,15818.97847946127,2026-06-18 02:12:54.519000+00:00,10,4.495233333333333,2026-06-18 02:17:24.233000+00:00,105503.18205004225,,3721.945956105892,7.4382901979832585,1.002243618383935
019edafe-2dd5-792b-8a0f-c1692d8544e1,CSzHjHF8zLTmWatEZoLYmEnoXPrGhJ8mPe52CoVmpump,AGAIN,"AH SHIT, HERE WE GO AGAIN",2026-06-18 13:49:11.509000+00:00,72842.74084595402,59772.51502508449,19196.45649258026,98164.78496308225,98164.78496308225,119.0,48,72842.74084595402,19196.45649258026,0.3758293833333333,98164.78496308225,119.0,,,48,371,,,2.8727245300749,0.1107153845602,23.5276456425745,2.8727245300749,0.1107153845602,23.5276456425745,0.2635328691595562,1.347626185163442,2.4791666666666665,72842.74084595402,19196.45649258026,2026-06-18 13:38:08.601000+00:00,16472.20792414973,2026-06-18 13:48:08.601000+00:00,10,1.0484666666666667,2026-06-18 13:49:11.509000+00:00,71579.3184094145,,22768.73639305394,4.439975568112002,0.9826554791614531
019edd2f-4a3a-72e7-8efd-098c73b1c3a1,CjEVKFx9MZeKcqiZUMBiV817h2F6y7ogqDGuqSsopump,CHEESE,CHEESE,2026-06-19 00:02:04.474000+00:00,274868.0550365109,191458.57978688274,37307.42794468133,93568.087511251,201641.09957984785,116.0,33,274868.0550365109,37307.42794468133,0.16678151666666666,93568.087511251,116.0,,,33,227,,,0.01047870505279052,0.11979292034696504,10.588139857183895,0.01047870505279052,0.11979292034696504,10.588139857183895,0.13572849685906846,0.3404109200642551,3.515151515151515,274868.0550365109,37307.42794468133,2026-06-18 23:02:52.650000+00:00,191059.3540560249,2026-06-18 23:12:52.650000+00:00,10,49.197066666666665,2026-06-19 00:02:04.474000+00:00,196681.3145197501,,50846.76436046166,1.0272786664284301,0.7155480999551759
019edd39-7179-7ba6-805e-5ea6b06d6f8f,ER2hhTpLnV9xgL2hAJmMvYwpFobwYXPkuYNQb9Wopump,Juanita,Merlin's Girlfriend,2026-06-19 00:13:09.881000+00:00,23466.18434165586,13445.481899412998,14498.488680927425,72618.68126097624,72618.68126097624,23.0,15,23466.18434165586,14498.488680927425,0.17765751666666668,72618.68126097624,23.0,,,15,261,,,13.441716459748301,0.0,23.78270031000377,13.441716459748301,0.0,23.78270031000377,0.6178460234453421,3.0946096819016127,1.5333333333333334,23466.18434165586,14498.488680927425,2026-06-18 23:56:24.199000+00:00,16504.991503920162,2026-06-19 00:06:24.199000+00:00,10,6.7613666666666665,2026-06-19 00:13:09.881000+00:00,18446.00468562349,,11646.836383104393,1.3719110124590481,0.7860674925696878
019ed5fd-ce08-7795-af46-67a387ae1910,EVVtxoxCaWBVhDdFgo18P1trkG6h8AEvDxnau6YLpump,GOAT,Messi the GOAT,2026-06-17 14:30:40.904000+00:00,86841.37535570592,89351.7550787855,21651.45278909591,334721.36519571615,334721.36519571615,71.0,25,86841.37535570592,21651.45278909591,0.5028991666666667,334721.36519571615,71.0,,,25,908,,,2.7671320561956803,0.14392165901624795,15.869892224951496,2.7671320561956803,0.14392165901624795,15.869892224951496,0.24932185493850886,3.854399631796288,2.84,86841.37535570592,21651.45278909591,2026-06-17 13:59:40.453000+00:00,16423.187668863204,2026-06-17 14:09:40.453000+00:00,10,21.007516666666668,2026-06-17 14:30:40.904000+00:00,160621.46067396962,,16703.14328119088,12.567919751403295,1.849596002090678
019ee0b7-b80d-7db4-8b8c-c074032d9ac5,EoHKjiNy8w2ZcizdGexxsHcTHvDZT44HVGJg7eDUpump,CEX,CEXcoin,2026-06-19 16:29:57.133000+00:00,27477.182490351042,13096.340419676499,15670.685016627622,81143.14453171338,81143.14453171338,23.0,13,27477.182490351042,15670.685016627622,0.11841188333333334,81143.14453171338,23.0,,,13,120,,,11.210404463193925,0.0,30.36949030926651,11.210404463193925,0.0,30.36949030926651,0.5703162987009524,2.9531100781605906,1.7692307692307692,27477.182490351042,15670.685016627622,2026-06-19 15:52:16.139000+00:00,16019.24917936483,2026-06-19 16:02:16.139000+00:00,10,27.68323333333333,2026-06-19 16:29:57.133000+00:00,28290.94574248655,,3788.5216456256203,2.1602176513357145,1.0296159641703173
019edf45-a80a-7d39-879c-503b2037d16d,F5x2MoFMKF1NNyXznnFfxm7647SW3w2gp8yFB3AVpump,TRACEY,The Crocodile Hero,2026-06-19 09:45:44.714000+00:00,28434.58507738659,12308.289275275674,11699.736159929014,48531.911137963,48531.911137963,23.0,12,28434.58507738659,11699.736159929014,0.23823619999999998,48531.911137963,23.0,,,12,184,,,3.8281350638665,0.0,26.1950599736619,3.8281350638665,0.0,26.1950599736619,0.4114614694776595,1.7067916062738464,1.9166666666666667,28434.58507738659,11699.736159929014,2026-06-19 09:27:38.304000+00:00,16394.126844396884,2026-06-19 09:37:38.304000+00:00,10,8.106833333333334,2026-06-19 09:45:44.714000+00:00,57894.46057318283,,8925.794142657187,4.703696775268238,2.036057864590577
019ed2d0-6b6c-78cc-aeaf-1398a52bcef3,FJVis6jGFFiizZ1NSyNdKYHSTnqUWHmM5P3nyco5pump,Meepcat,Meepcat,2026-06-16 23:42:14.892000+00:00,22789.049870245235,13081.774101199904,14701.764405926962,79610.2192268885,79610.2192268885,41.0,21,22789.049870245235,14701.764405926962,0.3426098,79610.2192268885,41.0,,,21,142,,,11.005548576337755,0.0,29.575266679032303,11.005548576337755,0.0,29.575266679032303,0.6451240613204536,3.4933540310003193,1.9523809523809523,22789.049870245235,14701.764405926962,2026-06-16 23:21:36.249000+00:00,16583.652428890244,2026-06-16 23:31:36.249000+00:00,10,10.64405,2026-06-16 23:42:14.892000+00:00,867587.9995214477,,55201.578663541346,66.32036242254554,38.070389264197594
019ed68e-a4bf-71f3-93cd-4c5579ff6674,GBse64zcyGmPDjS2UseqHCHE2gfCV53cSmvh9axMpump,DIH,dih,2026-06-17 17:08:53.055000+00:00,18590.81598006345,14229.930303244306,13281.404086795044,38352.16547459752,38352.16547459752,27.0,16,18590.81598006345,13281.404086795044,0.24614553333333333,38352.16547459752,27.0,,,16,118,,,13.2081045287822,5.0474552272026,23.6639993751858,13.2081045287822,5.0474552272026,23.6639993751858,0.7144067318528595,2.062962998274303,1.6875,18590.81598006345,13281.404086795044,2026-06-17 16:49:19.175000+00:00,14413.990462299866,2026-06-17 16:59:19.175000+00:00,10,9.564666666666666,2026-06-17 17:08:53.055000+00:00,29087.215724277903,,2226.710833465776,2.0440870126852455,1.5646013470022326
019ed263-055e-7461-bafb-bc3e7b7d549e,VES7YdEc6YMBGSgfeWawdxofnSLLJ9QdvzLA2QVpump,WIF,dogwifhat,2026-06-16 21:42:45.342000+00:00,20443.331758352353,14016.541783220702,13933.089428639561,50672.2313903866,50672.2313903866,21.0,12,20443.331758352353,13933.089428639561,0.28948748333333335,50672.2313903866,21.0,,,12,119,,,5.102607763196,0.0,23.7420687189319,5.102607763196,0.0,23.7420687189319,0.6815469021064554,2.478667958303024,1.75,20443.331758352353,13933.089428639561,2026-06-16 21:23:34.636000+00:00,17429.09680085294,2026-06-16 21:33:34.636000+00:00,10,9.178433333333334,2026-06-16 21:42:45.342000+00:00,14301.921262322101,,2188.164322471023,1.0203601918015919,0.6995885715389268
019edc5d-fe2f-7cb1-9dbd-f47a0a6e795d,cY435H7F4wcZ4NgWQFM3wUjBDffdb3qdsQST2EVpump,SPEEDYCAT,Speedycat,2026-06-18 20:13:27.983000+00:00,22551.603422716573,13310.01663358081,14221.371624592799,92316.37917558226,92316.37917558226,21.0,12,22551.603422716573,14221.371624592799,0.39768266666666663,92316.37917558226,21.0,,,12,216,,,12.4587436220026,0.0,22.569445379851,12.4587436220026,0.0,22.569445379851,0.6306146555533784,4.0935616614555475,1.75,22551.603422716573,14221.371624592799,2026-06-18 19:49:51.043000+00:00,17882.042000199264,2026-06-18 19:59:51.043000+00:00,10,13.615666666666668,2026-06-18 20:13:27.983000+00:00,32438.12110051871,,12261.935030386885,2.437121003942115,1.43839533236219
019ed726-8953-706a-8e8e-20e38fc9b319,iaGJA8Yg2KS4Cf9JirGzXXn6pPBfVoDrSrFHXkspump,HAWK,The Hawk,2026-06-17 19:54:47.507000+00:00,54480.96212479666,53917.2641794857,16701.678992944777,90261.53255545956,178523.7922615937,114.0,35,54480.96212479666,16701.678992944777,0.3938896333333333,90261.53255545956,114.0,,,35,425,,,1.1917237240925485,1.642431786320558,21.573641363763524,1.1917237240925485,1.642431786320558,21.573641363763524,0.306559912702847,1.6567536444878166,3.257142857142857,54480.96212479666,16701.678992944777,2026-06-17 18:16:57.755000+00:00,18423.99647014858,2026-06-17 18:26:57.755000+00:00,10,87.8292,2026-06-17 19:54:47.507000+00:00,18994.681198468166,,2757.430552413875,1.4091847394953547,0.34864804984460546
019edc98-5709-7bdc-b984-47611d5b348f,wF4Cdd3h7TYtyKdHN2KD5xmxPasmuMEcLAyqHWVpump,SPDR,Spider Robotics,2026-06-18 21:17:11.817000+00:00,94369.34307868671,87386.7929975993,21844.76345420173,187639.48101756076,187639.48101756076,54.0,24,94369.34307868671,21844.76345420173,0.09241535000000001,187639.48101756076,54.0,,,24,315,,,19.22039261266412,1.816446602290502,24.831802803731925,19.22039261266412,1.816446602290502,24.831802803731925,0.23148156744068046,1.9883520950347602,2.25,94369.34307868671,21844.76345420173,2026-06-18 20:50:54.616000+00:00,21814.64007527414,2026-06-18 21:00:54.616000+00:00,10,16.286683333333333,2026-06-18 21:17:11.817000+00:00,211870.72280428448,,117882.13139830653,16.686135927793952,2.2451223659321564
