notification_id,mint,symbol,name,sent_at,alert_market_cap,first_call_market_cap,alert_liquidity,vol_1h,vol_24h,total_buy,count_buy,metric_market_cap,metric_liquidity,age_minutes,volume_usd,buy_volume_sol,sell_volume_sol,buy_sell_volume_ratio,buys,holders,unique_buyers,top_buyer_share,bundle_pct,sniper_pct,top10_holder_pct,bundle_hold_percent,sniper_hold_percent,top10_percent,liq_to_mc,vol_to_mc,avg_buy_size_sol,entry_market_cap,entry_liquidity,window_minutes,first_vlak_sent_at,confirmation_time,confirmation_delay_minutes,first_vlak_market_cap,entry_time,ath_mc,ath_at,current_mc,token_level_max_multiple,mc_delta_pct,holders_delta,holders_delta_pct,buys_delta,buys_delta_pct,volume_delta_pct,liquidity_delta_pct,bundle_delta,sniper_delta,top10_delta,liq_to_mc_delta,vol_to_mc_delta,avg_buy_size_delta_pct,post_confirmation_multiple,survived_2x_after_confirmation,survived_3x_after_confirmation,survived_5x_after_confirmation
019edcb4-faff-73f6-9485-473454e92bfd,2GNjBTa9E1HSsj4y4djEas9BwqewDnpM6Es3GcTopump,bread,"market's dead, send this bread",2026-06-18 21:48:28.799000+00:00,16056.268902739268,13611.03154490106,11979.954724397843,24254.3837542391,24254.3837542391,86.0,57,16056.268902739268,11979.954724397843,0.5993709833333334,24254.3837542391,86.0,,,57,146,,,35.767671942203535,0.0,23.239072142634924,35.767671942203535,0.0,23.239072142634924,0.746123199416149,1.5105865441815813,1.5087719298245614,16056.268902739268,11979.954724397843,1,2026-06-18 21:48:22.739000+00:00,2026-06-18 21:48:28.799000+00:00,0.10099999999999999,16295.687309986204,2026-06-18 21:48:28.799000+00:00,15543.507658474771,,2018.6358068324405,1.141978666877578,-1.4692133120412632,56,62.22222222222222,9,18.75,49.611138089866856,-0.7373087936749102,0.0,0.0,0.0,0.005501472247770756,0.515745635551818,4.958047292143404,0.9680647323876709,False,False,False
019edbdc-cdae-74f7-a01a-cf3f32d06251,2b7TqTfTW3Mo9AUunUADFtRxGqcDDZryHJg69MRPpump,JIN,Aladdin X Jin,2026-06-18 17:52:21.422000+00:00,27858.313524850815,17527.076216881025,15694.88059725339,22292.87457236238,22292.87457236238,125.0,93,27858.313524850815,15694.88059725339,0.2172091,22292.87457236238,125.0,,,93,139,,,20.3458660459222,4.6990427734325,28.5534417489576,20.3458660459222,4.6990427734325,28.5534417489576,0.5633822945977286,0.80022340736729,1.3440860215053763,27858.313524850815,15694.88059725339,1,2026-06-18 17:52:08.391000+00:00,2026-06-18 17:52:21.422000+00:00,0.21718333333333334,21524.454463043476,2026-06-18 17:52:21.422000+00:00,17527.076216881025,,1343.1077617238986,1.0,29.426339574284178,24,20.869565217391305,21,29.166666666666668,33.563504943071706,13.766921187766787,-6.721325035363101,-0.3122869361338001,-0.5033160786483002,-0.07754660995089557,0.02478713455194359,2.9512697323266903,0.6291506555573121,False,False,False
019ee03a-f51f-7017-a008-d3d5ba098fe3,2bJLvamPNX7iTxZwtsu3SL2fLuSgejfB4rxtYeaipump,FATTOO,Fattoo Coin,2026-06-19 14:13:40.767000+00:00,23849.473553219446,13318.432922346012,14563.309756147077,29519.32425043152,29519.32425043152,65.0,32,23849.473553219446,14563.309756147077,0.46008781666666665,29519.32425043152,65.0,,,32,205,,,18.2412192530172,0.989264884746,22.6616071930055,18.2412192530172,0.989264884746,22.6616071930055,0.6106344328167014,1.2377348365598073,2.03125,23849.473553219446,14563.309756147077,1,2026-06-19 14:13:27.957000+00:00,2026-06-19 14:13:40.767000+00:00,0.2135,21933.577396225763,2026-06-19 14:13:40.767000+00:00,71339.44108514584,,2071.741200046544,5.356444072744525,8.734991663162814,31,17.81609195402299,2,6.666666666666667,32.1124398962836,4.280132983603487,-0.22371244311020178,0.0,0.8214772657203007,-0.026086369716262214,0.2190186033254924,19.48529411764706,2.991237560273766,True,False,False
019ed1ba-bc53-77a9-a260-a4f48eaedfd4,31e5p5ZNwX3DfkT8DTRucdyzEdeLZNwYXuzK7FJzpump,ANSEM,The Black Bull,2026-06-16 18:38:56.595000+00:00,28062.19295124063,14384.96279797919,16323.10803311853,40412.26615920112,40412.26615920112,119.0,75,28062.19295124063,16323.10803311853,0.21552748333333333,40412.26615920112,119.0,,,75,161,,,17.8091801452721,0.0,25.379879839693,17.8091801452721,0.0,25.379879839693,0.5816761384785819,1.4400965109683095,1.5866666666666667,28062.19295124063,16323.10803311853,1,2026-06-16 18:38:12.997000+00:00,2026-06-16 18:38:56.595000+00:00,0.7266333333333334,18466.691340259382,2026-06-16 18:38:56.595000+00:00,14384.96279797919,,1397.8036981672087,1.0,51.96113063341249,76,89.41176470588236,1,1.3513513513513513,37.80002041129509,23.26307358976236,-4.2600776775305,0.0,-1.573470732744898,-0.13542559435557444,-0.14799247025827977,17.413333333333338,0.5126100737377771,False,False,False
019ed6e4-e094-7948-991b-ebc56c162cc1,3HwB3NUsH4qmDrLo7c1gvEjpWMybrrvxHnmvadPEpump,Memecoin,My Meme Coin,2026-06-17 18:43:04.468000+00:00,20957.015244030626,13619.883857659943,14089.151143562338,50758.20964055052,50758.20964055052,50.0,29,20957.015244030626,14089.151143562338,0.4249942666666667,50758.20964055052,50.0,,,29,137,,,6.3894873348721,1.3839621183228,26.0965401249156,6.3894873348721,1.3839621183228,26.0965401249156,0.672288061038438,2.4220152082491055,1.7241379310344827,20957.015244030626,14089.151143562338,1,2026-06-17 18:42:55.263000+00:00,2026-06-17 18:43:04.468000+00:00,0.15341666666666667,24511.49208683073,2026-06-17 18:43:04.468000+00:00,52582.45476518343,,1401.149737080373,3.860712419776663,-14.501266712807807,1,0.7352941176470588,9,45.0,5.867273375335165,-7.494917647399323,-3.8390516376894004,-0.08648348917299997,0.00029378089429954457,0.0509192004195812,0.4659883294473073,14.942528735632177,2.509062199597386,True,False,False
019ed9e9-0eae-7ec2-9caa-2c50d282206e,42ZzQ2vczbV9xHQSW5aUZuRdkJMdZpyuq1ts9tTxpump,SHILL,Shill Coin,2026-06-18 08:46:30.062000+00:00,20254.015431956275,13520.312819759136,13691.470409135087,24294.48685641186,24294.48685641186,77.0,61,20254.015431956275,13691.470409135087,0.21500248333333336,24294.48685641186,77.0,,,61,157,,,24.4535926037371,0.0,18.7970538855104,24.4535926037371,0.0,18.7970538855104,0.6759879518770895,1.1994898956224074,1.2622950819672132,20254.015431956275,13691.470409135087,1,2026-06-18 08:45:45.879000+00:00,2026-06-18 08:46:30.062000+00:00,0.7363833333333333,15903.907923885215,2026-06-18 08:46:30.062000+00:00,21273.41703565969,,1933.769612142955,1.5734411858111637,27.352443996094,40,34.18803418803419,18,41.86046511627907,33.354567290951934,12.850539762285132,-2.999985503857001,0.0,1.3116005639549009,-0.08686810503503117,0.05398754906349912,4.3820933165195575,1.0503308396859927,False,False,False
019ed1f0-0f59-7037-8cb2-96a000b166c4,4k6WBtxobSHRrEEkTDQkrpjS9nZnXfpNrGkaZivmpump,币安之死,Binance Death,2026-06-16 19:37:11.257000+00:00,25689.82750215365,17909.770474630608,15647.530447231513,44193.1067449856,44193.1067449856,121.0,87,25689.82750215365,15647.530447231513,0.2953560666666667,44193.1067449856,121.0,,,87,236,,,34.6347184908443,3.1700533791914,11.4238682187537,34.6347184908443,3.1700533791914,11.4238682187537,0.6090944147413888,1.720257044983302,1.3908045977011494,25689.82750215365,15647.530447231513,1,2026-06-16 19:36:14.738000+00:00,2026-06-16 19:37:11.257000+00:00,0.9419833333333333,17556.83271627558,2026-06-16 19:37:11.257000+00:00,47952.576708115565,,2246.309481164373,2.677453447884267,46.323815447296475,77,48.42767295597484,36,70.58823529411765,65.69756634882864,20.956262895708345,-10.980899696742902,-2.3684267487237,-2.631585590615799,-0.1277423277218267,0.2011365176356914,10.829741379310343,1.8665978471087656,False,False,False
019edeb3-f536-7e67-9580-deeb1458d4d4,4wHCJ3Wp2KsFRHs1AdFLFuDqUrxuZwDcTxVmCypwpump,Lemmon,John Lemmon,2026-06-19 07:06:36.214000+00:00,16084.508828224753,13991.649254721717,11920.399038069972,28917.34220547732,28917.34220547732,36.0,18,16084.508828224753,11920.399038069972,0.15511286666666668,28917.34220547732,36.0,,,18,107,,,6.305054240145058,0.0,24.89842142929263,6.305054240145058,0.0,24.89842142929263,0.741110540917004,1.7978380635866098,2.0,16084.508828224753,11920.399038069972,1,2026-06-19 07:06:21.182000+00:00,2026-06-19 07:06:36.214000+00:00,0.25053333333333333,16120.907057782164,2026-06-19 07:06:36.214000+00:00,14315.418520769885,,6273.341924216614,1.0231401788419552,-0.22578276412703888,3,2.8846153846153846,7,63.63636363636363,4.63043144998937,-0.1146271841892203,-0.4929515583346813,0.0,0.0,0.0008247310857573131,0.08344309239747205,4.761904761904757,0.8900127864426606,False,False,False
019ed2a8-9ed6-732b-8f61-e54d40a3e757,4wNsn7WNtct8kAhRyPX1qTovYPjFBiJFfoktDWt4pump,ALBERT,Albert the Monkey,2026-06-16 22:58:46.614000+00:00,19514.708422591455,14693.225673600062,18960.13914261235,12181.139309430278,12181.139309430278,82.0,65,19514.708422591455,18960.13914261235,0.29633505,12181.139309430278,82.0,,,65,91,,,14.7867243508838,0.0,21.680379517741,14.7867243508838,0.0,21.680379517741,0.9715819848306264,0.6242029881076073,1.2615384615384615,19514.708422591455,18960.13914261235,1,2026-06-16 22:58:29.153000+00:00,2026-06-16 22:58:46.614000+00:00,0.29101666666666665,18781.950965983764,2026-06-16 22:58:46.614000+00:00,36995.58513870837,,8057.405939370478,2.517866802058305,3.9013915962979437,8,9.63855421686747,9,16.071428571428573,9.982508001647735,1.9321825674880881,-0.005201445874099875,0.0,0.0,-0.018769813110699696,0.03451322487747477,5.442020665901262,1.895779549331106,False,False,False
019edcaa-eccb-778b-93bb-fcc62688b1b8,5U7XtJL252qdFUXu9H9auKpKkABTrcjomwoq18CNpump,Anna,The Meme Commander,2026-06-18 21:37:29.803000+00:00,24648.76555534992,17162.5861051866,14865.747281930211,36096.4079986671,36096.4079986671,66.0,37,24648.76555534992,14865.747281930211,0.33888111666666665,36096.4079986671,66.0,,,37,221,,,13.1888667338637,0.9281855580237,22.7877395707391,13.1888667338637,0.9281855580237,22.7877395707391,0.6031031147806775,1.4644306595237386,1.7837837837837838,24648.76555534992,14865.747281930211,1,2026-06-18 21:36:39.043000+00:00,2026-06-18 21:37:29.803000+00:00,0.846,18976.49066873162,2026-06-18 21:37:29.803000+00:00,24441.8630714656,,1424.638091790453,1.4241363697560225,29.89106355668148,51,30.0,16,76.19047619047619,29.40967314293183,13.969862963348334,0.641757486240099,0.0,-0.07939229793669966,-0.0842514452436881,-0.005447528488208064,10.174880763116056,0.9916059697423908,False,False,False
019edb79-c8d9-70b5-b5ff-9efae162b457,5XGHP7Kxe5xzMairhGhBgFHo51qwomGwaiHhMBXLpump,Yuji,Yuji naka,2026-06-18 16:04:12.121000+00:00,19384.16909443387,12498.777174157281,13073.631163660242,9842.1560674011,9842.1560674011,49.0,44,19384.16909443387,13073.631163660242,0.6526300666666667,9842.1560674011,49.0,,,44,110,,,29.2554910008031,0.8251875906464,28.2026374531529,29.2554910008031,0.8251875906464,28.2026374531529,0.6744488814542127,0.5077419630138935,1.1136363636363635,19384.16909443387,13073.631163660242,1,2026-06-18 16:03:33.589000+00:00,2026-06-18 16:04:12.121000+00:00,0.6422,22351.749177530684,2026-06-18 16:04:12.121000+00:00,25600.621422408527,,2004.3395023893502,2.048250086043687,-13.276724159378112,-7,-5.982905982905983,9,25.71428571428571,28.473106646158186,-6.874619321745268,-0.1506387875621975,-0.13294445371380004,0.0,0.04636644076239815,0.16500061064986182,5.343980343980332,1.3206973844321086,False,False,False
019ee0f7-7389-73c3-874e-716da97323de,5yaqc8wVKUF7bPjGF2JWQyd1ppS2ddr5pf5GjXnkpump,FLORK,فلورک,2026-06-19 17:39:33.897000+00:00,34725.02614266432,12632.725821655862,13018.208882359078,42226.19234314764,42226.19234314764,106.0,66,34725.02614266432,13018.208882359078,0.24454988333333333,42226.19234314764,106.0,,,66,230,,,49.2844632874878,16.4255472937715,19.1480368152092,49.2844632874878,16.4255472937715,19.1480368152092,0.37489414201950666,1.2160161426420681,1.606060606060606,34725.02614266432,13018.208882359078,1,2026-06-19 17:39:22.617000+00:00,2026-06-19 17:39:33.897000+00:00,0.188,21144.614872646125,2026-06-19 17:39:33.897000+00:00,17067.280872612148,,17067.280872612148,1.35103706939909,64.2263354135931,82,55.4054054054054,34,106.25,64.43294900791874,-5.108444900199352,8.2375283552147,0.49359093639910157,-5.6660976064184005,-0.2739253556389952,0.0015279508608530001,-11.38975966562174,0.49149799923815524,False,False,False
019ed292-990f-7806-bfa6-3a0dd40c0fa0,6QukiGJwyy33YAVewFyh5XfQTFLkCmrRKWGB8dgYpump,Bitcointalk,Bitcointalk Coin,2026-06-16 22:34:43.343000+00:00,33761.07100130345,13389.688935326816,24938.35933727614,33336.20304206826,33336.20304206826,123.0,69,33761.07100130345,24938.35933727614,0.3289038,33336.20304206826,123.0,,,69,111,,,26.7361098384513,0.0937445029238,23.0632658041357,26.7361098384513,0.0937445029238,23.0632658041357,0.7386720443884413,0.9874154478328372,1.7826086956521738,33761.07100130345,24938.35933727614,1,2026-06-16 22:34:20.292000+00:00,2026-06-16 22:34:43.343000+00:00,0.3841833333333333,18297.527076811915,2026-06-16 22:34:43.343000+00:00,13389.688935326816,,4021.0501816201568,1.0,84.51166028926481,65,141.30434782608697,35,102.94117647058823,134.36057450874543,35.83508603322452,-7.488489478979204,0.0,-0.4736481850015011,-0.2647035141623161,0.2100250354019011,6.331045003813876,0.3966014269751652,False,False,False
019ed699-d22e-7d15-bfd2-4f4049fe62a9,6VCRczotz9NoDnQ4RiCsK3FRX7GHxMJVW2wWbVbepump,PULLS,Collector Pulls,2026-06-17 17:21:05.582000+00:00,15379.053747402697,16896.574861141922,12069.969626001515,39544.77708305028,39544.77708305028,81.0,54,15379.053747402697,12069.969626001515,0.3961548,39544.77708305028,81.0,,,54,136,,,41.8372416317225,4.6199965506037,25.3106755857003,41.8372416317225,4.6199965506037,25.3106755857003,0.7848317474044826,2.57134006633723,1.5,15379.053747402697,12069.969626001515,1,2026-06-17 17:21:00.535000+00:00,2026-06-17 17:21:05.582000+00:00,0.08411666666666666,21978.769524681138,2026-06-17 17:21:05.582000+00:00,16896.574861141922,,1931.3043443463048,1.0,-30.027685443751828,36,36.0,22,68.75,14.20243748773376,-16.35045686161261,-5.933938573832499,-1.8251362951430004,-4.4843409059275,0.12832494721474208,0.9958691752526347,2.127659574468085,1.0986745438740346,False,False,False
019ed2c2-81bb-74b1-ad82-3e588c6c2ae5,6XK8TGpSTKbugQfssfkLXtyVd68AYjF5v2iNk9Dpump,GOATSE,меметик agent,2026-06-16 23:27:03.099000+00:00,18350.81055722369,14802.423966341496,13183.830816858266,35534.34617070481,35534.34617070481,161.0,115,18350.81055722369,13183.830816858266,0.37821601666666665,35534.34617070481,161.0,,,115,175,,,24.9466360773115,0.0255928325538,24.1790676833255,24.9466360773115,0.0255928325538,24.1790676833255,0.7184331599820548,1.9363910961805948,1.4,18350.81055722369,13183.830816858266,1,2026-06-16 23:26:37.160000+00:00,2026-06-16 23:27:03.099000+00:00,0.4323166666666667,17733.827415184733,2026-06-16 23:27:03.099000+00:00,14802.423966341496,,2396.6618456690926,1.0,3.4791313098641057,58,49.572649572649574,32,38.55421686746988,29.40601389446908,1.7252976766073496,-3.480092618426699,0.0,0.9565002017558975,-0.012386419779562896,0.3879617575539476,-3.1666666666666723,0.8066359750258884,False,False,False
019ed64f-bcda-70a9-856d-6a6d65d6b8e0,6aMWJdUjAhXN1jtZq2hgcT3Ev284P6ymPYgP8vX4pump,ESPEJO,El Perro,2026-06-17 16:00:10.458000+00:00,17804.08089802632,13402.16773226403,12992.933648557042,20096.6075571268,20096.6075571268,81.0,44,17804.08089802632,12992.933648557042,0.34088428333333337,20096.6075571268,81.0,,,44,82,,,19.979913659478,3.1907111529854,26.4919242226206,19.979913659478,3.1907111529854,26.4919242226206,0.7297727820365824,1.128764111566951,1.8409090909090908,17804.08089802632,12992.933648557042,1,2026-06-17 15:59:46.090000+00:00,2026-06-17 16:00:10.458000+00:00,0.4061333333333333,15280.968563225457,2026-06-17 16:00:10.458000+00:00,13402.16773226403,,2710.1994312839834,1.0,16.511468656986057,12,17.142857142857142,8,22.22222222222222,18.69248623249992,7.9404749189822725,-3.564049672167201,-0.8730589390822998,0.6722840788311011,-0.057947474751208206,0.020741450820352947,1.9580419580419524,0.7527581911712012,False,False,False
019edc5b-7304-7b7b-9676-41dace11a6b4,6dwpotLnFRMcWH2Ti6BaSNsF7hAhk1cGs1zVoKi9BAGS,DYMO,Daimyo,2026-06-18 20:10:41.284000+00:00,1204823.9165255185,996400.3808532716,14360.041431191743,48292.58334261816,48292.58334261816,251.0,125,1204823.9165255185,14360.041431191743,0.4207566166666667,48292.58334261816,251.0,,,125,96,,,,2.9530096506e-06,2.5930534163914642,,2.9530096506e-06,2.5930534163914642,0.01191878849201745,0.04008268982731081,2.008,1204823.9165255185,14360.041431191743,1,2026-06-18 20:09:57.496000+00:00,2026-06-18 20:10:41.284000+00:00,0.7297999999999999,1262989.6542271543,2026-06-18 20:10:41.284000+00:00,1345936.1012279927,,27329.994259156847,1.3507984612324162,-4.605400963258757,30,45.45454545454545,79,171.73913043478262,168.01487420295734,-1.8030932876261025,,-0.49663127021484,-0.19526326875681876,0.00034013405914357434,0.025816048336753602,3.7842696629213526,1.1171226622969228,False,False,False
019ed596-c286-7eb3-8163-6747f095c28e,6snUbikeEfoenoF3eTp91ENg3ZnkDp4wUhy1fiwBpump,CASHEW,Cashew Coin,2026-06-17 12:38:07.750000+00:00,19346.1778009979,13184.018949639089,13375.537009974283,69484.95932983242,69484.95932983242,62.0,39,19346.1778009979,13375.537009974283,0.13005506666666666,69484.95932983242,62.0,,,39,169,,,16.07671450351986,0.0,21.51127151492389,16.07671450351986,0.0,21.51127151492389,0.691378790558017,3.5916634306053106,1.5897435897435896,19346.1778009979,13375.537009974283,1,2026-06-17 12:37:50.863000+00:00,2026-06-17 12:38:07.750000+00:00,0.28145000000000003,17078.08814825024,2026-06-17 12:38:07.750000+00:00,23815.245830035416,,2793.8881810946837,1.8063722390726202,13.280700000251716,2,1.1976047904191618,4,11.428571428571429,2.111569365682299,6.433496450457067,1.2403784467818824,0.0,0.6802950558202809,-0.044478584908325125,-0.39286202632116796,7.001972386587761,1.2310052184471807,False,False,False
019ee06a-f08e-743e-9d01-60b45d135676,7dWh3zJ3bnrSN8rJUAL9zG78Acydqjh6GisTuGe7fnDc,TVB,Trump Vs Biden,2026-06-19 15:06:05.326000+00:00,17696.560595973868,12592.379048810573,12541.012894001233,44970.20107686607,44970.20107686607,101.0,77,17696.560595973868,12541.012894001233,0.1866834,44970.20107686607,101.0,,,77,126,,,2.3785659028229,0.0,13.4477041008218,2.3785659028229,0.0,13.4477041008218,0.7086695081785797,2.5411831204701554,1.3116883116883118,17696.560595973868,12541.012894001233,1,2026-06-19 15:05:26.247000+00:00,2026-06-19 15:06:05.326000+00:00,0.6513166666666667,16038.020883051568,2026-06-19 15:06:05.326000+00:00,17775.2064431789,,1940.4658189244071,1.4115844491560057,10.34129912297962,18,16.666666666666664,18,30.508474576271187,25.48312391850049,5.022943893605475,-0.004026308417000024,0.0,-1.7811345001239989,-0.03588697902562821,0.30664003558347064,-2.0384678612526628,1.0044441317723019,False,False,False
019ed20e-1cc8-7f0d-8d96-cd5e10e30046,7nSXuyYJm47YHqFjtFm4dCMAaFzSSnhwR5M4XubCpump,RUNNER,Homestar Runner,2026-06-16 20:10:00.776000+00:00,24995.618217631225,16022.543689554363,15399.16722866543,36437.46179609392,36437.46179609392,126.0,100,24995.618217631225,15399.16722866543,0.15679763333333332,36437.46179609392,126.0,,,100,189,,,25.6614447605892,0.0160574434331,20.6554753935183,25.6614447605892,0.0160574434331,20.6554753935183,0.6160746693515777,1.4577539742702557,1.26,24995.618217631225,15399.16722866543,1,2026-06-16 20:09:03.297000+00:00,2026-06-16 20:10:00.776000+00:00,0.9579833333333333,19092.037150946715,2026-06-16 20:10:00.776000+00:00,32234.678189411552,,1626.266828757675,2.0118327535238008,30.92169274556314,70,58.82352941176471,24,31.57894736842105,25.160462271638078,14.421013711530684,-5.373020275522499,0.0160574434331,-0.7686143595425996,-0.08884426077186225,-0.06710151486836025,-1.278350515463923,1.2896131597446985,False,False,False
019ed53c-72d3-75d5-8837-8a3217f5ec17,7qhL2SAx1w27sCo686JhTr7AoTyULBQL5GRF1fphpump,obuma,stupid son of a bitch,2026-06-17 10:59:29.107000+00:00,20418.02861415312,13777.29113757698,13777.371277135031,31823.73489771933,31823.73489771933,169.0,120,20418.02861415312,13777.371277135031,0.1844101833333333,31823.73489771933,169.0,,,120,158,,,23.8487350367419,0.0,19.7205165875569,23.8487350367419,0.0,19.7205165875569,0.6747650097612754,1.5586095748568076,1.4083333333333334,20418.02861415312,13777.371277135031,1,2026-06-17 10:58:42.175000+00:00,2026-06-17 10:59:29.107000+00:00,0.7822,15359.054366213202,2026-06-17 10:59:29.107000+00:00,13810.27382911266,,2046.398397673166,1.002393989588107,32.93805808167874,49,44.95412844036697,27,29.03225806451613,35.681091390634215,15.282900835274788,-2.3690397724795,0.0,-1.9811262644373997,-0.10333780868967679,0.03151005004212615,3.129921259842535,0.6763764558317752,False,False,False
019ed97b-c755-778f-8485-a46756eb04f9,7rqm8G9ZjGpr3RmP2UNc1syCPbJBRCUk5ZVKDu9spump,LeWine,Sipping on LeWine,2026-06-18 06:47:08.373000+00:00,17615.946721865064,13081.869625794718,12712.710595703265,32430.44352810724,32430.44352810724,74.0,47,17615.946721865064,12712.710595703265,0.28112135,32430.44352810724,74.0,,,47,127,,,10.0373763543682,0.0,16.9637326636472,10.0373763543682,0.0,16.9637326636472,0.7216592327634677,1.8409707999317626,1.574468085106383,17615.946721865064,12712.710595703265,1,2026-06-18 06:46:30.387000+00:00,2026-06-18 06:47:08.373000+00:00,0.6331,15899.354146267044,2026-06-18 06:47:08.373000+00:00,20848.79947422596,,1920.783821543648,1.5937171115905695,10.796618276479197,24,23.300970873786408,14,42.42424242424242,29.649774959845487,5.296321274526634,-0.06204357279669992,0.0,-0.6709025896311012,-0.03769685461329175,0.2677066809515507,-0.08183306055645725,1.1835185359835503,False,False,False
019edaa3-a8fe-7797-9bf1-08e42fd29534,84JwffevVW4McuAiTBm5avGA7WXQWTfiTtJTzkgSpump,Cate,Catecoin,2026-06-18 12:10:19.262000+00:00,19135.585949312208,13193.971650146426,13217.234043747172,41227.00377137685,41227.00377137685,212.0,142,19135.585949312208,13217.234043747172,0.2355225833333333,41227.00377137685,212.0,,,142,163,,,25.431367905215442,0.0,26.942771425407596,25.431367905215442,0.0,26.942771425407596,0.6907148847575394,2.15446780049391,1.4929577464788732,19135.585949312208,13217.234043747172,1,2026-06-18 12:09:51.252000+00:00,2026-06-18 12:10:19.262000+00:00,0.4668333333333334,18513.224983390402,2026-06-18 12:10:19.262000+00:00,19093.69467464097,,1347.549407597092,1.44715292566428,3.361710163843264,18,12.413793103448276,12,9.230769230769232,15.045610358570208,1.6755278151473023,-3.9631910676635584,0.0,3.069375103037796,-0.011454784368340576,0.21880527796989968,3.7885064397077666,0.9978108182951804,False,False,False
019ed25a-bbc8-787b-818f-b7b520304107,8SXeSRLStHf4DfzJ5J6yMhmKq4BPCfJVewARvhpEpump,TISM,ThisInvestmentSimplyMoons,2026-06-16 21:33:42.216000+00:00,15225.784513681469,13543.748000299329,12027.60501796688,29330.09655401328,29330.09655401328,140.0,84,15225.784513681469,12027.60501796688,0.7441491666666666,29330.09655401328,140.0,,,84,127,,,23.0635934901784,5.9221647246675,23.8496507861801,23.0635934901784,5.9221647246675,23.8496507861801,0.7899497728448217,1.926343862784743,1.6666666666666667,15225.784513681469,12027.60501796688,1,2026-06-16 21:32:46.989000+00:00,2026-06-16 21:33:42.216000+00:00,0.92045,14704.938918471922,2026-06-16 21:33:42.216000+00:00,13543.748000299329,,2092.453941451732,1.0,3.541977277819734,34,36.55913978494624,29,52.72727272727272,64.25326277905286,1.7685495620864051,-3.2446454354371,0.0,3.4926278468262986,-0.013765734376960825,0.7120151542096944,5.363984674329508,0.8895271037186486,False,False,False
019ee0e7-eb1f-7e09-afa9-2e2c5a33a530,8UxekN1DeMEsZc71LhJTJ39DJKGrkTTq17JYj4uG64GU,UP,only way is up,2026-06-19 17:22:35.935000+00:00,16301.344080210423,15765.585081811923,12042.328482331503,72634.2178724184,72634.2178724184,197.0,111,16301.344080210423,12042.328482331503,1.1927247666666667,72634.2178724184,197.0,,,111,201,,,29.1890571101918,0.0,17.9174568517326,29.1890571101918,0.0,17.9174568517326,0.7387322433706985,4.455719572264916,1.7747747747747749,16301.344080210423,12042.328482331503,1,2026-06-19 17:22:24.419000+00:00,2026-06-19 17:22:35.935000+00:00,0.19193333333333334,18736.922263869234,2026-06-19 17:22:35.935000+00:00,38106.70011531609,,1934.0318983309803,2.4170812511917585,-12.998816717916274,108,116.12903225806453,61,122.0,174.71486974400767,-6.7189970419160865,-39.6290126841955,0.0,-40.3976300648152,0.04973258359260635,3.0446096621190946,-11.261261261261257,2.3376416035274676,True,False,False
019ed29b-7bbf-75be-a85d-bc8ae2d97a8a,8jg4V1378f5vCdhj7z2DMSheWk5E6S4PakmxC1dYpump,Nala,Nala Grok Companion,2026-06-16 22:44:25.663000+00:00,42085.42291619082,15193.106124885944,14785.866389158213,39157.297748074,39157.297748074,128.0,84,42085.42291619082,14785.866389158213,0.2711369,39157.297748074,128.0,,,84,181,,,30.5945275172347,0.0,23.0492456103048,30.5945275172347,0.0,23.0492456103048,0.35132987539659233,0.9304242427610171,1.5238095238095237,42085.42291619082,14785.866389158213,1,2026-06-16 22:44:07.635000+00:00,2026-06-16 22:44:25.663000+00:00,0.30046666666666666,26179.401983223317,2026-06-16 22:44:25.663000+00:00,30482.494490198682,,12184.818597396039,2.006337232139061,60.757770338530435,69,61.60714285714286,26,44.827586206896555,68.50976317485188,-6.204157875400716,-1.2335118084321017,0.0,-0.3153137577080969,-0.2508184303571175,0.04280251736594698,2.7685492801771763,0.7243005387138847,False,False,False
019ed25e-8340-74a2-ad44-4bfe65ac8107,8ns6sUJwLQa6AsvKGy4nraJB25BPKaEpKLEvKhijpump,ansum,ansum,2026-06-16 21:37:49.888000+00:00,21657.056879834498,13652.689762125228,14343.653424117267,52847.08171703168,52847.08171703168,81.0,64,21657.056879834498,14343.653424117267,0.21432856666666666,52847.08171703168,81.0,,,64,121,,,0.6331122185178,0.0,16.5671678863752,0.6331122185178,0.0,16.5671678863752,0.6623085262094431,2.440178368199194,1.265625,21657.056879834498,14343.653424117267,1,2026-06-16 21:37:28.293000+00:00,2026-06-16 21:37:49.888000+00:00,0.35991666666666666,20780.892476144272,2026-06-16 21:37:49.888000+00:00,13652.689762125228,,2059.156235090252,1.0,4.21620199756113,13,12.037037037037036,7,12.280701754385964,6.3108258848906615,2.074073713501876,0.0,0.0,-0.12096558263380075,-0.01389921823585627,0.0480784139981103,4.551630434782609,0.6304037449722745,False,False,False
019ee0ce-3929-76da-ac70-1c07bcc3fdbe,8oGoTGPstdxKqe7EHUsboWbz4rbkaPG4FFX38CKbpump,Cuakssant,Duck Croissant,2026-06-19 16:54:31.977000+00:00,18479.80276295032,14395.14812350451,12819.326006334204,24734.92355315816,24734.92355315816,68.0,45,18479.80276295032,12819.326006334204,0.35989693333333334,24734.92355315816,68.0,,,45,121,,,25.4222156811604,0.1982441660873,12.6561450694664,25.4222156811604,0.1982441660873,12.6561450694664,0.6936938759993337,1.3384841748824599,1.511111111111111,18479.80276295032,12819.326006334204,1,2026-06-19 16:54:18.936000+00:00,2026-06-19 16:54:31.977000+00:00,0.21735000000000002,22129.269247438744,2026-06-19 16:54:31.977000+00:00,41868.39764707778,,1578.3705623692335,2.9085075949107275,-16.49158155057839,6,5.217391304347826,11,32.35294117647059,9.043105618453652,-8.61525391377476,-1.5601187972921018,-0.05490883876960001,-1.4521287391857012,0.05978853671989959,0.313433614096732,2.7555555555555453,2.2656301143548268,True,False,False
019ed6da-cc57-73d5-aba2-45e9dba54272,8vreH8zd6wKEkqEtaWanKZAcyjjrx4SfT42f5Sqppump,Day,Good Day,2026-06-17 18:32:03.927000+00:00,31843.934714925635,13514.7911194725,12823.173039007654,58440.59262349164,58440.59262349164,234.0,130,31843.934714925635,12823.173039007654,0.3276859166666667,58440.59262349164,234.0,,,130,199,,,39.2881979167557,8.4459044543001,22.4508181898824,39.2881979167557,8.4459044543001,22.4508181898824,0.4026880834232234,1.83521895603246,1.8,31843.934714925635,12823.173039007654,1,2026-06-17 18:31:39.457000+00:00,2026-06-17 18:32:03.927000+00:00,0.4078333333333333,13887.892021451276,2026-06-17 18:32:03.927000+00:00,54664.58835605904,,2379.883400123282,4.0447971317364075,129.29278731242587,130,188.40579710144928,93,251.35135135135135,153.86165158673526,12.141993539213853,1.1336842353699979,8.4459044543001,-12.579062479276,-0.42067406800243645,0.17761345663110495,-4.857142857142854,1.716640510836027,False,False,False
019ee0aa-9374-7a3a-a15f-6c418db0651d,8xKzNYHuoNeJ1cm1XP6xSPei7XYvdVXXMByAgf8bpump,WOJAK,Wojak Kowalski,2026-06-19 16:15:35.796000+00:00,20375.04163864797,12400.145141820954,13482.642903067934,31400.6126056595,31400.6126056595,132.0,93,20375.04163864797,13482.642903067934,0.53025735,31400.6126056595,132.0,,,93,168,,,43.0689899562463,0.0,20.201903263098,43.0689899562463,0.0,20.201903263098,0.6617234527508236,1.5411312115356812,1.4193548387096775,20375.04163864797,13482.642903067934,1,2026-06-19 16:15:20.681000+00:00,2026-06-19 16:15:35.796000+00:00,0.2519166666666667,18715.132949584757,2026-06-19 16:15:35.796000+00:00,18866.804165942456,,2549.4347378115403,1.5214986558755614,8.869339552835198,61,57.009345794392516,23,32.857142857142854,46.549264632193484,4.3555364785505635,7.955375531935097,0.0,-2.3018110321452987,-0.028622241388858605,0.3962470145030572,7.994389901823287,0.9259762262353052,False,False,False
019ed4d0-5cca-787c-af3d-284ec7681d20,9JmruaWd8Dscxs1GBVbnckGWWsoVdJwg9DDFGFW9pump,GC,gamercat,2026-06-17 09:01:25.578000+00:00,16676.34674047249,13070.456347529667,12467.525024979792,35451.0429004375,35451.0429004375,74.0,50,16676.34674047249,12467.525024979792,3.0781659,35451.0429004375,74.0,,,50,151,,,13.5328701162737,3.4246541361566,21.4441572083004,13.5328701162737,3.4246541361566,21.4441572083004,0.7476172820706503,2.125827883777443,1.48,16676.34674047249,12467.525024979792,1,2026-06-17 09:01:15.175000+00:00,2026-06-17 09:01:25.578000+00:00,0.17338333333333333,15742.496606596376,2026-06-17 09:01:25.578000+00:00,25117.493083954567,,1810.421492081661,1.9216997797251207,5.932033255035387,40,36.03603603603604,7,16.27906976744186,78.64705717382375,2.9801937014605517,-16.882466021564596,-10.456462482962898,-3.0780611651094993,-0.021429812712820406,0.8652794390321128,4.32786885245901,1.506174792048184,False,False,False
019edb30-bb8a-7362-98aa-407f2ac08a2c,9gVWVw7kfMaUoF7Qx2MFs7VJk3o35YG8sUG6pec7pump,ELONGOAT,Elon The GOAT,2026-06-18 14:44:24.586000+00:00,19936.543609507116,16843.66002763646,13514.819385563393,12866.08911977568,12866.08911977568,63.0,48,19936.543609507116,13514.819385563393,0.08948508333333334,12866.08911977568,63.0,,,48,115,,,22.9031073772008,0.0,26.7117194993195,22.9031073772008,0.0,26.7117194993195,0.6778917976092204,0.6453520415464716,1.3125,19936.543609507116,13514.819385563393,1,2026-06-18 14:43:46.315000+00:00,2026-06-18 14:44:24.586000+00:00,0.63785,15853.72404367784,2026-06-18 14:44:24.586000+00:00,25338.627411726742,,23799.60941115343,1.5043421305198545,25.753063157784855,14,13.861386138613863,23,92.0,57.215360879192964,12.136123418353009,4.838875831936701,0.0,-1.6983941987596012,-0.08231791394697974,0.12914932709314442,13.14655172413794,1.2709639096941328,False,False,False
019edb60-31a7-7d63-87da-af7281a258c6,9h66V2NiHU3PpviwceSg4KZ7xqStLTDej58o5pdhpump,Vort,Vort,2026-06-18 15:36:15.015000+00:00,16803.47530764068,13205.560122046025,12282.917653590197,11847.09044164474,11847.09044164474,58.0,39,16803.47530764068,12282.917653590197,0.4986860166666667,11847.09044164474,58.0,,,39,120,,,28.455739385085,0.0,28.0480229689765,28.455739385085,0.0,28.0480229689765,0.7309748387588043,0.7050381081738352,1.4871794871794872,16803.47530764068,12282.917653590197,1,2026-06-18 15:35:51.349000+00:00,2026-06-18 15:36:15.015000+00:00,0.39443333333333336,18443.32321153024,2026-06-18 15:36:15.015000+00:00,409512.436584487,,154017.62799674712,31.010607107897403,-8.891282146291152,11,10.091743119266056,15,62.5,85.98102704829148,-4.541985459277352,4.5224293025049995,0.0,1.002107699013699,0.03330497140340005,0.3596527799325655,11.538461538461547,24.370698863602236,True,True,True
019ee008-e0f4-76e4-951c-1d2897aa7e70,9zPnV3BDM3Ryph485gp5x5jpF5cTa76wT3Ttveuepump,Navi,Navi,2026-06-19 13:18:58.804000+00:00,18612.0700905291,14233.857895801935,12812.505111500683,42315.7921075755,42315.7921075755,177.0,123,18612.0700905291,12812.505111500683,0.5415973666666667,42315.7921075755,177.0,,,123,265,,,25.5588015193359,2.2417919405093,19.2460330433994,25.5588015193359,2.2417919405093,19.2460330433994,0.6883976392298472,2.273567201378004,1.4390243902439024,18612.0700905291,12812.505111500683,1,2026-06-19 13:18:13.200000+00:00,2026-06-19 13:18:58.804000+00:00,0.7600666666666667,13992.81009829474,2026-06-19 13:18:58.804000+00:00,25137.194979850352,,2412.335146399271,1.7660141870085828,33.01166784788494,170,178.94736842105263,66,115.78947368421053,149.58633814850845,15.305554279219189,-7.1592051760882995,-8.0272792608669,-16.4931622603212,-0.10570910357959917,1.0619184882998214,9.365853658536572,1.3505856606805715,False,False,False
019ed7f4-8946-792e-8123-5f8d10bcd737,A1aAXj2jWDzzPTv2LEWVBiXUahGVnGwDmivN7YWEpump,SHILL,The Shill Coin,2026-06-17 23:39:47.910000+00:00,27203.67709655893,15485.19906517909,15875.217725010483,36470.6564019548,36470.6564019548,152.0,99,27203.67709655893,15875.217725010483,0.3348304833333334,36470.6564019548,152.0,,,99,216,,,42.3488449654616,0.0,25.2032750026621,42.3488449654616,0.0,25.2032750026621,0.5835688193423889,1.3406517167698655,1.5353535353535352,27203.67709655893,15875.217725010483,1,2026-06-17 23:38:52.608000+00:00,2026-06-17 23:39:47.910000+00:00,0.9217,16951.918262985557,2026-06-17 23:39:47.910000+00:00,15485.19906517909,,1341.5538190888576,1.0,60.47550887475695,64,42.10526315789473,27,37.5,49.44287915279682,26.669982072976918,4.543704697957203,0.0,4.888194578686001,-0.15574211853599762,-0.09897369524117128,13.964386129334565,0.5692318362041525,False,False,False
019edc0f-2eb5-7303-abca-49b8db91ee8f,A3pSvCXGcdvicHn8cR7PinrTjpuPLXcsTBZQTkTjpump,DINNER,Chicken Dinner,2026-06-18 18:47:23.061000+00:00,26418.799266922,12784.435638477036,15271.531475293681,36965.153773625,36965.153773625,53.0,29,26418.799266922,15271.531475293681,0.14095641666666667,36965.153773625,53.0,,,29,155,,,4.6069627577933,0.0,28.6332935879528,4.6069627577933,0.0,28.6332935879528,0.5780554718251181,1.3991988583640023,1.8275862068965518,26418.799266922,15271.531475293681,1,2026-06-18 18:46:35.412000+00:00,2026-06-18 18:47:23.061000+00:00,0.79415,22239.499456046462,2026-06-18 18:47:23.061000+00:00,31210.97862764082,,3077.382222576523,2.4413262744039965,18.792238643389396,28,22.04724409448819,19,190.0,10.897093060765197,8.991813939261888,-0.2984470736726994,-0.1802645368957,-0.9274563664307998,-0.051978115802238434,-0.09961378049623293,-29.708222811671085,1.1813927768745693,False,False,False
019ed28a-9c73-74fa-b157-6680bcd53df4,AKTm2hNrwNh1Mt7Sq7jJDuGEBXESxQW45KPS4GHTpump,PIP,Pump Improvement Protocol,2026-06-16 22:25:59.923000+00:00,18513.65170112907,15982.415284625333,13261.02096907977,23660.2630087705,23660.2630087705,96.0,66,18513.65170112907,13261.02096907977,0.6768835166666667,23660.2630087705,96.0,,,66,103,,,43.5501094145582,0.1361037901057,26.9373519089104,43.5501094145582,0.1361037901057,26.9373519089104,0.7162833774317486,1.2779900686652519,1.4545454545454546,18513.65170112907,13261.02096907977,1,2026-06-16 22:25:48.361000+00:00,2026-06-16 22:25:59.923000+00:00,0.19269999999999998,22851.89914081995,2026-06-16 22:25:59.923000+00:00,15982.415284625333,,2294.226836660816,1.0,-18.98418776031417,20,24.096385542168676,18,37.5,70.34651438200653,-9.991691531838056,1.7433023486564991,0.1361037901057,-2.501270776812099,0.07156201110426963,0.6701854192846258,2.6737967914438476,0.8632773016708871,False,False,False
019edf2b-c8eb-7195-9973-646b2359c50b,AUcHUfXcz9hWLcaRahA6MWWGNPJ1dXw9rAqJHTr5pump,QWANT,Le Qwant,2026-06-19 09:17:29.195000+00:00,26385.239524351506,12322.392593994555,15229.511172301764,43128.28831418278,43128.28831418278,92.0,52,26385.239524351506,15229.511172301764,0.3029503333333333,43128.28831418278,92.0,,,52,183,,,34.5656174852905,0.0,24.9858828903847,34.5656174852905,0.0,24.9858828903847,0.5771981398253414,1.6345611823754245,1.7692307692307692,26385.239524351506,15229.511172301764,1,2026-06-19 09:16:50.025000+00:00,2026-06-19 09:17:29.195000+00:00,0.6528333333333334,14226.794584346135,2026-06-19 09:17:29.195000+00:00,46435.93513767186,,5871.887235808869,3.768418737145487,85.4615905777076,59,47.58064516129033,9,20.930232558139537,32.515216006926124,36.20176296113162,-2.028557661345296,0.0,-4.304676904417498,-0.20875413247417773,-0.6530879338142215,8.681318681318677,1.7599209245311243,False,False,False
019edd06-a87c-7ba1-adb5-0969e6ce86d6,AWvgKkGymGqupAxS7uufhzTis9XEoLMgBZhctimxpump,VOYAGER,The Sprite Voyager,2026-06-18 23:17:41.628000+00:00,25610.675448099944,12832.712013558414,15115.979131079639,55834.11639886824,55834.11639886824,58.0,32,25610.675448099944,15115.979131079639,0.4363470166666667,55834.11639886824,58.0,,,32,134,,,30.9010733733405,0.0,26.5567601738562,30.9010733733405,0.0,26.5567601738562,0.5902218065943705,2.18011104439694,1.8125,25610.675448099944,15115.979131079639,1,2026-06-18 23:17:20.622000+00:00,2026-06-18 23:17:41.628000+00:00,0.3501,15652.85614445088,2026-06-18 23:17:41.628000+00:00,36382.585203966664,,4293.546870388945,2.8351439014236903,63.616628248252496,24,21.818181818181817,7,28.000000000000004,15.232180225809403,27.89425830085786,1.0043891749746976,0.0,2.3301804655616998,-0.16485588959424213,-0.9153994075619507,33.272058823529406,1.4206023295908772,False,False,False
019ed7a7-d3fe-7ca0-8061-195358997e0b,Ak2LkrMS1LgrrE7B2p5eUT2Pz2ph65wErP5SfhmKd9P5,BMC,boomercoin,2026-06-17 22:16:00.766000+00:00,34742.712717869035,13167.096413502873,13217.133293788229,19576.21225881194,19576.21225881194,114.0,155,34742.712717869035,13217.133293788229,0.3297248,19576.21225881194,114.0,,,155,58,,,68.1624234486263,0.0,33.3101316688618,68.1624234486263,0.0,33.3101316688618,0.38042893774930625,0.5634623990873173,0.7354838709677419,34742.712717869035,13217.133293788229,1,2026-06-17 22:15:25.716000+00:00,2026-06-17 22:16:00.766000+00:00,0.5841666666666666,18775.14468920478,2026-06-17 22:16:00.766000+00:00,62920.98814355368,,1514.200701283238,4.778653255628031,85.04631145583231,18,45.0,33,27.049180327868854,44.26170574751371,0.5877783791333521,9.216118751445698,0.0,1.4482855809450008,-0.3194271763427136,-0.15929793467477815,0.81913736861181,1.8110557069768436,False,False,False
019edb7f-936a-7a6a-924d-80623bb7c940,BWPA8hVRxr37FYW6vzkRW2Q2n9VZZNYxPvC9v4t4pump,Jorge,RIP Jorge Messi,2026-06-18 16:10:31.658000+00:00,22386.90320689519,15756.38572753087,14073.349408518232,40192.31267739342,40192.31267739342,98.0,72,22386.90320689519,14073.349408518232,0.48528646666666664,40192.31267739342,98.0,,,72,164,,,23.72519063009,2e-13,24.607823227776,23.72519063009,2e-13,24.607823227776,0.6286420805260652,1.7953493748529785,1.3611111111111112,22386.90320689519,14073.349408518232,1,2026-06-18 16:10:10.244000+00:00,2026-06-18 16:10:31.658000+00:00,0.35690000000000005,16201.65043071118,2026-06-18 16:10:31.658000+00:00,15756.38572753087,,2123.336385256748,1.0,38.17668331159336,46,38.983050847457626,27,60.0,30.88764893481526,17.548577352256522,-1.1618478555724998,0.0,-2.671146966910701,-0.1103177574725509,-0.09998165157774141,5.603448275862066,0.7038215863048841,False,False,False
019ed958-9786-7285-bb93-fe203a520c9c,Bh77MrPYg8RRQPZ8kxRUyCCa5VrQzFzqLzdFtBgwpump,Helium,Only Goes Up,2026-06-18 06:08:42.374000+00:00,20301.684879148546,13911.462435687428,13632.050833070183,27485.96813627288,27485.96813627288,34.0,18,20301.684879148546,13632.050833070183,0.16644540000000002,27485.96813627288,34.0,,,18,141,,,9.8561291267386,0.0,28.8600020754095,9.8561291267386,0.0,28.8600020754095,0.6714738660470191,1.3538762078069277,1.8888888888888888,20301.684879148546,13632.050833070183,1,2026-06-18 06:08:16.323000+00:00,2026-06-18 06:08:42.374000+00:00,0.4341833333333333,16188.032237477477,2026-06-18 06:08:42.374000+00:00,23357.82415714116,,2008.8970259361856,1.6790344124583725,25.411690447140383,12,9.30232558139535,4,28.57142857142857,11.122557345293414,12.011100797396582,6.0213798888957,0.0,1.083036268383399,-0.08033262485027082,-0.17409352159403313,20.2020202020202,1.1505362385528657,False,False,False
019ee092-cc05-7c79-9b91-c5e524743528,Bk1ZX9zPw74gUGieWqEsXjwKwxNbKB1Z9V3tGa2upump,CAT,CatCoin,2026-06-19 15:49:37.413000+00:00,22610.182442575406,14571.046614665078,20408.821679000295,17743.526297199605,17743.526297199605,50.0,33,22610.182442575406,20408.821679000295,0.14524326666666668,17743.526297199605,50.0,,,33,59,,,37.8808231808245,0.0,29.3415009595123,37.8808231808245,0.0,29.3415009595123,0.9026385227467291,0.7847582098138317,1.5151515151515151,22610.182442575406,20408.821679000295,1,2026-06-19 15:49:11.667000+00:00,2026-06-19 15:49:37.413000+00:00,0.4291,16672.61150969675,2026-06-19 15:49:37.413000+00:00,20563.376558185515,,4094.963858848227,1.411249109414655,35.61272287443018,17,40.476190476190474,12,57.14285714285714,61.775939927216605,16.45445596017797,-1.8758051659772974,0.0,6.969944805942799,-0.14849573254441695,0.12691503685005745,-9.090909090909095,0.9094741544174488,False,False,False
019ee01a-1cd0-7453-a375-bc74e48bb7af,C3jxjp95QFWNfRXq48J67WiuLBLgqL9YQ8pExkyNpump,5DAHH,GIMME MY 5 DAHH,2026-06-19 13:37:48.240000+00:00,19371.08683190673,16053.51036868206,13073.027009581152,25673.24512291329,72225.84941481167,45.0,30,19371.08683190673,13073.027009581152,0.20871971666666667,25673.24512291329,45.0,,,30,160,,,2.700853681362,0.0,22.9480113561123,2.700853681362,0.0,22.9480113561123,0.6748731820275646,1.3253383945719595,1.5,19371.08683190673,13073.027009581152,1,2026-06-19 13:37:24.890000+00:00,2026-06-19 13:37:48.240000+00:00,0.3891666666666667,18998.495927654567,2026-06-19 13:37:48.240000+00:00,24473.66267961607,,6555.381349563762,1.5245053647182636,1.9611600079868068,22,15.942028985507244,14,87.5,16.348923006776864,0.9541934586780373,1.5470177431744,0.0,0.0,-0.006731515512582331,0.16389197442925685,4.3478260869565215,1.2634119547337286,False,False,False
019ed228-e917-7025-89aa-ddcc3c3e2587,CfbVyNSBuV1tNj68vY1JZADLkiYSAT5FKK6RELtPpump,PIP,The Baby Squirrel,2026-06-16 20:39:17.015000+00:00,20724.93156555507,13514.462974781942,14043.929690339164,30186.44416892654,30186.44416892654,169.0,96,20724.93156555507,14043.929690339164,0.17496211666666667,30186.44416892654,169.0,,,96,81,,,24.5694233815296,0.0,26.4109528240404,24.5694233815296,0.0,26.4109528240404,0.6776345507302055,1.4565280504518792,1.7604166666666667,20724.93156555507,14043.929690339164,1,2026-06-16 20:39:02.287000+00:00,2026-06-16 20:39:17.015000+00:00,0.24546666666666667,16829.75278841045,2026-06-16 20:39:17.015000+00:00,13514.462974781942,,1304.3350842094512,1.0,23.144598890525454,18,28.57142857142857,14,17.073170731707318,14.831464330142616,10.970425133540509,7.2996430007525,0.0,1.1342055508089999,-0.07434089537278443,-0.10544421552935113,5.3680048661800575,0.6520872183357671,False,False,False
019ed5da-ab7d-7b4c-9446-b374d047c70c,CsWnH9msTEqswGPfNjkSRF3dnf7Y3QYCxXdcSgfhWU9S,Thaïs,Justice for Thaïs d'Escufon,2026-06-17 13:52:18.301000+00:00,18948.341832160226,12920.749374611523,13310.803554949487,27562.77714364785,27562.77714364785,135.0,84,18948.341832160226,13310.803554949487,0.31054006666666667,27562.77714364785,135.0,,,84,163,,,37.0088336021484,8.2813300176921,22.0192712371976,37.0088336021484,8.2813300176921,22.0192712371976,0.7024785426003672,1.4546273963068739,1.6071428571428572,18948.341832160226,13310.803554949487,1,2026-06-17 13:51:57.824000+00:00,2026-06-17 13:52:18.301000+00:00,0.3412833333333333,16544.364870527286,2026-06-17 13:52:18.301000+00:00,17244.369821257613,,2123.307817687481,1.3346261367116785,14.530488057087453,60,58.252427184466015,30,55.55555555555556,53.85150448068789,7.016682858818267,-7.317541779500402,-8.126248571872301,-3.540066093030301,-0.04932209431333778,0.3717703504653176,-7.674772036474159,0.910072763833586,False,False,False
019ee089-d20b-79ae-9aaf-8ac8b22b0542,Ct5ZGEs7TTwbV63e1gTDdhdves3xenJRe6gKW2pupump,HERO,Zero to Hero,2026-06-19 15:39:49.131000+00:00,12771.075989693845,12725.610927599808,7887.650084389553,26552.32505162704,26552.32505162704,121.0,80,12771.075989693845,7887.650084389553,0.3413075,26552.32505162704,121.0,,,80,154,,,40.1021617376992,10.1039213988769,26.5574760797207,40.1021617376992,10.1039213988769,26.5574760797207,0.6176182876646277,2.079098509244996,1.5125,12771.075989693845,7887.650084389553,1,2026-06-19 15:39:37.999000+00:00,2026-06-19 15:39:49.131000+00:00,0.18553333333333333,20053.390883973003,2026-06-19 15:39:49.131000+00:00,14475.636001213545,,1524.0072480855345,1.1375199260428601,-36.314630958993085,33,27.27272727272727,35,77.77777777777779,79.68843184904854,-41.004889434545056,-14.357425280524502,6.856381817677699,-3.3318932008264994,-0.04910219475156219,1.3422221590461838,3.125000000000004,1.1334703522941423,False,False,False
019ee0bb-ee4e-7bf3-a1a3-f951486e4058,CwPoaq8GGF5i2RkiDyHsNsrnP5L1B4PnQZAEu3Xkpump,ELON,Comrade Elon,2026-06-19 16:34:33.166000+00:00,21576.477984518282,14006.07395308547,13880.475880433418,36848.62505303751,36848.62505303751,84.0,46,21576.477984518282,13880.475880433418,0.3005887,36848.62505303751,84.0,,,46,123,,,30.0736047903719,0.0,23.7191339238413,30.0736047903719,0.0,23.7191339238413,0.6433151828761414,1.7078146433109898,1.826086956521739,21576.477984518282,13880.475880433418,1,2026-06-19 16:33:37.409000+00:00,2026-06-19 16:34:33.166000+00:00,0.9292833333333334,16819.955525858262,2026-06-19 16:34:33.166000+00:00,22168.38888846948,,1963.2780528019778,1.5827696585584492,28.279043017370352,37,43.02325581395349,16,53.333333333333336,35.00438446466752,13.268541231022116,3.2608667356620984,0.0,-0.9781554423802987,-0.08525300667598368,0.08507602660835345,24.505928853754945,1.0274331568097401,False,False,False
019edb91-aff5-7cb6-a6ca-a8a3b9fe0e26,D5UbiydvQRQtjYb1ktXchR7uS8sQWNdbVeJx2rfspump,CENTER,Card Center,2026-06-18 16:30:18.613000+00:00,23169.1299295532,14459.931405012554,14324.39988210144,10292.86183795731,10292.86183795731,75.0,56,23169.1299295532,14324.39988210144,0.19766378333333331,10292.86183795731,75.0,,,56,65,,,14.6562299196076,13.587904757292,32.1370195381737,14.6562299196076,13.587904757292,32.1370195381737,0.6182536817591093,0.44424895838787337,1.3392857142857142,23169.1299295532,14324.39988210144,1,2026-06-18 16:30:07.594000+00:00,2026-06-18 16:30:18.613000+00:00,0.18365,15010.6505530818,2026-06-18 16:30:18.613000+00:00,14459.931405012554,,1944.7246560115066,1.0,54.35127110327943,12,22.641509433962266,10,21.73913043478261,22.023040705456115,24.238006971747968,0.0,0.0,-0.28023419984739917,-0.1498545966158129,-0.11769730206464213,-0.6336405529953981,0.6241033413416316,False,False,False
019ed5b7-e01d-71e3-a55d-a303e617dcfa,DCaoXH6QoxgFQ5phtpR18aTXJ6nsidDt5Ri2bTELpump,Pilly,Pilly,2026-06-17 13:14:18.013000+00:00,23783.241837133843,14764.586786968986,14879.733729982396,25458.6573642283,25458.6573642283,123.0,68,23783.241837133843,14879.733729982396,0.5900964666666667,25458.6573642283,123.0,,,68,164,,,33.2942145832133,,25.5001091778967,33.2942145832133,,25.5001091778967,0.6256394242583868,1.0704452125815143,1.8088235294117647,23783.241837133843,14879.733729982396,1,2026-06-17 13:13:56.571000+00:00,2026-06-17 13:14:18.013000+00:00,0.35736666666666667,23340.195821076824,2026-06-17 13:14:18.013000+00:00,17869.26903137044,,2006.764555742556,1.210278979642126,1.8982103640147518,83,102.46913580246914,26,61.904761904761905,126.19794202927098,0.9511394003679051,-5.058630142158606,,-6.320631167619201,-0.005869422930214974,0.5882283963000086,13.388937664618078,0.7513386591171246,False,False,False
019ed240-925d-7dfd-b7f2-6068c4f1b452,DTZhKWmpnf7DKgVPhHpkMQi5Zhg9dg8sUVetNhUbpump,ansemconzimp,ansemconzimp,2026-06-16 21:05:07.677000+00:00,15224.568633042443,16697.39342575026,12051.27997957255,29660.050951061,29660.050951061,75.0,54,15224.568633042443,12051.27997957255,1.5784686,29660.050951061,75.0,,,54,83,,,33.1017624764689,0.0,30.7069088611219,33.1017624764689,0.0,30.7069088611219,0.7915679103982763,1.948170202122423,1.3888888888888888,15224.568633042443,12051.27997957255,1,2026-06-16 21:05:02.712000+00:00,2026-06-16 21:05:07.677000+00:00,0.08275,17544.37023408147,2026-06-16 21:05:07.677000+00:00,16697.39342575026,,5737.531588266916,1.0,-13.222484307431055,3,3.75,6,12.5,99.56470061624873,-6.841748632183961,5.295491422176198,-2.9555644271954,-0.5977230593443004,0.05421726504201008,1.101039573487045,2.564102564102555,1.0967400015203905,False,False,False
019edab7-4364-7c7a-ad84-c3c2412e6fbc,DgVJZqmccrew2HySCA34pzkfyu54ZCkkZw6aKibYpump,Rebel,Rebel Mode,2026-06-18 12:31:43.972000+00:00,26343.504593807218,12577.114052908593,15546.03692535416,47420.90556398528,47420.90556398528,229.0,160,26343.504593807218,15546.03692535416,0.5812487999999999,47420.90556398528,229.0,,,160,184,,,28.5737613447397,,22.831407182517278,28.5737613447397,,22.831407182517278,0.59012789547404,1.800098593378988,1.43125,26343.504593807218,15546.03692535416,1,2026-06-18 12:31:20.148000+00:00,2026-06-18 12:31:43.972000+00:00,0.3970666666666667,15258.81141365744,2026-06-18 12:31:43.972000+00:00,23993.404002323165,,1456.3117246608106,1.9077034605386625,72.64453881531293,75,68.80733944954129,34,26.984126984126984,50.80657922391647,31.393699514429873,-0.5804661948429981,,-2.067716798096921,-0.1852696976577216,-0.260668205227121,4.241329479768779,0.9107901310884615,False,False,False
019ed51c-bb59-7c74-ae36-3f4436183d70,DicbCpQUfJgBeDHZvcLur6RcF2HgDWagrGkjiXoGpump,Alon,Alon Card,2026-06-17 10:24:50.521000+00:00,16114.289453054855,13263.117347393912,12260.885686684907,18822.04803709296,18822.04803709296,68.0,54,16114.289453054855,12260.885686684907,1.4172286333333333,18822.04803709296,68.0,,,54,102,,,17.99776736711592,0.0,25.127744959850226,17.99776736711592,0.0,25.127744959850226,0.7608703891291068,1.1680346249163835,1.2592592592592593,16114.289453054855,12260.885686684907,1,2026-06-17 10:24:39.344000+00:00,2026-06-17 10:24:50.521000+00:00,0.18628333333333333,15771.62492994967,2026-06-17 10:24:50.521000+00:00,16501.279632837974,,1476.053556740086,1.244147902836759,2.1726646723285845,19,22.89156626506024,16,42.10526315789473,53.7745799465709,1.0817496141621012,-1.1266446537070003,0.0,0.25429459863330095,-0.008211620475330972,0.3919557040783884,4.025764895330117,1.0240153424642473,False,False,False
019edec5-efef-729f-9aa6-345b3d8545ac,DqQ6vpwrkKweG2wrxwpMVHixNwgRvn5aNftuc7VUpump,WAIFU,WaifuCoin,2026-06-19 07:26:14.511000+00:00,20713.88848970168,18396.89424131504,13511.640523000036,26995.9935053634,26995.9935053634,147.0,102,20713.88848970168,13511.640523000036,0.29528171666666664,26995.9935053634,147.0,,,102,145,,,38.5634701741145,,22.9081338374469,38.5634701741145,,22.9081338374469,0.6522986029261293,1.3032798510422123,1.4411764705882353,20713.88848970168,13511.640523000036,1,2026-06-19 07:25:23.180000+00:00,2026-06-19 07:26:14.511000+00:00,0.8555166666666667,19911.13454499943,2026-06-19 07:26:14.511000+00:00,21949.205753630707,,1363.3440448186213,1.193093000683671,4.031683593358356,30,26.08695652173913,34,50.0,53.50185557079254,2.018236732970805,-1.4554305430012988,,-1.9923030828040993,-0.01287386075427377,0.4200175830190467,-3.921568627450981,1.0596371494682513,False,False,False
019ed2ca-f240-790f-a07a-3dffa1154a9f,DrAQUhCLErvvZVxiZDBf9gYMCYKiEWyoyRY4cYaBpump,Kardashev,Kardashev scale,2026-06-16 23:36:16.192000+00:00,16435.465261414945,14297.602094257962,12488.642473102896,29706.69193471294,29706.69193471294,101.0,73,16435.465261414945,12488.642473102896,0.28658560000000005,29706.69193471294,101.0,,,73,116,,,36.5762866520462,16.8423316901346,22.5748043366242,36.5762866520462,16.8423316901346,22.5748043366242,0.7598593817980993,1.8074749611411647,1.3835616438356164,16435.465261414945,12488.642473102896,1,2026-06-16 23:35:39.326000+00:00,2026-06-16 23:36:16.192000+00:00,0.6144333333333333,12692.872387119343,2026-06-16 23:36:16.192000+00:00,14297.602094257962,,2190.1111605880455,1.0,29.485783518107095,32,38.095238095238095,40,121.21212121212122,39.83369230958285,13.791798553209658,13.2871050187955,-21.999607539317303,-38.68349353369099,-0.10479860468853852,0.13375593343667425,-6.821358680458486,0.8699237817029749,False,False,False
019eda03-c73c-77b2-9f8c-9b9ef5ee95e9,EkrnLXAyAryizTvGicA2vvwXexDqy6sTTRhYeBfGpump,muffin,just a chill cat,2026-06-18 09:15:41.244000+00:00,19591.64743978732,13755.159523365497,13461.995039134195,26076.56488136396,26076.56488136396,52.0,37,19591.64743978732,13461.995039134195,0.23657258333333334,26076.56488136396,52.0,,,37,106,,,21.1042844802669,0.0,21.8619709805142,21.1042844802669,0.0,21.8619709805142,0.6871293024493265,1.3310041925523255,1.4054054054054055,19591.64743978732,13461.995039134195,1,2026-06-18 09:15:21.993000+00:00,2026-06-18 09:15:41.244000+00:00,0.32085,17155.589467559617,2026-06-18 09:15:41.244000+00:00,13755.159523365497,,1925.2611310317523,1.0,14.199791717062071,-6,-5.357142857142857,10,37.03703703703704,13.88990542381775,6.86437583331528,0.0,0.0,0.0,-0.04716613146402049,-0.0036215672845438807,2.5566106647187716,0.7020930509106189,False,False,False
019ecfbc-a914-7364-9a12-09e0cbabbb4e,G7pzH1i6A3A9Drj92mgnU3khHkJD4NohME8Vgphwpump,KOHEN,Justice for Kohen Wiley,2026-06-16 09:21:48.308000+00:00,25176.98025629834,19758.790456801333,15595.87615770948,38832.98270288031,38832.98270288031,162.0,116,25176.98025629834,15595.87615770948,0.4954716833333333,38832.98270288031,162.0,,,116,143,,,43.2367128850543,13.2799504115237,24.6823593904642,43.2367128850543,13.2799504115237,24.6823593904642,0.6194498307162144,1.5424003318732298,1.396551724137931,25176.98025629834,15595.87615770948,1,2026-06-16 09:20:57.845000+00:00,2026-06-16 09:21:48.308000+00:00,0.84105,18441.58262994572,2026-06-16 09:21:48.308000+00:00,19758.790456801333,,2040.882342075433,1.0,36.52288288650227,53,58.88888888888889,57,96.61016949152543,49.369398884800596,16.804093801792337,7.0443744481015,-8.905846110642301,-15.052719384819099,-0.10457510659840308,0.13265414929112596,9.862068965517247,0.7847958832099581,False,False,False
019eddee-bc81-7088-8e9a-0f9790f07fed,G9QiASU1UxaXXvfJmZ911MDd8pFTjk5cYR5DWMH6pump,MCAT,Mayhem Cat,2026-06-19 03:31:11.105000+00:00,17872.172592027993,14613.943354597772,12623.344793063196,20792.2957492776,20792.2957492776,101.0,70,17872.172592027993,12623.344793063196,0.10393381666666666,20792.2957492776,101.0,,,70,143,,,17.8048739534972,0.0,23.9514092125037,17.8048739534972,0.0,23.9514092125037,0.7063128295154181,1.1633893776603381,1.4428571428571428,17872.172592027993,12623.344793063196,1,2026-06-19 03:30:30.474000+00:00,2026-06-19 03:31:11.105000+00:00,0.6771833333333334,16350.246824096246,2026-06-19 03:31:11.105000+00:00,20279.385837726324,,1419.4167549614922,1.3876737678298252,9.308273962499468,38,36.19047619047619,29,70.73170731707317,43.3294464182043,4.576505579912976,-1.8456140724137988,-0.3193711123242,-2.7093589321316998,-0.031958504411512934,0.276146120979439,-13.004201680672267,1.1346905773936005,False,False,False
019ed652-4b9d-7e75-af72-f1e3cb561000,GXB3aNL2ABERkqg8jDkGFnbtuZd2ohnk3fC7sqDZpump,DogTrain,DogTrain,2026-06-17 16:02:58.077000+00:00,15719.37226931928,13003.566174258975,12214.945152755792,28350.74723208868,28350.74723208868,64.0,42,15719.37226931928,12214.945152755792,0.7916927333333333,28350.74723208868,64.0,,,42,122,,,0.1310728626114,0.0,17.1552662484942,0.1310728626114,0.0,17.1552662484942,0.7770631640677312,1.803554667855474,1.5238095238095237,15719.37226931928,12214.945152755792,1,2026-06-17 16:02:46.625000+00:00,2026-06-17 16:02:58.077000+00:00,0.19086666666666666,14062.165217685324,2026-06-17 16:02:58.077000+00:00,13003.566174258975,,1948.5945433079207,1.0,11.784864037507994,37,43.529411764705884,7,20.0,29.293372336578454,5.745080056642131,-15.058075296284299,0.0,-6.508716804679398,-0.044383092319219664,0.24423179084363023,4.575163398692809,0.8272318990522952,False,False,False
019ed37c-01d1-7a94-86c5-b2602df2307d,GcAQw7vWYWqP8DXAKxUVM82dhz5YUVd7kzq3Ue1ipump,WIF,MessiWifHat,2026-06-17 02:49:40.049000+00:00,21273.905947940235,13400.039459509258,14217.55608933988,40439.20212297504,40439.20212297504,81.0,50,21273.905947940235,14217.55608933988,0.1023014,40439.20212297504,81.0,,,50,195,,,20.13821746684,0.0,21.645558428721,20.13821746684,0.0,21.645558428721,0.6683096242002725,1.900882810234028,1.62,21273.905947940235,14217.55608933988,1,2026-06-17 02:49:23.082000+00:00,2026-06-17 02:49:40.049000+00:00,0.28278333333333333,20746.34471258067,2026-06-17 02:49:40.049000+00:00,23229.797108254734,,2014.5544966626137,1.7335618434891882,2.5429117402047647,44,29.13907284768212,11,28.205128205128204,9.922753033222891,1.2612853864639162,-3.019992003308598,0.0,-2.3694839360979003,-0.008458545865429046,0.12761883294456378,-2.799999999999998,1.0919385074419712,False,False,False
019ed3c5-6a69-768c-ade6-3e3c8316e9eb,Gd343z31qUT57uKBHjzaNrtis3q2qVujwSktyWREpump,Dropper,Dropper,2026-06-17 04:09:50.953000+00:00,15066.739967057489,13023.999238748554,11953.264931411657,16167.5810932935,16167.5810932935,33.0,15,15066.739967057489,11953.264931411657,0.38151461666666664,16167.5810932935,33.0,,,15,102,,,0.3929917985982,0.0,27.6206294856189,0.3929917985982,0.0,27.6206294856189,0.7933544321828574,1.0730643210570392,2.2,15066.739967057489,11953.264931411657,1,2026-06-17 04:09:37.990000+00:00,2026-06-17 04:09:50.953000+00:00,0.21605,14928.818097946201,2026-06-17 04:09:50.953000+00:00,17505.639340122867,,2186.4553575385535,1.3441062932528967,0.9238632837937898,2,2.0,3,25.0,3.8670091934786583,0.4608595922606034,0.0,0.0,0.14424331085080055,-0.0036564093945218312,0.03040604415079362,14.782608695652177,1.1618730646707838,False,False,False
019edfee-dc86-70f9-956d-ab0e3a04a52d,GrTuX8VAHTBisSozfp9VbnCfcN4UW6imdmMrhWhMpump,UP,OPERATION LEVEL UP,2026-06-19 12:50:33.734000+00:00,18505.543419993955,13307.56854824608,12725.307293058968,39298.2400110945,39298.2400110945,213.0,166,18505.543419993955,12725.307293058968,0.2567724,39298.2400110945,213.0,,,166,155,,,37.10144158110102,0.0,21.378222783369957,37.10144158110102,0.0,21.378222783369957,0.6876483983339909,2.1235928672397417,1.283132530120482,18505.543419993955,12725.307293058968,1,2026-06-19 12:50:27.168000+00:00,2026-06-19 12:50:33.734000+00:00,0.10943333333333333,19886.365274496962,2026-06-19 12:50:33.734000+00:00,13307.56854824608,,2184.8637519169447,1.0,-6.94356075352707,28,22.04724409448819,13,8.49673202614379,12.206845987103044,-3.5341929656400373,-0.7377972905058741,0.0,-1.924605885078222,0.02430339174830065,0.36243481225571816,0.6765523632993555,0.7191125516405087,False,False,False
019ee0ec-617a-7048-b285-2f11809bbc41,GxsEZJbMRzc9BiKz79W1PrpEcBArVDa2DNvYZ6DKpump,ROOTS,Rooted Acres,2026-06-19 17:27:28.378000+00:00,16077.654702306074,13140.330609708595,11953.34151045408,10053.08476365384,10053.08476365384,67.0,51,16077.654702306074,11953.34151045408,0.2749882666666667,10053.08476365384,67.0,,,51,69,,,7.0409298104144,0.0,26.6906602983022,7.0409298104144,0.0,26.6906602983022,0.7434754466234165,0.6252830372213363,1.3137254901960784,16077.654702306074,11953.34151045408,1,2026-06-19 17:27:23.817000+00:00,2026-06-19 17:27:28.378000+00:00,0.07601666666666666,16795.157579287774,2026-06-19 17:27:28.378000+00:00,20904.091687586613,,12531.139483571094,1.5908345313733465,-4.272081840223656,1,1.4705882352941175,6,13.333333333333334,1.7855136033007486,-2.159366015798619,-0.07516446538440036,0.0,0.0,0.016054192181608307,0.03721267932043171,5.5672268907563005,1.3001953378553568,False,False,False
019edcad-c370-73f9-9265-768599f58594,HA57ZhNgdoVT2HAjaKMgkomSVZbWusWCByXxrswGpump,Asteroid,Asteroid the Shiba,2026-06-18 21:40:35.824000+00:00,26066.027261193158,12764.612982796167,11297.243901113636,29142.93291770784,29142.93291770784,133.0,93,26066.027261193158,11297.243901113636,0.29757758333333334,29142.93291770784,133.0,,,93,149,,,45.6972470533417,17.0115884213789,23.5611575202504,45.6972470533417,17.0115884213789,23.5611575202504,0.43340873497561555,1.1180427544896936,1.4301075268817205,26066.027261193158,11297.243901113636,1,2026-06-18 21:40:06.524000+00:00,2026-06-18 21:40:35.824000+00:00,0.48833333333333334,15934.998256602772,2026-06-18 21:40:35.824000+00:00,12764.612982796167,,2280.300787152627,1.0,63.577220665164035,54,56.84210526315789,30,47.61904761904761,88.79477094138488,-5.449508103212888,10.222675231048399,17.0115884213789,0.8587428479481005,-0.316410698610271,0.1493383488945348,18.548387096774206,0.48970304737615294,False,False,False
019edf26-59c7-7c1e-8501-caf72b0a945b,Hdda1yxF4e31hxvRExfQRcMvRVFk8VhzuCk6f2mxpump,QWANT,The Qwant,2026-06-19 09:11:33.063000+00:00,18287.59393822095,12449.241558397398,12688.24554626713,22315.96696409616,22315.96696409616,80.0,58,18287.59393822095,12688.24554626713,0.44500121666666664,22315.96696409616,80.0,,,58,178,,,30.7693151536381,0.0,23.4088748539144,30.7693151536381,0.0,23.4088748539144,0.6938171084250061,1.2202790066032654,1.3793103448275863,18287.59393822095,12688.24554626713,1,2026-06-19 09:11:25.733000+00:00,2026-06-19 09:11:33.063000+00:00,0.12216666666666667,19196.680361948067,2026-06-19 09:11:33.063000+00:00,22547.21645337384,,2063.2228658389604,1.811131734219186,-4.735643906063677,67,60.36036036036037,8,16.0,117.31148925350013,-2.3965484204125516,-2.9084213636058998,0.0,-4.713443733364699,0.01662753150549301,0.6853367712969655,11.234705228031155,1.232924163208278,False,False,False
019ed6db-1727-7bae-8ac1-fcda1b498ac8,HdifyLNtMwRj5KDmief3zfdwq4ucjFCUoPnNc4rLpump,GoodDay,Good Day,2026-06-17 18:32:23.079000+00:00,21616.016156681275,16588.49794943657,10544.970326656352,23316.40231876293,23316.40231876293,136.0,84,21616.016156681275,10544.970326656352,0.18826536666666666,23316.40231876293,136.0,,,84,72,,,44.4583050291736,0.0,44.9677607029683,44.4583050291736,0.0,44.9677607029683,0.487831349228383,1.0786632536613867,1.619047619047619,21616.016156681275,10544.970326656352,1,2026-06-17 18:32:09.294000+00:00,2026-06-17 18:32:23.079000+00:00,0.22975,23788.371285910827,2026-06-17 18:32:23.079000+00:00,20381.77437553333,,1559.6600321425456,1.2286690716458508,-9.132004470252136,10,16.129032258064516,33,64.70588235294117,27.41390381819556,-29.542912570287506,0.0,0.0,-0.4140829492138991,-0.14132120984066932,0.30939110380509416,3.2142857142857166,0.9429015146823687,False,False,False
019ed6cd-3166-7cca-a56e-77b763c1b301,iaGJA8Yg2KS4Cf9JirGzXXn6pPBfVoDrSrFHXkspump,HAWK,The Hawk,2026-06-17 18:17:12.294000+00:00,20519.33403098168,13479.198763726592,13905.24301253936,13902.24531646216,13902.24531646216,72.0,45,20519.33403098168,13905.24301253936,0.35036375,13902.24531646216,72.0,,,45,97,,,22.6840786592763,0.2516086261734,25.7832564921337,22.6840786592763,0.2516086261734,25.7832564921337,0.6776654150443746,0.6775193237495658,1.6,20519.33403098168,13905.24301253936,1,2026-06-17 18:16:57.755000+00:00,2026-06-17 18:17:12.294000+00:00,0.24231666666666665,18423.99647014858,2026-06-17 18:17:12.294000+00:00,18994.681198468166,,2757.430552413875,1.4091847394953547,11.372872135684919,22,29.333333333333332,9,25.0,22.171388141087103,5.534253171143957,0.0,-0.6429998224432001,-0.3927931543764025,-0.03749143074405581,0.059884751845743045,4.72727272727274,0.9256967682181363,False,False,False
019ed4b9-3cbf-7c8b-88fa-26dcdc19196b,m5HoubAkSxBn5P2ccdv8Pbn5e99dUdLSwcspUwXpump,CHUD,CHUD,2026-06-17 08:36:10.047000+00:00,22536.18074467892,12938.181169967005,14508.454676977255,42450.61913858187,42450.61913858187,154.0,126,22536.18074467892,14508.454676977255,0.3558258166666667,42450.61913858187,154.0,,,126,165,,,22.4769744864362,2.3139950501496,23.3352131840702,22.4769744864362,2.3139950501496,23.3352131840702,0.6437849803100681,1.8836651879713469,1.2222222222222223,22536.18074467892,14508.454676977255,1,2026-06-17 08:35:16.047000+00:00,2026-06-17 08:36:10.047000+00:00,0.9,15864.3956981173,2026-06-17 08:36:10.047000+00:00,47188.00993167187,,1729.2991658335857,3.6471903826179153,42.055084691019104,27,19.565217391304348,30,31.25,23.67949550536625,19.17091362644556,-11.143416368785896,-0.5919277329640003,1.4398693092023969,-0.12362484409911723,-0.2798641562697448,-3.0303030303030285,2.0938778609509314,True,False,False
019ed55f-6ef3-71e5-b9a2-72dd0e7edfbf,oLQXV7Z2RY9GsRsM6Gp9Y7dT7Fd24QhD6JZtY94BAGS,Elon,Speedrun to an Elon,2026-06-17 11:37:41.875000+00:00,738825.6870627373,376044.98915122956,11485.253460046442,39425.224029182,39425.224029182,151.0,65,738825.6870627373,11485.253460046442,0.3725253,39425.224029182,151.0,,,65,168,,,,0.3685384574631104,1.0461698033517874,,0.3685384574631104,1.0461698033517874,0.015545281737167287,0.05336201044378985,2.3230769230769233,738825.6870627373,11485.253460046442,1,2026-06-17 11:37:28.359000+00:00,2026-06-17 11:37:41.875000+00:00,0.22526666666666667,761920.4264640011,2026-06-17 11:37:41.875000+00:00,376044.98915122956,,30395.76947224274,1.0,-3.031122227349149,48,40.0,39,150.0,20.98247436322567,-1.3441010844910686,,-0.19038740254721298,-0.012261310286592053,0.00026582514832434664,0.010591730734585747,0.6666666666666836,0.5089766040028029,False,False,False
019edd29-ae7a-7a41-b6c6-b0cb4fc6a9a5,sBRr1CwcRYW2cE9WFNEhHRam5TVWq2pb8YgMHAFpump,GRIND,Grindscape,2026-06-18 23:55:56.922000+00:00,19731.08506366035,13863.213797037304,13301.361678012669,38564.5994045145,38564.5994045145,198.0,111,19731.08506366035,13301.361678012669,0.6278363166666666,38564.5994045145,198.0,,,111,113,,,45.1599956993038,3.6578944445291,21.7264471637721,45.1599956993038,3.6578944445291,21.7264471637721,0.6741322960748064,1.9545098143406567,1.7837837837837838,19731.08506366035,13301.361678012669,1,2026-06-18 23:55:52.212000+00:00,2026-06-18 23:55:56.922000+00:00,0.0785,20216.185351699412,2026-06-18 23:55:56.922000+00:00,40198.71700405655,,3876.0002421850677,2.899667969677232,-2.3995639117855827,16,16.49484536082474,44,65.67164179104478,17.056971503957424,-1.1998320067237542,-8.7412224974182,-4.4522171694089,-11.580924761743297,0.008185998468024591,0.32486736103411507,-14.633204633204627,2.037329263664895,True,False,False
019edc80-90b5-78e3-9c41-9189713ea800,wF4Cdd3h7TYtyKdHN2KD5xmxPasmuMEcLAyqHWVpump,SPDR,Spider Robotics,2026-06-18 20:51:13.717000+00:00,16752.07695026764,12697.410815848218,12264.362952615646,20956.86937177064,20956.86937177064,109.0,88,16752.07695026764,12264.362952615646,0.35567171666666664,20956.86937177064,109.0,,,88,101,,,38.3712857981283,4.4688924626575,20.6670544178391,38.3712857981283,4.4688924626575,20.6670544178391,0.7321099938249569,1.251001259962325,1.2386363636363635,16752.07695026764,12264.362952615646,1,2026-06-18 20:50:54.616000+00:00,2026-06-18 20:51:13.717000+00:00,0.31834999999999997,21814.64007527414,2026-06-18 20:51:13.717000+00:00,211870.72280428448,,112586.31755021338,16.686135927793952,-23.207181542017157,7,7.446808510638298,14,18.91891891891892,36.71742087969387,-12.37926759694559,-6.0554053412746,-3.0695299040414996,-2.3904827711828,0.09047201266246407,0.548326267786085,4.158057851239655,12.647430132590186,True,True,True
019ed73e-287d-7245-b770-c39df58c63a1,1HzvfoqESQMaRz7hBYpAYNutp4kdXSZnB3HCfFNLoop,LOOP,LOOP,2026-06-17 20:20:35.581000+00:00,22125.37331438475,16215.56305606241,14294.072514248548,26581.20330355101,26581.20330355101,38.0,22,22125.37331438475,14294.072514248548,0.33835,26581.20330355101,38.0,,,22,99,,,35.9594322161551,,23.8305045908375,35.9594322161551,,23.8305045908375,0.6460488738942677,1.2013900477904849,1.7272727272727273,22125.37331438475,14294.072514248548,3,2026-06-17 20:18:56.043000+00:00,2026-06-17 20:20:35.581000+00:00,1.6589666666666667,18700.673443263957,2026-06-17 20:20:35.581000+00:00,49848.42603491973,,12055.303255802053,3.07411009180364,18.313243539121746,13,15.11627906976744,10,83.33333333333334,12.568688101899546,8.763952237000762,-2.521914302389497,,1.8955500822188007,-0.0567219999396531,-0.061308804851772924,-20.279720279720273,2.25299819020504,True,False,False
019ee088-b9ec-7496-a082-eeb5b710fff8,2CvqowBpUSGLWgU1p3k6KW87KHVzSCWD3ADX1pafpump,MUST,Elon Must,2026-06-19 15:38:37.420000+00:00,22763.720088107413,12910.75142748588,10527.41176901425,44570.5032945942,44570.5032945942,182.0,113,22763.720088107413,10527.41176901425,0.21690116666666667,44570.5032945942,182.0,,,113,133,,,25.8943524852792,3.059885032319,22.8505938468224,25.8943524852792,3.059885032319,22.8505938468224,0.4624644710208921,1.9579621925626927,1.6106194690265487,22763.720088107413,10527.41176901425,3,2026-06-19 15:36:17.661000+00:00,2026-06-19 15:38:37.420000+00:00,2.3293166666666663,17287.828721473248,2026-06-19 15:38:37.420000+00:00,26188.559027568183,,2353.3922706669578,2.028430271828717,31.67483583310002,62,87.32394366197182,16,16.49484536082474,102.96620087098896,-15.140233214080896,-6.182487608216199,-1.3079425316167002,-1.7325573188348002,-0.2551303988064167,0.6877292711858807,19.259609538607037,1.1504516364726356,False,False,False
019edcb5-fd8b-75cd-a965-8bede12f284b,2GNjBTa9E1HSsj4y4djEas9BwqewDnpM6Es3GcTopump,bread,"market's dead, send this bread",2026-06-18 21:49:34.987000+00:00,20482.99001324391,13611.03154490106,13534.885022353837,31941.8905124553,31941.8905124553,158.0,100,20482.99001324391,13534.885022353837,0.3536698,31941.8905124553,158.0,,,100,177,,,25.906180960032625,0.0,19.61748071976292,25.906180960032625,0.0,19.61748071976292,0.6607865850445876,1.5594349502588383,1.58,20482.99001324391,13534.885022353837,3,2026-06-18 21:48:22.739000+00:00,2026-06-18 21:49:34.987000+00:00,1.2041333333333335,16295.687309986204,2026-06-18 21:49:34.987000+00:00,15543.507658474771,,2018.6358068324405,1.141978666877578,25.69577228382183,87,96.66666666666667,52,108.33333333333333,97.03088071553762,12.146426542906084,-9.86149098217091,0.0,-3.6215914228720045,-0.07983514212379061,0.5645940416290749,9.913043478260875,0.7588495453263725,False,False,False
019edb1d-b6ec-7992-aa21-5bea2dba6eba,2SMH5d728QGNJCigAZPWJiQR3jmbpXjdNoNZD7FDpump,GTAIFY,GTAification,2026-06-18 14:23:38.220000+00:00,18508.356064103784,15021.087751833778,13026.180106079031,34081.11600319135,34081.11600319135,100.0,60,18508.356064103784,13026.180106079031,0.18125371666666668,34081.11600319135,100.0,,,60,109,,,9.2153227129839,,23.1438164983744,9.2153227129839,,23.1438164983744,0.7037999518143476,1.841390768858738,1.6666666666666667,18508.356064103784,13026.180106079031,3,2026-06-18 14:21:25.921000+00:00,2026-06-18 14:23:38.220000+00:00,2.2049833333333333,18009.051932517308,2026-06-18 14:23:38.220000+00:00,48684.91401390772,,11798.843178525858,3.241104427205297,2.7725175842539915,39,55.714285714285715,33,122.22222222222223,68.73528457917376,1.397845707428149,1.2233429462435996,,-1.8888380713353996,-0.009541563668543418,0.7198448773518518,7.142857142857145,2.630428863875715,True,False,False
019edbdc-cdae-74f7-a01a-cf3f32d06251,2b7TqTfTW3Mo9AUunUADFtRxGqcDDZryHJg69MRPpump,JIN,Aladdin X Jin,2026-06-18 17:52:21.422000+00:00,27858.313524850815,17527.076216881025,15694.88059725339,22292.87457236238,22292.87457236238,125.0,93,27858.313524850815,15694.88059725339,0.2172091,22292.87457236238,125.0,,,93,139,,,20.3458660459222,4.6990427734325,28.5534417489576,20.3458660459222,4.6990427734325,28.5534417489576,0.5633822945977286,0.80022340736729,1.3440860215053763,27858.313524850815,15694.88059725339,3,2026-06-18 17:52:08.391000+00:00,2026-06-18 17:52:21.422000+00:00,0.21718333333333334,21524.454463043476,2026-06-18 17:52:21.422000+00:00,17527.076216881025,,1343.1077617238986,1.0,29.426339574284178,24,20.869565217391305,21,29.166666666666668,33.563504943071706,13.766921187766787,-6.721325035363101,-0.3122869361338001,-0.5033160786483002,-0.07754660995089557,0.02478713455194359,2.9512697323266903,0.6291506555573121,False,False,False
019ee03b-c13f-7c03-af0e-cae953064a7f,2bJLvamPNX7iTxZwtsu3SL2fLuSgejfB4rxtYeaipump,FATTOO,Fattoo Coin,2026-06-19 14:14:33.023000+00:00,22998.893697286716,13318.432922346012,10572.401654843288,38127.0057632658,38127.0057632658,81.0,42,22998.893697286716,10572.401654843288,0.2912759333333333,38127.0057632658,81.0,,,42,285,,,16.7187512209653,3.2274258464542,21.6949036836769,16.7187512209653,3.2274258464542,21.6949036836769,0.45969174839442656,1.6577756419546308,1.9285714285714286,22998.893697286716,10572.401654843288,3,2026-06-19 14:13:27.957000+00:00,2026-06-19 14:14:33.023000+00:00,1.0844333333333334,21933.577396225763,2026-06-19 14:14:33.023000+00:00,71339.44108514584,,2071.741200046544,5.356444072744525,4.857011156074651,111,63.793103448275865,12,40.0,70.63574066235877,-24.29664211064567,-1.7461804751621024,2.2381609617082,-0.1452262436083025,-0.17702905413853703,0.6390594087203159,13.44537815126051,3.101864029814707,True,True,False
019ed1ba-bc53-77a9-a260-a4f48eaedfd4,31e5p5ZNwX3DfkT8DTRucdyzEdeLZNwYXuzK7FJzpump,ANSEM,The Black Bull,2026-06-16 18:38:56.595000+00:00,28062.19295124063,14384.96279797919,16323.10803311853,40412.26615920112,40412.26615920112,119.0,75,28062.19295124063,16323.10803311853,0.21552748333333333,40412.26615920112,119.0,,,75,161,,,17.8091801452721,0.0,25.379879839693,17.8091801452721,0.0,25.379879839693,0.5816761384785819,1.4400965109683095,1.5866666666666667,28062.19295124063,16323.10803311853,3,2026-06-16 18:38:12.997000+00:00,2026-06-16 18:38:56.595000+00:00,0.7266333333333334,18466.691340259382,2026-06-16 18:38:56.595000+00:00,14384.96279797919,,1397.8036981672087,1.0,51.96113063341249,76,89.41176470588236,1,1.3513513513513513,37.80002041129509,23.26307358976236,-4.2600776775305,0.0,-1.573470732744898,-0.13542559435557444,-0.14799247025827977,17.413333333333338,0.5126100737377771,False,False,False
019ed6e4-e094-7948-991b-ebc56c162cc1,3HwB3NUsH4qmDrLo7c1gvEjpWMybrrvxHnmvadPEpump,Memecoin,My Meme Coin,2026-06-17 18:43:04.468000+00:00,20957.015244030626,13619.883857659943,14089.151143562338,50758.20964055052,50758.20964055052,50.0,29,20957.015244030626,14089.151143562338,0.4249942666666667,50758.20964055052,50.0,,,29,137,,,6.3894873348721,1.3839621183228,26.0965401249156,6.3894873348721,1.3839621183228,26.0965401249156,0.672288061038438,2.4220152082491055,1.7241379310344827,20957.015244030626,14089.151143562338,3,2026-06-17 18:42:55.263000+00:00,2026-06-17 18:43:04.468000+00:00,0.15341666666666667,24511.49208683073,2026-06-17 18:43:04.468000+00:00,52582.45476518343,,1401.149737080373,3.860712419776663,-14.501266712807807,1,0.7352941176470588,9,45.0,5.867273375335165,-7.494917647399323,-3.8390516376894004,-0.08648348917299997,0.00029378089429954457,0.0509192004195812,0.4659883294473073,14.942528735632177,2.509062199597386,True,False,False
019ed728-dc01-78ec-8bfa-998d111775c5,3MuboDr1XiSNVz4UuqQEV1eNyFpDxikK3g3eEdPLpump,NUT,NUT,2026-06-17 19:57:19.745000+00:00,28754.946290163112,18816.387241042827,12039.083196379168,21165.5371337508,21165.5371337508,34.0,23,28754.946290163112,12039.083196379168,0.24809195,21165.5371337508,34.0,,,23,137,,,20.192413145927,0.0,24.9784734966029,20.192413145927,0.0,24.9784734966029,0.4186786883513555,0.7360659595803661,1.4782608695652173,28754.946290163112,12039.083196379168,3,2026-06-17 19:55:52.285000+00:00,2026-06-17 19:57:19.745000+00:00,1.4576666666666667,19264.094529472513,2026-06-17 19:57:19.745000+00:00,27611.25845976827,,2203.6279075093616,1.4674048799092434,49.267053513313904,30,28.037383177570092,8,53.333333333333336,37.04788822213969,-9.680776356760546,-0.16643035291870234,0.0,-0.39452324541040085,-0.2732552284621966,-0.0656275097850525,5.590062111801243,0.9602263965700366,False,False,False
019ed4fa-279b-72a7-a16b-ba300d0f8888,3oX9emrqYRGzFEDPP3jA6tYnUBML4QSr3DfgD2r5pump,滑る猫,Sliding Cat,2026-06-17 09:47:04.475000+00:00,22927.656965075323,18044.547030051082,14625.835681098302,24908.14441575079,24908.14441575079,33.0,19,22927.656965075323,14625.835681098302,0.23955553333333332,24908.14441575079,33.0,,,19,121,,,19.6011582157245,0.0,29.6334491851429,19.6011582157245,0.0,29.6334491851429,0.6379123563902402,1.0863798448176478,1.736842105263158,22927.656965075323,14625.835681098302,3,2026-06-17 09:45:39.730000+00:00,2026-06-17 09:47:04.475000+00:00,1.4124166666666667,18359.425857852944,2026-06-17 09:47:04.475000+00:00,352059.6875166828,,305055.56743809493,19.510586047428543,24.882211146425323,22,22.22222222222222,8,72.72727272727273,15.747793308312014,11.7432918927941,-0.1504235544030017,0.0,0.2521111657082997,-0.07500655117218247,-0.08573336173275004,-13.157894736842103,15.355240531248334,True,True,True
019ed461-ec42-7471-ac22-1310b6c5a9f3,3wMNHtTmRjXr8PQC5vEfpLPXoFXbqs9uFjzk41hApump,Sneed,Sneed,2026-06-17 07:00:47.810000+00:00,20023.2499850589,12870.217142888872,13748.933171115981,35880.83987076485,35880.83987076485,60.0,43,20023.2499850589,13748.933171115981,0.2637730833333333,35880.83987076485,60.0,,,43,197,,,17.33621716199736,0.2126199008510144,22.928479971949542,17.33621716199736,0.2126199008510144,22.928479971949542,0.6866484302685759,1.7919588427222697,1.3953488372093024,20023.2499850589,13748.933171115981,3,2026-06-17 06:58:36.783000+00:00,2026-06-17 07:00:47.810000+00:00,2.183783333333333,16948.86332867951,2026-06-17 07:00:47.810000+00:00,20799.68923070827,,2089.4404344462228,1.616110202320917,18.13919079267789,56,39.71631205673759,-19,-30.64516129032258,44.0614797905091,8.647330544016341,0.4403187325838154,-0.3634979639538856,0.23444210054334746,-0.059988320996360645,0.32244341138807386,5.501985252410671,1.0387768841835736,False,False,False
019ed9e9-887a-71a7-8814-994c41a6f315,42ZzQ2vczbV9xHQSW5aUZuRdkJMdZpyuq1ts9tTxpump,SHILL,Shill Coin,2026-06-18 08:47:01.242000+00:00,25351.320249145996,13520.312819759136,15317.756644345278,29333.62378692561,29333.62378692561,104.0,78,25351.320249145996,15317.756644345278,0.21990355,29333.62378692561,104.0,,,78,190,,,22.6355025250414,0.0,19.0674410668677,22.6355025250414,0.0,19.0674410668677,0.6042192869565159,1.157084660626847,1.3333333333333333,25351.320249145996,15317.756644345278,3,2026-06-18 08:45:45.879000+00:00,2026-06-18 08:47:01.242000+00:00,1.2560499999999999,15903.907923885215,2026-06-18 08:47:01.242000+00:00,21273.41703565969,,1933.769612142955,1.5734411858111637,59.40308740766931,73,62.39316239316239,35,81.3953488372093,61.01483148423179,26.255037158634426,-4.8180755825527015,0.0,1.581987745312201,-0.15863676995560472,0.011582314067938748,10.256410256410257,0.8391443454064813,False,False,False
019ed6b6-d745-7a15-93e7-0812733f4aa2,4ZQhcqhZ8knh5KAcgC8Tmq3QJ2uzk8TPL3cVkjLopump,ball,ball hat cult,2026-06-17 17:52:47.429000+00:00,20672.245846795002,12942.904032635392,13988.213684121136,45578.12610389584,45578.12610389584,36.0,23,20672.245846795002,13988.213684121136,0.22555176666666668,45578.12610389584,36.0,,,23,224,,,11.8156939330449,0.0,17.9479776349433,11.8156939330449,0.0,17.9479776349433,0.6766663761542798,2.2047979905851505,1.565217391304348,20672.245846795002,13988.213684121136,3,2026-06-17 17:49:49.305000+00:00,2026-06-17 17:52:47.429000+00:00,2.9687333333333332,17470.256620825603,2026-06-17 17:52:47.429000+00:00,27266.332387752005,,1700.5019428160736,2.1066626407026,18.328232352079098,70,45.45454545454545,-4,-14.814814814814813,28.852341876034355,8.746939101185752,-1.7104832628654005,0.0,-2.121631377561002,-0.0596185882245468,0.18007849289567535,0.621118012422363,1.3189825909495625,False,False,False
019ed1f0-0f59-7037-8cb2-96a000b166c4,4k6WBtxobSHRrEEkTDQkrpjS9nZnXfpNrGkaZivmpump,币安之死,Binance Death,2026-06-16 19:37:11.257000+00:00,25689.82750215365,17909.770474630608,15647.530447231513,44193.1067449856,44193.1067449856,121.0,87,25689.82750215365,15647.530447231513,0.2953560666666667,44193.1067449856,121.0,,,87,236,,,34.6347184908443,3.1700533791914,11.4238682187537,34.6347184908443,3.1700533791914,11.4238682187537,0.6090944147413888,1.720257044983302,1.3908045977011494,25689.82750215365,15647.530447231513,3,2026-06-16 19:36:14.738000+00:00,2026-06-16 19:37:11.257000+00:00,0.9419833333333333,17556.83271627558,2026-06-16 19:37:11.257000+00:00,47952.576708115565,,2246.309481164373,2.677453447884267,46.323815447296475,77,48.42767295597484,36,70.58823529411765,65.69756634882864,20.956262895708345,-10.980899696742902,-2.3684267487237,-2.631585590615799,-0.1277423277218267,0.2011365176356914,10.829741379310343,1.8665978471087656,False,False,False
019edeb3-f536-7e67-9580-deeb1458d4d4,4wHCJ3Wp2KsFRHs1AdFLFuDqUrxuZwDcTxVmCypwpump,Lemmon,John Lemmon,2026-06-19 07:06:36.214000+00:00,16084.508828224753,13991.649254721717,11920.399038069972,28917.34220547732,28917.34220547732,36.0,18,16084.508828224753,11920.399038069972,0.15511286666666668,28917.34220547732,36.0,,,18,107,,,6.305054240145058,0.0,24.89842142929263,6.305054240145058,0.0,24.89842142929263,0.741110540917004,1.7978380635866098,2.0,16084.508828224753,11920.399038069972,3,2026-06-19 07:06:21.182000+00:00,2026-06-19 07:06:36.214000+00:00,0.25053333333333333,16120.907057782164,2026-06-19 07:06:36.214000+00:00,14315.418520769885,,6273.341924216614,1.0231401788419552,-0.22578276412703888,3,2.8846153846153846,7,63.63636363636363,4.63043144998937,-0.1146271841892203,-0.4929515583346813,0.0,0.0,0.0008247310857573131,0.08344309239747205,4.761904761904757,0.8900127864426606,False,False,False
019ed2a8-9ed6-732b-8f61-e54d40a3e757,4wNsn7WNtct8kAhRyPX1qTovYPjFBiJFfoktDWt4pump,ALBERT,Albert the Monkey,2026-06-16 22:58:46.614000+00:00,19514.708422591455,14693.225673600062,18960.13914261235,12181.139309430278,12181.139309430278,82.0,65,19514.708422591455,18960.13914261235,0.29633505,12181.139309430278,82.0,,,65,91,,,14.7867243508838,0.0,21.680379517741,14.7867243508838,0.0,21.680379517741,0.9715819848306264,0.6242029881076073,1.2615384615384615,19514.708422591455,18960.13914261235,3,2026-06-16 22:58:29.153000+00:00,2026-06-16 22:58:46.614000+00:00,0.29101666666666665,18781.950965983764,2026-06-16 22:58:46.614000+00:00,36995.58513870837,,8057.405939370478,2.517866802058305,3.9013915962979437,8,9.63855421686747,9,16.071428571428573,9.982508001647735,1.9321825674880881,-0.005201445874099875,0.0,0.0,-0.018769813110699696,0.03451322487747477,5.442020665901262,1.895779549331106,False,False,False
019edcaa-eccb-778b-93bb-fcc62688b1b8,5U7XtJL252qdFUXu9H9auKpKkABTrcjomwoq18CNpump,Anna,The Meme Commander,2026-06-18 21:37:29.803000+00:00,24648.76555534992,17162.5861051866,14865.747281930211,36096.4079986671,36096.4079986671,66.0,37,24648.76555534992,14865.747281930211,0.33888111666666665,36096.4079986671,66.0,,,37,221,,,13.1888667338637,0.9281855580237,22.7877395707391,13.1888667338637,0.9281855580237,22.7877395707391,0.6031031147806775,1.4644306595237386,1.7837837837837838,24648.76555534992,14865.747281930211,3,2026-06-18 21:36:39.043000+00:00,2026-06-18 21:37:29.803000+00:00,0.846,18976.49066873162,2026-06-18 21:37:29.803000+00:00,24441.8630714656,,1424.638091790453,1.4241363697560225,29.89106355668148,51,30.0,16,76.19047619047619,29.40967314293183,13.969862963348334,0.641757486240099,0.0,-0.07939229793669966,-0.0842514452436881,-0.005447528488208064,10.174880763116056,0.9916059697423908,False,False,False
019edb79-c8d9-70b5-b5ff-9efae162b457,5XGHP7Kxe5xzMairhGhBgFHo51qwomGwaiHhMBXLpump,Yuji,Yuji naka,2026-06-18 16:04:12.121000+00:00,19384.16909443387,12498.777174157281,13073.631163660242,9842.1560674011,9842.1560674011,49.0,44,19384.16909443387,13073.631163660242,0.6526300666666667,9842.1560674011,49.0,,,44,110,,,29.2554910008031,0.8251875906464,28.2026374531529,29.2554910008031,0.8251875906464,28.2026374531529,0.6744488814542127,0.5077419630138935,1.1136363636363635,19384.16909443387,13073.631163660242,3,2026-06-18 16:03:33.589000+00:00,2026-06-18 16:04:12.121000+00:00,0.6422,22351.749177530684,2026-06-18 16:04:12.121000+00:00,25600.621422408527,,2004.3395023893502,2.048250086043687,-13.276724159378112,-7,-5.982905982905983,9,25.71428571428571,28.473106646158186,-6.874619321745268,-0.1506387875621975,-0.13294445371380004,0.0,0.04636644076239815,0.16500061064986182,5.343980343980332,1.3206973844321086,False,False,False
019ed6f9-0211-7aea-ab6d-295e33ea724e,5cvEH5ZFD4ofVrALJmTujL2rymCKNvyqjLPSewuCpump,Renuldo,Crustieno Renuldo,2026-06-17 19:05:03.761000+00:00,24832.80700726102,12955.180191977817,15333.302841853272,49991.19169659615,49991.19169659615,138.0,72,24832.80700726102,15333.302841853272,0.4681556666666667,49991.19169659615,138.0,,,72,215,,,11.8245331362145,0.0,23.4525900307021,11.8245331362145,0.0,23.4525900307021,0.6174615232732197,2.0131107885620385,1.9166666666666667,24832.80700726102,15333.302841853272,3,2026-06-17 19:02:46.687000+00:00,2026-06-17 19:05:03.761000+00:00,2.284566666666667,16117.086318406513,2026-06-17 19:05:03.761000+00:00,16744.22248939392,,1968.2858341228452,1.2924731452027487,54.07752069243882,101,88.59649122807018,-10,-12.195121951219512,96.25881778346039,23.993147267012073,-7.561823971234501,0.0,-2.2677969407629988,-0.14981427160633431,0.4326716384441214,34.33048433048434,0.6742782837436772,False,False,False
019ee0f8-7a07-72c3-9de8-0718bbcd1415,5yaqc8wVKUF7bPjGF2JWQyd1ppS2ddr5pf5GjXnkpump,FLORK,فلورک,2026-06-19 17:40:41.095000+00:00,45738.69942890321,56708.07948037205,15064.089791879149,108539.8560251223,108539.8560251223,179.0,78,45738.69942890321,15064.089791879149,0.21115238333333333,108539.8560251223,179.0,,,78,370,,,37.1937800202029,5.1796314828242,17.8098696581136,37.1937800202029,5.1796314828242,17.8098696581136,0.3293510742537608,2.3730420274375743,2.2948717948717947,45738.69942890321,15064.089791879149,3,2026-06-19 17:39:22.617000+00:00,2026-06-19 17:40:41.095000+00:00,1.3079666666666665,21144.614872646125,2026-06-19 17:40:41.095000+00:00,17067.280872612148,,17067.280872612148,1.35103706939909,116.31370306050543,222,150.0,46,143.75,322.6648821676679,9.804268730969067,-3.8531549120702024,-10.7523248745482,-7.004264763514001,-0.3194684234047411,1.1585538356563592,26.613616268788675,0.3731474896688249,False,False,False
019ed292-990f-7806-bfa6-3a0dd40c0fa0,6QukiGJwyy33YAVewFyh5XfQTFLkCmrRKWGB8dgYpump,Bitcointalk,Bitcointalk Coin,2026-06-16 22:34:43.343000+00:00,33761.07100130345,13389.688935326816,24938.35933727614,33336.20304206826,33336.20304206826,123.0,69,33761.07100130345,24938.35933727614,0.3289038,33336.20304206826,123.0,,,69,111,,,26.7361098384513,0.0937445029238,23.0632658041357,26.7361098384513,0.0937445029238,23.0632658041357,0.7386720443884413,0.9874154478328372,1.7826086956521738,33761.07100130345,24938.35933727614,3,2026-06-16 22:34:20.292000+00:00,2026-06-16 22:34:43.343000+00:00,0.3841833333333333,18297.527076811915,2026-06-16 22:34:43.343000+00:00,13389.688935326816,,4021.0501816201568,1.0,84.51166028926481,65,141.30434782608697,35,102.94117647058823,134.36057450874543,35.83508603322452,-7.488489478979204,0.0,-0.4736481850015011,-0.2647035141623161,0.2100250354019011,6.331045003813876,0.3966014269751652,False,False,False
019ed699-d22e-7d15-bfd2-4f4049fe62a9,6VCRczotz9NoDnQ4RiCsK3FRX7GHxMJVW2wWbVbepump,PULLS,Collector Pulls,2026-06-17 17:21:05.582000+00:00,15379.053747402697,16896.574861141922,12069.969626001515,39544.77708305028,39544.77708305028,81.0,54,15379.053747402697,12069.969626001515,0.3961548,39544.77708305028,81.0,,,54,136,,,41.8372416317225,4.6199965506037,25.3106755857003,41.8372416317225,4.6199965506037,25.3106755857003,0.7848317474044826,2.57134006633723,1.5,15379.053747402697,12069.969626001515,3,2026-06-17 17:21:00.535000+00:00,2026-06-17 17:21:05.582000+00:00,0.08411666666666666,21978.769524681138,2026-06-17 17:21:05.582000+00:00,16896.574861141922,,1931.3043443463048,1.0,-30.027685443751828,36,36.0,22,68.75,14.20243748773376,-16.35045686161261,-5.933938573832499,-1.8251362951430004,-4.4843409059275,0.12832494721474208,0.9958691752526347,2.127659574468085,1.0986745438740346,False,False,False
019ed2c3-cf91-7a51-a1f7-62e105210271,6XK8TGpSTKbugQfssfkLXtyVd68AYjF5v2iNk9Dpump,GOATSE,меметик agent,2026-06-16 23:28:28.561000+00:00,24923.91943323336,14802.423966341496,15365.602014629414,53322.06086605696,53322.06086605696,243.0,170,24923.91943323336,15365.602014629414,0.3719745666666666,53322.06086605696,243.0,,,170,217,,,24.006265622192814,0.0,24.15011893990081,24.006265622192814,0.0,24.15011893990081,0.6165002280556661,2.1393930841775126,1.4294117647058824,24923.91943323336,15365.602014629414,3,2026-06-16 23:26:37.160000+00:00,2026-06-16 23:28:28.561000+00:00,1.8566833333333332,17733.827415184733,2026-06-16 23:28:28.561000+00:00,14802.423966341496,,2396.6618456690926,1.0,40.54450203959949,100,85.47008547008546,87,104.81927710843372,94.18382756127211,18.55965543184493,-4.420463073545385,-0.0255928325538,0.9275514583312088,-0.11431935170595164,0.5909637455508654,-1.1323529411764681,0.5939043418108654,False,False,False
019ed64f-bcda-70a9-856d-6a6d65d6b8e0,6aMWJdUjAhXN1jtZq2hgcT3Ev284P6ymPYgP8vX4pump,ESPEJO,El Perro,2026-06-17 16:00:10.458000+00:00,17804.08089802632,13402.16773226403,12992.933648557042,20096.6075571268,20096.6075571268,81.0,44,17804.08089802632,12992.933648557042,0.34088428333333337,20096.6075571268,81.0,,,44,82,,,19.979913659478,3.1907111529854,26.4919242226206,19.979913659478,3.1907111529854,26.4919242226206,0.7297727820365824,1.128764111566951,1.8409090909090908,17804.08089802632,12992.933648557042,3,2026-06-17 15:59:46.090000+00:00,2026-06-17 16:00:10.458000+00:00,0.4061333333333333,15280.968563225457,2026-06-17 16:00:10.458000+00:00,13402.16773226403,,2710.1994312839834,1.0,16.511468656986057,12,17.142857142857142,8,22.22222222222222,18.69248623249992,7.9404749189822725,-3.564049672167201,-0.8730589390822998,0.6722840788311011,-0.057947474751208206,0.020741450820352947,1.9580419580419524,0.7527581911712012,False,False,False
019edc5b-7304-7b7b-9676-41dace11a6b4,6dwpotLnFRMcWH2Ti6BaSNsF7hAhk1cGs1zVoKi9BAGS,DYMO,Daimyo,2026-06-18 20:10:41.284000+00:00,1204823.9165255185,996400.3808532716,14360.041431191743,48292.58334261816,48292.58334261816,251.0,125,1204823.9165255185,14360.041431191743,0.4207566166666667,48292.58334261816,251.0,,,125,96,,,,2.9530096506e-06,2.5930534163914642,,2.9530096506e-06,2.5930534163914642,0.01191878849201745,0.04008268982731081,2.008,1204823.9165255185,14360.041431191743,3,2026-06-18 20:09:57.496000+00:00,2026-06-18 20:10:41.284000+00:00,0.7297999999999999,1262989.6542271543,2026-06-18 20:10:41.284000+00:00,1345936.1012279927,,27329.994259156847,1.3507984612324162,-4.605400963258757,30,45.45454545454545,79,171.73913043478262,168.01487420295734,-1.8030932876261025,,-0.49663127021484,-0.19526326875681876,0.00034013405914357434,0.025816048336753602,3.7842696629213526,1.1171226622969228,False,False,False
019ee0ef-910b-7483-a21c-11b9c50ab00c,6kN7YnZPoxVZxE4YWjAZyxX2KNweE8LbNJCQTz2ExmoT,Clutch,The Patriotic Eagle,2026-06-19 17:30:57.163000+00:00,20887.78298583746,13072.127380098465,13611.775799709401,73266.69553375283,73266.69553375283,379.0,237,20887.78298583746,13611.775799709401,0.44112338333333334,73266.69553375283,379.0,,,237,224,,,24.120292329093843,0.0,23.593183133710735,24.120292329093843,0.0,23.593183133710735,0.6516620652818248,3.5076338921861567,1.59915611814346,20887.78298583746,13611.775799709401,3,2026-06-19 17:29:36.292000+00:00,2026-06-19 17:30:57.163000+00:00,1.34785,19935.78436521506,2026-06-19 17:30:57.163000+00:00,13072.127380098465,,2008.0488201587575,1.0,4.775325631448424,106,89.83050847457628,88,59.06040268456376,78.39930118740529,2.3596337017960476,-7.131515498041512,0.0,-2.1470141089772667,-0.015379253862397135,1.4475726654684409,2.2636315894315526,0.6258264646354167,False,False,False
019ed598-8545-708c-a2c1-05302afca35b,6snUbikeEfoenoF3eTp91ENg3ZnkDp4wUhy1fiwBpump,CASHEW,Cashew Coin,2026-06-17 12:40:03.141000+00:00,24315.677464322318,13184.018949639089,15003.695080956577,85574.60165684033,85574.60165684033,99.0,58,24315.677464322318,15003.695080956577,0.32945705000000003,85574.60165684033,99.0,,,58,220,,,16.182812577283766,0.0,22.648243176921156,16.182812577283766,0.0,22.648243176921156,0.6170379214385887,3.5193180112872215,1.706896551724138,24315.677464322318,15003.695080956577,3,2026-06-17 12:37:50.863000+00:00,2026-06-17 12:40:03.141000+00:00,2.2046333333333332,17078.08814825024,2026-06-17 12:40:03.141000+00:00,23815.245830035416,,2793.8881810946837,1.8063722390726202,42.37938844936583,53,31.736526946107784,23,65.71428571428571,25.75609106345802,19.389279544582735,1.3464765205457887,0.0,1.817266717817546,-0.1188194540277534,-0.465207445639257,14.887267904509278,0.9794193834401212,False,False,False
019ecf58-e1f6-708d-9a17-7062c4b9bf81,74qtu3i2fuiJ5cQEeZM4HvwJFAQzZG8r3YAgxcDvpump,Elonjak,Elonjak,2026-06-16 07:32:49.270000+00:00,22413.075154465696,15482.368861546496,14639.246927023736,70560.9680190657,70560.9680190657,69.0,52,22413.075154465696,14639.246927023736,0.42731736666666664,70560.9680190657,69.0,,,52,429,,,18.3465732363686,0.0,16.6138570776136,18.3465732363686,0.0,16.6138570776136,0.6531565537586188,3.1482055689715014,1.3269230769230769,22413.075154465696,14639.246927023736,3,2026-06-16 07:30:33.327000+00:00,2026-06-16 07:32:49.270000+00:00,2.265716666666667,18514.911738691186,2026-06-16 07:32:49.270000+00:00,15482.368861546496,,2390.217295907725,1.0,21.05418308653558,197,84.91379310344827,-27,-34.177215189873415,109.62299647455178,10.054283222008094,-11.938544736686403,0.0,-0.6371930622859026,-0.06528284476408197,1.3301633705975602,21.89177101967799,0.6907739680898589,False,False,False
019ee06a-f08e-743e-9d01-60b45d135676,7dWh3zJ3bnrSN8rJUAL9zG78Acydqjh6GisTuGe7fnDc,TVB,Trump Vs Biden,2026-06-19 15:06:05.326000+00:00,17696.560595973868,12592.379048810573,12541.012894001233,44970.20107686607,44970.20107686607,101.0,77,17696.560595973868,12541.012894001233,0.1866834,44970.20107686607,101.0,,,77,126,,,2.3785659028229,0.0,13.4477041008218,2.3785659028229,0.0,13.4477041008218,0.7086695081785797,2.5411831204701554,1.3116883116883118,17696.560595973868,12541.012894001233,3,2026-06-19 15:05:26.247000+00:00,2026-06-19 15:06:05.326000+00:00,0.6513166666666667,16038.020883051568,2026-06-19 15:06:05.326000+00:00,17775.2064431789,,1940.4658189244071,1.4115844491560057,10.34129912297962,18,16.666666666666664,18,30.508474576271187,25.48312391850049,5.022943893605475,-0.004026308417000024,0.0,-1.7811345001239989,-0.03588697902562821,0.30664003558347064,-2.0384678612526628,1.0044441317723019,False,False,False
019ed65e-3307-7aab-863f-3191c07a0cff,7fAWyzhRSvrhbTc8QJdfYixEvmmHyxBcRPMpRDmiBAGS,ANSEM,ansem coin,2026-06-17 16:15:58.215000+00:00,509038.8931342121,360151.0007243348,9693.096368386514,43841.9140631472,43841.9140631472,80.0,40,509038.8931342121,9693.096368386514,0.34528715,43841.9140631472,80.0,,,40,165,,,,0.1475055651703784,1.4720754227276953,,0.1475055651703784,1.4720754227276953,0.019041956320282293,0.08612684542276798,2.0,509038.8931342121,9693.096368386514,3,2026-06-17 16:13:35.492000+00:00,2026-06-17 16:15:58.215000+00:00,2.378716666666667,353207.2556716606,2026-06-17 16:15:58.215000+00:00,710383.5532361813,,31908.863635496436,1.9724603063922066,44.11903633356041,-5,-2.941176470588235,15,60.0,51.74665600589214,20.97823953423013,,0.0,0.08844728114573464,-0.003642357861759902,0.004329207890004988,-21.875000000000004,1.39553885335218,False,False,False
019ed20f-3e90-71ad-920e-1f88a374fe7b,7nSXuyYJm47YHqFjtFm4dCMAaFzSSnhwR5M4XubCpump,RUNNER,Homestar Runner,2026-06-16 20:11:14.960000+00:00,,16022.543689554363,6262.93960179791,47702.82122212992,47702.82122212992,169.0,127,0.0,6262.93960179791,0.27947774999999997,47702.82122212992,169.0,,,127,243,,,21.0166986849796,0.0,20.0530291526001,21.0166986849796,0.0,20.0530291526001,,,1.330708661417323,0.0,6262.93960179791,3,2026-06-16 20:09:03.297000+00:00,2026-06-16 20:11:14.960000+00:00,2.1943833333333336,19092.037150946715,2026-06-16 20:11:14.960000+00:00,32234.678189411552,,1626.266828757675,2.0118327535238008,-100.0,124,104.20168067226892,51,67.10526315789474,63.85628585312503,-53.464243396367586,-10.017766351132103,0.0,-1.371060600460801,,,4.261709554346943,1.0,False,False,False
019ed53c-72d3-75d5-8837-8a3217f5ec17,7qhL2SAx1w27sCo686JhTr7AoTyULBQL5GRF1fphpump,obuma,stupid son of a bitch,2026-06-17 10:59:29.107000+00:00,20418.02861415312,13777.29113757698,13777.371277135031,31823.73489771933,31823.73489771933,169.0,120,20418.02861415312,13777.371277135031,0.1844101833333333,31823.73489771933,169.0,,,120,158,,,23.8487350367419,0.0,19.7205165875569,23.8487350367419,0.0,19.7205165875569,0.6747650097612754,1.5586095748568076,1.4083333333333334,20418.02861415312,13777.371277135031,3,2026-06-17 10:58:42.175000+00:00,2026-06-17 10:59:29.107000+00:00,0.7822,15359.054366213202,2026-06-17 10:59:29.107000+00:00,13810.27382911266,,2046.398397673166,1.002393989588107,32.93805808167874,49,44.95412844036697,27,29.03225806451613,35.681091390634215,15.282900835274788,-2.3690397724795,0.0,-1.9811262644373997,-0.10333780868967679,0.03151005004212615,3.129921259842535,0.6763764558317752,False,False,False
019ed97c-37e8-7bec-b859-a7c09ec43f1d,7rqm8G9ZjGpr3RmP2UNc1syCPbJBRCUk5ZVKDu9spump,LeWine,Sipping on LeWine,2026-06-18 06:47:37.192000+00:00,13191.600344467146,13081.869625794718,11000.614781185372,40722.2127342674,40722.2127342674,89.0,59,13191.600344467146,11000.614781185372,0.6917872,40722.2127342674,89.0,,,59,139,,,7.651677599635,0.0,12.6661310478603,7.651677599635,0.0,12.6661310478603,0.8339105562578142,3.086980477796783,1.5084745762711864,13191.600344467146,11000.614781185372,3,2026-06-18 06:46:30.387000+00:00,2026-06-18 06:47:37.192000+00:00,1.1134166666666667,15899.354146267044,2026-06-18 06:47:37.192000+00:00,20848.79947422596,,1920.783821543648,1.5937171115905695,-17.03058990251904,36,34.95145631067961,26,78.78787878787878,62.798443144599844,-8.884556169437204,-2.447742327529901,0.0,-4.968504205418,0.07455446888105477,1.5137163588165712,-4.269882659713165,1.5804602117869966,False,False,False
019edaa3-a8fe-7797-9bf1-08e42fd29534,84JwffevVW4McuAiTBm5avGA7WXQWTfiTtJTzkgSpump,Cate,Catecoin,2026-06-18 12:10:19.262000+00:00,19135.585949312208,13193.971650146426,13217.234043747172,41227.00377137685,41227.00377137685,212.0,142,19135.585949312208,13217.234043747172,0.2355225833333333,41227.00377137685,212.0,,,142,163,,,25.431367905215442,0.0,26.942771425407596,25.431367905215442,0.0,26.942771425407596,0.6907148847575394,2.15446780049391,1.4929577464788732,19135.585949312208,13217.234043747172,3,2026-06-18 12:09:51.252000+00:00,2026-06-18 12:10:19.262000+00:00,0.4668333333333334,18513.224983390402,2026-06-18 12:10:19.262000+00:00,19093.69467464097,,1347.549407597092,1.44715292566428,3.361710163843264,18,12.413793103448276,12,9.230769230769232,15.045610358570208,1.6755278151473023,-3.9631910676635584,0.0,3.069375103037796,-0.011454784368340576,0.21880527796989968,3.7885064397077666,0.9978108182951804,False,False,False
019edbb9-81ba-76c3-b573-60f70512e4d5,8Ed8BUEffgNvhA3H8euhbAGvkEvvEQQeYR6zqDXMpump,SATURN,ꜱᴀᴛᴜʀɴ ᴛʜᴇᴏʀʏ,2026-06-18 17:13:48.218000+00:00,17276.776791321026,12344.924539876085,12376.803738129156,29005.35672804216,29005.35672804216,47.0,27,17276.776791321026,12376.803738129156,0.25679355,29005.35672804216,47.0,,,27,127,,,25.8835501228623,0.0,22.3026381815807,25.8835501228623,0.0,22.3026381815807,0.7163838421728428,1.6788638921707304,1.7407407407407407,17276.776791321026,12376.803738129156,3,2026-06-18 17:11:35.839000+00:00,2026-06-18 17:13:48.218000+00:00,2.2063166666666665,15317.05672567606,2026-06-18 17:13:48.218000+00:00,26607.268222010916,,1237.6339633580508,2.1553204425077834,12.794364483614382,11,9.482758620689655,-19,-41.30434782608695,17.447328584300383,6.1669015229330695,-2.0057701936031016,0.0,-0.7153758358657001,-0.044720221759561474,0.06651231249250067,21.324354657687994,1.5400597312443751,False,False,False
019ed25a-bbc8-787b-818f-b7b520304107,8SXeSRLStHf4DfzJ5J6yMhmKq4BPCfJVewARvhpEpump,TISM,ThisInvestmentSimplyMoons,2026-06-16 21:33:42.216000+00:00,15225.784513681469,13543.748000299329,12027.60501796688,29330.09655401328,29330.09655401328,140.0,84,15225.784513681469,12027.60501796688,0.7441491666666666,29330.09655401328,140.0,,,84,127,,,23.0635934901784,5.9221647246675,23.8496507861801,23.0635934901784,5.9221647246675,23.8496507861801,0.7899497728448217,1.926343862784743,1.6666666666666667,15225.784513681469,12027.60501796688,3,2026-06-16 21:32:46.989000+00:00,2026-06-16 21:33:42.216000+00:00,0.92045,14704.938918471922,2026-06-16 21:33:42.216000+00:00,13543.748000299329,,2092.453941451732,1.0,3.541977277819734,34,36.55913978494624,29,52.72727272727272,64.25326277905286,1.7685495620864051,-3.2446454354371,0.0,3.4926278468262986,-0.013765734376960825,0.7120151542096944,5.363984674329508,0.8895271037186486,False,False,False
019ee0e9-198f-7c96-bd03-bb1ac8bb10fe,8UxekN1DeMEsZc71LhJTJ39DJKGrkTTq17JYj4uG64GU,UP,only way is up,2026-06-19 17:23:53.359000+00:00,23298.16285243824,15765.585081811923,14396.599426257208,81166.70637437185,81166.70637437185,421.0,274,23298.16285243824,14396.599426257208,0.25665568333333333,81166.70637437185,421.0,,,274,219,,,29.1890571101918,0.0,17.9174568517326,29.1890571101918,0.0,17.9174568517326,0.6179285258429958,3.483824320760873,1.5364963503649636,23298.16285243824,14396.599426257208,3,2026-06-19 17:22:24.419000+00:00,2026-06-19 17:23:53.359000+00:00,1.4823333333333333,18736.922263869234,2026-06-19 17:23:53.359000+00:00,38106.70011531609,,1934.0318983309803,2.4170812511917585,24.343595625438088,126,135.48387096774192,224,448.00000000000006,206.98618120114497,11.517405926718638,-39.6290126841955,0.0,-40.3976300648152,-0.07107113393509634,2.0727144106150517,-23.175182481751822,1.635609655433758,False,False,False
019ed29b-7bbf-75be-a85d-bc8ae2d97a8a,8jg4V1378f5vCdhj7z2DMSheWk5E6S4PakmxC1dYpump,Nala,Nala Grok Companion,2026-06-16 22:44:25.663000+00:00,42085.42291619082,15193.106124885944,14785.866389158213,39157.297748074,39157.297748074,128.0,84,42085.42291619082,14785.866389158213,0.2711369,39157.297748074,128.0,,,84,181,,,30.5945275172347,0.0,23.0492456103048,30.5945275172347,0.0,23.0492456103048,0.35132987539659233,0.9304242427610171,1.5238095238095237,42085.42291619082,14785.866389158213,3,2026-06-16 22:44:07.635000+00:00,2026-06-16 22:44:25.663000+00:00,0.30046666666666666,26179.401983223317,2026-06-16 22:44:25.663000+00:00,30482.494490198682,,12184.818597396039,2.006337232139061,60.757770338530435,69,61.60714285714286,26,44.827586206896555,68.50976317485188,-6.204157875400716,-1.2335118084321017,0.0,-0.3153137577080969,-0.2508184303571175,0.04280251736594698,2.7685492801771763,0.7243005387138847,False,False,False
019ed25e-8340-74a2-ad44-4bfe65ac8107,8ns6sUJwLQa6AsvKGy4nraJB25BPKaEpKLEvKhijpump,ansum,ansum,2026-06-16 21:37:49.888000+00:00,21657.056879834498,13652.689762125228,14343.653424117267,52847.08171703168,52847.08171703168,81.0,64,21657.056879834498,14343.653424117267,0.21432856666666666,52847.08171703168,81.0,,,64,121,,,0.6331122185178,0.0,16.5671678863752,0.6331122185178,0.0,16.5671678863752,0.6623085262094431,2.440178368199194,1.265625,21657.056879834498,14343.653424117267,3,2026-06-16 21:37:28.293000+00:00,2026-06-16 21:37:49.888000+00:00,0.35991666666666666,20780.892476144272,2026-06-16 21:37:49.888000+00:00,13652.689762125228,,2059.156235090252,1.0,4.21620199756113,13,12.037037037037036,7,12.280701754385964,6.3108258848906615,2.074073713501876,0.0,0.0,-0.12096558263380075,-0.01389921823585627,0.0480784139981103,4.551630434782609,0.6304037449722745,False,False,False
019ee0cf-685d-7225-b851-c4c31b6c89c0,8oGoTGPstdxKqe7EHUsboWbz4rbkaPG4FFX38CKbpump,Cuakssant,Duck Croissant,2026-06-19 16:55:49.597000+00:00,27854.02187594889,14395.14812350451,15735.657227679496,45701.43158718224,45701.43158718224,97.0,64,27854.02187594889,15735.657227679496,0.7190482833333333,45701.43158718224,97.0,,,64,160,,,22.2065538257577,0.140273682024,14.0431882683198,22.2065538257577,0.140273682024,14.0431882683198,0.5649330390332882,1.640748032392552,1.515625,27854.02187594889,15735.657227679496,3,2026-06-19 16:54:18.936000+00:00,2026-06-19 16:55:49.597000+00:00,1.5110166666666667,22129.269247438744,2026-06-19 16:55:49.597000+00:00,41868.39764707778,,1578.3705623692335,2.9085075949107275,25.86959634544973,45,39.130434782608695,30,88.23529411764706,101.47327404370982,12.17430928434387,-4.775780652694799,-0.1128793228329,-0.06508554033229963,-0.06897230024614598,0.6156974716068242,3.0624999999999925,1.5031365248991164,False,False,False
019ed6dc-d2ae-7d75-8eaa-2ad8de065dec,8vreH8zd6wKEkqEtaWanKZAcyjjrx4SfT42f5Sqppump,Day,Good Day,2026-06-17 18:34:16.622000+00:00,51220.39248003141,59038.37179507595,16408.966947576562,145622.78787611963,145622.78787611963,320.0,138,51220.39248003141,16408.966947576562,0.3257198,145622.78787611963,320.0,,,138,376,,,37.4781419371911,1.2862949151458,20.1134386952248,37.4781419371911,1.2862949151458,20.1134386952248,0.3203600392943826,2.8430627104798463,2.318840579710145,51220.39248003141,16408.966947576562,3,2026-06-17 18:31:39.457000+00:00,2026-06-17 18:34:16.622000+00:00,2.6194166666666665,13887.892021451276,2026-06-17 18:34:16.622000+00:00,54664.58835605904,,2379.883400123282,4.0447971317364075,268.813297229819,307,444.92753623188406,101,272.97297297297297,532.5747186902469,43.50069673260113,-0.6763717441946042,1.2862949151458,-14.916441973933601,-0.5030021121312772,1.1854572110784911,22.567287784679095,1.0672426685791283,False,False,False
019ee0aa-9374-7a3a-a15f-6c418db0651d,8xKzNYHuoNeJ1cm1XP6xSPei7XYvdVXXMByAgf8bpump,WOJAK,Wojak Kowalski,2026-06-19 16:15:35.796000+00:00,20375.04163864797,12400.145141820954,13482.642903067934,31400.6126056595,31400.6126056595,132.0,93,20375.04163864797,13482.642903067934,0.53025735,31400.6126056595,132.0,,,93,168,,,43.0689899562463,0.0,20.201903263098,43.0689899562463,0.0,20.201903263098,0.6617234527508236,1.5411312115356812,1.4193548387096775,20375.04163864797,13482.642903067934,3,2026-06-19 16:15:20.681000+00:00,2026-06-19 16:15:35.796000+00:00,0.2519166666666667,18715.132949584757,2026-06-19 16:15:35.796000+00:00,18866.804165942456,,2549.4347378115403,1.5214986558755614,8.869339552835198,61,57.009345794392516,23,32.857142857142854,46.549264632193484,4.3555364785505635,7.955375531935097,0.0,-2.3018110321452987,-0.028622241388858605,0.3962470145030572,7.994389901823287,0.9259762262353052,False,False,False
019ed4d0-5cca-787c-af3d-284ec7681d20,9JmruaWd8Dscxs1GBVbnckGWWsoVdJwg9DDFGFW9pump,GC,gamercat,2026-06-17 09:01:25.578000+00:00,16676.34674047249,13070.456347529667,12467.525024979792,35451.0429004375,35451.0429004375,74.0,50,16676.34674047249,12467.525024979792,3.0781659,35451.0429004375,74.0,,,50,151,,,13.5328701162737,3.4246541361566,21.4441572083004,13.5328701162737,3.4246541361566,21.4441572083004,0.7476172820706503,2.125827883777443,1.48,16676.34674047249,12467.525024979792,3,2026-06-17 09:01:15.175000+00:00,2026-06-17 09:01:25.578000+00:00,0.17338333333333333,15742.496606596376,2026-06-17 09:01:25.578000+00:00,25117.493083954567,,1810.421492081661,1.9216997797251207,5.932033255035387,40,36.03603603603604,7,16.27906976744186,78.64705717382375,2.9801937014605517,-16.882466021564596,-10.456462482962898,-3.0780611651094993,-0.021429812712820406,0.8652794390321128,4.32786885245901,1.506174792048184,False,False,False
019edb30-bb8a-7362-98aa-407f2ac08a2c,9gVWVw7kfMaUoF7Qx2MFs7VJk3o35YG8sUG6pec7pump,ELONGOAT,Elon The GOAT,2026-06-18 14:44:24.586000+00:00,19936.543609507116,16843.66002763646,13514.819385563393,12866.08911977568,12866.08911977568,63.0,48,19936.543609507116,13514.819385563393,0.08948508333333334,12866.08911977568,63.0,,,48,115,,,22.9031073772008,0.0,26.7117194993195,22.9031073772008,0.0,26.7117194993195,0.6778917976092204,0.6453520415464716,1.3125,19936.543609507116,13514.819385563393,3,2026-06-18 14:43:46.315000+00:00,2026-06-18 14:44:24.586000+00:00,0.63785,15853.72404367784,2026-06-18 14:44:24.586000+00:00,25338.627411726742,,23799.60941115343,1.5043421305198545,25.753063157784855,14,13.861386138613863,23,92.0,57.215360879192964,12.136123418353009,4.838875831936701,0.0,-1.6983941987596012,-0.08231791394697974,0.12914932709314442,13.14655172413794,1.2709639096941328,False,False,False
019edb60-e8cf-74e3-b527-0a08fca29fd3,9h66V2NiHU3PpviwceSg4KZ7xqStLTDej58o5pdhpump,Vort,Vort,2026-06-18 15:37:01.903000+00:00,28882.3365093742,13205.560122046025,11903.750099537634,19120.06508019168,19120.06508019168,69.0,52,28882.3365093742,11903.750099537634,0.23539026666666668,19120.06508019168,69.0,,,52,173,,,32.9435101816914,4.7500303976849,28.5870051038916,32.9435101816914,4.7500303976849,28.5870051038916,0.4121463682716283,0.6619985565913608,1.3269230769230769,28882.3365093742,11903.750099537634,3,2026-06-18 15:35:51.349000+00:00,2026-06-18 15:37:01.903000+00:00,1.1759,18443.32321153024,2026-06-18 15:37:01.903000+00:00,409512.436584487,,154017.62799674712,31.010607107897403,56.60050077806902,64,58.71559633027523,28,116.66666666666667,200.15549880030673,-7.488726853211586,9.010200099111401,4.7500303976849,1.5410898339287975,-0.28552349908377594,0.3166132283500911,-0.48076923076922906,14.178646400424478,True,True,True
019edc7c-d587-7e07-bb59-9bb6e96b6b8e,9vfRMTdHQMHnQ5MiFN33xg6GLwLXnTAW4tbjS2mypump,Runechain,Runechain,2026-06-18 20:47:09.191000+00:00,17464.585210528203,14383.656514555707,12527.588552251378,15595.04248656237,15595.04248656237,23.0,16,17464.585210528203,12527.588552251378,0.114037,15595.04248656237,23.0,,,16,88,,,19.738928107971,0.0,23.1419793793474,19.738928107971,0.0,23.1419793793474,0.7173138326067631,0.8929523546405893,1.4375,17464.585210528203,12527.588552251378,3,2026-06-18 20:44:14.536000+00:00,2026-06-18 20:47:09.191000+00:00,2.9109166666666666,14922.16035636688,2026-06-18 20:47:09.191000+00:00,65706.42062718244,,39831.72808009895,4.568130541819465,17.037914038207877,14,18.91891891891892,0,0.0,26.916674637721794,8.172227513216047,-1.4287688495908029,0.0,-0.7470916712786,-0.058790317312778395,0.06950436231839952,15.0,3.7622663140933077,True,True,False
019ee008-e0f4-76e4-951c-1d2897aa7e70,9zPnV3BDM3Ryph485gp5x5jpF5cTa76wT3Ttveuepump,Navi,Navi,2026-06-19 13:18:58.804000+00:00,18612.0700905291,14233.857895801935,12812.505111500683,42315.7921075755,42315.7921075755,177.0,123,18612.0700905291,12812.505111500683,0.5415973666666667,42315.7921075755,177.0,,,123,265,,,25.5588015193359,2.2417919405093,19.2460330433994,25.5588015193359,2.2417919405093,19.2460330433994,0.6883976392298472,2.273567201378004,1.4390243902439024,18612.0700905291,12812.505111500683,3,2026-06-19 13:18:13.200000+00:00,2026-06-19 13:18:58.804000+00:00,0.7600666666666667,13992.81009829474,2026-06-19 13:18:58.804000+00:00,25137.194979850352,,2412.335146399271,1.7660141870085828,33.01166784788494,170,178.94736842105263,66,115.78947368421053,149.58633814850845,15.305554279219189,-7.1592051760882995,-8.0272792608669,-16.4931622603212,-0.10570910357959917,1.0619184882998214,9.365853658536572,1.3505856606805715,False,False,False
019ed7f4-8946-792e-8123-5f8d10bcd737,A1aAXj2jWDzzPTv2LEWVBiXUahGVnGwDmivN7YWEpump,SHILL,The Shill Coin,2026-06-17 23:39:47.910000+00:00,27203.67709655893,15485.19906517909,15875.217725010483,36470.6564019548,36470.6564019548,152.0,99,27203.67709655893,15875.217725010483,0.3348304833333334,36470.6564019548,152.0,,,99,216,,,42.3488449654616,0.0,25.2032750026621,42.3488449654616,0.0,25.2032750026621,0.5835688193423889,1.3406517167698655,1.5353535353535352,27203.67709655893,15875.217725010483,3,2026-06-17 23:38:52.608000+00:00,2026-06-17 23:39:47.910000+00:00,0.9217,16951.918262985557,2026-06-17 23:39:47.910000+00:00,15485.19906517909,,1341.5538190888576,1.0,60.47550887475695,64,42.10526315789473,27,37.5,49.44287915279682,26.669982072976918,4.543704697957203,0.0,4.888194578686001,-0.15574211853599762,-0.09897369524117128,13.964386129334565,0.5692318362041525,False,False,False
019edc0f-2eb5-7303-abca-49b8db91ee8f,A3pSvCXGcdvicHn8cR7PinrTjpuPLXcsTBZQTkTjpump,DINNER,Chicken Dinner,2026-06-18 18:47:23.061000+00:00,26418.799266922,12784.435638477036,15271.531475293681,36965.153773625,36965.153773625,53.0,29,26418.799266922,15271.531475293681,0.14095641666666667,36965.153773625,53.0,,,29,155,,,4.6069627577933,0.0,28.6332935879528,4.6069627577933,0.0,28.6332935879528,0.5780554718251181,1.3991988583640023,1.8275862068965518,26418.799266922,15271.531475293681,3,2026-06-18 18:46:35.412000+00:00,2026-06-18 18:47:23.061000+00:00,0.79415,22239.499456046462,2026-06-18 18:47:23.061000+00:00,31210.97862764082,,3077.382222576523,2.4413262744039965,18.792238643389396,28,22.04724409448819,19,190.0,10.897093060765197,8.991813939261888,-0.2984470736726994,-0.1802645368957,-0.9274563664307998,-0.051978115802238434,-0.09961378049623293,-29.708222811671085,1.1813927768745693,False,False,False
019ed28a-9c73-74fa-b157-6680bcd53df4,AKTm2hNrwNh1Mt7Sq7jJDuGEBXESxQW45KPS4GHTpump,PIP,Pump Improvement Protocol,2026-06-16 22:25:59.923000+00:00,18513.65170112907,15982.415284625333,13261.02096907977,23660.2630087705,23660.2630087705,96.0,66,18513.65170112907,13261.02096907977,0.6768835166666667,23660.2630087705,96.0,,,66,103,,,43.5501094145582,0.1361037901057,26.9373519089104,43.5501094145582,0.1361037901057,26.9373519089104,0.7162833774317486,1.2779900686652519,1.4545454545454546,18513.65170112907,13261.02096907977,3,2026-06-16 22:25:48.361000+00:00,2026-06-16 22:25:59.923000+00:00,0.19269999999999998,22851.89914081995,2026-06-16 22:25:59.923000+00:00,15982.415284625333,,2294.226836660816,1.0,-18.98418776031417,20,24.096385542168676,18,37.5,70.34651438200653,-9.991691531838056,1.7433023486564991,0.1361037901057,-2.501270776812099,0.07156201110426963,0.6701854192846258,2.6737967914438476,0.8632773016708871,False,False,False
019edf2b-c8eb-7195-9973-646b2359c50b,AUcHUfXcz9hWLcaRahA6MWWGNPJ1dXw9rAqJHTr5pump,QWANT,Le Qwant,2026-06-19 09:17:29.195000+00:00,26385.239524351506,12322.392593994555,15229.511172301764,43128.28831418278,43128.28831418278,92.0,52,26385.239524351506,15229.511172301764,0.3029503333333333,43128.28831418278,92.0,,,52,183,,,34.5656174852905,0.0,24.9858828903847,34.5656174852905,0.0,24.9858828903847,0.5771981398253414,1.6345611823754245,1.7692307692307692,26385.239524351506,15229.511172301764,3,2026-06-19 09:16:50.025000+00:00,2026-06-19 09:17:29.195000+00:00,0.6528333333333334,14226.794584346135,2026-06-19 09:17:29.195000+00:00,46435.93513767186,,5871.887235808869,3.768418737145487,85.4615905777076,59,47.58064516129033,9,20.930232558139537,32.515216006926124,36.20176296113162,-2.028557661345296,0.0,-4.304676904417498,-0.20875413247417773,-0.6530879338142215,8.681318681318677,1.7599209245311243,False,False,False
019edd06-a87c-7ba1-adb5-0969e6ce86d6,AWvgKkGymGqupAxS7uufhzTis9XEoLMgBZhctimxpump,VOYAGER,The Sprite Voyager,2026-06-18 23:17:41.628000+00:00,25610.675448099944,12832.712013558414,15115.979131079639,55834.11639886824,55834.11639886824,58.0,32,25610.675448099944,15115.979131079639,0.4363470166666667,55834.11639886824,58.0,,,32,134,,,30.9010733733405,0.0,26.5567601738562,30.9010733733405,0.0,26.5567601738562,0.5902218065943705,2.18011104439694,1.8125,25610.675448099944,15115.979131079639,3,2026-06-18 23:17:20.622000+00:00,2026-06-18 23:17:41.628000+00:00,0.3501,15652.85614445088,2026-06-18 23:17:41.628000+00:00,36382.585203966664,,4293.546870388945,2.8351439014236903,63.616628248252496,24,21.818181818181817,7,28.000000000000004,15.232180225809403,27.89425830085786,1.0043891749746976,0.0,2.3301804655616998,-0.16485588959424213,-0.9153994075619507,33.272058823529406,1.4206023295908772,False,False,False
019ed7a7-d3fe-7ca0-8061-195358997e0b,Ak2LkrMS1LgrrE7B2p5eUT2Pz2ph65wErP5SfhmKd9P5,BMC,boomercoin,2026-06-17 22:16:00.766000+00:00,34742.712717869035,13167.096413502873,13217.133293788229,19576.21225881194,19576.21225881194,114.0,155,34742.712717869035,13217.133293788229,0.3297248,19576.21225881194,114.0,,,155,58,,,68.1624234486263,0.0,33.3101316688618,68.1624234486263,0.0,33.3101316688618,0.38042893774930625,0.5634623990873173,0.7354838709677419,34742.712717869035,13217.133293788229,3,2026-06-17 22:15:25.716000+00:00,2026-06-17 22:16:00.766000+00:00,0.5841666666666666,18775.14468920478,2026-06-17 22:16:00.766000+00:00,62920.98814355368,,1514.200701283238,4.778653255628031,85.04631145583231,18,45.0,33,27.049180327868854,44.26170574751371,0.5877783791333521,9.216118751445698,0.0,1.4482855809450008,-0.3194271763427136,-0.15929793467477815,0.81913736861181,1.8110557069768436,False,False,False
019edb7f-936a-7a6a-924d-80623bb7c940,BWPA8hVRxr37FYW6vzkRW2Q2n9VZZNYxPvC9v4t4pump,Jorge,RIP Jorge Messi,2026-06-18 16:10:31.658000+00:00,22386.90320689519,15756.38572753087,14073.349408518232,40192.31267739342,40192.31267739342,98.0,72,22386.90320689519,14073.349408518232,0.48528646666666664,40192.31267739342,98.0,,,72,164,,,23.72519063009,2e-13,24.607823227776,23.72519063009,2e-13,24.607823227776,0.6286420805260652,1.7953493748529785,1.3611111111111112,22386.90320689519,14073.349408518232,3,2026-06-18 16:10:10.244000+00:00,2026-06-18 16:10:31.658000+00:00,0.35690000000000005,16201.65043071118,2026-06-18 16:10:31.658000+00:00,15756.38572753087,,2123.336385256748,1.0,38.17668331159336,46,38.983050847457626,27,60.0,30.88764893481526,17.548577352256522,-1.1618478555724998,0.0,-2.671146966910701,-0.1103177574725509,-0.09998165157774141,5.603448275862066,0.7038215863048841,False,False,False
019ed95a-c394-77b0-95b3-e1a51eeeb5d0,Bh77MrPYg8RRQPZ8kxRUyCCa5VrQzFzqLzdFtBgwpump,Helium,Only Goes Up,2026-06-18 06:11:04.724000+00:00,19795.62641857506,13911.462435687428,13459.170127899559,32970.92513836326,32970.92513836326,31.0,20,19795.62641857506,13459.170127899559,0.4342895666666667,32970.92513836326,31.0,,,20,172,,,9.5925918015292,0.0,27.2896749385221,9.5925918015292,0.0,27.2896749385221,0.6799062501639382,1.6655661428034059,1.55,19795.62641857506,13459.170127899559,3,2026-06-18 06:08:16.323000+00:00,2026-06-18 06:11:04.724000+00:00,2.8066833333333334,16188.032237477477,2026-06-18 06:11:04.724000+00:00,23357.82415714116,,2008.8970259361856,1.6790344124583725,22.285563360477596,43,33.33333333333333,6,42.857142857142854,33.297597568704866,10.590583933872638,5.757842563686301,0.0,-0.48729086850400094,-0.07190024073335166,0.137596413402445,-1.3636363636363589,1.1799487252004082,False,False,False
019ee092-cc05-7c79-9b91-c5e524743528,Bk1ZX9zPw74gUGieWqEsXjwKwxNbKB1Z9V3tGa2upump,CAT,CatCoin,2026-06-19 15:49:37.413000+00:00,22610.182442575406,14571.046614665078,20408.821679000295,17743.526297199605,17743.526297199605,50.0,33,22610.182442575406,20408.821679000295,0.14524326666666668,17743.526297199605,50.0,,,33,59,,,37.8808231808245,0.0,29.3415009595123,37.8808231808245,0.0,29.3415009595123,0.9026385227467291,0.7847582098138317,1.5151515151515151,22610.182442575406,20408.821679000295,3,2026-06-19 15:49:11.667000+00:00,2026-06-19 15:49:37.413000+00:00,0.4291,16672.61150969675,2026-06-19 15:49:37.413000+00:00,20563.376558185515,,4094.963858848227,1.411249109414655,35.61272287443018,17,40.476190476190474,12,57.14285714285714,61.775939927216605,16.45445596017797,-1.8758051659772974,0.0,6.969944805942799,-0.14849573254441695,0.12691503685005745,-9.090909090909095,0.9094741544174488,False,False,False
019ee01a-1cd0-7453-a375-bc74e48bb7af,C3jxjp95QFWNfRXq48J67WiuLBLgqL9YQ8pExkyNpump,5DAHH,GIMME MY 5 DAHH,2026-06-19 13:37:48.240000+00:00,19371.08683190673,16053.51036868206,13073.027009581152,25673.24512291329,72225.84941481167,45.0,30,19371.08683190673,13073.027009581152,0.20871971666666667,25673.24512291329,45.0,,,30,160,,,2.700853681362,0.0,22.9480113561123,2.700853681362,0.0,22.9480113561123,0.6748731820275646,1.3253383945719595,1.5,19371.08683190673,13073.027009581152,3,2026-06-19 13:37:24.890000+00:00,2026-06-19 13:37:48.240000+00:00,0.3891666666666667,18998.495927654567,2026-06-19 13:37:48.240000+00:00,24473.66267961607,,6555.381349563762,1.5245053647182636,1.9611600079868068,22,15.942028985507244,14,87.5,16.348923006776864,0.9541934586780373,1.5470177431744,0.0,0.0,-0.006731515512582331,0.16389197442925685,4.3478260869565215,1.2634119547337286,False,False,False
019ed228-e917-7025-89aa-ddcc3c3e2587,CfbVyNSBuV1tNj68vY1JZADLkiYSAT5FKK6RELtPpump,PIP,The Baby Squirrel,2026-06-16 20:39:17.015000+00:00,20724.93156555507,13514.462974781942,14043.929690339164,30186.44416892654,30186.44416892654,169.0,96,20724.93156555507,14043.929690339164,0.17496211666666667,30186.44416892654,169.0,,,96,81,,,24.5694233815296,0.0,26.4109528240404,24.5694233815296,0.0,26.4109528240404,0.6776345507302055,1.4565280504518792,1.7604166666666667,20724.93156555507,14043.929690339164,3,2026-06-16 20:39:02.287000+00:00,2026-06-16 20:39:17.015000+00:00,0.24546666666666667,16829.75278841045,2026-06-16 20:39:17.015000+00:00,13514.462974781942,,1304.3350842094512,1.0,23.144598890525454,18,28.57142857142857,14,17.073170731707318,14.831464330142616,10.970425133540509,7.2996430007525,0.0,1.1342055508089999,-0.07434089537278443,-0.10544421552935113,5.3680048661800575,0.6520872183357671,False,False,False
019ed5da-ab7d-7b4c-9446-b374d047c70c,CsWnH9msTEqswGPfNjkSRF3dnf7Y3QYCxXdcSgfhWU9S,Thaïs,Justice for Thaïs d'Escufon,2026-06-17 13:52:18.301000+00:00,18948.341832160226,12920.749374611523,13310.803554949487,27562.77714364785,27562.77714364785,135.0,84,18948.341832160226,13310.803554949487,0.31054006666666667,27562.77714364785,135.0,,,84,163,,,37.0088336021484,8.2813300176921,22.0192712371976,37.0088336021484,8.2813300176921,22.0192712371976,0.7024785426003672,1.4546273963068739,1.6071428571428572,18948.341832160226,13310.803554949487,3,2026-06-17 13:51:57.824000+00:00,2026-06-17 13:52:18.301000+00:00,0.3412833333333333,16544.364870527286,2026-06-17 13:52:18.301000+00:00,17244.369821257613,,2123.307817687481,1.3346261367116785,14.530488057087453,60,58.252427184466015,30,55.55555555555556,53.85150448068789,7.016682858818267,-7.317541779500402,-8.126248571872301,-3.540066093030301,-0.04932209431333778,0.3717703504653176,-7.674772036474159,0.910072763833586,False,False,False
019ee089-d20b-79ae-9aaf-8ac8b22b0542,Ct5ZGEs7TTwbV63e1gTDdhdves3xenJRe6gKW2pupump,HERO,Zero to Hero,2026-06-19 15:39:49.131000+00:00,12771.075989693845,12725.610927599808,7887.650084389553,26552.32505162704,26552.32505162704,121.0,80,12771.075989693845,7887.650084389553,0.3413075,26552.32505162704,121.0,,,80,154,,,40.1021617376992,10.1039213988769,26.5574760797207,40.1021617376992,10.1039213988769,26.5574760797207,0.6176182876646277,2.079098509244996,1.5125,12771.075989693845,7887.650084389553,3,2026-06-19 15:39:37.999000+00:00,2026-06-19 15:39:49.131000+00:00,0.18553333333333333,20053.390883973003,2026-06-19 15:39:49.131000+00:00,14475.636001213545,,1524.0072480855345,1.1375199260428601,-36.314630958993085,33,27.27272727272727,35,77.77777777777779,79.68843184904854,-41.004889434545056,-14.357425280524502,6.856381817677699,-3.3318932008264994,-0.04910219475156219,1.3422221590461838,3.125000000000004,1.1334703522941423,False,False,False
019ee0bb-ee4e-7bf3-a1a3-f951486e4058,CwPoaq8GGF5i2RkiDyHsNsrnP5L1B4PnQZAEu3Xkpump,ELON,Comrade Elon,2026-06-19 16:34:33.166000+00:00,21576.477984518282,14006.07395308547,13880.475880433418,36848.62505303751,36848.62505303751,84.0,46,21576.477984518282,13880.475880433418,0.3005887,36848.62505303751,84.0,,,46,123,,,30.0736047903719,0.0,23.7191339238413,30.0736047903719,0.0,23.7191339238413,0.6433151828761414,1.7078146433109898,1.826086956521739,21576.477984518282,13880.475880433418,3,2026-06-19 16:33:37.409000+00:00,2026-06-19 16:34:33.166000+00:00,0.9292833333333334,16819.955525858262,2026-06-19 16:34:33.166000+00:00,22168.38888846948,,1963.2780528019778,1.5827696585584492,28.279043017370352,37,43.02325581395349,16,53.333333333333336,35.00438446466752,13.268541231022116,3.2608667356620984,0.0,-0.9781554423802987,-0.08525300667598368,0.08507602660835345,24.505928853754945,1.0274331568097401,False,False,False
019edb91-aff5-7cb6-a6ca-a8a3b9fe0e26,D5UbiydvQRQtjYb1ktXchR7uS8sQWNdbVeJx2rfspump,CENTER,Card Center,2026-06-18 16:30:18.613000+00:00,23169.1299295532,14459.931405012554,14324.39988210144,10292.86183795731,10292.86183795731,75.0,56,23169.1299295532,14324.39988210144,0.19766378333333331,10292.86183795731,75.0,,,56,65,,,14.6562299196076,13.587904757292,32.1370195381737,14.6562299196076,13.587904757292,32.1370195381737,0.6182536817591093,0.44424895838787337,1.3392857142857142,23169.1299295532,14324.39988210144,3,2026-06-18 16:30:07.594000+00:00,2026-06-18 16:30:18.613000+00:00,0.18365,15010.6505530818,2026-06-18 16:30:18.613000+00:00,14459.931405012554,,1944.7246560115066,1.0,54.35127110327943,12,22.641509433962266,10,21.73913043478261,22.023040705456115,24.238006971747968,0.0,0.0,-0.28023419984739917,-0.1498545966158129,-0.11769730206464213,-0.6336405529953981,0.6241033413416316,False,False,False
019ed5b7-e01d-71e3-a55d-a303e617dcfa,DCaoXH6QoxgFQ5phtpR18aTXJ6nsidDt5Ri2bTELpump,Pilly,Pilly,2026-06-17 13:14:18.013000+00:00,23783.241837133843,14764.586786968986,14879.733729982396,25458.6573642283,25458.6573642283,123.0,68,23783.241837133843,14879.733729982396,0.5900964666666667,25458.6573642283,123.0,,,68,164,,,33.2942145832133,,25.5001091778967,33.2942145832133,,25.5001091778967,0.6256394242583868,1.0704452125815143,1.8088235294117647,23783.241837133843,14879.733729982396,3,2026-06-17 13:13:56.571000+00:00,2026-06-17 13:14:18.013000+00:00,0.35736666666666667,23340.195821076824,2026-06-17 13:14:18.013000+00:00,17869.26903137044,,2006.764555742556,1.210278979642126,1.8982103640147518,83,102.46913580246914,26,61.904761904761905,126.19794202927098,0.9511394003679051,-5.058630142158606,,-6.320631167619201,-0.005869422930214974,0.5882283963000086,13.388937664618078,0.7513386591171246,False,False,False
019ed240-925d-7dfd-b7f2-6068c4f1b452,DTZhKWmpnf7DKgVPhHpkMQi5Zhg9dg8sUVetNhUbpump,ansemconzimp,ansemconzimp,2026-06-16 21:05:07.677000+00:00,15224.568633042443,16697.39342575026,12051.27997957255,29660.050951061,29660.050951061,75.0,54,15224.568633042443,12051.27997957255,1.5784686,29660.050951061,75.0,,,54,83,,,33.1017624764689,0.0,30.7069088611219,33.1017624764689,0.0,30.7069088611219,0.7915679103982763,1.948170202122423,1.3888888888888888,15224.568633042443,12051.27997957255,3,2026-06-16 21:05:02.712000+00:00,2026-06-16 21:05:07.677000+00:00,0.08275,17544.37023408147,2026-06-16 21:05:07.677000+00:00,16697.39342575026,,5737.531588266916,1.0,-13.222484307431055,3,3.75,6,12.5,99.56470061624873,-6.841748632183961,5.295491422176198,-2.9555644271954,-0.5977230593443004,0.05421726504201008,1.101039573487045,2.564102564102555,1.0967400015203905,False,False,False
019edab7-4364-7c7a-ad84-c3c2412e6fbc,DgVJZqmccrew2HySCA34pzkfyu54ZCkkZw6aKibYpump,Rebel,Rebel Mode,2026-06-18 12:31:43.972000+00:00,26343.504593807218,12577.114052908593,15546.03692535416,47420.90556398528,47420.90556398528,229.0,160,26343.504593807218,15546.03692535416,0.5812487999999999,47420.90556398528,229.0,,,160,184,,,28.5737613447397,,22.831407182517278,28.5737613447397,,22.831407182517278,0.59012789547404,1.800098593378988,1.43125,26343.504593807218,15546.03692535416,3,2026-06-18 12:31:20.148000+00:00,2026-06-18 12:31:43.972000+00:00,0.3970666666666667,15258.81141365744,2026-06-18 12:31:43.972000+00:00,23993.404002323165,,1456.3117246608106,1.9077034605386625,72.64453881531293,75,68.80733944954129,34,26.984126984126984,50.80657922391647,31.393699514429873,-0.5804661948429981,,-2.067716798096921,-0.1852696976577216,-0.260668205227121,4.241329479768779,0.9107901310884615,False,False,False
019ed51e-d7da-7a7c-9fb2-2e9816fbe18d,DicbCpQUfJgBeDHZvcLur6RcF2HgDWagrGkjiXoGpump,Alon,Alon Card,2026-06-17 10:27:08.890000+00:00,20262.238849346035,13263.117347393912,13746.068751046147,22312.87834917082,22312.87834917082,82.0,55,20262.238849346035,13746.068751046147,0.18043515000000002,22312.87834917082,82.0,,,55,117,,,17.782423519261318,0.0,23.734826058488522,17.782423519261318,0.0,23.734826058488522,0.6784081884164445,1.1012049811016302,1.490909090909091,20262.238849346035,13746.068751046147,3,2026-06-17 10:24:39.344000+00:00,2026-06-17 10:27:08.890000+00:00,2.492433333333333,15771.62492994967,2026-06-17 10:27:08.890000+00:00,16501.279632837974,,1476.053556740086,1.244147902836759,28.472741010147107,34,40.963855421686745,17,44.73684210526316,82.29437565884652,13.325963162779525,-1.3419885015616018,0.0,-1.1386243027284024,-0.09067382118799328,0.3251260602636351,23.162055335968386,0.8143858018617006,False,False,False
019edec5-efef-729f-9aa6-345b3d8545ac,DqQ6vpwrkKweG2wrxwpMVHixNwgRvn5aNftuc7VUpump,WAIFU,WaifuCoin,2026-06-19 07:26:14.511000+00:00,20713.88848970168,18396.89424131504,13511.640523000036,26995.9935053634,26995.9935053634,147.0,102,20713.88848970168,13511.640523000036,0.29528171666666664,26995.9935053634,147.0,,,102,145,,,38.5634701741145,,22.9081338374469,38.5634701741145,,22.9081338374469,0.6522986029261293,1.3032798510422123,1.4411764705882353,20713.88848970168,13511.640523000036,3,2026-06-19 07:25:23.180000+00:00,2026-06-19 07:26:14.511000+00:00,0.8555166666666667,19911.13454499943,2026-06-19 07:26:14.511000+00:00,21949.205753630707,,1363.3440448186213,1.193093000683671,4.031683593358356,30,26.08695652173913,34,50.0,53.50185557079254,2.018236732970805,-1.4554305430012988,,-1.9923030828040993,-0.01287386075427377,0.4200175830190467,-3.921568627450981,1.0596371494682513,False,False,False
019ed2ca-f240-790f-a07a-3dffa1154a9f,DrAQUhCLErvvZVxiZDBf9gYMCYKiEWyoyRY4cYaBpump,Kardashev,Kardashev scale,2026-06-16 23:36:16.192000+00:00,16435.465261414945,14297.602094257962,12488.642473102896,29706.69193471294,29706.69193471294,101.0,73,16435.465261414945,12488.642473102896,0.28658560000000005,29706.69193471294,101.0,,,73,116,,,36.5762866520462,16.8423316901346,22.5748043366242,36.5762866520462,16.8423316901346,22.5748043366242,0.7598593817980993,1.8074749611411647,1.3835616438356164,16435.465261414945,12488.642473102896,3,2026-06-16 23:35:39.326000+00:00,2026-06-16 23:36:16.192000+00:00,0.6144333333333333,12692.872387119343,2026-06-16 23:36:16.192000+00:00,14297.602094257962,,2190.1111605880455,1.0,29.485783518107095,32,38.095238095238095,40,121.21212121212122,39.83369230958285,13.791798553209658,13.2871050187955,-21.999607539317303,-38.68349353369099,-0.10479860468853852,0.13375593343667425,-6.821358680458486,0.8699237817029749,False,False,False
019ed5e3-7c49-719a-8aa7-a13e1bdeaac4,EVVtxoxCaWBVhDdFgo18P1trkG6h8AEvDxnau6YLpump,GOAT,Messi the GOAT,2026-06-17 14:01:56.041000+00:00,26611.89311788994,12780.274210140076,15749.532619400887,52931.51048527293,52931.51048527293,51.0,33,26611.89311788994,15749.532619400887,0.4084152833333333,52931.51048527293,51.0,,,33,265,,,10.888574618377,0.0,17.6652058235951,10.888574618377,0.0,17.6652058235951,0.5918230826206501,1.9890171003914612,1.5454545454545454,26611.89311788994,15749.532619400887,3,2026-06-17 13:59:40.453000+00:00,2026-06-17 14:01:56.041000+00:00,2.2598,16423.187668863204,2026-06-17 14:01:56.041000+00:00,160621.46067396962,,16703.14328119088,12.567919751403295,62.03853755104771,89,50.56818181818182,17,106.25,33.696153634327594,27.18021625311824,-7.0099379052008,-0.1475031738067,0.7058974989528011,-0.1622104425775095,-0.4216537629826165,12.39669421487603,6.035702156266037,True,True,True
019eda03-c73c-77b2-9f8c-9b9ef5ee95e9,EkrnLXAyAryizTvGicA2vvwXexDqy6sTTRhYeBfGpump,muffin,just a chill cat,2026-06-18 09:15:41.244000+00:00,19591.64743978732,13755.159523365497,13461.995039134195,26076.56488136396,26076.56488136396,52.0,37,19591.64743978732,13461.995039134195,0.23657258333333334,26076.56488136396,52.0,,,37,106,,,21.1042844802669,0.0,21.8619709805142,21.1042844802669,0.0,21.8619709805142,0.6871293024493265,1.3310041925523255,1.4054054054054055,19591.64743978732,13461.995039134195,3,2026-06-18 09:15:21.993000+00:00,2026-06-18 09:15:41.244000+00:00,0.32085,17155.589467559617,2026-06-18 09:15:41.244000+00:00,13755.159523365497,,1925.2611310317523,1.0,14.199791717062071,-6,-5.357142857142857,10,37.03703703703704,13.88990542381775,6.86437583331528,0.0,0.0,0.0,-0.04716613146402049,-0.0036215672845438807,2.5566106647187716,0.7020930509106189,False,False,False
019ee097-a87f-7248-91aa-86f7f31de36e,EoHKjiNy8w2ZcizdGexxsHcTHvDZT44HVGJg7eDUpump,CEX,CEXcoin,2026-06-19 15:54:55.999000+00:00,20382.38459366731,13096.340419676499,13481.218252680956,40655.2950588914,40655.2950588914,27.0,26,20382.38459366731,13481.218252680956,0.10193680000000001,40655.2950588914,27.0,,,26,93,,,15.679849007706016,0.0,28.263713887372024,15.679849007706016,0.0,28.263713887372024,0.6614151641937662,1.9946289832801394,1.0384615384615385,20382.38459366731,13481.218252680956,3,2026-06-19 15:52:16.139000+00:00,2026-06-19 15:54:55.999000+00:00,2.6643333333333334,16019.24917936483,2026-06-19 15:54:55.999000+00:00,28290.94574248655,,3728.728289663192,2.1602176513357145,27.236828427157782,8,9.411764705882353,-3,-10.344827586206897,12.936464626984485,12.789496104691683,0.35556293368731673,0.0,-0.3782407766609417,-0.0847214058954231,-0.2525660795340714,-8.741258741258738,1.3880096125394663,False,False,False
019ed5fa-7054-73e9-b2c7-78cf0446218c,EvCtT2DFU1Z9aq9pcRqeioUCU14Vygo3z6h5uSwjpump,Ronaldo,Ronaldo Patriotic Dog,2026-06-17 14:27:00.308000+00:00,22746.96320904398,12911.980029651397,14564.054523281131,34197.30415617848,34197.30415617848,77.0,57,22746.96320904398,14564.054523281131,0.23879083333333334,34197.30415617848,77.0,,,57,135,,,7.5909418373851,0.0,20.5862043076673,7.5909418373851,0.0,20.5862043076673,0.6402636866045749,1.5033788836736655,1.3508771929824561,22746.96320904398,14564.054523281131,3,2026-06-17 14:25:58.308000+00:00,2026-06-17 14:27:00.308000+00:00,1.0333333333333334,18893.69062107832,2026-06-17 14:27:00.308000+00:00,17314.185759424498,,1994.4537026915407,1.340939632780082,20.39449393580545,21,18.421052631578945,14,32.55813953488372,54.074286800477886,9.70909421865053,-6.1726043548104,0.0,-1.5945698385131024,-0.06236013034720733,0.32863036688802305,0.1512401693889917,0.7611647146174016,False,False,False
019edc04-b824-794c-8a38-6262ec6fef5a,EvFZj7rVA4ttaCtx7NTb5euv2zB61soqJ9UcMiZdpump,AYOUB,Justice For Ayoub,2026-06-18 18:35:57.348000+00:00,18057.284640299345,14677.792497595125,12635.746475787948,42207.51048732502,42207.51048732502,76.0,59,18057.284640299345,12635.746475787948,0.4039621,42207.51048732502,76.0,,,59,133,,,1.3484146112992,0.0,19.5258375854317,1.3484146112992,0.0,19.5258375854317,0.6997589464579919,2.33742289209577,1.2881355932203389,18057.284640299345,12635.746475787948,3,2026-06-18 18:34:21.326000+00:00,2026-06-18 18:35:57.348000+00:00,1.6003666666666667,15062.5078647145,2026-06-18 18:35:57.348000+00:00,16568.68406011786,,1944.2087476903278,1.1288266994394796,19.882325058235644,33,33.0,10,20.408163265306122,71.40416488158876,9.435131486586663,1.2979935261759998,0.0,-2.462464949687501,-0.06680228796577847,0.7025986091364387,-2.8943937418513705,0.917562324024106,False,False,False
019ed2bf-8440-7884-bac9-180f74407de6,FJVis6jGFFiizZ1NSyNdKYHSTnqUWHmM5P3nyco5pump,Meepcat,Meepcat,2026-06-16 23:23:47.136000+00:00,21215.548649678803,13081.774101199904,14176.466704549286,40066.35734350491,40066.35734350491,85.0,54,21215.548649678803,14176.466704549286,0.22755376666666666,40066.35734350491,85.0,,,54,183,,,12.232319769609001,0.0,24.518355108695367,12.232319769609001,0.0,24.518355108695367,0.6682111756164228,1.8885374121169147,1.5740740740740742,21215.548649678803,14176.466704549286,3,2026-06-16 23:21:36.249000+00:00,2026-06-16 23:23:47.136000+00:00,2.18145,16583.652428890244,2026-06-16 23:23:47.136000+00:00,867587.9995214477,,55201.578663541346,66.32036242254554,27.93049505016984,42,29.78723404255319,-32,-37.2093023255814,32.177305323723445,13.036510669340151,-6.3209141319329,0.0,0.5928011125326655,-0.08804524090309085,0.06067804199915838,14.720652856246087,40.89396950545433,True,True,True
019ecfbc-a914-7364-9a12-09e0cbabbb4e,G7pzH1i6A3A9Drj92mgnU3khHkJD4NohME8Vgphwpump,KOHEN,Justice for Kohen Wiley,2026-06-16 09:21:48.308000+00:00,25176.98025629834,19758.790456801333,15595.87615770948,38832.98270288031,38832.98270288031,162.0,116,25176.98025629834,15595.87615770948,0.4954716833333333,38832.98270288031,162.0,,,116,143,,,43.2367128850543,13.2799504115237,24.6823593904642,43.2367128850543,13.2799504115237,24.6823593904642,0.6194498307162144,1.5424003318732298,1.396551724137931,25176.98025629834,15595.87615770948,3,2026-06-16 09:20:57.845000+00:00,2026-06-16 09:21:48.308000+00:00,0.84105,18441.58262994572,2026-06-16 09:21:48.308000+00:00,19758.790456801333,,2040.882342075433,1.0,36.52288288650227,53,58.88888888888889,57,96.61016949152543,49.369398884800596,16.804093801792337,7.0443744481015,-8.905846110642301,-15.052719384819099,-0.10457510659840308,0.13265414929112596,9.862068965517247,0.7847958832099581,False,False,False
019eddee-bc81-7088-8e9a-0f9790f07fed,G9QiASU1UxaXXvfJmZ911MDd8pFTjk5cYR5DWMH6pump,MCAT,Mayhem Cat,2026-06-19 03:31:11.105000+00:00,17872.172592027993,14613.943354597772,12623.344793063196,20792.2957492776,20792.2957492776,101.0,70,17872.172592027993,12623.344793063196,0.10393381666666666,20792.2957492776,101.0,,,70,143,,,17.8048739534972,0.0,23.9514092125037,17.8048739534972,0.0,23.9514092125037,0.7063128295154181,1.1633893776603381,1.4428571428571428,17872.172592027993,12623.344793063196,3,2026-06-19 03:30:30.474000+00:00,2026-06-19 03:31:11.105000+00:00,0.6771833333333334,16350.246824096246,2026-06-19 03:31:11.105000+00:00,20279.385837726324,,1419.4167549614922,1.3876737678298252,9.308273962499468,38,36.19047619047619,29,70.73170731707317,43.3294464182043,4.576505579912976,-1.8456140724137988,-0.3193711123242,-2.7093589321316998,-0.031958504411512934,0.276146120979439,-13.004201680672267,1.1346905773936005,False,False,False
019ed654-5703-7b72-a3fc-5d9278320902,GXB3aNL2ABERkqg8jDkGFnbtuZd2ohnk3fC7sqDZpump,DogTrain,DogTrain,2026-06-17 16:05:12.067000+00:00,17360.09579485747,13003.566174258975,12842.965187196312,42973.24294334835,42973.24294334835,77.0,58,17360.09579485747,12842.965187196312,0.34800316666666664,42973.24294334835,77.0,,,58,128,,,0.0,0.0,16.5308949954778,0.0,0.0,16.5308949954778,0.7397980598125932,2.475403560623104,1.3275862068965518,17360.09579485747,12842.965187196312,3,2026-06-17 16:02:46.625000+00:00,2026-06-17 16:05:12.067000+00:00,2.4240333333333335,14062.165217685324,2026-06-17 16:05:12.067000+00:00,13003.566174258975,,1948.5945433079207,1.0,23.452509098844125,43,50.588235294117645,23,65.71428571428571,95.97915550161824,11.181864912291303,-15.1891481588957,0.0,-7.133088057695797,-0.08164819657435773,0.9160806836112603,-8.891142663962126,0.7490492176956179,False,False,False
019ed37c-01d1-7a94-86c5-b2602df2307d,GcAQw7vWYWqP8DXAKxUVM82dhz5YUVd7kzq3Ue1ipump,WIF,MessiWifHat,2026-06-17 02:49:40.049000+00:00,21273.905947940235,13400.039459509258,14217.55608933988,40439.20212297504,40439.20212297504,81.0,50,21273.905947940235,14217.55608933988,0.1023014,40439.20212297504,81.0,,,50,195,,,20.13821746684,0.0,21.645558428721,20.13821746684,0.0,21.645558428721,0.6683096242002725,1.900882810234028,1.62,21273.905947940235,14217.55608933988,3,2026-06-17 02:49:23.082000+00:00,2026-06-17 02:49:40.049000+00:00,0.28278333333333333,20746.34471258067,2026-06-17 02:49:40.049000+00:00,23229.797108254734,,2014.5544966626137,1.7335618434891882,2.5429117402047647,44,29.13907284768212,11,28.205128205128204,9.922753033222891,1.2612853864639162,-3.019992003308598,0.0,-2.3694839360979003,-0.008458545865429046,0.12761883294456378,-2.799999999999998,1.0919385074419712,False,False,False
019ed3c5-6a69-768c-ade6-3e3c8316e9eb,Gd343z31qUT57uKBHjzaNrtis3q2qVujwSktyWREpump,Dropper,Dropper,2026-06-17 04:09:50.953000+00:00,15066.739967057489,13023.999238748554,11953.264931411657,16167.5810932935,16167.5810932935,33.0,15,15066.739967057489,11953.264931411657,0.38151461666666664,16167.5810932935,33.0,,,15,102,,,0.3929917985982,0.0,27.6206294856189,0.3929917985982,0.0,27.6206294856189,0.7933544321828574,1.0730643210570392,2.2,15066.739967057489,11953.264931411657,3,2026-06-17 04:09:37.990000+00:00,2026-06-17 04:09:50.953000+00:00,0.21605,14928.818097946201,2026-06-17 04:09:50.953000+00:00,17505.639340122867,,2186.4553575385535,1.3441062932528967,0.9238632837937898,2,2.0,3,25.0,3.8670091934786583,0.4608595922606034,0.0,0.0,0.14424331085080055,-0.0036564093945218312,0.03040604415079362,14.782608695652177,1.1618730646707838,False,False,False
019ed917-d9c9-7655-a9b6-c5a723c69695,GeBxTNrdan9NSA6kC84ATxh4tM2QUKjni81p7jV2pump,COZUMEL,Cozumel Fox,2026-06-18 04:57:59.497000+00:00,15718.03237319062,13436.957270108724,11991.449677201472,34818.34408422495,34818.34408422495,33.0,20,15718.03237319062,11991.449677201472,0.13736431666666665,34818.34408422495,33.0,,,20,213,,,17.578575056628754,0.0,21.64551879090874,17.578575056628754,0.0,21.64551879090874,0.7629103562386489,2.215184652731259,1.65,15718.03237319062,11991.449677201472,3,2026-06-18 04:55:45.264000+00:00,2026-06-18 04:57:59.497000+00:00,2.237216666666667,17691.149067488142,2026-06-18 04:57:59.497000+00:00,16520.874925846165,,1997.5326775894027,1.2295101185294226,-11.153129097327051,37,21.022727272727273,-10,-33.33333333333333,24.585110809466123,-5.6750164121328055,2.1698670911217057,0.0,1.086752448737613,0.044307549720205563,0.6354435136172059,23.75,1.0510778024624068,False,False,False
019ecfe7-d6ca-7531-82d6-42a6d8bb91b0,Gpwny7K4hQbgbCf5sA2ty9tq3c2tWJ22reJbqHsgpump,Nong Sompoi,น้องส้มป่อ,2026-06-16 10:08:58.058000+00:00,23850.440279178285,13293.585918319166,15162.249336172064,19960.5004463438,19960.5004463438,76.0,57,23850.440279178285,15162.249336172064,0.22240931666666666,19960.5004463438,76.0,,,57,86,,,39.07898692591972,0.0,24.571372868968773,39.07898692591972,0.0,24.571372868968773,0.6357219891411768,0.836902808195518,1.3333333333333333,23850.440279178285,15162.249336172064,3,2026-06-16 10:07:01.567000+00:00,2026-06-16 10:08:58.058000+00:00,1.9415166666666666,16889.946240626246,2026-06-16 10:08:58.058000+00:00,13293.585918319166,,6550.844711566347,1.0,41.21087148169607,18,26.47058823529412,4,7.547169811320755,82.82106936007915,18.839502886910296,-1.1325655665860808,0.0,0.16886319648557446,-0.11967376669710184,0.19047963987893668,5.4726368159203975,0.5573727680794481,False,False,False
019edfee-dc86-70f9-956d-ab0e3a04a52d,GrTuX8VAHTBisSozfp9VbnCfcN4UW6imdmMrhWhMpump,UP,OPERATION LEVEL UP,2026-06-19 12:50:33.734000+00:00,18505.543419993955,13307.56854824608,12725.307293058968,39298.2400110945,39298.2400110945,213.0,166,18505.543419993955,12725.307293058968,0.2567724,39298.2400110945,213.0,,,166,155,,,37.10144158110102,0.0,21.378222783369957,37.10144158110102,0.0,21.378222783369957,0.6876483983339909,2.1235928672397417,1.283132530120482,18505.543419993955,12725.307293058968,3,2026-06-19 12:50:27.168000+00:00,2026-06-19 12:50:33.734000+00:00,0.10943333333333333,19886.365274496962,2026-06-19 12:50:33.734000+00:00,13307.56854824608,,2184.8637519169447,1.0,-6.94356075352707,28,22.04724409448819,13,8.49673202614379,12.206845987103044,-3.5341929656400373,-0.7377972905058741,0.0,-1.924605885078222,0.02430339174830065,0.36243481225571816,0.6765523632993555,0.7191125516405087,False,False,False
019ee0ec-617a-7048-b285-2f11809bbc41,GxsEZJbMRzc9BiKz79W1PrpEcBArVDa2DNvYZ6DKpump,ROOTS,Rooted Acres,2026-06-19 17:27:28.378000+00:00,16077.654702306074,13140.330609708595,11953.34151045408,10053.08476365384,10053.08476365384,67.0,51,16077.654702306074,11953.34151045408,0.2749882666666667,10053.08476365384,67.0,,,51,69,,,7.0409298104144,0.0,26.6906602983022,7.0409298104144,0.0,26.6906602983022,0.7434754466234165,0.6252830372213363,1.3137254901960784,16077.654702306074,11953.34151045408,3,2026-06-19 17:27:23.817000+00:00,2026-06-19 17:27:28.378000+00:00,0.07601666666666666,16795.157579287774,2026-06-19 17:27:28.378000+00:00,20904.091687586613,,12531.139483571094,1.5908345313733465,-4.272081840223656,1,1.4705882352941175,6,13.333333333333334,1.7855136033007486,-2.159366015798619,-0.07516446538440036,0.0,0.0,0.016054192181608307,0.03721267932043171,5.5672268907563005,1.3001953378553568,False,False,False
019edec9-4588-7c82-bc8c-f1e82504e58a,H4U66SohL6XN6LuNN6CN2Cz3TpGK6xdr1rMzaAmFpump,楚德,The Chud Dog,2026-06-19 07:29:53.032000+00:00,18610.186780819233,13103.20207777975,12810.417302623315,39531.61838147904,39531.61838147904,29.0,22,18610.186780819233,12810.417302623315,0.14000523333333334,39531.61838147904,29.0,,,22,160,,,12.038012599519243,0.0,26.373419244453682,12.038012599519243,0.0,26.373419244453682,0.6883551171999248,2.1241924569087445,1.3181818181818181,18610.186780819233,12810.417302623315,3,2026-06-19 07:27:21.191000+00:00,2026-06-19 07:29:53.032000+00:00,2.5306833333333336,16175.98062822973,2026-06-19 07:29:53.032000+00:00,18382.664846142725,,1377.8240512504462,1.4029139394343786,15.048275641115783,10,6.666666666666667,-13,-37.142857142857146,11.840441006730835,7.25959476698321,-0.2929202611060955,0.0,0.1142484553757761,-0.0499850698447416,-0.06092660286417351,-19.059011164274324,0.9877743336294181,False,False,False
019edcad-c370-73f9-9265-768599f58594,HA57ZhNgdoVT2HAjaKMgkomSVZbWusWCByXxrswGpump,Asteroid,Asteroid the Shiba,2026-06-18 21:40:35.824000+00:00,26066.027261193158,12764.612982796167,11297.243901113636,29142.93291770784,29142.93291770784,133.0,93,26066.027261193158,11297.243901113636,0.29757758333333334,29142.93291770784,133.0,,,93,149,,,45.6972470533417,17.0115884213789,23.5611575202504,45.6972470533417,17.0115884213789,23.5611575202504,0.43340873497561555,1.1180427544896936,1.4301075268817205,26066.027261193158,11297.243901113636,3,2026-06-18 21:40:06.524000+00:00,2026-06-18 21:40:35.824000+00:00,0.48833333333333334,15934.998256602772,2026-06-18 21:40:35.824000+00:00,12764.612982796167,,2280.300787152627,1.0,63.577220665164035,54,56.84210526315789,30,47.61904761904761,88.79477094138488,-5.449508103212888,10.222675231048399,17.0115884213789,0.8587428479481005,-0.316410698610271,0.1493383488945348,18.548387096774206,0.48970304737615294,False,False,False
019edf26-59c7-7c1e-8501-caf72b0a945b,Hdda1yxF4e31hxvRExfQRcMvRVFk8VhzuCk6f2mxpump,QWANT,The Qwant,2026-06-19 09:11:33.063000+00:00,18287.59393822095,12449.241558397398,12688.24554626713,22315.96696409616,22315.96696409616,80.0,58,18287.59393822095,12688.24554626713,0.44500121666666664,22315.96696409616,80.0,,,58,178,,,30.7693151536381,0.0,23.4088748539144,30.7693151536381,0.0,23.4088748539144,0.6938171084250061,1.2202790066032654,1.3793103448275863,18287.59393822095,12688.24554626713,3,2026-06-19 09:11:25.733000+00:00,2026-06-19 09:11:33.063000+00:00,0.12216666666666667,19196.680361948067,2026-06-19 09:11:33.063000+00:00,22547.21645337384,,2063.2228658389604,1.811131734219186,-4.735643906063677,67,60.36036036036037,8,16.0,117.31148925350013,-2.3965484204125516,-2.9084213636058998,0.0,-4.713443733364699,0.01662753150549301,0.6853367712969655,11.234705228031155,1.232924163208278,False,False,False
019ed6db-1727-7bae-8ac1-fcda1b498ac8,HdifyLNtMwRj5KDmief3zfdwq4ucjFCUoPnNc4rLpump,GoodDay,Good Day,2026-06-17 18:32:23.079000+00:00,21616.016156681275,16588.49794943657,10544.970326656352,23316.40231876293,23316.40231876293,136.0,84,21616.016156681275,10544.970326656352,0.18826536666666666,23316.40231876293,136.0,,,84,72,,,44.4583050291736,0.0,44.9677607029683,44.4583050291736,0.0,44.9677607029683,0.487831349228383,1.0786632536613867,1.619047619047619,21616.016156681275,10544.970326656352,3,2026-06-17 18:32:09.294000+00:00,2026-06-17 18:32:23.079000+00:00,0.22975,23788.371285910827,2026-06-17 18:32:23.079000+00:00,20381.77437553333,,1559.6600321425456,1.2286690716458508,-9.132004470252136,10,16.129032258064516,33,64.70588235294117,27.41390381819556,-29.542912570287506,0.0,0.0,-0.4140829492138991,-0.14132120984066932,0.30939110380509416,3.2142857142857166,0.9429015146823687,False,False,False
019ed771-7804-7205-b3da-33a8901dbc11,HkxGeftPi2MKzSysaUhpxixBnn7tWospcRSbnDTTpump,LECHATON,LECHATONCHAIN,2026-06-17 21:16:38.276000+00:00,18676.639941589307,12834.319895138213,13155.034016278565,36244.57602224032,36244.57602224032,58.0,48,18676.639941589307,13155.034016278565,0.6480595499999999,36244.57602224032,58.0,,,48,175,,,1.265293316544,1.4541216977235,21.932463256362,1.265293316544,1.4541216977235,21.932463256362,0.7043576391374778,1.9406368669950411,1.2083333333333333,18676.639941589307,13155.034016278565,3,2026-06-17 21:14:12.787000+00:00,2026-06-17 21:16:38.276000+00:00,2.4248166666666666,15392.123026788788,2026-06-17 21:16:38.276000+00:00,12834.319895138213,,2225.8085509983316,1.0,21.33894660979563,48,37.79527559055118,13,37.142857142857146,51.66532512849435,10.10972199158799,-2.5757084643505,-0.16619118063139982,2.1226025113797995,-0.07183189638812659,0.3880418160576389,-11.892361111111118,0.6871857001729008,False,False,False
019ed18a-3bda-73d5-967a-a3da88748627,JAZYu8Kz7epcKeKtCW2mbkwYf1rkaqKZqZgoPFg4pump,MBGA,Make Bagworking Great Again,2026-06-16 17:45:57.978000+00:00,25335.36646588814,15208.147754589105,15450.783961275845,56211.39689310024,56211.39689310024,244.0,164,25335.36646588814,15450.783961275845,0.12098981666666667,56211.39689310024,244.0,,,164,124,,,34.4195015201834,0.0,23.8967706599201,34.4195015201834,0.0,23.8967706599201,0.6098504232050078,2.218692868278972,1.4878048780487805,25335.36646588814,15450.783961275845,3,2026-06-16 17:43:27.247000+00:00,2026-06-16 17:45:57.978000+00:00,2.512183333333333,16314.474664274676,2026-06-16 17:45:57.978000+00:00,15208.147754589105,,2067.494047366589,1.0,55.29379270401731,37,42.5287356321839,96,141.1764705882353,90.32724310852912,24.574261544820246,-15.478967322906499,0.0,-5.295118200284499,-0.15038675602628704,0.4083938026642504,-8.026607538802663,0.6002734468066823,False,False,False
019edc4a-5a14-7cf1-a01e-c3c8565e1a37,cY435H7F4wcZ4NgWQFM3wUjBDffdb3qdsQST2EVpump,SPEEDYCAT,Speedycat,2026-06-18 19:52:00.788000+00:00,19516.11479186697,13310.01663358081,13192.541514560537,49070.19100779756,49070.19100779756,49.0,18,19516.11479186697,13192.541514560537,0.35250966666666667,49070.19100779756,49.0,,,18,215,,,27.9128750116926,0.0,18.5850493639037,27.9128750116926,0.0,18.5850493639037,0.6759819592810715,2.5143422003362463,2.7222222222222223,19516.11479186697,13192.541514560537,3,2026-06-18 19:49:51.043000+00:00,2026-06-18 19:52:00.788000+00:00,2.1624166666666667,17882.042000199264,2026-06-18 19:52:00.788000+00:00,32438.12110051871,,12754.134483502094,2.437121003942115,9.138065952699904,38,21.468926553672315,1,5.88235294117647,21.3682464584662,4.454084478647226,-1.0638740135510005,0.0,0.12433854295990088,-0.030312715772389365,0.25336823972241573,49.28315412186381,1.662119814648599,False,False,False
019ed2e8-fe7f-752c-9c10-a92f6d6532d5,hQrnw6SscDqSoDxH4fquStmsTFucTd1GoKNTaGqpump,JarJar,JarJarBinks,2026-06-17 00:09:05.407000+00:00,24827.22339256265,21616.889564655263,15334.017554995291,48035.3315948408,48035.3315948408,68.0,44,24827.22339256265,15334.017554995291,0.3518418166666667,48035.3315948408,68.0,,,44,247,,,,1e-13,11.013476253768468,,1e-13,11.013476253768468,0.6176291771551391,1.9347846851545416,1.5454545454545454,24827.22339256265,15334.017554995291,3,2026-06-17 00:07:40.683000+00:00,2026-06-17 00:09:05.407000+00:00,1.4120666666666668,22589.051895886707,2026-06-17 00:09:05.407000+00:00,21616.889564655263,,2027.3732089353111,1.0,9.908213531899039,3,1.2295081967213115,29,193.33333333333334,36.55666565188457,4.85149486487004,,0.0,1.118322041820365,-0.029786671076528104,0.3775649969094754,-3.409090909090917,0.8706929978779226,False,False,False
019ed6ce-18a7-708d-b64a-f7359a985d6a,iaGJA8Yg2KS4Cf9JirGzXXn6pPBfVoDrSrFHXkspump,HAWK,The Hawk,2026-06-17 18:18:11.495000+00:00,20673.159821741345,13479.198763726592,13957.570074670793,19253.71562778125,19253.71562778125,100.0,59,20673.159821741345,13957.570074670793,0.07571336666666667,19253.71562778125,100.0,,,59,110,,,16.241221774438,0.0,23.6132113436646,16.241221774438,0.0,23.6132113436646,0.6751541706745784,0.9313387887386568,1.694915254237288,20673.159821741345,13957.570074670793,3,2026-06-17 18:16:57.755000+00:00,2026-06-17 18:18:11.495000+00:00,1.2289999999999999,18423.99647014858,2026-06-17 18:18:11.495000+00:00,18994.681198468166,,2757.430552413875,1.4091847394953547,12.207793001029737,35,46.666666666666664,23,63.888888888888886,69.19951501175052,5.931390957064059,-6.442856884838299,-0.8946084486166,-2.5628383028455026,-0.040002675113852026,0.31370421683483407,10.939907550077043,0.9188088014727206,False,False,False
019ed4ba-c17b-78eb-9ab3-10730df88106,m5HoubAkSxBn5P2ccdv8Pbn5e99dUdLSwcspUwXpump,CHUD,CHUD,2026-06-17 08:37:49.563000+00:00,29975.523437546257,12938.181169967005,12381.488302872496,63194.72303579994,63194.72303579994,187.0,124,29975.523437546257,12381.488302872496,0.09594068333333333,63194.72303579994,187.0,,,124,226,,,11.9559968201619,1.2034035090422,21.665271253814,11.9559968201619,1.2034035090422,21.665271253814,0.41305328090998045,2.108210826325205,1.5080645161290323,29975.523437546257,12381.488302872496,3,2026-06-17 08:35:16.047000+00:00,2026-06-17 08:37:49.563000+00:00,2.5585999999999998,15864.3956981173,2026-06-17 08:37:49.563000+00:00,47188.00993167187,,1729.2991658335857,3.6471903826179153,88.94841006205858,88,63.76811594202898,28,29.166666666666668,84.1172548780448,1.70023658342352,-21.664394035060198,-1.7025192740714001,-0.23007262105380022,-0.3543565434992049,-0.05531851791588682,19.648093841642222,1.5742180459329653,False,False,False
019ed55f-6ef3-71e5-b9a2-72dd0e7edfbf,oLQXV7Z2RY9GsRsM6Gp9Y7dT7Fd24QhD6JZtY94BAGS,Elon,Speedrun to an Elon,2026-06-17 11:37:41.875000+00:00,738825.6870627373,376044.98915122956,11485.253460046442,39425.224029182,39425.224029182,151.0,65,738825.6870627373,11485.253460046442,0.3725253,39425.224029182,151.0,,,65,168,,,,0.3685384574631104,1.0461698033517874,,0.3685384574631104,1.0461698033517874,0.015545281737167287,0.05336201044378985,2.3230769230769233,738825.6870627373,11485.253460046442,3,2026-06-17 11:37:28.359000+00:00,2026-06-17 11:37:41.875000+00:00,0.22526666666666667,761920.4264640011,2026-06-17 11:37:41.875000+00:00,376044.98915122956,,30395.76947224274,1.0,-3.031122227349149,48,40.0,39,150.0,20.98247436322567,-1.3441010844910686,,-0.19038740254721298,-0.012261310286592053,0.00026582514832434664,0.010591730734585747,0.6666666666666836,0.5089766040028029,False,False,False
019edd2b-975f-7d62-8767-97e14a3639cb,sBRr1CwcRYW2cE9WFNEhHRam5TVWq2pb8YgMHAFpump,GRIND,Grindscape,2026-06-18 23:58:02.079000+00:00,29037.092201121126,13863.213797037304,11929.249953163659,51089.546781549,51089.546781549,277.0,172,29037.092201121126,11929.249953163659,0.30672631666666667,51089.546781549,277.0,,,172,154,,,39.811801885718,4.2054796010864,21.5588663513895,39.811801885718,4.2054796010864,21.5588663513895,0.41082798065789344,1.7594580899383727,1.6104651162790697,29037.092201121126,11929.249953163659,3,2026-06-18 23:55:52.212000+00:00,2026-06-18 23:58:02.079000+00:00,2.16445,20216.185351699412,2026-06-18 23:58:02.079000+00:00,40198.71700405655,,3876.0002421850677,2.899667969677232,43.63289461372202,57,58.76288659793815,105,156.71641791044777,55.074542821720506,-11.391635838711633,-14.089416311004001,-3.904632012851601,-11.748505574125897,-0.25511831694888837,0.12981563663183104,-22.927740863787367,1.3843919606559114,False,False,False
019edc81-4efe-7726-b286-cf9620842b45,wF4Cdd3h7TYtyKdHN2KD5xmxPasmuMEcLAyqHWVpump,SPDR,Spider Robotics,2026-06-18 20:52:02.430000+00:00,31001.96438239265,12697.410815848218,12340.976476655715,44029.90798696008,44029.90798696008,160.0,115,31001.96438239265,12340.976476655715,1.3175753833333335,44029.90798696008,160.0,,,115,215,,,24.816651365443626,2.732249953422303,19.68896146728492,24.816651365443626,2.732249953422303,19.68896146728492,0.39807079075494606,1.4202296165454136,1.391304347826087,31001.96438239265,12340.976476655715,3,2026-06-18 20:50:54.616000+00:00,2026-06-18 20:52:02.430000+00:00,1.1302333333333332,21814.64007527414,2026-06-18 20:52:02.430000+00:00,211870.72280428448,,112586.31755021338,16.686135927793952,42.11540632995319,121,128.72340425531914,41,55.4054054054054,187.24020533601373,-11.83191482254501,-19.610039773959272,-4.8061724132766965,-3.368575721736981,-0.24356719040754676,0.7175546243691735,16.996047430830032,6.834106387291219,True,True,True
019ed73e-287d-7245-b770-c39df58c63a1,1HzvfoqESQMaRz7hBYpAYNutp4kdXSZnB3HCfFNLoop,LOOP,LOOP,2026-06-17 20:20:35.581000+00:00,22125.37331438475,16215.56305606241,14294.072514248548,26581.20330355101,26581.20330355101,38.0,22,22125.37331438475,14294.072514248548,0.33835,26581.20330355101,38.0,,,22,99,,,35.9594322161551,,23.8305045908375,35.9594322161551,,23.8305045908375,0.6460488738942677,1.2013900477904849,1.7272727272727273,22125.37331438475,14294.072514248548,5,2026-06-17 20:18:56.043000+00:00,2026-06-17 20:20:35.581000+00:00,1.6589666666666667,18700.673443263957,2026-06-17 20:20:35.581000+00:00,49848.42603491973,,12055.303255802053,3.07411009180364,18.313243539121746,13,15.11627906976744,10,83.33333333333334,12.568688101899546,8.763952237000762,-2.521914302389497,,1.8955500822188007,-0.0567219999396531,-0.061308804851772924,-20.279720279720273,2.25299819020504,True,False,False
019ee088-b9ec-7496-a082-eeb5b710fff8,2CvqowBpUSGLWgU1p3k6KW87KHVzSCWD3ADX1pafpump,MUST,Elon Must,2026-06-19 15:38:37.420000+00:00,22763.720088107413,12910.75142748588,10527.41176901425,44570.5032945942,44570.5032945942,182.0,113,22763.720088107413,10527.41176901425,0.21690116666666667,44570.5032945942,182.0,,,113,133,,,25.8943524852792,3.059885032319,22.8505938468224,25.8943524852792,3.059885032319,22.8505938468224,0.4624644710208921,1.9579621925626927,1.6106194690265487,22763.720088107413,10527.41176901425,5,2026-06-19 15:36:17.661000+00:00,2026-06-19 15:38:37.420000+00:00,2.3293166666666663,17287.828721473248,2026-06-19 15:38:37.420000+00:00,26188.559027568183,,2353.3922706669578,2.028430271828717,31.67483583310002,62,87.32394366197182,16,16.49484536082474,102.96620087098896,-15.140233214080896,-6.182487608216199,-1.3079425316167002,-1.7325573188348002,-0.2551303988064167,0.6877292711858807,19.259609538607037,1.1504516364726356,False,False,False
019edcb5-fd8b-75cd-a965-8bede12f284b,2GNjBTa9E1HSsj4y4djEas9BwqewDnpM6Es3GcTopump,bread,"market's dead, send this bread",2026-06-18 21:49:34.987000+00:00,20482.99001324391,13611.03154490106,13534.885022353837,31941.8905124553,31941.8905124553,158.0,100,20482.99001324391,13534.885022353837,0.3536698,31941.8905124553,158.0,,,100,177,,,25.906180960032625,0.0,19.61748071976292,25.906180960032625,0.0,19.61748071976292,0.6607865850445876,1.5594349502588383,1.58,20482.99001324391,13534.885022353837,5,2026-06-18 21:48:22.739000+00:00,2026-06-18 21:49:34.987000+00:00,1.2041333333333335,16295.687309986204,2026-06-18 21:49:34.987000+00:00,15543.507658474771,,2018.6358068324405,1.141978666877578,25.69577228382183,87,96.66666666666667,52,108.33333333333333,97.03088071553762,12.146426542906084,-9.86149098217091,0.0,-3.6215914228720045,-0.07983514212379061,0.5645940416290749,9.913043478260875,0.7588495453263725,False,False,False
019edb1d-b6ec-7992-aa21-5bea2dba6eba,2SMH5d728QGNJCigAZPWJiQR3jmbpXjdNoNZD7FDpump,GTAIFY,GTAification,2026-06-18 14:23:38.220000+00:00,18508.356064103784,15021.087751833778,13026.180106079031,34081.11600319135,34081.11600319135,100.0,60,18508.356064103784,13026.180106079031,0.18125371666666668,34081.11600319135,100.0,,,60,109,,,9.2153227129839,,23.1438164983744,9.2153227129839,,23.1438164983744,0.7037999518143476,1.841390768858738,1.6666666666666667,18508.356064103784,13026.180106079031,5,2026-06-18 14:21:25.921000+00:00,2026-06-18 14:23:38.220000+00:00,2.2049833333333333,18009.051932517308,2026-06-18 14:23:38.220000+00:00,48684.91401390772,,11798.843178525858,3.241104427205297,2.7725175842539915,39,55.714285714285715,33,122.22222222222223,68.73528457917376,1.397845707428149,1.2233429462435996,,-1.8888380713353996,-0.009541563668543418,0.7198448773518518,7.142857142857145,2.630428863875715,True,False,False
019edbdc-cdae-74f7-a01a-cf3f32d06251,2b7TqTfTW3Mo9AUunUADFtRxGqcDDZryHJg69MRPpump,JIN,Aladdin X Jin,2026-06-18 17:52:21.422000+00:00,27858.313524850815,17527.076216881025,15694.88059725339,22292.87457236238,22292.87457236238,125.0,93,27858.313524850815,15694.88059725339,0.2172091,22292.87457236238,125.0,,,93,139,,,20.3458660459222,4.6990427734325,28.5534417489576,20.3458660459222,4.6990427734325,28.5534417489576,0.5633822945977286,0.80022340736729,1.3440860215053763,27858.313524850815,15694.88059725339,5,2026-06-18 17:52:08.391000+00:00,2026-06-18 17:52:21.422000+00:00,0.21718333333333334,21524.454463043476,2026-06-18 17:52:21.422000+00:00,17527.076216881025,,1343.1077617238986,1.0,29.426339574284178,24,20.869565217391305,21,29.166666666666668,33.563504943071706,13.766921187766787,-6.721325035363101,-0.3122869361338001,-0.5033160786483002,-0.07754660995089557,0.02478713455194359,2.9512697323266903,0.6291506555573121,False,False,False
019ee03b-c13f-7c03-af0e-cae953064a7f,2bJLvamPNX7iTxZwtsu3SL2fLuSgejfB4rxtYeaipump,FATTOO,Fattoo Coin,2026-06-19 14:14:33.023000+00:00,22998.893697286716,13318.432922346012,10572.401654843288,38127.0057632658,38127.0057632658,81.0,42,22998.893697286716,10572.401654843288,0.2912759333333333,38127.0057632658,81.0,,,42,285,,,16.7187512209653,3.2274258464542,21.6949036836769,16.7187512209653,3.2274258464542,21.6949036836769,0.45969174839442656,1.6577756419546308,1.9285714285714286,22998.893697286716,10572.401654843288,5,2026-06-19 14:13:27.957000+00:00,2026-06-19 14:14:33.023000+00:00,1.0844333333333334,21933.577396225763,2026-06-19 14:14:33.023000+00:00,71339.44108514584,,2071.741200046544,5.356444072744525,4.857011156074651,111,63.793103448275865,12,40.0,70.63574066235877,-24.29664211064567,-1.7461804751621024,2.2381609617082,-0.1452262436083025,-0.17702905413853703,0.6390594087203159,13.44537815126051,3.101864029814707,True,True,False
019ed1ba-bc53-77a9-a260-a4f48eaedfd4,31e5p5ZNwX3DfkT8DTRucdyzEdeLZNwYXuzK7FJzpump,ANSEM,The Black Bull,2026-06-16 18:38:56.595000+00:00,28062.19295124063,14384.96279797919,16323.10803311853,40412.26615920112,40412.26615920112,119.0,75,28062.19295124063,16323.10803311853,0.21552748333333333,40412.26615920112,119.0,,,75,161,,,17.8091801452721,0.0,25.379879839693,17.8091801452721,0.0,25.379879839693,0.5816761384785819,1.4400965109683095,1.5866666666666667,28062.19295124063,16323.10803311853,5,2026-06-16 18:38:12.997000+00:00,2026-06-16 18:38:56.595000+00:00,0.7266333333333334,18466.691340259382,2026-06-16 18:38:56.595000+00:00,14384.96279797919,,1397.8036981672087,1.0,51.96113063341249,76,89.41176470588236,1,1.3513513513513513,37.80002041129509,23.26307358976236,-4.2600776775305,0.0,-1.573470732744898,-0.13542559435557444,-0.14799247025827977,17.413333333333338,0.5126100737377771,False,False,False
019ed6e4-e094-7948-991b-ebc56c162cc1,3HwB3NUsH4qmDrLo7c1gvEjpWMybrrvxHnmvadPEpump,Memecoin,My Meme Coin,2026-06-17 18:43:04.468000+00:00,20957.015244030626,13619.883857659943,14089.151143562338,50758.20964055052,50758.20964055052,50.0,29,20957.015244030626,14089.151143562338,0.4249942666666667,50758.20964055052,50.0,,,29,137,,,6.3894873348721,1.3839621183228,26.0965401249156,6.3894873348721,1.3839621183228,26.0965401249156,0.672288061038438,2.4220152082491055,1.7241379310344827,20957.015244030626,14089.151143562338,5,2026-06-17 18:42:55.263000+00:00,2026-06-17 18:43:04.468000+00:00,0.15341666666666667,24511.49208683073,2026-06-17 18:43:04.468000+00:00,52582.45476518343,,1401.149737080373,3.860712419776663,-14.501266712807807,1,0.7352941176470588,9,45.0,5.867273375335165,-7.494917647399323,-3.8390516376894004,-0.08648348917299997,0.00029378089429954457,0.0509192004195812,0.4659883294473073,14.942528735632177,2.509062199597386,True,False,False
019ed728-dc01-78ec-8bfa-998d111775c5,3MuboDr1XiSNVz4UuqQEV1eNyFpDxikK3g3eEdPLpump,NUT,NUT,2026-06-17 19:57:19.745000+00:00,28754.946290163112,18816.387241042827,12039.083196379168,21165.5371337508,21165.5371337508,34.0,23,28754.946290163112,12039.083196379168,0.24809195,21165.5371337508,34.0,,,23,137,,,20.192413145927,0.0,24.9784734966029,20.192413145927,0.0,24.9784734966029,0.4186786883513555,0.7360659595803661,1.4782608695652173,28754.946290163112,12039.083196379168,5,2026-06-17 19:55:52.285000+00:00,2026-06-17 19:57:19.745000+00:00,1.4576666666666667,19264.094529472513,2026-06-17 19:57:19.745000+00:00,27611.25845976827,,2203.6279075093616,1.4674048799092434,49.267053513313904,30,28.037383177570092,8,53.333333333333336,37.04788822213969,-9.680776356760546,-0.16643035291870234,0.0,-0.39452324541040085,-0.2732552284621966,-0.0656275097850525,5.590062111801243,0.9602263965700366,False,False,False
019ed4fa-279b-72a7-a16b-ba300d0f8888,3oX9emrqYRGzFEDPP3jA6tYnUBML4QSr3DfgD2r5pump,滑る猫,Sliding Cat,2026-06-17 09:47:04.475000+00:00,22927.656965075323,18044.547030051082,14625.835681098302,24908.14441575079,24908.14441575079,33.0,19,22927.656965075323,14625.835681098302,0.23955553333333332,24908.14441575079,33.0,,,19,121,,,19.6011582157245,0.0,29.6334491851429,19.6011582157245,0.0,29.6334491851429,0.6379123563902402,1.0863798448176478,1.736842105263158,22927.656965075323,14625.835681098302,5,2026-06-17 09:45:39.730000+00:00,2026-06-17 09:47:04.475000+00:00,1.4124166666666667,18359.425857852944,2026-06-17 09:47:04.475000+00:00,352059.6875166828,,305055.56743809493,19.510586047428543,24.882211146425323,22,22.22222222222222,8,72.72727272727273,15.747793308312014,11.7432918927941,-0.1504235544030017,0.0,0.2521111657082997,-0.07500655117218247,-0.08573336173275004,-13.157894736842103,15.355240531248334,True,True,True
019ed461-ec42-7471-ac22-1310b6c5a9f3,3wMNHtTmRjXr8PQC5vEfpLPXoFXbqs9uFjzk41hApump,Sneed,Sneed,2026-06-17 07:00:47.810000+00:00,20023.2499850589,12870.217142888872,13748.933171115981,35880.83987076485,35880.83987076485,60.0,43,20023.2499850589,13748.933171115981,0.2637730833333333,35880.83987076485,60.0,,,43,197,,,17.33621716199736,0.2126199008510144,22.928479971949542,17.33621716199736,0.2126199008510144,22.928479971949542,0.6866484302685759,1.7919588427222697,1.3953488372093024,20023.2499850589,13748.933171115981,5,2026-06-17 06:58:36.783000+00:00,2026-06-17 07:00:47.810000+00:00,2.183783333333333,16948.86332867951,2026-06-17 07:00:47.810000+00:00,20799.68923070827,,2089.4404344462228,1.616110202320917,18.13919079267789,56,39.71631205673759,-19,-30.64516129032258,44.0614797905091,8.647330544016341,0.4403187325838154,-0.3634979639538856,0.23444210054334746,-0.059988320996360645,0.32244341138807386,5.501985252410671,1.0387768841835736,False,False,False
019ed9e9-887a-71a7-8814-994c41a6f315,42ZzQ2vczbV9xHQSW5aUZuRdkJMdZpyuq1ts9tTxpump,SHILL,Shill Coin,2026-06-18 08:47:01.242000+00:00,25351.320249145996,13520.312819759136,15317.756644345278,29333.62378692561,29333.62378692561,104.0,78,25351.320249145996,15317.756644345278,0.21990355,29333.62378692561,104.0,,,78,190,,,22.6355025250414,0.0,19.0674410668677,22.6355025250414,0.0,19.0674410668677,0.6042192869565159,1.157084660626847,1.3333333333333333,25351.320249145996,15317.756644345278,5,2026-06-18 08:45:45.879000+00:00,2026-06-18 08:47:01.242000+00:00,1.2560499999999999,15903.907923885215,2026-06-18 08:47:01.242000+00:00,21273.41703565969,,1933.769612142955,1.5734411858111637,59.40308740766931,73,62.39316239316239,35,81.3953488372093,61.01483148423179,26.255037158634426,-4.8180755825527015,0.0,1.581987745312201,-0.15863676995560472,0.011582314067938748,10.256410256410257,0.8391443454064813,False,False,False
019ed6b7-b65b-7a1a-abc0-a74fcd0c5703,4ZQhcqhZ8knh5KAcgC8Tmq3QJ2uzk8TPL3cVkjLopump,ball,ball hat cult,2026-06-17 17:53:44.539000+00:00,25990.889336268752,12942.904032635392,15685.698081513383,51764.64383647788,51764.64383647788,49.0,32,25990.889336268752,15685.698081513383,0.3430203666666667,51764.64383647788,49.0,,,32,264,,,10.5776324997042,0.0,17.3090893244748,10.5776324997042,0.0,17.3090893244748,0.6035075552272433,1.9916457327315604,1.53125,25990.889336268752,15685.698081513383,5,2026-06-17 17:49:49.305000+00:00,2026-06-17 17:53:44.539000+00:00,3.9205666666666668,17470.256620825603,2026-06-17 17:53:44.539000+00:00,27266.332387752005,,1700.5019428160736,2.1066626407026,48.77222413141911,110,71.42857142857143,5,18.51851851851852,46.34203191032194,21.943494183695968,-2.948544696206101,0.0,-2.7605196880295004,-0.13277740915158331,-0.0330737649579147,-1.5625000000000013,1.0490726975511164,False,False,False
019ed1f0-0f59-7037-8cb2-96a000b166c4,4k6WBtxobSHRrEEkTDQkrpjS9nZnXfpNrGkaZivmpump,币安之死,Binance Death,2026-06-16 19:37:11.257000+00:00,25689.82750215365,17909.770474630608,15647.530447231513,44193.1067449856,44193.1067449856,121.0,87,25689.82750215365,15647.530447231513,0.2953560666666667,44193.1067449856,121.0,,,87,236,,,34.6347184908443,3.1700533791914,11.4238682187537,34.6347184908443,3.1700533791914,11.4238682187537,0.6090944147413888,1.720257044983302,1.3908045977011494,25689.82750215365,15647.530447231513,5,2026-06-16 19:36:14.738000+00:00,2026-06-16 19:37:11.257000+00:00,0.9419833333333333,17556.83271627558,2026-06-16 19:37:11.257000+00:00,47952.576708115565,,2246.309481164373,2.677453447884267,46.323815447296475,77,48.42767295597484,36,70.58823529411765,65.69756634882864,20.956262895708345,-10.980899696742902,-2.3684267487237,-2.631585590615799,-0.1277423277218267,0.2011365176356914,10.829741379310343,1.8665978471087656,False,False,False
019edeb3-f536-7e67-9580-deeb1458d4d4,4wHCJ3Wp2KsFRHs1AdFLFuDqUrxuZwDcTxVmCypwpump,Lemmon,John Lemmon,2026-06-19 07:06:36.214000+00:00,16084.508828224753,13991.649254721717,11920.399038069972,28917.34220547732,28917.34220547732,36.0,18,16084.508828224753,11920.399038069972,0.15511286666666668,28917.34220547732,36.0,,,18,107,,,6.305054240145058,0.0,24.89842142929263,6.305054240145058,0.0,24.89842142929263,0.741110540917004,1.7978380635866098,2.0,16084.508828224753,11920.399038069972,5,2026-06-19 07:06:21.182000+00:00,2026-06-19 07:06:36.214000+00:00,0.25053333333333333,16120.907057782164,2026-06-19 07:06:36.214000+00:00,14315.418520769885,,6273.341924216614,1.0231401788419552,-0.22578276412703888,3,2.8846153846153846,7,63.63636363636363,4.63043144998937,-0.1146271841892203,-0.4929515583346813,0.0,0.0,0.0008247310857573131,0.08344309239747205,4.761904761904757,0.8900127864426606,False,False,False
019ed2ac-1819-7c70-a7da-9eaf5f38a2d2,4wNsn7WNtct8kAhRyPX1qTovYPjFBiJFfoktDWt4pump,ALBERT,Albert the Monkey,2026-06-16 23:02:34.265000+00:00,20577.607221724746,14693.225673600062,19469.741724207477,21367.832917337248,21367.832917337248,32.0,22,20577.607221724746,19469.741724207477,0.17525618333333334,21367.832917337248,32.0,,,22,88,,,11.6623250149974,0.0,20.3014796330707,11.6623250149974,0.0,20.3014796330707,0.9461615976250318,1.03840221494646,1.4545454545454546,20577.607221724746,19469.741724207477,5,2026-06-16 22:58:29.153000+00:00,2026-06-16 23:02:34.265000+00:00,4.0851999999999995,18781.950965983764,2026-06-16 23:02:34.265000+00:00,36995.58513870837,,8057.405939370478,2.517866802058305,9.560541708330076,5,6.024096385542169,-34,-60.71428571428571,92.9284113013589,4.671872555694625,-3.1296007817605,0.0,-1.3788998846703002,-0.04419020031629428,0.44871245171632745,21.57394843962009,1.7978565116963838,False,False,False
019edcaa-eccb-778b-93bb-fcc62688b1b8,5U7XtJL252qdFUXu9H9auKpKkABTrcjomwoq18CNpump,Anna,The Meme Commander,2026-06-18 21:37:29.803000+00:00,24648.76555534992,17162.5861051866,14865.747281930211,36096.4079986671,36096.4079986671,66.0,37,24648.76555534992,14865.747281930211,0.33888111666666665,36096.4079986671,66.0,,,37,221,,,13.1888667338637,0.9281855580237,22.7877395707391,13.1888667338637,0.9281855580237,22.7877395707391,0.6031031147806775,1.4644306595237386,1.7837837837837838,24648.76555534992,14865.747281930211,5,2026-06-18 21:36:39.043000+00:00,2026-06-18 21:37:29.803000+00:00,0.846,18976.49066873162,2026-06-18 21:37:29.803000+00:00,24441.8630714656,,1424.638091790453,1.4241363697560225,29.89106355668148,51,30.0,16,76.19047619047619,29.40967314293183,13.969862963348334,0.641757486240099,0.0,-0.07939229793669966,-0.0842514452436881,-0.005447528488208064,10.174880763116056,0.9916059697423908,False,False,False
019edb79-c8d9-70b5-b5ff-9efae162b457,5XGHP7Kxe5xzMairhGhBgFHo51qwomGwaiHhMBXLpump,Yuji,Yuji naka,2026-06-18 16:04:12.121000+00:00,19384.16909443387,12498.777174157281,13073.631163660242,9842.1560674011,9842.1560674011,49.0,44,19384.16909443387,13073.631163660242,0.6526300666666667,9842.1560674011,49.0,,,44,110,,,29.2554910008031,0.8251875906464,28.2026374531529,29.2554910008031,0.8251875906464,28.2026374531529,0.6744488814542127,0.5077419630138935,1.1136363636363635,19384.16909443387,13073.631163660242,5,2026-06-18 16:03:33.589000+00:00,2026-06-18 16:04:12.121000+00:00,0.6422,22351.749177530684,2026-06-18 16:04:12.121000+00:00,25600.621422408527,,2004.3395023893502,2.048250086043687,-13.276724159378112,-7,-5.982905982905983,9,25.71428571428571,28.473106646158186,-6.874619321745268,-0.1506387875621975,-0.13294445371380004,0.0,0.04636644076239815,0.16500061064986182,5.343980343980332,1.3206973844321086,False,False,False
019ed6f9-0211-7aea-ab6d-295e33ea724e,5cvEH5ZFD4ofVrALJmTujL2rymCKNvyqjLPSewuCpump,Renuldo,Crustieno Renuldo,2026-06-17 19:05:03.761000+00:00,24832.80700726102,12955.180191977817,15333.302841853272,49991.19169659615,49991.19169659615,138.0,72,24832.80700726102,15333.302841853272,0.4681556666666667,49991.19169659615,138.0,,,72,215,,,11.8245331362145,0.0,23.4525900307021,11.8245331362145,0.0,23.4525900307021,0.6174615232732197,2.0131107885620385,1.9166666666666667,24832.80700726102,15333.302841853272,5,2026-06-17 19:02:46.687000+00:00,2026-06-17 19:05:03.761000+00:00,2.284566666666667,16117.086318406513,2026-06-17 19:05:03.761000+00:00,16744.22248939392,,1968.2858341228452,1.2924731452027487,54.07752069243882,101,88.59649122807018,-10,-12.195121951219512,96.25881778346039,23.993147267012073,-7.561823971234501,0.0,-2.2677969407629988,-0.14981427160633431,0.4326716384441214,34.33048433048434,0.6742782837436772,False,False,False
019ee0f8-7a07-72c3-9de8-0718bbcd1415,5yaqc8wVKUF7bPjGF2JWQyd1ppS2ddr5pf5GjXnkpump,FLORK,فلورک,2026-06-19 17:40:41.095000+00:00,45738.69942890321,56708.07948037205,15064.089791879149,108539.8560251223,108539.8560251223,179.0,78,45738.69942890321,15064.089791879149,0.21115238333333333,108539.8560251223,179.0,,,78,370,,,37.1937800202029,5.1796314828242,17.8098696581136,37.1937800202029,5.1796314828242,17.8098696581136,0.3293510742537608,2.3730420274375743,2.2948717948717947,45738.69942890321,15064.089791879149,5,2026-06-19 17:39:22.617000+00:00,2026-06-19 17:40:41.095000+00:00,1.3079666666666665,21144.614872646125,2026-06-19 17:40:41.095000+00:00,17067.280872612148,,17067.280872612148,1.35103706939909,116.31370306050543,222,150.0,46,143.75,322.6648821676679,9.804268730969067,-3.8531549120702024,-10.7523248745482,-7.004264763514001,-0.3194684234047411,1.1585538356563592,26.613616268788675,0.3731474896688249,False,False,False
019ed292-990f-7806-bfa6-3a0dd40c0fa0,6QukiGJwyy33YAVewFyh5XfQTFLkCmrRKWGB8dgYpump,Bitcointalk,Bitcointalk Coin,2026-06-16 22:34:43.343000+00:00,33761.07100130345,13389.688935326816,24938.35933727614,33336.20304206826,33336.20304206826,123.0,69,33761.07100130345,24938.35933727614,0.3289038,33336.20304206826,123.0,,,69,111,,,26.7361098384513,0.0937445029238,23.0632658041357,26.7361098384513,0.0937445029238,23.0632658041357,0.7386720443884413,0.9874154478328372,1.7826086956521738,33761.07100130345,24938.35933727614,5,2026-06-16 22:34:20.292000+00:00,2026-06-16 22:34:43.343000+00:00,0.3841833333333333,18297.527076811915,2026-06-16 22:34:43.343000+00:00,13389.688935326816,,4021.0501816201568,1.0,84.51166028926481,65,141.30434782608697,35,102.94117647058823,134.36057450874543,35.83508603322452,-7.488489478979204,0.0,-0.4736481850015011,-0.2647035141623161,0.2100250354019011,6.331045003813876,0.3966014269751652,False,False,False
019ed699-d22e-7d15-bfd2-4f4049fe62a9,6VCRczotz9NoDnQ4RiCsK3FRX7GHxMJVW2wWbVbepump,PULLS,Collector Pulls,2026-06-17 17:21:05.582000+00:00,15379.053747402697,16896.574861141922,12069.969626001515,39544.77708305028,39544.77708305028,81.0,54,15379.053747402697,12069.969626001515,0.3961548,39544.77708305028,81.0,,,54,136,,,41.8372416317225,4.6199965506037,25.3106755857003,41.8372416317225,4.6199965506037,25.3106755857003,0.7848317474044826,2.57134006633723,1.5,15379.053747402697,12069.969626001515,5,2026-06-17 17:21:00.535000+00:00,2026-06-17 17:21:05.582000+00:00,0.08411666666666666,21978.769524681138,2026-06-17 17:21:05.582000+00:00,16896.574861141922,,1931.3043443463048,1.0,-30.027685443751828,36,36.0,22,68.75,14.20243748773376,-16.35045686161261,-5.933938573832499,-1.8251362951430004,-4.4843409059275,0.12832494721474208,0.9958691752526347,2.127659574468085,1.0986745438740346,False,False,False
019ed2c3-cf91-7a51-a1f7-62e105210271,6XK8TGpSTKbugQfssfkLXtyVd68AYjF5v2iNk9Dpump,GOATSE,меметик agent,2026-06-16 23:28:28.561000+00:00,24923.91943323336,14802.423966341496,15365.602014629414,53322.06086605696,53322.06086605696,243.0,170,24923.91943323336,15365.602014629414,0.3719745666666666,53322.06086605696,243.0,,,170,217,,,24.006265622192814,0.0,24.15011893990081,24.006265622192814,0.0,24.15011893990081,0.6165002280556661,2.1393930841775126,1.4294117647058824,24923.91943323336,15365.602014629414,5,2026-06-16 23:26:37.160000+00:00,2026-06-16 23:28:28.561000+00:00,1.8566833333333332,17733.827415184733,2026-06-16 23:28:28.561000+00:00,14802.423966341496,,2396.6618456690926,1.0,40.54450203959949,100,85.47008547008546,87,104.81927710843372,94.18382756127211,18.55965543184493,-4.420463073545385,-0.0255928325538,0.9275514583312088,-0.11431935170595164,0.5909637455508654,-1.1323529411764681,0.5939043418108654,False,False,False
019ed64f-bcda-70a9-856d-6a6d65d6b8e0,6aMWJdUjAhXN1jtZq2hgcT3Ev284P6ymPYgP8vX4pump,ESPEJO,El Perro,2026-06-17 16:00:10.458000+00:00,17804.08089802632,13402.16773226403,12992.933648557042,20096.6075571268,20096.6075571268,81.0,44,17804.08089802632,12992.933648557042,0.34088428333333337,20096.6075571268,81.0,,,44,82,,,19.979913659478,3.1907111529854,26.4919242226206,19.979913659478,3.1907111529854,26.4919242226206,0.7297727820365824,1.128764111566951,1.8409090909090908,17804.08089802632,12992.933648557042,5,2026-06-17 15:59:46.090000+00:00,2026-06-17 16:00:10.458000+00:00,0.4061333333333333,15280.968563225457,2026-06-17 16:00:10.458000+00:00,13402.16773226403,,2710.1994312839834,1.0,16.511468656986057,12,17.142857142857142,8,22.22222222222222,18.69248623249992,7.9404749189822725,-3.564049672167201,-0.8730589390822998,0.6722840788311011,-0.057947474751208206,0.020741450820352947,1.9580419580419524,0.7527581911712012,False,False,False
019edc5b-7304-7b7b-9676-41dace11a6b4,6dwpotLnFRMcWH2Ti6BaSNsF7hAhk1cGs1zVoKi9BAGS,DYMO,Daimyo,2026-06-18 20:10:41.284000+00:00,1204823.9165255185,996400.3808532716,14360.041431191743,48292.58334261816,48292.58334261816,251.0,125,1204823.9165255185,14360.041431191743,0.4207566166666667,48292.58334261816,251.0,,,125,96,,,,2.9530096506e-06,2.5930534163914642,,2.9530096506e-06,2.5930534163914642,0.01191878849201745,0.04008268982731081,2.008,1204823.9165255185,14360.041431191743,5,2026-06-18 20:09:57.496000+00:00,2026-06-18 20:10:41.284000+00:00,0.7297999999999999,1262989.6542271543,2026-06-18 20:10:41.284000+00:00,1345936.1012279927,,27329.994259156847,1.3507984612324162,-4.605400963258757,30,45.45454545454545,79,171.73913043478262,168.01487420295734,-1.8030932876261025,,-0.49663127021484,-0.19526326875681876,0.00034013405914357434,0.025816048336753602,3.7842696629213526,1.1171226622969228,False,False,False
019ee0ef-910b-7483-a21c-11b9c50ab00c,6kN7YnZPoxVZxE4YWjAZyxX2KNweE8LbNJCQTz2ExmoT,Clutch,The Patriotic Eagle,2026-06-19 17:30:57.163000+00:00,20887.78298583746,13072.127380098465,13611.775799709401,73266.69553375283,73266.69553375283,379.0,237,20887.78298583746,13611.775799709401,0.44112338333333334,73266.69553375283,379.0,,,237,224,,,24.120292329093843,0.0,23.593183133710735,24.120292329093843,0.0,23.593183133710735,0.6516620652818248,3.5076338921861567,1.59915611814346,20887.78298583746,13611.775799709401,5,2026-06-19 17:29:36.292000+00:00,2026-06-19 17:30:57.163000+00:00,1.34785,19935.78436521506,2026-06-19 17:30:57.163000+00:00,13072.127380098465,,2008.0488201587575,1.0,4.775325631448424,106,89.83050847457628,88,59.06040268456376,78.39930118740529,2.3596337017960476,-7.131515498041512,0.0,-2.1470141089772667,-0.015379253862397135,1.4475726654684409,2.2636315894315526,0.6258264646354167,False,False,False
019ed598-8545-708c-a2c1-05302afca35b,6snUbikeEfoenoF3eTp91ENg3ZnkDp4wUhy1fiwBpump,CASHEW,Cashew Coin,2026-06-17 12:40:03.141000+00:00,24315.677464322318,13184.018949639089,15003.695080956577,85574.60165684033,85574.60165684033,99.0,58,24315.677464322318,15003.695080956577,0.32945705000000003,85574.60165684033,99.0,,,58,220,,,16.182812577283766,0.0,22.648243176921156,16.182812577283766,0.0,22.648243176921156,0.6170379214385887,3.5193180112872215,1.706896551724138,24315.677464322318,15003.695080956577,5,2026-06-17 12:37:50.863000+00:00,2026-06-17 12:40:03.141000+00:00,2.2046333333333332,17078.08814825024,2026-06-17 12:40:03.141000+00:00,23815.245830035416,,2793.8881810946837,1.8063722390726202,42.37938844936583,53,31.736526946107784,23,65.71428571428571,25.75609106345802,19.389279544582735,1.3464765205457887,0.0,1.817266717817546,-0.1188194540277534,-0.465207445639257,14.887267904509278,0.9794193834401212,False,False,False
019ecf58-e1f6-708d-9a17-7062c4b9bf81,74qtu3i2fuiJ5cQEeZM4HvwJFAQzZG8r3YAgxcDvpump,Elonjak,Elonjak,2026-06-16 07:32:49.270000+00:00,22413.075154465696,15482.368861546496,14639.246927023736,70560.9680190657,70560.9680190657,69.0,52,22413.075154465696,14639.246927023736,0.42731736666666664,70560.9680190657,69.0,,,52,429,,,18.3465732363686,0.0,16.6138570776136,18.3465732363686,0.0,16.6138570776136,0.6531565537586188,3.1482055689715014,1.3269230769230769,22413.075154465696,14639.246927023736,5,2026-06-16 07:30:33.327000+00:00,2026-06-16 07:32:49.270000+00:00,2.265716666666667,18514.911738691186,2026-06-16 07:32:49.270000+00:00,15482.368861546496,,2390.217295907725,1.0,21.05418308653558,197,84.91379310344827,-27,-34.177215189873415,109.62299647455178,10.054283222008094,-11.938544736686403,0.0,-0.6371930622859026,-0.06528284476408197,1.3301633705975602,21.89177101967799,0.6907739680898589,False,False,False
019ee06a-f08e-743e-9d01-60b45d135676,7dWh3zJ3bnrSN8rJUAL9zG78Acydqjh6GisTuGe7fnDc,TVB,Trump Vs Biden,2026-06-19 15:06:05.326000+00:00,17696.560595973868,12592.379048810573,12541.012894001233,44970.20107686607,44970.20107686607,101.0,77,17696.560595973868,12541.012894001233,0.1866834,44970.20107686607,101.0,,,77,126,,,2.3785659028229,0.0,13.4477041008218,2.3785659028229,0.0,13.4477041008218,0.7086695081785797,2.5411831204701554,1.3116883116883118,17696.560595973868,12541.012894001233,5,2026-06-19 15:05:26.247000+00:00,2026-06-19 15:06:05.326000+00:00,0.6513166666666667,16038.020883051568,2026-06-19 15:06:05.326000+00:00,17775.2064431789,,1940.4658189244071,1.4115844491560057,10.34129912297962,18,16.666666666666664,18,30.508474576271187,25.48312391850049,5.022943893605475,-0.004026308417000024,0.0,-1.7811345001239989,-0.03588697902562821,0.30664003558347064,-2.0384678612526628,1.0044441317723019,False,False,False
019ed65e-3307-7aab-863f-3191c07a0cff,7fAWyzhRSvrhbTc8QJdfYixEvmmHyxBcRPMpRDmiBAGS,ANSEM,ansem coin,2026-06-17 16:15:58.215000+00:00,509038.8931342121,360151.0007243348,9693.096368386514,43841.9140631472,43841.9140631472,80.0,40,509038.8931342121,9693.096368386514,0.34528715,43841.9140631472,80.0,,,40,165,,,,0.1475055651703784,1.4720754227276953,,0.1475055651703784,1.4720754227276953,0.019041956320282293,0.08612684542276798,2.0,509038.8931342121,9693.096368386514,5,2026-06-17 16:13:35.492000+00:00,2026-06-17 16:15:58.215000+00:00,2.378716666666667,353207.2556716606,2026-06-17 16:15:58.215000+00:00,710383.5532361813,,31908.863635496436,1.9724603063922066,44.11903633356041,-5,-2.941176470588235,15,60.0,51.74665600589214,20.97823953423013,,0.0,0.08844728114573464,-0.003642357861759902,0.004329207890004988,-21.875000000000004,1.39553885335218,False,False,False
019ed20f-3e90-71ad-920e-1f88a374fe7b,7nSXuyYJm47YHqFjtFm4dCMAaFzSSnhwR5M4XubCpump,RUNNER,Homestar Runner,2026-06-16 20:11:14.960000+00:00,,16022.543689554363,6262.93960179791,47702.82122212992,47702.82122212992,169.0,127,0.0,6262.93960179791,0.27947774999999997,47702.82122212992,169.0,,,127,243,,,21.0166986849796,0.0,20.0530291526001,21.0166986849796,0.0,20.0530291526001,,,1.330708661417323,0.0,6262.93960179791,5,2026-06-16 20:09:03.297000+00:00,2026-06-16 20:11:14.960000+00:00,2.1943833333333336,19092.037150946715,2026-06-16 20:11:14.960000+00:00,32234.678189411552,,1626.266828757675,2.0118327535238008,-100.0,124,104.20168067226892,51,67.10526315789474,63.85628585312503,-53.464243396367586,-10.017766351132103,0.0,-1.371060600460801,,,4.261709554346943,1.0,False,False,False
019ed53c-72d3-75d5-8837-8a3217f5ec17,7qhL2SAx1w27sCo686JhTr7AoTyULBQL5GRF1fphpump,obuma,stupid son of a bitch,2026-06-17 10:59:29.107000+00:00,20418.02861415312,13777.29113757698,13777.371277135031,31823.73489771933,31823.73489771933,169.0,120,20418.02861415312,13777.371277135031,0.1844101833333333,31823.73489771933,169.0,,,120,158,,,23.8487350367419,0.0,19.7205165875569,23.8487350367419,0.0,19.7205165875569,0.6747650097612754,1.5586095748568076,1.4083333333333334,20418.02861415312,13777.371277135031,5,2026-06-17 10:58:42.175000+00:00,2026-06-17 10:59:29.107000+00:00,0.7822,15359.054366213202,2026-06-17 10:59:29.107000+00:00,13810.27382911266,,2046.398397673166,1.002393989588107,32.93805808167874,49,44.95412844036697,27,29.03225806451613,35.681091390634215,15.282900835274788,-2.3690397724795,0.0,-1.9811262644373997,-0.10333780868967679,0.03151005004212615,3.129921259842535,0.6763764558317752,False,False,False
019ed97c-37e8-7bec-b859-a7c09ec43f1d,7rqm8G9ZjGpr3RmP2UNc1syCPbJBRCUk5ZVKDu9spump,LeWine,Sipping on LeWine,2026-06-18 06:47:37.192000+00:00,13191.600344467146,13081.869625794718,11000.614781185372,40722.2127342674,40722.2127342674,89.0,59,13191.600344467146,11000.614781185372,0.6917872,40722.2127342674,89.0,,,59,139,,,7.651677599635,0.0,12.6661310478603,7.651677599635,0.0,12.6661310478603,0.8339105562578142,3.086980477796783,1.5084745762711864,13191.600344467146,11000.614781185372,5,2026-06-18 06:46:30.387000+00:00,2026-06-18 06:47:37.192000+00:00,1.1134166666666667,15899.354146267044,2026-06-18 06:47:37.192000+00:00,20848.79947422596,,1920.783821543648,1.5937171115905695,-17.03058990251904,36,34.95145631067961,26,78.78787878787878,62.798443144599844,-8.884556169437204,-2.447742327529901,0.0,-4.968504205418,0.07455446888105477,1.5137163588165712,-4.269882659713165,1.5804602117869966,False,False,False
019edaa6-1ee6-7738-8801-7d92a7c979f4,84JwffevVW4McuAiTBm5avGA7WXQWTfiTtJTzkgSpump,Cate,Catecoin,2026-06-18 12:13:00.518000+00:00,,13193.971650146426,6027.51631836348,60233.7779718598,60233.7779718598,86.0,47,0.0,6027.51631836348,0.17177836666666665,60233.7779718598,86.0,,,47,214,,,15.165811166632562,0.0,26.283367154773373,15.165811166632562,0.0,26.283367154773373,,,1.8297872340425532,0.0,6027.51631836348,5,2026-06-18 12:09:51.252000+00:00,2026-06-18 12:13:00.518000+00:00,3.154433333333333,18513.224983390402,2026-06-18 12:13:00.518000+00:00,19093.69467464097,,1347.549407597092,1.44715292566428,-100.0,69,47.58620689655172,-83,-63.84615384615384,68.08477738045879,-53.63243920357538,-14.228747806246439,0.0,2.409970832403573,,,27.2044601206053,1.0,False,False,False
019edbb9-81ba-76c3-b573-60f70512e4d5,8Ed8BUEffgNvhA3H8euhbAGvkEvvEQQeYR6zqDXMpump,SATURN,ꜱᴀᴛᴜʀɴ ᴛʜᴇᴏʀʏ,2026-06-18 17:13:48.218000+00:00,17276.776791321026,12344.924539876085,12376.803738129156,29005.35672804216,29005.35672804216,47.0,27,17276.776791321026,12376.803738129156,0.25679355,29005.35672804216,47.0,,,27,127,,,25.8835501228623,0.0,22.3026381815807,25.8835501228623,0.0,22.3026381815807,0.7163838421728428,1.6788638921707304,1.7407407407407407,17276.776791321026,12376.803738129156,5,2026-06-18 17:11:35.839000+00:00,2026-06-18 17:13:48.218000+00:00,2.2063166666666665,15317.05672567606,2026-06-18 17:13:48.218000+00:00,26607.268222010916,,1237.6339633580508,2.1553204425077834,12.794364483614382,11,9.482758620689655,-19,-41.30434782608695,17.447328584300383,6.1669015229330695,-2.0057701936031016,0.0,-0.7153758358657001,-0.044720221759561474,0.06651231249250067,21.324354657687994,1.5400597312443751,False,False,False
019ed25c-c32b-7538-950a-9c5c7be3b2a7,8SXeSRLStHf4DfzJ5J6yMhmKq4BPCfJVewARvhpEpump,TISM,ThisInvestmentSimplyMoons,2026-06-16 21:35:55.179000+00:00,19137.682875067643,13543.748000299329,13483.769162536628,38516.70286585836,38516.70286585836,97.0,60,19137.682875067643,13483.769162536628,0.31993335,38516.70286585836,97.0,,,60,158,,,18.6539006335306,5.9221647246675,24.2190957668798,18.6539006335306,5.9221647246675,24.2190957668798,0.7045664436264188,2.012610571368464,1.6166666666666667,19137.682875067643,13483.769162536628,5,2026-06-16 21:32:46.989000+00:00,2026-06-16 21:35:55.179000+00:00,3.1365,14704.938918471922,2026-06-16 21:35:55.179000+00:00,13543.748000299329,,2092.453941451732,1.0,30.14459278730791,65,69.89247311827957,5,9.090909090909092,115.69973714740014,14.089515597785965,-7.654338292084898,0.0,3.8620728275259992,-0.09914906359536368,0.7982818627934156,2.2030651340996203,0.7077005136261282,False,False,False
019ee0e9-198f-7c96-bd03-bb1ac8bb10fe,8UxekN1DeMEsZc71LhJTJ39DJKGrkTTq17JYj4uG64GU,UP,only way is up,2026-06-19 17:23:53.359000+00:00,23298.16285243824,15765.585081811923,14396.599426257208,81166.70637437185,81166.70637437185,421.0,274,23298.16285243824,14396.599426257208,0.25665568333333333,81166.70637437185,421.0,,,274,219,,,29.1890571101918,0.0,17.9174568517326,29.1890571101918,0.0,17.9174568517326,0.6179285258429958,3.483824320760873,1.5364963503649636,23298.16285243824,14396.599426257208,5,2026-06-19 17:22:24.419000+00:00,2026-06-19 17:23:53.359000+00:00,1.4823333333333333,18736.922263869234,2026-06-19 17:23:53.359000+00:00,38106.70011531609,,1934.0318983309803,2.4170812511917585,24.343595625438088,126,135.48387096774192,224,448.00000000000006,206.98618120114497,11.517405926718638,-39.6290126841955,0.0,-40.3976300648152,-0.07107113393509634,2.0727144106150517,-23.175182481751822,1.635609655433758,False,False,False
019ed29b-7bbf-75be-a85d-bc8ae2d97a8a,8jg4V1378f5vCdhj7z2DMSheWk5E6S4PakmxC1dYpump,Nala,Nala Grok Companion,2026-06-16 22:44:25.663000+00:00,42085.42291619082,15193.106124885944,14785.866389158213,39157.297748074,39157.297748074,128.0,84,42085.42291619082,14785.866389158213,0.2711369,39157.297748074,128.0,,,84,181,,,30.5945275172347,0.0,23.0492456103048,30.5945275172347,0.0,23.0492456103048,0.35132987539659233,0.9304242427610171,1.5238095238095237,42085.42291619082,14785.866389158213,5,2026-06-16 22:44:07.635000+00:00,2026-06-16 22:44:25.663000+00:00,0.30046666666666666,26179.401983223317,2026-06-16 22:44:25.663000+00:00,30482.494490198682,,12184.818597396039,2.006337232139061,60.757770338530435,69,61.60714285714286,26,44.827586206896555,68.50976317485188,-6.204157875400716,-1.2335118084321017,0.0,-0.3153137577080969,-0.2508184303571175,0.04280251736594698,2.7685492801771763,0.7243005387138847,False,False,False
019ed25e-8340-74a2-ad44-4bfe65ac8107,8ns6sUJwLQa6AsvKGy4nraJB25BPKaEpKLEvKhijpump,ansum,ansum,2026-06-16 21:37:49.888000+00:00,21657.056879834498,13652.689762125228,14343.653424117267,52847.08171703168,52847.08171703168,81.0,64,21657.056879834498,14343.653424117267,0.21432856666666666,52847.08171703168,81.0,,,64,121,,,0.6331122185178,0.0,16.5671678863752,0.6331122185178,0.0,16.5671678863752,0.6623085262094431,2.440178368199194,1.265625,21657.056879834498,14343.653424117267,5,2026-06-16 21:37:28.293000+00:00,2026-06-16 21:37:49.888000+00:00,0.35991666666666666,20780.892476144272,2026-06-16 21:37:49.888000+00:00,13652.689762125228,,2059.156235090252,1.0,4.21620199756113,13,12.037037037037036,7,12.280701754385964,6.3108258848906615,2.074073713501876,0.0,0.0,-0.12096558263380075,-0.01389921823585627,0.0480784139981103,4.551630434782609,0.6304037449722745,False,False,False
019ee0cf-685d-7225-b851-c4c31b6c89c0,8oGoTGPstdxKqe7EHUsboWbz4rbkaPG4FFX38CKbpump,Cuakssant,Duck Croissant,2026-06-19 16:55:49.597000+00:00,27854.02187594889,14395.14812350451,15735.657227679496,45701.43158718224,45701.43158718224,97.0,64,27854.02187594889,15735.657227679496,0.7190482833333333,45701.43158718224,97.0,,,64,160,,,22.2065538257577,0.140273682024,14.0431882683198,22.2065538257577,0.140273682024,14.0431882683198,0.5649330390332882,1.640748032392552,1.515625,27854.02187594889,15735.657227679496,5,2026-06-19 16:54:18.936000+00:00,2026-06-19 16:55:49.597000+00:00,1.5110166666666667,22129.269247438744,2026-06-19 16:55:49.597000+00:00,41868.39764707778,,1578.3705623692335,2.9085075949107275,25.86959634544973,45,39.130434782608695,30,88.23529411764706,101.47327404370982,12.17430928434387,-4.775780652694799,-0.1128793228329,-0.06508554033229963,-0.06897230024614598,0.6156974716068242,3.0624999999999925,1.5031365248991164,False,False,False
019ed6dc-d2ae-7d75-8eaa-2ad8de065dec,8vreH8zd6wKEkqEtaWanKZAcyjjrx4SfT42f5Sqppump,Day,Good Day,2026-06-17 18:34:16.622000+00:00,51220.39248003141,59038.37179507595,16408.966947576562,145622.78787611963,145622.78787611963,320.0,138,51220.39248003141,16408.966947576562,0.3257198,145622.78787611963,320.0,,,138,376,,,37.4781419371911,1.2862949151458,20.1134386952248,37.4781419371911,1.2862949151458,20.1134386952248,0.3203600392943826,2.8430627104798463,2.318840579710145,51220.39248003141,16408.966947576562,5,2026-06-17 18:31:39.457000+00:00,2026-06-17 18:34:16.622000+00:00,2.6194166666666665,13887.892021451276,2026-06-17 18:34:16.622000+00:00,54664.58835605904,,2379.883400123282,4.0447971317364075,268.813297229819,307,444.92753623188406,101,272.97297297297297,532.5747186902469,43.50069673260113,-0.6763717441946042,1.2862949151458,-14.916441973933601,-0.5030021121312772,1.1854572110784911,22.567287784679095,1.0672426685791283,False,False,False
019ed22b-38f6-7894-a2ce-be3cec441d1d,8x7LJbFzGN7JUfJGHQTh1JhpPKduNWfvSQapQNUCpump,Scooter,Imperooterxbt,2026-06-16 20:41:48.534000+00:00,18268.388761731352,13318.464766206014,13195.174864490416,49995.40771031766,49995.40771031766,113.0,75,18268.388761731352,13195.174864490416,0.35129343333333335,49995.40771031766,113.0,,,75,175,,,29.8991419548062,0.0,22.8565051991663,29.8991419548062,0.0,22.8565051991663,0.7222954928642469,2.7367168699107234,1.5066666666666666,18268.388761731352,13195.174864490416,5,2026-06-16 20:38:10.432000+00:00,2026-06-16 20:41:48.534000+00:00,3.6350333333333333,13699.311342147923,2026-06-16 20:41:48.534000+00:00,75911.84736030325,,6070.002377712546,5.699744579639565,33.3526066053116,57,48.30508474576271,31,70.45454545454545,291.9308691616196,15.587361284419258,-10.3921694275185,0.0,2.3388915343264998,-0.111013492152778,1.805562023843134,35.292517006802726,4.155366318858043,True,True,False
019ee0aa-9374-7a3a-a15f-6c418db0651d,8xKzNYHuoNeJ1cm1XP6xSPei7XYvdVXXMByAgf8bpump,WOJAK,Wojak Kowalski,2026-06-19 16:15:35.796000+00:00,20375.04163864797,12400.145141820954,13482.642903067934,31400.6126056595,31400.6126056595,132.0,93,20375.04163864797,13482.642903067934,0.53025735,31400.6126056595,132.0,,,93,168,,,43.0689899562463,0.0,20.201903263098,43.0689899562463,0.0,20.201903263098,0.6617234527508236,1.5411312115356812,1.4193548387096775,20375.04163864797,13482.642903067934,5,2026-06-19 16:15:20.681000+00:00,2026-06-19 16:15:35.796000+00:00,0.2519166666666667,18715.132949584757,2026-06-19 16:15:35.796000+00:00,18866.804165942456,,2549.4347378115403,1.5214986558755614,8.869339552835198,61,57.009345794392516,23,32.857142857142854,46.549264632193484,4.3555364785505635,7.955375531935097,0.0,-2.3018110321452987,-0.028622241388858605,0.3962470145030572,7.994389901823287,0.9259762262353052,False,False,False
019ed4d3-777c-7918-8d9f-4fbf07599163,9JmruaWd8Dscxs1GBVbnckGWWsoVdJwg9DDFGFW9pump,GC,gamercat,2026-06-17 09:04:49.020000+00:00,18036.119337638378,13070.456347529667,12966.110580665432,38667.34218824544,38667.34218824544,57.0,48,18036.119337638378,12966.110580665432,0.22987428333333335,38667.34218824544,57.0,,,48,172,,,12.9551172151156,3.0002552752342,21.3290881179059,12.9551172151156,3.0002552752342,21.3290881179059,0.7188969166780417,2.143883696064992,1.1875,18036.119337638378,12966.110580665432,5,2026-06-17 09:01:15.175000+00:00,2026-06-17 09:04:49.020000+00:00,3.5640833333333335,15742.496606596376,2026-06-17 09:04:49.020000+00:00,25117.493083954567,,1810.421492081661,1.9216997797251207,14.569625062399153,61,54.95495495495496,5,11.627906976744185,94.85482867354638,7.098447885701968,-17.4602189227227,-10.8808613438853,-3.1931302555039984,-0.05015017810542899,0.883335251319662,-16.290983606557383,1.3926218059302002,False,False,False
019edb30-bb8a-7362-98aa-407f2ac08a2c,9gVWVw7kfMaUoF7Qx2MFs7VJk3o35YG8sUG6pec7pump,ELONGOAT,Elon The GOAT,2026-06-18 14:44:24.586000+00:00,19936.543609507116,16843.66002763646,13514.819385563393,12866.08911977568,12866.08911977568,63.0,48,19936.543609507116,13514.819385563393,0.08948508333333334,12866.08911977568,63.0,,,48,115,,,22.9031073772008,0.0,26.7117194993195,22.9031073772008,0.0,26.7117194993195,0.6778917976092204,0.6453520415464716,1.3125,19936.543609507116,13514.819385563393,5,2026-06-18 14:43:46.315000+00:00,2026-06-18 14:44:24.586000+00:00,0.63785,15853.72404367784,2026-06-18 14:44:24.586000+00:00,25338.627411726742,,23799.60941115343,1.5043421305198545,25.753063157784855,14,13.861386138613863,23,92.0,57.215360879192964,12.136123418353009,4.838875831936701,0.0,-1.6983941987596012,-0.08231791394697974,0.12914932709314442,13.14655172413794,1.2709639096941328,False,False,False
019edb63-6494-7def-bbda-8f04dcdb7551,9h66V2NiHU3PpviwceSg4KZ7xqStLTDej58o5pdhpump,Vort,Vort,2026-06-18 15:39:44.660000+00:00,50857.35377742094,58396.12576047236,15899.227913480223,87847.78094628404,87847.78094628404,103.0,48,50857.35377742094,15899.227913480223,0.31264216666666667,87847.78094628404,103.0,,,48,373,,,13.3665733439559,2.1937787185811,25.4714939587774,13.3665733439559,2.1937787185811,25.4714939587774,0.31262397141352993,1.7273368435713947,2.1458333333333335,50857.35377742094,15899.227913480223,5,2026-06-18 15:35:51.349000+00:00,2026-06-18 15:39:44.660000+00:00,3.888516666666667,18443.32321153024,2026-06-18 15:39:44.660000+00:00,409512.436584487,,154017.62799674712,31.010607107897403,175.74940369545965,264,242.20183486238534,24,100.0,1279.0745166316985,23.562558355802754,-10.566736738624101,2.1937787185811,-1.5744213111854002,-0.3850458959418743,1.3819515153301252,60.93750000000002,8.052177436850785,True,True,True
019edc7c-d587-7e07-bb59-9bb6e96b6b8e,9vfRMTdHQMHnQ5MiFN33xg6GLwLXnTAW4tbjS2mypump,Runechain,Runechain,2026-06-18 20:47:09.191000+00:00,17464.585210528203,14383.656514555707,12527.588552251378,15595.04248656237,15595.04248656237,23.0,16,17464.585210528203,12527.588552251378,0.114037,15595.04248656237,23.0,,,16,88,,,19.738928107971,0.0,23.1419793793474,19.738928107971,0.0,23.1419793793474,0.7173138326067631,0.8929523546405893,1.4375,17464.585210528203,12527.588552251378,5,2026-06-18 20:44:14.536000+00:00,2026-06-18 20:47:09.191000+00:00,2.9109166666666666,14922.16035636688,2026-06-18 20:47:09.191000+00:00,65706.42062718244,,39831.72808009895,4.568130541819465,17.037914038207877,14,18.91891891891892,0,0.0,26.916674637721794,8.172227513216047,-1.4287688495908029,0.0,-0.7470916712786,-0.058790317312778395,0.06950436231839952,15.0,3.7622663140933077,True,True,False
019ee008-e0f4-76e4-951c-1d2897aa7e70,9zPnV3BDM3Ryph485gp5x5jpF5cTa76wT3Ttveuepump,Navi,Navi,2026-06-19 13:18:58.804000+00:00,18612.0700905291,14233.857895801935,12812.505111500683,42315.7921075755,42315.7921075755,177.0,123,18612.0700905291,12812.505111500683,0.5415973666666667,42315.7921075755,177.0,,,123,265,,,25.5588015193359,2.2417919405093,19.2460330433994,25.5588015193359,2.2417919405093,19.2460330433994,0.6883976392298472,2.273567201378004,1.4390243902439024,18612.0700905291,12812.505111500683,5,2026-06-19 13:18:13.200000+00:00,2026-06-19 13:18:58.804000+00:00,0.7600666666666667,13992.81009829474,2026-06-19 13:18:58.804000+00:00,25137.194979850352,,2412.335146399271,1.7660141870085828,33.01166784788494,170,178.94736842105263,66,115.78947368421053,149.58633814850845,15.305554279219189,-7.1592051760882995,-8.0272792608669,-16.4931622603212,-0.10570910357959917,1.0619184882998214,9.365853658536572,1.3505856606805715,False,False,False
019ed7f4-8946-792e-8123-5f8d10bcd737,A1aAXj2jWDzzPTv2LEWVBiXUahGVnGwDmivN7YWEpump,SHILL,The Shill Coin,2026-06-17 23:39:47.910000+00:00,27203.67709655893,15485.19906517909,15875.217725010483,36470.6564019548,36470.6564019548,152.0,99,27203.67709655893,15875.217725010483,0.3348304833333334,36470.6564019548,152.0,,,99,216,,,42.3488449654616,0.0,25.2032750026621,42.3488449654616,0.0,25.2032750026621,0.5835688193423889,1.3406517167698655,1.5353535353535352,27203.67709655893,15875.217725010483,5,2026-06-17 23:38:52.608000+00:00,2026-06-17 23:39:47.910000+00:00,0.9217,16951.918262985557,2026-06-17 23:39:47.910000+00:00,15485.19906517909,,1341.5538190888576,1.0,60.47550887475695,64,42.10526315789473,27,37.5,49.44287915279682,26.669982072976918,4.543704697957203,0.0,4.888194578686001,-0.15574211853599762,-0.09897369524117128,13.964386129334565,0.5692318362041525,False,False,False
019edc0f-2eb5-7303-abca-49b8db91ee8f,A3pSvCXGcdvicHn8cR7PinrTjpuPLXcsTBZQTkTjpump,DINNER,Chicken Dinner,2026-06-18 18:47:23.061000+00:00,26418.799266922,12784.435638477036,15271.531475293681,36965.153773625,36965.153773625,53.0,29,26418.799266922,15271.531475293681,0.14095641666666667,36965.153773625,53.0,,,29,155,,,4.6069627577933,0.0,28.6332935879528,4.6069627577933,0.0,28.6332935879528,0.5780554718251181,1.3991988583640023,1.8275862068965518,26418.799266922,15271.531475293681,5,2026-06-18 18:46:35.412000+00:00,2026-06-18 18:47:23.061000+00:00,0.79415,22239.499456046462,2026-06-18 18:47:23.061000+00:00,31210.97862764082,,3077.382222576523,2.4413262744039965,18.792238643389396,28,22.04724409448819,19,190.0,10.897093060765197,8.991813939261888,-0.2984470736726994,-0.1802645368957,-0.9274563664307998,-0.051978115802238434,-0.09961378049623293,-29.708222811671085,1.1813927768745693,False,False,False
019ed28a-9c73-74fa-b157-6680bcd53df4,AKTm2hNrwNh1Mt7Sq7jJDuGEBXESxQW45KPS4GHTpump,PIP,Pump Improvement Protocol,2026-06-16 22:25:59.923000+00:00,18513.65170112907,15982.415284625333,13261.02096907977,23660.2630087705,23660.2630087705,96.0,66,18513.65170112907,13261.02096907977,0.6768835166666667,23660.2630087705,96.0,,,66,103,,,43.5501094145582,0.1361037901057,26.9373519089104,43.5501094145582,0.1361037901057,26.9373519089104,0.7162833774317486,1.2779900686652519,1.4545454545454546,18513.65170112907,13261.02096907977,5,2026-06-16 22:25:48.361000+00:00,2026-06-16 22:25:59.923000+00:00,0.19269999999999998,22851.89914081995,2026-06-16 22:25:59.923000+00:00,15982.415284625333,,2294.226836660816,1.0,-18.98418776031417,20,24.096385542168676,18,37.5,70.34651438200653,-9.991691531838056,1.7433023486564991,0.1361037901057,-2.501270776812099,0.07156201110426963,0.6701854192846258,2.6737967914438476,0.8632773016708871,False,False,False
019edf2b-c8eb-7195-9973-646b2359c50b,AUcHUfXcz9hWLcaRahA6MWWGNPJ1dXw9rAqJHTr5pump,QWANT,Le Qwant,2026-06-19 09:17:29.195000+00:00,26385.239524351506,12322.392593994555,15229.511172301764,43128.28831418278,43128.28831418278,92.0,52,26385.239524351506,15229.511172301764,0.3029503333333333,43128.28831418278,92.0,,,52,183,,,34.5656174852905,0.0,24.9858828903847,34.5656174852905,0.0,24.9858828903847,0.5771981398253414,1.6345611823754245,1.7692307692307692,26385.239524351506,15229.511172301764,5,2026-06-19 09:16:50.025000+00:00,2026-06-19 09:17:29.195000+00:00,0.6528333333333334,14226.794584346135,2026-06-19 09:17:29.195000+00:00,46435.93513767186,,5871.887235808869,3.768418737145487,85.4615905777076,59,47.58064516129033,9,20.930232558139537,32.515216006926124,36.20176296113162,-2.028557661345296,0.0,-4.304676904417498,-0.20875413247417773,-0.6530879338142215,8.681318681318677,1.7599209245311243,False,False,False
019edd09-1721-7507-8ad5-68153bfc53e7,AWvgKkGymGqupAxS7uufhzTis9XEoLMgBZhctimxpump,VOYAGER,The Sprite Voyager,2026-06-18 23:20:21.025000+00:00,28371.952759221625,12832.712013558414,11759.406259873791,70325.57847157247,70325.57847157247,112.0,63,28371.952759221625,11759.406259873791,0.21483018333333334,70325.57847157247,112.0,,,63,165,,,27.35157686485186,0.0,24.986921000156354,27.35157686485186,0.0,24.986921000156354,0.4144729254158115,2.4787006755717518,1.7777777777777777,28371.952759221625,11759.406259873791,5,2026-06-18 23:17:20.622000+00:00,2026-06-18 23:20:21.025000+00:00,3.0067166666666667,15652.85614445088,2026-06-18 23:20:21.025000+00:00,36382.585203966664,,4293.546870388945,2.8351439014236903,81.25735327402094,55,50.0,38,152.0,45.1401088723024,-0.5052515207061506,-2.54510733351394,0.0,0.7603412918618524,-0.34060477077280116,-0.616809776387139,30.718954248366,1.2823433590464222,False,False,False
019ed7a7-d3fe-7ca0-8061-195358997e0b,Ak2LkrMS1LgrrE7B2p5eUT2Pz2ph65wErP5SfhmKd9P5,BMC,boomercoin,2026-06-17 22:16:00.766000+00:00,34742.712717869035,13167.096413502873,13217.133293788229,19576.21225881194,19576.21225881194,114.0,155,34742.712717869035,13217.133293788229,0.3297248,19576.21225881194,114.0,,,155,58,,,68.1624234486263,0.0,33.3101316688618,68.1624234486263,0.0,33.3101316688618,0.38042893774930625,0.5634623990873173,0.7354838709677419,34742.712717869035,13217.133293788229,5,2026-06-17 22:15:25.716000+00:00,2026-06-17 22:16:00.766000+00:00,0.5841666666666666,18775.14468920478,2026-06-17 22:16:00.766000+00:00,62920.98814355368,,1514.200701283238,4.778653255628031,85.04631145583231,18,45.0,33,27.049180327868854,44.26170574751371,0.5877783791333521,9.216118751445698,0.0,1.4482855809450008,-0.3194271763427136,-0.15929793467477815,0.81913736861181,1.8110557069768436,False,False,False
019ed77d-3577-7750-8a9a-a1d95193b3bd,BPQw227L44JsgfPPVnHTEAoebvYsfN5PVxQpZVyK5aoA,Livaković,Dominik Livaković,2026-06-17 21:29:27.671000+00:00,18387.646716770403,13129.705490871422,13046.315171741962,46956.4299742197,46956.4299742197,74.0,58,18387.646716770403,13046.315171741962,0.32818948333333336,46956.4299742197,74.0,,,58,168,,,0.4534166050013,,13.3900536885211,0.4534166050013,,13.3900536885211,0.7095152181623713,2.553694374136154,1.2758620689655173,18387.646716770403,13046.315171741962,5,2026-06-17 21:25:46.530000+00:00,2026-06-17 21:29:27.671000+00:00,3.685683333333333,14488.636203274064,2026-06-17 21:29:27.671000+00:00,13129.705490871422,,1961.7566504899723,1.0,26.910817959631437,66,64.70588235294117,27,87.09677419354838,241.16568108602502,12.638903946280792,-18.0204149136131,,-8.677432044102002,-0.08989913635528979,1.6037411408306956,-23.938992042440315,0.7140503454907315,False,False,False
019edb7f-936a-7a6a-924d-80623bb7c940,BWPA8hVRxr37FYW6vzkRW2Q2n9VZZNYxPvC9v4t4pump,Jorge,RIP Jorge Messi,2026-06-18 16:10:31.658000+00:00,22386.90320689519,15756.38572753087,14073.349408518232,40192.31267739342,40192.31267739342,98.0,72,22386.90320689519,14073.349408518232,0.48528646666666664,40192.31267739342,98.0,,,72,164,,,23.72519063009,2e-13,24.607823227776,23.72519063009,2e-13,24.607823227776,0.6286420805260652,1.7953493748529785,1.3611111111111112,22386.90320689519,14073.349408518232,5,2026-06-18 16:10:10.244000+00:00,2026-06-18 16:10:31.658000+00:00,0.35690000000000005,16201.65043071118,2026-06-18 16:10:31.658000+00:00,15756.38572753087,,2123.336385256748,1.0,38.17668331159336,46,38.983050847457626,27,60.0,30.88764893481526,17.548577352256522,-1.1618478555724998,0.0,-2.671146966910701,-0.1103177574725509,-0.09998165157774141,5.603448275862066,0.7038215863048841,False,False,False
019ed95a-c394-77b0-95b3-e1a51eeeb5d0,Bh77MrPYg8RRQPZ8kxRUyCCa5VrQzFzqLzdFtBgwpump,Helium,Only Goes Up,2026-06-18 06:11:04.724000+00:00,19795.62641857506,13911.462435687428,13459.170127899559,32970.92513836326,32970.92513836326,31.0,20,19795.62641857506,13459.170127899559,0.4342895666666667,32970.92513836326,31.0,,,20,172,,,9.5925918015292,0.0,27.2896749385221,9.5925918015292,0.0,27.2896749385221,0.6799062501639382,1.6655661428034059,1.55,19795.62641857506,13459.170127899559,5,2026-06-18 06:08:16.323000+00:00,2026-06-18 06:11:04.724000+00:00,2.8066833333333334,16188.032237477477,2026-06-18 06:11:04.724000+00:00,23357.82415714116,,2008.8970259361856,1.6790344124583725,22.285563360477596,43,33.33333333333333,6,42.857142857142854,33.297597568704866,10.590583933872638,5.757842563686301,0.0,-0.48729086850400094,-0.07190024073335166,0.137596413402445,-1.3636363636363589,1.1799487252004082,False,False,False
019ee092-cc05-7c79-9b91-c5e524743528,Bk1ZX9zPw74gUGieWqEsXjwKwxNbKB1Z9V3tGa2upump,CAT,CatCoin,2026-06-19 15:49:37.413000+00:00,22610.182442575406,14571.046614665078,20408.821679000295,17743.526297199605,17743.526297199605,50.0,33,22610.182442575406,20408.821679000295,0.14524326666666668,17743.526297199605,50.0,,,33,59,,,37.8808231808245,0.0,29.3415009595123,37.8808231808245,0.0,29.3415009595123,0.9026385227467291,0.7847582098138317,1.5151515151515151,22610.182442575406,20408.821679000295,5,2026-06-19 15:49:11.667000+00:00,2026-06-19 15:49:37.413000+00:00,0.4291,16672.61150969675,2026-06-19 15:49:37.413000+00:00,20563.376558185515,,4094.963858848227,1.411249109414655,35.61272287443018,17,40.476190476190474,12,57.14285714285714,61.775939927216605,16.45445596017797,-1.8758051659772974,0.0,6.969944805942799,-0.14849573254441695,0.12691503685005745,-9.090909090909095,0.9094741544174488,False,False,False
019edf80-f20b-755d-891f-74918455077e,BwLS1TLvwb771PyNuyktWyxUDdxpziZ5oGYKgQfNpump,QUACKSSANT,Quackssant,2026-06-19 10:50:30.283000+00:00,18611.497546831222,12098.057458803778,12779.520134925458,58483.58785887636,58483.58785887636,24.0,13,18611.497546831222,12779.520134925458,0.6694226833333333,58483.58785887636,24.0,,,13,206,,,10.2576467588086,0.1138795206461,23.1445058336253,10.2576467588086,0.1138795206461,23.1445058336253,0.6866465260395603,3.142336489136186,1.8461538461538463,18611.497546831222,12779.520134925458,5,2026-06-19 10:46:39.128000+00:00,2026-06-19 10:50:30.283000+00:00,3.8525833333333335,14833.14083192242,2026-06-19 10:50:30.283000+00:00,15838.410542760945,,2465.422305328877,1.30916972387458,25.472398312145717,4,1.9801980198019802,-2,-13.333333333333334,28.48455670832611,12.072155993042276,-1.3627218305295,0.0,2.019112583848699,-0.08210094429763548,0.07366811609011226,38.461538461538474,0.8510014039927475,False,False,False
019ee01a-1cd0-7453-a375-bc74e48bb7af,C3jxjp95QFWNfRXq48J67WiuLBLgqL9YQ8pExkyNpump,5DAHH,GIMME MY 5 DAHH,2026-06-19 13:37:48.240000+00:00,19371.08683190673,16053.51036868206,13073.027009581152,25673.24512291329,72225.84941481167,45.0,30,19371.08683190673,13073.027009581152,0.20871971666666667,25673.24512291329,45.0,,,30,160,,,2.700853681362,0.0,22.9480113561123,2.700853681362,0.0,22.9480113561123,0.6748731820275646,1.3253383945719595,1.5,19371.08683190673,13073.027009581152,5,2026-06-19 13:37:24.890000+00:00,2026-06-19 13:37:48.240000+00:00,0.3891666666666667,18998.495927654567,2026-06-19 13:37:48.240000+00:00,24473.66267961607,,6555.381349563762,1.5245053647182636,1.9611600079868068,22,15.942028985507244,14,87.5,16.348923006776864,0.9541934586780373,1.5470177431744,0.0,0.0,-0.006731515512582331,0.16389197442925685,4.3478260869565215,1.2634119547337286,False,False,False
019ed87b-5efa-7ec0-a439-9a5ff4d055a8,C5tcc5ppr9FMBoRCgAPn4w4qQ2vQzRYepdzsfPfxpump,cooking,got something cooking,2026-06-18 02:07:04.442000+00:00,24065.762559618786,14183.794829441757,11071.355527325299,88436.185191242,88436.185191242,166.0,100,24065.762559618786,11071.355527325299,0.3185926333333333,88436.185191242,166.0,,,100,247,,,46.918866687765,13.1036829548891,22.8257919290259,46.918866687765,13.1036829548891,22.8257919290259,0.46004590546000446,3.6747717830322877,1.66,24065.762559618786,11071.355527325299,5,2026-06-18 02:02:54.519000+00:00,2026-06-18 02:07:04.442000+00:00,4.165383333333334,15818.97847946127,2026-06-18 02:07:04.442000+00:00,105503.18205004225,,3721.945956105892,7.4382901979832585,52.13221631766432,105,73.94366197183099,39,63.934426229508205,286.7651942789724,-8.684885655405715,27.656166728492295,,-2.9932872267866983,-0.3063967991002218,2.2293180967032242,10.06521739130435,4.383953418832097,True,True,False
019ed228-e917-7025-89aa-ddcc3c3e2587,CfbVyNSBuV1tNj68vY1JZADLkiYSAT5FKK6RELtPpump,PIP,The Baby Squirrel,2026-06-16 20:39:17.015000+00:00,20724.93156555507,13514.462974781942,14043.929690339164,30186.44416892654,30186.44416892654,169.0,96,20724.93156555507,14043.929690339164,0.17496211666666667,30186.44416892654,169.0,,,96,81,,,24.5694233815296,0.0,26.4109528240404,24.5694233815296,0.0,26.4109528240404,0.6776345507302055,1.4565280504518792,1.7604166666666667,20724.93156555507,14043.929690339164,5,2026-06-16 20:39:02.287000+00:00,2026-06-16 20:39:17.015000+00:00,0.24546666666666667,16829.75278841045,2026-06-16 20:39:17.015000+00:00,13514.462974781942,,1304.3350842094512,1.0,23.144598890525454,18,28.57142857142857,14,17.073170731707318,14.831464330142616,10.970425133540509,7.2996430007525,0.0,1.1342055508089999,-0.07434089537278443,-0.10544421552935113,5.3680048661800575,0.6520872183357671,False,False,False
019ed7f5-4ff7-7151-886d-0350ca72d943,CpzZ2N6p6B48o8zWouwMs2BXFm4nZjh4tzFHpg6tpump,OGAI,Open Generative Ai,2026-06-17 23:40:38.775000+00:00,19705.493794467842,15894.62280402989,13511.382395404018,23918.3152833106,23918.3152833106,47.0,24,19705.493794467842,13511.382395404018,0.21243665,23918.3152833106,47.0,,,24,91,,,23.9390470859939,,27.6331047151357,23.9390470859939,,27.6331047151357,0.6856657608446853,1.2137891865478383,1.9583333333333333,19705.493794467842,13511.382395404018,5,2026-06-17 23:37:32.664000+00:00,2026-06-17 23:40:38.775000+00:00,3.1018499999999998,19898.631890031964,2026-06-17 23:40:38.775000+00:00,17919.304146768292,,2476.8786295017026,1.1273815281873232,-0.9706099224885525,10,12.345679012345679,2,9.090909090909092,55.93203442744369,-0.5004961215952006,4.107334759290499,,0.17484197059719975,0.003239623560003402,0.44293537663079074,10.470085470085468,0.909355752952458,False,False,False
019ed5da-ab7d-7b4c-9446-b374d047c70c,CsWnH9msTEqswGPfNjkSRF3dnf7Y3QYCxXdcSgfhWU9S,Thaïs,Justice for Thaïs d'Escufon,2026-06-17 13:52:18.301000+00:00,18948.341832160226,12920.749374611523,13310.803554949487,27562.77714364785,27562.77714364785,135.0,84,18948.341832160226,13310.803554949487,0.31054006666666667,27562.77714364785,135.0,,,84,163,,,37.0088336021484,8.2813300176921,22.0192712371976,37.0088336021484,8.2813300176921,22.0192712371976,0.7024785426003672,1.4546273963068739,1.6071428571428572,18948.341832160226,13310.803554949487,5,2026-06-17 13:51:57.824000+00:00,2026-06-17 13:52:18.301000+00:00,0.3412833333333333,16544.364870527286,2026-06-17 13:52:18.301000+00:00,17244.369821257613,,2123.307817687481,1.3346261367116785,14.530488057087453,60,58.252427184466015,30,55.55555555555556,53.85150448068789,7.016682858818267,-7.317541779500402,-8.126248571872301,-3.540066093030301,-0.04932209431333778,0.3717703504653176,-7.674772036474159,0.910072763833586,False,False,False
019ee089-d20b-79ae-9aaf-8ac8b22b0542,Ct5ZGEs7TTwbV63e1gTDdhdves3xenJRe6gKW2pupump,HERO,Zero to Hero,2026-06-19 15:39:49.131000+00:00,12771.075989693845,12725.610927599808,7887.650084389553,26552.32505162704,26552.32505162704,121.0,80,12771.075989693845,7887.650084389553,0.3413075,26552.32505162704,121.0,,,80,154,,,40.1021617376992,10.1039213988769,26.5574760797207,40.1021617376992,10.1039213988769,26.5574760797207,0.6176182876646277,2.079098509244996,1.5125,12771.075989693845,7887.650084389553,5,2026-06-19 15:39:37.999000+00:00,2026-06-19 15:39:49.131000+00:00,0.18553333333333333,20053.390883973003,2026-06-19 15:39:49.131000+00:00,14475.636001213545,,1524.0072480855345,1.1375199260428601,-36.314630958993085,33,27.27272727272727,35,77.77777777777779,79.68843184904854,-41.004889434545056,-14.357425280524502,6.856381817677699,-3.3318932008264994,-0.04910219475156219,1.3422221590461838,3.125000000000004,1.1334703522941423,False,False,False
019ee0bb-ee4e-7bf3-a1a3-f951486e4058,CwPoaq8GGF5i2RkiDyHsNsrnP5L1B4PnQZAEu3Xkpump,ELON,Comrade Elon,2026-06-19 16:34:33.166000+00:00,21576.477984518282,14006.07395308547,13880.475880433418,36848.62505303751,36848.62505303751,84.0,46,21576.477984518282,13880.475880433418,0.3005887,36848.62505303751,84.0,,,46,123,,,30.0736047903719,0.0,23.7191339238413,30.0736047903719,0.0,23.7191339238413,0.6433151828761414,1.7078146433109898,1.826086956521739,21576.477984518282,13880.475880433418,5,2026-06-19 16:33:37.409000+00:00,2026-06-19 16:34:33.166000+00:00,0.9292833333333334,16819.955525858262,2026-06-19 16:34:33.166000+00:00,22168.38888846948,,1963.2780528019778,1.5827696585584492,28.279043017370352,37,43.02325581395349,16,53.333333333333336,35.00438446466752,13.268541231022116,3.2608667356620984,0.0,-0.9781554423802987,-0.08525300667598368,0.08507602660835345,24.505928853754945,1.0274331568097401,False,False,False
019edb91-aff5-7cb6-a6ca-a8a3b9fe0e26,D5UbiydvQRQtjYb1ktXchR7uS8sQWNdbVeJx2rfspump,CENTER,Card Center,2026-06-18 16:30:18.613000+00:00,23169.1299295532,14459.931405012554,14324.39988210144,10292.86183795731,10292.86183795731,75.0,56,23169.1299295532,14324.39988210144,0.19766378333333331,10292.86183795731,75.0,,,56,65,,,14.6562299196076,13.587904757292,32.1370195381737,14.6562299196076,13.587904757292,32.1370195381737,0.6182536817591093,0.44424895838787337,1.3392857142857142,23169.1299295532,14324.39988210144,5,2026-06-18 16:30:07.594000+00:00,2026-06-18 16:30:18.613000+00:00,0.18365,15010.6505530818,2026-06-18 16:30:18.613000+00:00,14459.931405012554,,1944.7246560115066,1.0,54.35127110327943,12,22.641509433962266,10,21.73913043478261,22.023040705456115,24.238006971747968,0.0,0.0,-0.28023419984739917,-0.1498545966158129,-0.11769730206464213,-0.6336405529953981,0.6241033413416316,False,False,False
019ed5b7-e01d-71e3-a55d-a303e617dcfa,DCaoXH6QoxgFQ5phtpR18aTXJ6nsidDt5Ri2bTELpump,Pilly,Pilly,2026-06-17 13:14:18.013000+00:00,23783.241837133843,14764.586786968986,14879.733729982396,25458.6573642283,25458.6573642283,123.0,68,23783.241837133843,14879.733729982396,0.5900964666666667,25458.6573642283,123.0,,,68,164,,,33.2942145832133,,25.5001091778967,33.2942145832133,,25.5001091778967,0.6256394242583868,1.0704452125815143,1.8088235294117647,23783.241837133843,14879.733729982396,5,2026-06-17 13:13:56.571000+00:00,2026-06-17 13:14:18.013000+00:00,0.35736666666666667,23340.195821076824,2026-06-17 13:14:18.013000+00:00,17869.26903137044,,2006.764555742556,1.210278979642126,1.8982103640147518,83,102.46913580246914,26,61.904761904761905,126.19794202927098,0.9511394003679051,-5.058630142158606,,-6.320631167619201,-0.005869422930214974,0.5882283963000086,13.388937664618078,0.7513386591171246,False,False,False
019ed240-925d-7dfd-b7f2-6068c4f1b452,DTZhKWmpnf7DKgVPhHpkMQi5Zhg9dg8sUVetNhUbpump,ansemconzimp,ansemconzimp,2026-06-16 21:05:07.677000+00:00,15224.568633042443,16697.39342575026,12051.27997957255,29660.050951061,29660.050951061,75.0,54,15224.568633042443,12051.27997957255,1.5784686,29660.050951061,75.0,,,54,83,,,33.1017624764689,0.0,30.7069088611219,33.1017624764689,0.0,30.7069088611219,0.7915679103982763,1.948170202122423,1.3888888888888888,15224.568633042443,12051.27997957255,5,2026-06-16 21:05:02.712000+00:00,2026-06-16 21:05:07.677000+00:00,0.08275,17544.37023408147,2026-06-16 21:05:07.677000+00:00,16697.39342575026,,5737.531588266916,1.0,-13.222484307431055,3,3.75,6,12.5,99.56470061624873,-6.841748632183961,5.295491422176198,-2.9555644271954,-0.5977230593443004,0.05421726504201008,1.101039573487045,2.564102564102555,1.0967400015203905,False,False,False
019ed23f-7a88-7bd9-84ef-de458741f3fc,DVWZVVLCjYjtnEnSpBBBUTwQ8ta73hFADiitnKthpump,ANSEM,Coldest Nigga Breathing,2026-06-16 21:03:56.040000+00:00,62664.11172637251,60845.15243689528,18130.01749453531,68551.01634678517,68551.01634678517,171.0,80,62664.11172637251,18130.01749453531,0.24003343333333332,68551.01634678517,171.0,,,80,166,,,39.2433358964962,0.9530216071659,25.353796786909,39.2433358964962,0.9530216071659,25.353796786909,0.2893205855003798,1.0939437974660562,2.1375,62664.11172637251,18130.01749453531,5,2026-06-16 21:00:16.090000+00:00,2026-06-16 21:03:56.040000+00:00,3.665833333333333,28769.93329090763,2026-06-16 21:03:56.040000+00:00,40937.782019738246,,1894.5776765202272,2.5373089286485726,117.81111236075306,114,219.23076923076925,19,31.147540983606557,257.70808256071587,47.95457617455689,-12.573874811381799,-21.928879927297398,-17.279494987628198,-0.13660229019597114,0.42783328164961654,106.96428571428574,0.6532891138471109,False,False,False
019edab7-4364-7c7a-ad84-c3c2412e6fbc,DgVJZqmccrew2HySCA34pzkfyu54ZCkkZw6aKibYpump,Rebel,Rebel Mode,2026-06-18 12:31:43.972000+00:00,26343.504593807218,12577.114052908593,15546.03692535416,47420.90556398528,47420.90556398528,229.0,160,26343.504593807218,15546.03692535416,0.5812487999999999,47420.90556398528,229.0,,,160,184,,,28.5737613447397,,22.831407182517278,28.5737613447397,,22.831407182517278,0.59012789547404,1.800098593378988,1.43125,26343.504593807218,15546.03692535416,5,2026-06-18 12:31:20.148000+00:00,2026-06-18 12:31:43.972000+00:00,0.3970666666666667,15258.81141365744,2026-06-18 12:31:43.972000+00:00,23993.404002323165,,1456.3117246608106,1.9077034605386625,72.64453881531293,75,68.80733944954129,34,26.984126984126984,50.80657922391647,31.393699514429873,-0.5804661948429981,,-2.067716798096921,-0.1852696976577216,-0.260668205227121,4.241329479768779,0.9107901310884615,False,False,False
019ed51e-d7da-7a7c-9fb2-2e9816fbe18d,DicbCpQUfJgBeDHZvcLur6RcF2HgDWagrGkjiXoGpump,Alon,Alon Card,2026-06-17 10:27:08.890000+00:00,20262.238849346035,13263.117347393912,13746.068751046147,22312.87834917082,22312.87834917082,82.0,55,20262.238849346035,13746.068751046147,0.18043515000000002,22312.87834917082,82.0,,,55,117,,,17.782423519261318,0.0,23.734826058488522,17.782423519261318,0.0,23.734826058488522,0.6784081884164445,1.1012049811016302,1.490909090909091,20262.238849346035,13746.068751046147,5,2026-06-17 10:24:39.344000+00:00,2026-06-17 10:27:08.890000+00:00,2.492433333333333,15771.62492994967,2026-06-17 10:27:08.890000+00:00,16501.279632837974,,1476.053556740086,1.244147902836759,28.472741010147107,34,40.963855421686745,17,44.73684210526316,82.29437565884652,13.325963162779525,-1.3419885015616018,0.0,-1.1386243027284024,-0.09067382118799328,0.3251260602636351,23.162055335968386,0.8143858018617006,False,False,False
019edec5-efef-729f-9aa6-345b3d8545ac,DqQ6vpwrkKweG2wrxwpMVHixNwgRvn5aNftuc7VUpump,WAIFU,WaifuCoin,2026-06-19 07:26:14.511000+00:00,20713.88848970168,18396.89424131504,13511.640523000036,26995.9935053634,26995.9935053634,147.0,102,20713.88848970168,13511.640523000036,0.29528171666666664,26995.9935053634,147.0,,,102,145,,,38.5634701741145,,22.9081338374469,38.5634701741145,,22.9081338374469,0.6522986029261293,1.3032798510422123,1.4411764705882353,20713.88848970168,13511.640523000036,5,2026-06-19 07:25:23.180000+00:00,2026-06-19 07:26:14.511000+00:00,0.8555166666666667,19911.13454499943,2026-06-19 07:26:14.511000+00:00,21949.205753630707,,1363.3440448186213,1.193093000683671,4.031683593358356,30,26.08695652173913,34,50.0,53.50185557079254,2.018236732970805,-1.4554305430012988,,-1.9923030828040993,-0.01287386075427377,0.4200175830190467,-3.921568627450981,1.0596371494682513,False,False,False
019ed2ca-f240-790f-a07a-3dffa1154a9f,DrAQUhCLErvvZVxiZDBf9gYMCYKiEWyoyRY4cYaBpump,Kardashev,Kardashev scale,2026-06-16 23:36:16.192000+00:00,16435.465261414945,14297.602094257962,12488.642473102896,29706.69193471294,29706.69193471294,101.0,73,16435.465261414945,12488.642473102896,0.28658560000000005,29706.69193471294,101.0,,,73,116,,,36.5762866520462,16.8423316901346,22.5748043366242,36.5762866520462,16.8423316901346,22.5748043366242,0.7598593817980993,1.8074749611411647,1.3835616438356164,16435.465261414945,12488.642473102896,5,2026-06-16 23:35:39.326000+00:00,2026-06-16 23:36:16.192000+00:00,0.6144333333333333,12692.872387119343,2026-06-16 23:36:16.192000+00:00,14297.602094257962,,2190.1111605880455,1.0,29.485783518107095,32,38.095238095238095,40,121.21212121212122,39.83369230958285,13.791798553209658,13.2871050187955,-21.999607539317303,-38.68349353369099,-0.10479860468853852,0.13375593343667425,-6.821358680458486,0.8699237817029749,False,False,False
019edd2e-9344-72a4-8f48-f84dbf38e280,ER2hhTpLnV9xgL2hAJmMvYwpFobwYXPkuYNQb9Wopump,Juanita,Merlin's Girlfriend,2026-06-19 00:01:17.636000+00:00,19489.65719824395,13445.481899412998,13220.758959698864,41024.31636031085,41024.31636031085,25.0,18,19489.65719824395,13220.758959698864,0.24575591666666666,41024.31636031085,25.0,,,18,203,,,15.713910205221461,0.0,23.861615454773254,15.713910205221461,0.0,23.861615454773254,0.6783474344992623,2.104927549162189,1.3888888888888888,19489.65719824395,13220.758959698864,5,2026-06-18 23:56:24.199000+00:00,2026-06-19 00:01:17.636000+00:00,4.890616666666667,16504.991503920162,2026-06-19 00:01:17.636000+00:00,18446.00468562349,,11712.000566175762,1.3719110124590481,18.083412485337465,54,36.241610738255034,-44,-70.96774193548387,69.058945796764,8.674801215757007,-2.7717031095482394,0.0,1.3823810158229541,-0.0587284931329175,0.634688711057315,-2.1464646464646546,0.946450955909348,False,False,False
019ed5e4-87e7-7ba1-8ee4-5b6fbc71e837,EVVtxoxCaWBVhDdFgo18P1trkG6h8AEvDxnau6YLpump,GOAT,Messi the GOAT,2026-06-17 14:03:04.551000+00:00,31803.190363573493,12780.274210140076,12727.103528337222,64809.29060699368,64809.29060699368,67.0,43,31803.190363573493,12727.103528337222,0.3256928333333333,64809.29060699368,67.0,,,43,317,,,6.6477274559233,2.3820322587405,17.896079925731,6.6477274559233,2.3820322587405,17.896079925731,0.40018323265185685,2.0378235600295143,1.558139534883721,31803.190363573493,12727.103528337222,5,2026-06-17 13:59:40.453000+00:00,2026-06-17 14:03:04.551000+00:00,3.4016333333333337,16423.187668863204,2026-06-17 14:03:04.551000+00:00,160621.46067396962,,16703.14328119088,12.567919751403295,93.64809685435979,141,80.11363636363636,27,168.75,63.69744211881494,2.7735754530171617,-11.250785067654501,2.2345290849337998,0.9367716010887008,-0.35385029254630274,-0.3728473033445634,13.319238900634256,5.050482635161693,True,True,True
019eda03-c73c-77b2-9f8c-9b9ef5ee95e9,EkrnLXAyAryizTvGicA2vvwXexDqy6sTTRhYeBfGpump,muffin,just a chill cat,2026-06-18 09:15:41.244000+00:00,19591.64743978732,13755.159523365497,13461.995039134195,26076.56488136396,26076.56488136396,52.0,37,19591.64743978732,13461.995039134195,0.23657258333333334,26076.56488136396,52.0,,,37,106,,,21.1042844802669,0.0,21.8619709805142,21.1042844802669,0.0,21.8619709805142,0.6871293024493265,1.3310041925523255,1.4054054054054055,19591.64743978732,13461.995039134195,5,2026-06-18 09:15:21.993000+00:00,2026-06-18 09:15:41.244000+00:00,0.32085,17155.589467559617,2026-06-18 09:15:41.244000+00:00,13755.159523365497,,1925.2611310317523,1.0,14.199791717062071,-6,-5.357142857142857,10,37.03703703703704,13.88990542381775,6.86437583331528,0.0,0.0,0.0,-0.04716613146402049,-0.0036215672845438807,2.5566106647187716,0.7020930509106189,False,False,False
019ee098-1d3d-7ed4-9907-1e0900e51b3a,EoHKjiNy8w2ZcizdGexxsHcTHvDZT44HVGJg7eDUpump,CEX,CEXcoin,2026-06-19 15:55:25.885000+00:00,21662.593673565796,13096.340419676499,13898.113118399177,42525.64140217332,42525.64140217332,44.0,35,21662.593673565796,13898.113118399177,0.13363931666666667,42525.64140217332,44.0,,,35,102,,,15.679849007706016,0.0,28.31135836126248,15.679849007706016,0.0,28.31135836126248,0.641571980152987,1.963090941139983,1.2571428571428571,21662.593673565796,13898.113118399177,5,2026-06-19 15:52:16.139000+00:00,2026-06-19 15:55:25.885000+00:00,3.1624333333333334,16019.24917936483,2026-06-19 15:55:25.885000+00:00,28290.94574248655,,3728.728289663192,2.1602176513357145,35.22852058179126,17,20.0,6,20.689655172413794,18.132105276801184,16.27741247483429,0.35556293368731673,0.0,-0.33059630277048413,-0.10456458993620232,-0.2841041216742277,10.476190476190467,1.3059814613523926,False,False,False
019ed5fa-7054-73e9-b2c7-78cf0446218c,EvCtT2DFU1Z9aq9pcRqeioUCU14Vygo3z6h5uSwjpump,Ronaldo,Ronaldo Patriotic Dog,2026-06-17 14:27:00.308000+00:00,22746.96320904398,12911.980029651397,14564.054523281131,34197.30415617848,34197.30415617848,77.0,57,22746.96320904398,14564.054523281131,0.23879083333333334,34197.30415617848,77.0,,,57,135,,,7.5909418373851,0.0,20.5862043076673,7.5909418373851,0.0,20.5862043076673,0.6402636866045749,1.5033788836736655,1.3508771929824561,22746.96320904398,14564.054523281131,5,2026-06-17 14:25:58.308000+00:00,2026-06-17 14:27:00.308000+00:00,1.0333333333333334,18893.69062107832,2026-06-17 14:27:00.308000+00:00,17314.185759424498,,1994.4537026915407,1.340939632780082,20.39449393580545,21,18.421052631578945,14,32.55813953488372,54.074286800477886,9.70909421865053,-6.1726043548104,0.0,-1.5945698385131024,-0.06236013034720733,0.32863036688802305,0.1512401693889917,0.7611647146174016,False,False,False
019edc04-b824-794c-8a38-6262ec6fef5a,EvFZj7rVA4ttaCtx7NTb5euv2zB61soqJ9UcMiZdpump,AYOUB,Justice For Ayoub,2026-06-18 18:35:57.348000+00:00,18057.284640299345,14677.792497595125,12635.746475787948,42207.51048732502,42207.51048732502,76.0,59,18057.284640299345,12635.746475787948,0.4039621,42207.51048732502,76.0,,,59,133,,,1.3484146112992,0.0,19.5258375854317,1.3484146112992,0.0,19.5258375854317,0.6997589464579919,2.33742289209577,1.2881355932203389,18057.284640299345,12635.746475787948,5,2026-06-18 18:34:21.326000+00:00,2026-06-18 18:35:57.348000+00:00,1.6003666666666667,15062.5078647145,2026-06-18 18:35:57.348000+00:00,16568.68406011786,,1944.2087476903278,1.1288266994394796,19.882325058235644,33,33.0,10,20.408163265306122,71.40416488158876,9.435131486586663,1.2979935261759998,0.0,-2.462464949687501,-0.06680228796577847,0.7025986091364387,-2.8943937418513705,0.917562324024106,False,False,False
019ed2bf-8440-7884-bac9-180f74407de6,FJVis6jGFFiizZ1NSyNdKYHSTnqUWHmM5P3nyco5pump,Meepcat,Meepcat,2026-06-16 23:23:47.136000+00:00,21215.548649678803,13081.774101199904,14176.466704549286,40066.35734350491,40066.35734350491,85.0,54,21215.548649678803,14176.466704549286,0.22755376666666666,40066.35734350491,85.0,,,54,183,,,12.232319769609001,0.0,24.518355108695367,12.232319769609001,0.0,24.518355108695367,0.6682111756164228,1.8885374121169147,1.5740740740740742,21215.548649678803,14176.466704549286,5,2026-06-16 23:21:36.249000+00:00,2026-06-16 23:23:47.136000+00:00,2.18145,16583.652428890244,2026-06-16 23:23:47.136000+00:00,867587.9995214477,,55201.578663541346,66.32036242254554,27.93049505016984,42,29.78723404255319,-32,-37.2093023255814,32.177305323723445,13.036510669340151,-6.3209141319329,0.0,0.5928011125326655,-0.08804524090309085,0.06067804199915838,14.720652856246087,40.89396950545433,True,True,True
019ed4dc-f30a-748d-96ed-a624f537a827,FKxbCh3egLotiMNFAEMLw8MDQjAVmmEA1LLq7mFvpump,Monaka,もなか,2026-06-17 09:15:10.474000+00:00,21267.765792419264,15939.395527124296,14076.696763632539,47083.21322726514,47083.21322726514,38.0,23,21267.765792419264,14076.696763632539,0.14879208333333332,47083.21322726514,38.0,,,23,202,,,22.3519332938798,0.0,25.0620726798437,22.3519332938798,0.0,25.0620726798437,0.6618794329891516,2.213829778210535,1.6521739130434783,21267.765792419264,14076.696763632539,5,2026-06-17 09:11:09.291000+00:00,2026-06-17 09:15:10.474000+00:00,4.019716666666667,15932.588630174707,2026-06-17 09:15:10.474000+00:00,36230.24581116803,,3051.6319137639,2.2729999860731547,33.48594058432083,76,60.317460317460316,-1,-4.166666666666666,44.53802885033015,15.559719917220438,-0.47213652725919886,0.0,-2.066173040485502,-0.10267415652511225,0.16928030850648224,7.168037602820207,1.703528530678198,False,False,False
019edaac-3ed4-762a-8a25-bed54fb7e784,FyGmxqqt6Vit6WhXg9rpedyvury8Vt7NNQZwGR5Jpump,DARK,Dark And Darker,2026-06-18 12:19:41.908000+00:00,53532.07504398391,54295.63743582651,16422.808688381087,69847.52045579924,69847.52045579924,58.0,24,53532.07504398391,16422.808688381087,0.32714883333333333,69847.52045579924,58.0,,,24,301,,,11.3466176444371,2.2238257014877,21.1358498865971,11.3466176444371,2.2238257014877,21.1358498865971,0.30678445912824237,1.3047788713291977,2.4166666666666665,53532.07504398391,16422.808688381087,5,2026-06-18 12:15:02.313000+00:00,2026-06-18 12:19:41.908000+00:00,4.659916666666667,26046.978897651305,2026-06-18 12:19:41.908000+00:00,51337.54375338255,,1483.5782151267306,2.181721839151904,105.52124395820421,172,133.33333333333331,4,20.0,183.72070920380932,6.470949337018298,-5.877056401468902,-5.982101423597001,-6.246186179431501,-0.28540264974690577,0.35962482360923664,79.01234567901231,0.9590053012367211,False,False,False
019ecfbc-a914-7364-9a12-09e0cbabbb4e,G7pzH1i6A3A9Drj92mgnU3khHkJD4NohME8Vgphwpump,KOHEN,Justice for Kohen Wiley,2026-06-16 09:21:48.308000+00:00,25176.98025629834,19758.790456801333,15595.87615770948,38832.98270288031,38832.98270288031,162.0,116,25176.98025629834,15595.87615770948,0.4954716833333333,38832.98270288031,162.0,,,116,143,,,43.2367128850543,13.2799504115237,24.6823593904642,43.2367128850543,13.2799504115237,24.6823593904642,0.6194498307162144,1.5424003318732298,1.396551724137931,25176.98025629834,15595.87615770948,5,2026-06-16 09:20:57.845000+00:00,2026-06-16 09:21:48.308000+00:00,0.84105,18441.58262994572,2026-06-16 09:21:48.308000+00:00,19758.790456801333,,2040.882342075433,1.0,36.52288288650227,53,58.88888888888889,57,96.61016949152543,49.369398884800596,16.804093801792337,7.0443744481015,-8.905846110642301,-15.052719384819099,-0.10457510659840308,0.13265414929112596,9.862068965517247,0.7847958832099581,False,False,False
019eddf1-9192-71bc-a630-d35ebd9b6a51,G9QiASU1UxaXXvfJmZ911MDd8pFTjk5cYR5DWMH6pump,MCAT,Mayhem Cat,2026-06-19 03:34:16.722000+00:00,22604.644320678875,14613.943354597772,14190.93447986258,52822.3039789193,52822.3039789193,129.0,78,22604.644320678875,14190.93447986258,0.23997443333333335,52822.3039789193,129.0,,,78,227,,,10.521927850729638,0.0,23.82078714406647,10.521927850729638,0.0,23.82078714406647,0.6277884437615602,2.3367898751053167,1.6538461538461537,22604.644320678875,14190.93447986258,5,2026-06-19 03:30:30.474000+00:00,2026-06-19 03:34:16.722000+00:00,3.7708,16350.246824096246,2026-06-19 03:34:16.722000+00:00,20279.385837726324,,1419.4167549614922,1.3876737678298252,38.252618225708886,122,116.1904761904762,37,90.2439024390244,264.12485081622873,17.563004349927937,-9.128560175181361,-0.3193711123242,-2.839981000568933,-0.11048289016537083,1.4495466184244177,-0.28280542986425466,0.8971335956467411,False,False,False
019ed654-5703-7b72-a3fc-5d9278320902,GXB3aNL2ABERkqg8jDkGFnbtuZd2ohnk3fC7sqDZpump,DogTrain,DogTrain,2026-06-17 16:05:12.067000+00:00,17360.09579485747,13003.566174258975,12842.965187196312,42973.24294334835,42973.24294334835,77.0,58,17360.09579485747,12842.965187196312,0.34800316666666664,42973.24294334835,77.0,,,58,128,,,0.0,0.0,16.5308949954778,0.0,0.0,16.5308949954778,0.7397980598125932,2.475403560623104,1.3275862068965518,17360.09579485747,12842.965187196312,5,2026-06-17 16:02:46.625000+00:00,2026-06-17 16:05:12.067000+00:00,2.4240333333333335,14062.165217685324,2026-06-17 16:05:12.067000+00:00,13003.566174258975,,1948.5945433079207,1.0,23.452509098844125,43,50.588235294117645,23,65.71428571428571,95.97915550161824,11.181864912291303,-15.1891481588957,0.0,-7.133088057695797,-0.08164819657435773,0.9160806836112603,-8.891142663962126,0.7490492176956179,False,False,False
019ed37c-01d1-7a94-86c5-b2602df2307d,GcAQw7vWYWqP8DXAKxUVM82dhz5YUVd7kzq3Ue1ipump,WIF,MessiWifHat,2026-06-17 02:49:40.049000+00:00,21273.905947940235,13400.039459509258,14217.55608933988,40439.20212297504,40439.20212297504,81.0,50,21273.905947940235,14217.55608933988,0.1023014,40439.20212297504,81.0,,,50,195,,,20.13821746684,0.0,21.645558428721,20.13821746684,0.0,21.645558428721,0.6683096242002725,1.900882810234028,1.62,21273.905947940235,14217.55608933988,5,2026-06-17 02:49:23.082000+00:00,2026-06-17 02:49:40.049000+00:00,0.28278333333333333,20746.34471258067,2026-06-17 02:49:40.049000+00:00,23229.797108254734,,2014.5544966626137,1.7335618434891882,2.5429117402047647,44,29.13907284768212,11,28.205128205128204,9.922753033222891,1.2612853864639162,-3.019992003308598,0.0,-2.3694839360979003,-0.008458545865429046,0.12761883294456378,-2.799999999999998,1.0919385074419712,False,False,False
019ed3c5-6a69-768c-ade6-3e3c8316e9eb,Gd343z31qUT57uKBHjzaNrtis3q2qVujwSktyWREpump,Dropper,Dropper,2026-06-17 04:09:50.953000+00:00,15066.739967057489,13023.999238748554,11953.264931411657,16167.5810932935,16167.5810932935,33.0,15,15066.739967057489,11953.264931411657,0.38151461666666664,16167.5810932935,33.0,,,15,102,,,0.3929917985982,0.0,27.6206294856189,0.3929917985982,0.0,27.6206294856189,0.7933544321828574,1.0730643210570392,2.2,15066.739967057489,11953.264931411657,5,2026-06-17 04:09:37.990000+00:00,2026-06-17 04:09:50.953000+00:00,0.21605,14928.818097946201,2026-06-17 04:09:50.953000+00:00,17505.639340122867,,2186.4553575385535,1.3441062932528967,0.9238632837937898,2,2.0,3,25.0,3.8670091934786583,0.4608595922606034,0.0,0.0,0.14424331085080055,-0.0036564093945218312,0.03040604415079362,14.782608695652177,1.1618730646707838,False,False,False
019ed917-d9c9-7655-a9b6-c5a723c69695,GeBxTNrdan9NSA6kC84ATxh4tM2QUKjni81p7jV2pump,COZUMEL,Cozumel Fox,2026-06-18 04:57:59.497000+00:00,15718.03237319062,13436.957270108724,11991.449677201472,34818.34408422495,34818.34408422495,33.0,20,15718.03237319062,11991.449677201472,0.13736431666666665,34818.34408422495,33.0,,,20,213,,,17.578575056628754,0.0,21.64551879090874,17.578575056628754,0.0,21.64551879090874,0.7629103562386489,2.215184652731259,1.65,15718.03237319062,11991.449677201472,5,2026-06-18 04:55:45.264000+00:00,2026-06-18 04:57:59.497000+00:00,2.237216666666667,17691.149067488142,2026-06-18 04:57:59.497000+00:00,16520.874925846165,,1997.5326775894027,1.2295101185294226,-11.153129097327051,37,21.022727272727273,-10,-33.33333333333333,24.585110809466123,-5.6750164121328055,2.1698670911217057,0.0,1.086752448737613,0.044307549720205563,0.6354435136172059,23.75,1.0510778024624068,False,False,False
019ecfe7-d6ca-7531-82d6-42a6d8bb91b0,Gpwny7K4hQbgbCf5sA2ty9tq3c2tWJ22reJbqHsgpump,Nong Sompoi,น้องส้มป่อ,2026-06-16 10:08:58.058000+00:00,23850.440279178285,13293.585918319166,15162.249336172064,19960.5004463438,19960.5004463438,76.0,57,23850.440279178285,15162.249336172064,0.22240931666666666,19960.5004463438,76.0,,,57,86,,,39.07898692591972,0.0,24.571372868968773,39.07898692591972,0.0,24.571372868968773,0.6357219891411768,0.836902808195518,1.3333333333333333,23850.440279178285,15162.249336172064,5,2026-06-16 10:07:01.567000+00:00,2026-06-16 10:08:58.058000+00:00,1.9415166666666666,16889.946240626246,2026-06-16 10:08:58.058000+00:00,13293.585918319166,,6550.844711566347,1.0,41.21087148169607,18,26.47058823529412,4,7.547169811320755,82.82106936007915,18.839502886910296,-1.1325655665860808,0.0,0.16886319648557446,-0.11967376669710184,0.19047963987893668,5.4726368159203975,0.5573727680794481,False,False,False
019edfee-dc86-70f9-956d-ab0e3a04a52d,GrTuX8VAHTBisSozfp9VbnCfcN4UW6imdmMrhWhMpump,UP,OPERATION LEVEL UP,2026-06-19 12:50:33.734000+00:00,18505.543419993955,13307.56854824608,12725.307293058968,39298.2400110945,39298.2400110945,213.0,166,18505.543419993955,12725.307293058968,0.2567724,39298.2400110945,213.0,,,166,155,,,37.10144158110102,0.0,21.378222783369957,37.10144158110102,0.0,21.378222783369957,0.6876483983339909,2.1235928672397417,1.283132530120482,18505.543419993955,12725.307293058968,5,2026-06-19 12:50:27.168000+00:00,2026-06-19 12:50:33.734000+00:00,0.10943333333333333,19886.365274496962,2026-06-19 12:50:33.734000+00:00,13307.56854824608,,2184.8637519169447,1.0,-6.94356075352707,28,22.04724409448819,13,8.49673202614379,12.206845987103044,-3.5341929656400373,-0.7377972905058741,0.0,-1.924605885078222,0.02430339174830065,0.36243481225571816,0.6765523632993555,0.7191125516405087,False,False,False
019ee0ec-617a-7048-b285-2f11809bbc41,GxsEZJbMRzc9BiKz79W1PrpEcBArVDa2DNvYZ6DKpump,ROOTS,Rooted Acres,2026-06-19 17:27:28.378000+00:00,16077.654702306074,13140.330609708595,11953.34151045408,10053.08476365384,10053.08476365384,67.0,51,16077.654702306074,11953.34151045408,0.2749882666666667,10053.08476365384,67.0,,,51,69,,,7.0409298104144,0.0,26.6906602983022,7.0409298104144,0.0,26.6906602983022,0.7434754466234165,0.6252830372213363,1.3137254901960784,16077.654702306074,11953.34151045408,5,2026-06-19 17:27:23.817000+00:00,2026-06-19 17:27:28.378000+00:00,0.07601666666666666,16795.157579287774,2026-06-19 17:27:28.378000+00:00,20904.091687586613,,12531.139483571094,1.5908345313733465,-4.272081840223656,1,1.4705882352941175,6,13.333333333333334,1.7855136033007486,-2.159366015798619,-0.07516446538440036,0.0,0.0,0.016054192181608307,0.03721267932043171,5.5672268907563005,1.3001953378553568,False,False,False
019edec9-4588-7c82-bc8c-f1e82504e58a,H4U66SohL6XN6LuNN6CN2Cz3TpGK6xdr1rMzaAmFpump,楚德,The Chud Dog,2026-06-19 07:29:53.032000+00:00,18610.186780819233,13103.20207777975,12810.417302623315,39531.61838147904,39531.61838147904,29.0,22,18610.186780819233,12810.417302623315,0.14000523333333334,39531.61838147904,29.0,,,22,160,,,12.038012599519243,0.0,26.373419244453682,12.038012599519243,0.0,26.373419244453682,0.6883551171999248,2.1241924569087445,1.3181818181818181,18610.186780819233,12810.417302623315,5,2026-06-19 07:27:21.191000+00:00,2026-06-19 07:29:53.032000+00:00,2.5306833333333336,16175.98062822973,2026-06-19 07:29:53.032000+00:00,18382.664846142725,,1377.8240512504462,1.4029139394343786,15.048275641115783,10,6.666666666666667,-13,-37.142857142857146,11.840441006730835,7.25959476698321,-0.2929202611060955,0.0,0.1142484553757761,-0.0499850698447416,-0.06092660286417351,-19.059011164274324,0.9877743336294181,False,False,False
019ed539-c654-7788-a901-f171b59e1662,H5pRCo5YkNrXVTGA8b3wQbAuesYgdePEXzCHsY6YBAGS,EXPERIMENT,THE 24 HOUR EXPERIMENT,2026-06-17 10:56:33.876000+00:00,2353133.887193505,306873.54090441397,20451.577985170436,33734.80703006128,33734.80703006128,100.0,61,2353133.887193505,20451.577985170436,0.08109125,33734.80703006128,100.0,,,61,114,,,,3.1498760802e-06,2.6776926649607735,,3.1498760802e-06,2.6776926649607735,0.00869120881581552,0.014336118830151023,1.639344262295082,2353133.887193505,20451.577985170436,5,2026-06-17 10:52:43.946000+00:00,2026-06-17 10:56:33.876000+00:00,3.8321666666666667,459430.1295170926,2026-06-17 10:56:33.876000+00:00,1215045.3106473885,,110470.10152082228,3.9594332801271226,412.18536530612096,67,142.5531914893617,35,134.6153846153846,121.63948804745286,126.88898130802475,,0.0,0.20354446150280392,-0.010928562653989246,-0.01879313230095059,-9.312870596442274,0.5163519667368046,False,False,False
019edcad-c370-73f9-9265-768599f58594,HA57ZhNgdoVT2HAjaKMgkomSVZbWusWCByXxrswGpump,Asteroid,Asteroid the Shiba,2026-06-18 21:40:35.824000+00:00,26066.027261193158,12764.612982796167,11297.243901113636,29142.93291770784,29142.93291770784,133.0,93,26066.027261193158,11297.243901113636,0.29757758333333334,29142.93291770784,133.0,,,93,149,,,45.6972470533417,17.0115884213789,23.5611575202504,45.6972470533417,17.0115884213789,23.5611575202504,0.43340873497561555,1.1180427544896936,1.4301075268817205,26066.027261193158,11297.243901113636,5,2026-06-18 21:40:06.524000+00:00,2026-06-18 21:40:35.824000+00:00,0.48833333333333334,15934.998256602772,2026-06-18 21:40:35.824000+00:00,12764.612982796167,,2280.300787152627,1.0,63.577220665164035,54,56.84210526315789,30,47.61904761904761,88.79477094138488,-5.449508103212888,10.222675231048399,17.0115884213789,0.8587428479481005,-0.316410698610271,0.1493383488945348,18.548387096774206,0.48970304737615294,False,False,False
019edf29-bbd5-7201-8153-87bc8969ba42,Hdda1yxF4e31hxvRExfQRcMvRVFk8VhzuCk6f2mxpump,QWANT,The Qwant,2026-06-19 09:15:14.773000+00:00,21444.591990478973,12449.241558397398,13728.79872947159,49928.30881687697,49928.30881687697,98.0,69,21444.591990478973,13728.79872947159,0.26888805,49928.30881687697,98.0,,,69,233,,,16.8967618593074,0.0,20.82573101929,16.8967618593074,0.0,20.82573101929,0.6401986447476798,2.3282470862138234,1.4202898550724639,21444.591990478973,13728.79872947159,5,2026-06-19 09:11:25.733000+00:00,2026-06-19 09:15:14.773000+00:00,3.817333333333333,19196.680361948067,2026-06-19 09:15:14.773000+00:00,22547.21645337384,,2063.2228658389604,1.811131734219186,11.709897680990453,122,109.90990990990991,19,38.0,386.1987456049114,5.607834995918905,-16.7809746579366,0.0,-7.2965875679891,-0.036990932171833246,1.7933048509075236,14.53950444132773,1.051417367296352,False,False,False
019ed6db-1727-7bae-8ac1-fcda1b498ac8,HdifyLNtMwRj5KDmief3zfdwq4ucjFCUoPnNc4rLpump,GoodDay,Good Day,2026-06-17 18:32:23.079000+00:00,21616.016156681275,16588.49794943657,10544.970326656352,23316.40231876293,23316.40231876293,136.0,84,21616.016156681275,10544.970326656352,0.18826536666666666,23316.40231876293,136.0,,,84,72,,,44.4583050291736,0.0,44.9677607029683,44.4583050291736,0.0,44.9677607029683,0.487831349228383,1.0786632536613867,1.619047619047619,21616.016156681275,10544.970326656352,5,2026-06-17 18:32:09.294000+00:00,2026-06-17 18:32:23.079000+00:00,0.22975,23788.371285910827,2026-06-17 18:32:23.079000+00:00,20381.77437553333,,1559.6600321425456,1.2286690716458508,-9.132004470252136,10,16.129032258064516,33,64.70588235294117,27.41390381819556,-29.542912570287506,0.0,0.0,-0.4140829492138991,-0.14132120984066932,0.30939110380509416,3.2142857142857166,0.9429015146823687,False,False,False
019ed867-4ab4-7e36-8848-4e5128ceeb25,Hkb3kxi9VuCGfXME4LFo8HCfJhhnMj6RV1VGTbjmpump,motion,motion,2026-06-18 01:45:08.532000+00:00,17609.15157675294,15152.757699069703,12799.215843269118,33279.2519288775,33279.2519288775,22.0,13,17609.15157675294,12799.215843269118,0.49184273333333334,33279.2519288775,22.0,,,13,106,,,32.3559519553389,0.0,27.1748535829751,32.3559519553389,0.0,27.1748535829751,0.7268502282737033,1.8898838926920103,1.6923076923076923,17609.15157675294,12799.215843269118,5,2026-06-18 01:41:46.233000+00:00,2026-06-18 01:45:08.532000+00:00,3.3716500000000003,17057.5443705068,2026-06-18 01:45:08.532000+00:00,22240.298685755595,,2078.884703913947,1.4677393466880968,3.2338019721050486,28,35.8974358974359,-2,-13.333333333333334,38.5250286393582,1.5824584998553743,-3.6685606392039958,0.0,-0.6923478326946011,-0.01181581345331073,0.48147487487928564,20.879120879120887,1.2629966065552274,False,False,False
019ed771-7804-7205-b3da-33a8901dbc11,HkxGeftPi2MKzSysaUhpxixBnn7tWospcRSbnDTTpump,LECHATON,LECHATONCHAIN,2026-06-17 21:16:38.276000+00:00,18676.639941589307,12834.319895138213,13155.034016278565,36244.57602224032,36244.57602224032,58.0,48,18676.639941589307,13155.034016278565,0.6480595499999999,36244.57602224032,58.0,,,48,175,,,1.265293316544,1.4541216977235,21.932463256362,1.265293316544,1.4541216977235,21.932463256362,0.7043576391374778,1.9406368669950411,1.2083333333333333,18676.639941589307,13155.034016278565,5,2026-06-17 21:14:12.787000+00:00,2026-06-17 21:16:38.276000+00:00,2.4248166666666666,15392.123026788788,2026-06-17 21:16:38.276000+00:00,12834.319895138213,,2225.8085509983316,1.0,21.33894660979563,48,37.79527559055118,13,37.142857142857146,51.66532512849435,10.10972199158799,-2.5757084643505,-0.16619118063139982,2.1226025113797995,-0.07183189638812659,0.3880418160576389,-11.892361111111118,0.6871857001729008,False,False,False
019ed18a-3bda-73d5-967a-a3da88748627,JAZYu8Kz7epcKeKtCW2mbkwYf1rkaqKZqZgoPFg4pump,MBGA,Make Bagworking Great Again,2026-06-16 17:45:57.978000+00:00,25335.36646588814,15208.147754589105,15450.783961275845,56211.39689310024,56211.39689310024,244.0,164,25335.36646588814,15450.783961275845,0.12098981666666667,56211.39689310024,244.0,,,164,124,,,34.4195015201834,0.0,23.8967706599201,34.4195015201834,0.0,23.8967706599201,0.6098504232050078,2.218692868278972,1.4878048780487805,25335.36646588814,15450.783961275845,5,2026-06-16 17:43:27.247000+00:00,2026-06-16 17:45:57.978000+00:00,2.512183333333333,16314.474664274676,2026-06-16 17:45:57.978000+00:00,15208.147754589105,,2067.494047366589,1.0,55.29379270401731,37,42.5287356321839,96,141.1764705882353,90.32724310852912,24.574261544820246,-15.478967322906499,0.0,-5.295118200284499,-0.15038675602628704,0.4083938026642504,-8.026607538802663,0.6002734468066823,False,False,False
019edc4a-5a14-7cf1-a01e-c3c8565e1a37,cY435H7F4wcZ4NgWQFM3wUjBDffdb3qdsQST2EVpump,SPEEDYCAT,Speedycat,2026-06-18 19:52:00.788000+00:00,19516.11479186697,13310.01663358081,13192.541514560537,49070.19100779756,49070.19100779756,49.0,18,19516.11479186697,13192.541514560537,0.35250966666666667,49070.19100779756,49.0,,,18,215,,,27.9128750116926,0.0,18.5850493639037,27.9128750116926,0.0,18.5850493639037,0.6759819592810715,2.5143422003362463,2.7222222222222223,19516.11479186697,13192.541514560537,5,2026-06-18 19:49:51.043000+00:00,2026-06-18 19:52:00.788000+00:00,2.1624166666666667,17882.042000199264,2026-06-18 19:52:00.788000+00:00,32438.12110051871,,12754.134483502094,2.437121003942115,9.138065952699904,38,21.468926553672315,1,5.88235294117647,21.3682464584662,4.454084478647226,-1.0638740135510005,0.0,0.12433854295990088,-0.030312715772389365,0.25336823972241573,49.28315412186381,1.662119814648599,False,False,False
019ed2e8-fe7f-752c-9c10-a92f6d6532d5,hQrnw6SscDqSoDxH4fquStmsTFucTd1GoKNTaGqpump,JarJar,JarJarBinks,2026-06-17 00:09:05.407000+00:00,24827.22339256265,21616.889564655263,15334.017554995291,48035.3315948408,48035.3315948408,68.0,44,24827.22339256265,15334.017554995291,0.3518418166666667,48035.3315948408,68.0,,,44,247,,,,1e-13,11.013476253768468,,1e-13,11.013476253768468,0.6176291771551391,1.9347846851545416,1.5454545454545454,24827.22339256265,15334.017554995291,5,2026-06-17 00:07:40.683000+00:00,2026-06-17 00:09:05.407000+00:00,1.4120666666666668,22589.051895886707,2026-06-17 00:09:05.407000+00:00,21616.889564655263,,2027.3732089353111,1.0,9.908213531899039,3,1.2295081967213115,29,193.33333333333334,36.55666565188457,4.85149486487004,,0.0,1.118322041820365,-0.029786671076528104,0.3775649969094754,-3.409090909090917,0.8706929978779226,False,False,False
019ed6ce-18a7-708d-b64a-f7359a985d6a,iaGJA8Yg2KS4Cf9JirGzXXn6pPBfVoDrSrFHXkspump,HAWK,The Hawk,2026-06-17 18:18:11.495000+00:00,20673.159821741345,13479.198763726592,13957.570074670793,19253.71562778125,19253.71562778125,100.0,59,20673.159821741345,13957.570074670793,0.07571336666666667,19253.71562778125,100.0,,,59,110,,,16.241221774438,0.0,23.6132113436646,16.241221774438,0.0,23.6132113436646,0.6751541706745784,0.9313387887386568,1.694915254237288,20673.159821741345,13957.570074670793,5,2026-06-17 18:16:57.755000+00:00,2026-06-17 18:18:11.495000+00:00,1.2289999999999999,18423.99647014858,2026-06-17 18:18:11.495000+00:00,18994.681198468166,,2757.430552413875,1.4091847394953547,12.207793001029737,35,46.666666666666664,23,63.888888888888886,69.19951501175052,5.931390957064059,-6.442856884838299,-0.8946084486166,-2.5628383028455026,-0.040002675113852026,0.31370421683483407,10.939907550077043,0.9188088014727206,False,False,False
019ed4ba-c17b-78eb-9ab3-10730df88106,m5HoubAkSxBn5P2ccdv8Pbn5e99dUdLSwcspUwXpump,CHUD,CHUD,2026-06-17 08:37:49.563000+00:00,29975.523437546257,12938.181169967005,12381.488302872496,63194.72303579994,63194.72303579994,187.0,124,29975.523437546257,12381.488302872496,0.09594068333333333,63194.72303579994,187.0,,,124,226,,,11.9559968201619,1.2034035090422,21.665271253814,11.9559968201619,1.2034035090422,21.665271253814,0.41305328090998045,2.108210826325205,1.5080645161290323,29975.523437546257,12381.488302872496,5,2026-06-17 08:35:16.047000+00:00,2026-06-17 08:37:49.563000+00:00,2.5585999999999998,15864.3956981173,2026-06-17 08:37:49.563000+00:00,47188.00993167187,,1729.2991658335857,3.6471903826179153,88.94841006205858,88,63.76811594202898,28,29.166666666666668,84.1172548780448,1.70023658342352,-21.664394035060198,-1.7025192740714001,-0.23007262105380022,-0.3543565434992049,-0.05531851791588682,19.648093841642222,1.5742180459329653,False,False,False
019ed55f-6ef3-71e5-b9a2-72dd0e7edfbf,oLQXV7Z2RY9GsRsM6Gp9Y7dT7Fd24QhD6JZtY94BAGS,Elon,Speedrun to an Elon,2026-06-17 11:37:41.875000+00:00,738825.6870627373,376044.98915122956,11485.253460046442,39425.224029182,39425.224029182,151.0,65,738825.6870627373,11485.253460046442,0.3725253,39425.224029182,151.0,,,65,168,,,,0.3685384574631104,1.0461698033517874,,0.3685384574631104,1.0461698033517874,0.015545281737167287,0.05336201044378985,2.3230769230769233,738825.6870627373,11485.253460046442,5,2026-06-17 11:37:28.359000+00:00,2026-06-17 11:37:41.875000+00:00,0.22526666666666667,761920.4264640011,2026-06-17 11:37:41.875000+00:00,376044.98915122956,,30395.76947224274,1.0,-3.031122227349149,48,40.0,39,150.0,20.98247436322567,-1.3441010844910686,,-0.19038740254721298,-0.012261310286592053,0.00026582514832434664,0.010591730734585747,0.6666666666666836,0.5089766040028029,False,False,False
019edd2b-975f-7d62-8767-97e14a3639cb,sBRr1CwcRYW2cE9WFNEhHRam5TVWq2pb8YgMHAFpump,GRIND,Grindscape,2026-06-18 23:58:02.079000+00:00,29037.092201121126,13863.213797037304,11929.249953163659,51089.546781549,51089.546781549,277.0,172,29037.092201121126,11929.249953163659,0.30672631666666667,51089.546781549,277.0,,,172,154,,,39.811801885718,4.2054796010864,21.5588663513895,39.811801885718,4.2054796010864,21.5588663513895,0.41082798065789344,1.7594580899383727,1.6104651162790697,29037.092201121126,11929.249953163659,5,2026-06-18 23:55:52.212000+00:00,2026-06-18 23:58:02.079000+00:00,2.16445,20216.185351699412,2026-06-18 23:58:02.079000+00:00,40198.71700405655,,3876.0002421850677,2.899667969677232,43.63289461372202,57,58.76288659793815,105,156.71641791044777,55.074542821720506,-11.391635838711633,-14.089416311004001,-3.904632012851601,-11.748505574125897,-0.25511831694888837,0.12981563663183104,-22.927740863787367,1.3843919606559114,False,False,False
019edc81-4efe-7726-b286-cf9620842b45,wF4Cdd3h7TYtyKdHN2KD5xmxPasmuMEcLAyqHWVpump,SPDR,Spider Robotics,2026-06-18 20:52:02.430000+00:00,31001.96438239265,12697.410815848218,12340.976476655715,44029.90798696008,44029.90798696008,160.0,115,31001.96438239265,12340.976476655715,1.3175753833333335,44029.90798696008,160.0,,,115,215,,,24.816651365443626,2.732249953422303,19.68896146728492,24.816651365443626,2.732249953422303,19.68896146728492,0.39807079075494606,1.4202296165454136,1.391304347826087,31001.96438239265,12340.976476655715,5,2026-06-18 20:50:54.616000+00:00,2026-06-18 20:52:02.430000+00:00,1.1302333333333332,21814.64007527414,2026-06-18 20:52:02.430000+00:00,211870.72280428448,,112586.31755021338,16.686135927793952,42.11540632995319,121,128.72340425531914,41,55.4054054054054,187.24020533601373,-11.83191482254501,-19.610039773959272,-4.8061724132766965,-3.368575721736981,-0.24356719040754676,0.7175546243691735,16.996047430830032,6.834106387291219,True,True,True
019ed73e-287d-7245-b770-c39df58c63a1,1HzvfoqESQMaRz7hBYpAYNutp4kdXSZnB3HCfFNLoop,LOOP,LOOP,2026-06-17 20:20:35.581000+00:00,22125.37331438475,16215.56305606241,14294.072514248548,26581.20330355101,26581.20330355101,38.0,22,22125.37331438475,14294.072514248548,0.33835,26581.20330355101,38.0,,,22,99,,,35.9594322161551,,23.8305045908375,35.9594322161551,,23.8305045908375,0.6460488738942677,1.2013900477904849,1.7272727272727273,22125.37331438475,14294.072514248548,10,2026-06-17 20:18:56.043000+00:00,2026-06-17 20:20:35.581000+00:00,1.6589666666666667,18700.673443263957,2026-06-17 20:20:35.581000+00:00,49848.42603491973,,12055.303255802053,3.07411009180364,18.313243539121746,13,15.11627906976744,10,83.33333333333334,12.568688101899546,8.763952237000762,-2.521914302389497,,1.8955500822188007,-0.0567219999396531,-0.061308804851772924,-20.279720279720273,2.25299819020504,True,False,False
019ee088-b9ec-7496-a082-eeb5b710fff8,2CvqowBpUSGLWgU1p3k6KW87KHVzSCWD3ADX1pafpump,MUST,Elon Must,2026-06-19 15:38:37.420000+00:00,22763.720088107413,12910.75142748588,10527.41176901425,44570.5032945942,44570.5032945942,182.0,113,22763.720088107413,10527.41176901425,0.21690116666666667,44570.5032945942,182.0,,,113,133,,,25.8943524852792,3.059885032319,22.8505938468224,25.8943524852792,3.059885032319,22.8505938468224,0.4624644710208921,1.9579621925626927,1.6106194690265487,22763.720088107413,10527.41176901425,10,2026-06-19 15:36:17.661000+00:00,2026-06-19 15:38:37.420000+00:00,2.3293166666666663,17287.828721473248,2026-06-19 15:38:37.420000+00:00,26188.559027568183,,2353.3922706669578,2.028430271828717,31.67483583310002,62,87.32394366197182,16,16.49484536082474,102.96620087098896,-15.140233214080896,-6.182487608216199,-1.3079425316167002,-1.7325573188348002,-0.2551303988064167,0.6877292711858807,19.259609538607037,1.1504516364726356,False,False,False
019edcb5-fd8b-75cd-a965-8bede12f284b,2GNjBTa9E1HSsj4y4djEas9BwqewDnpM6Es3GcTopump,bread,"market's dead, send this bread",2026-06-18 21:49:34.987000+00:00,20482.99001324391,13611.03154490106,13534.885022353837,31941.8905124553,31941.8905124553,158.0,100,20482.99001324391,13534.885022353837,0.3536698,31941.8905124553,158.0,,,100,177,,,25.906180960032625,0.0,19.61748071976292,25.906180960032625,0.0,19.61748071976292,0.6607865850445876,1.5594349502588383,1.58,20482.99001324391,13534.885022353837,10,2026-06-18 21:48:22.739000+00:00,2026-06-18 21:49:34.987000+00:00,1.2041333333333335,16295.687309986204,2026-06-18 21:49:34.987000+00:00,15543.507658474771,,2018.6358068324405,1.141978666877578,25.69577228382183,87,96.66666666666667,52,108.33333333333333,97.03088071553762,12.146426542906084,-9.86149098217091,0.0,-3.6215914228720045,-0.07983514212379061,0.5645940416290749,9.913043478260875,0.7588495453263725,False,False,False
019edb1d-b6ec-7992-aa21-5bea2dba6eba,2SMH5d728QGNJCigAZPWJiQR3jmbpXjdNoNZD7FDpump,GTAIFY,GTAification,2026-06-18 14:23:38.220000+00:00,18508.356064103784,15021.087751833778,13026.180106079031,34081.11600319135,34081.11600319135,100.0,60,18508.356064103784,13026.180106079031,0.18125371666666668,34081.11600319135,100.0,,,60,109,,,9.2153227129839,,23.1438164983744,9.2153227129839,,23.1438164983744,0.7037999518143476,1.841390768858738,1.6666666666666667,18508.356064103784,13026.180106079031,10,2026-06-18 14:21:25.921000+00:00,2026-06-18 14:23:38.220000+00:00,2.2049833333333333,18009.051932517308,2026-06-18 14:23:38.220000+00:00,48684.91401390772,,11798.843178525858,3.241104427205297,2.7725175842539915,39,55.714285714285715,33,122.22222222222223,68.73528457917376,1.397845707428149,1.2233429462435996,,-1.8888380713353996,-0.009541563668543418,0.7198448773518518,7.142857142857145,2.630428863875715,True,False,False
019edbdc-cdae-74f7-a01a-cf3f32d06251,2b7TqTfTW3Mo9AUunUADFtRxGqcDDZryHJg69MRPpump,JIN,Aladdin X Jin,2026-06-18 17:52:21.422000+00:00,27858.313524850815,17527.076216881025,15694.88059725339,22292.87457236238,22292.87457236238,125.0,93,27858.313524850815,15694.88059725339,0.2172091,22292.87457236238,125.0,,,93,139,,,20.3458660459222,4.6990427734325,28.5534417489576,20.3458660459222,4.6990427734325,28.5534417489576,0.5633822945977286,0.80022340736729,1.3440860215053763,27858.313524850815,15694.88059725339,10,2026-06-18 17:52:08.391000+00:00,2026-06-18 17:52:21.422000+00:00,0.21718333333333334,21524.454463043476,2026-06-18 17:52:21.422000+00:00,17527.076216881025,,1343.1077617238986,1.0,29.426339574284178,24,20.869565217391305,21,29.166666666666668,33.563504943071706,13.766921187766787,-6.721325035363101,-0.3122869361338001,-0.5033160786483002,-0.07754660995089557,0.02478713455194359,2.9512697323266903,0.6291506555573121,False,False,False
019ee042-68ae-737e-82ae-99313e684603,2bJLvamPNX7iTxZwtsu3SL2fLuSgejfB4rxtYeaipump,FATTOO,Fattoo Coin,2026-06-19 14:21:49.102000+00:00,54512.46020263732,54477.33986943682,16390.769995112765,118380.6036481401,118380.6036481401,53.0,21,54512.46020263732,16390.769995112765,0.2843162833333333,118380.6036481401,53.0,,,21,485,,,9.2580450635121,0.5758568756424,17.0762519771114,9.2580450635121,0.5758568756424,17.0762519771114,0.3006793297199193,2.1716246745805985,2.5238095238095237,54512.46020263732,16390.769995112765,10,2026-06-19 14:13:27.957000+00:00,2026-06-19 14:21:49.102000+00:00,8.352416666666667,21933.577396225763,2026-06-19 14:21:49.102000+00:00,71339.44108514584,,2071.741200046544,5.356444072744525,148.53428703343937,311,178.73563218390805,-9,-30.0,429.8071951671474,17.36560599300318,-9.206886632615301,-0.4134080091036001,-4.7638779501738,-0.3360414728130443,1.1529084413462836,48.4593837535014,1.308681369726447,False,False,False
019ed1ba-bc53-77a9-a260-a4f48eaedfd4,31e5p5ZNwX3DfkT8DTRucdyzEdeLZNwYXuzK7FJzpump,ANSEM,The Black Bull,2026-06-16 18:38:56.595000+00:00,28062.19295124063,14384.96279797919,16323.10803311853,40412.26615920112,40412.26615920112,119.0,75,28062.19295124063,16323.10803311853,0.21552748333333333,40412.26615920112,119.0,,,75,161,,,17.8091801452721,0.0,25.379879839693,17.8091801452721,0.0,25.379879839693,0.5816761384785819,1.4400965109683095,1.5866666666666667,28062.19295124063,16323.10803311853,10,2026-06-16 18:38:12.997000+00:00,2026-06-16 18:38:56.595000+00:00,0.7266333333333334,18466.691340259382,2026-06-16 18:38:56.595000+00:00,14384.96279797919,,1397.8036981672087,1.0,51.96113063341249,76,89.41176470588236,1,1.3513513513513513,37.80002041129509,23.26307358976236,-4.2600776775305,0.0,-1.573470732744898,-0.13542559435557444,-0.14799247025827977,17.413333333333338,0.5126100737377771,False,False,False
019ed6eb-3e4e-7d82-b109-1748ed2b12a5,3HwB3NUsH4qmDrLo7c1gvEjpWMybrrvxHnmvadPEpump,Memecoin,My Meme Coin,2026-06-17 18:50:01.678000+00:00,66975.70195288851,57203.205205858176,18742.795587046923,92944.22941238256,92944.22941238256,99.0,30,66975.70195288851,18742.795587046923,0.10878431666666667,92944.22941238256,99.0,,,30,319,,,8.9186935638169,3.2319911561333,21.3756999673007,8.9186935638169,3.2319911561333,21.3756999673007,0.2798447054758877,1.3877305754519842,3.3,66975.70195288851,18742.795587046923,10,2026-06-17 18:42:55.263000+00:00,2026-06-17 18:50:01.678000+00:00,7.106916666666667,24511.49208683073,2026-06-17 18:50:01.678000+00:00,52582.45476518343,,1401.149737080373,3.860712419776663,173.24204383654185,183,134.55882352941177,10,50.0,93.85538247983504,23.05949674547651,-1.3098454087446,1.7615455486375,-4.720546376720598,-0.3415241551429691,-0.5682963033498141,120.0,0.7850974791151952,False,False,False
019ed728-dc01-78ec-8bfa-998d111775c5,3MuboDr1XiSNVz4UuqQEV1eNyFpDxikK3g3eEdPLpump,NUT,NUT,2026-06-17 19:57:19.745000+00:00,28754.946290163112,18816.387241042827,12039.083196379168,21165.5371337508,21165.5371337508,34.0,23,28754.946290163112,12039.083196379168,0.24809195,21165.5371337508,34.0,,,23,137,,,20.192413145927,0.0,24.9784734966029,20.192413145927,0.0,24.9784734966029,0.4186786883513555,0.7360659595803661,1.4782608695652173,28754.946290163112,12039.083196379168,10,2026-06-17 19:55:52.285000+00:00,2026-06-17 19:57:19.745000+00:00,1.4576666666666667,19264.094529472513,2026-06-17 19:57:19.745000+00:00,27611.25845976827,,2203.6279075093616,1.4674048799092434,49.267053513313904,30,28.037383177570092,8,53.333333333333336,37.04788822213969,-9.680776356760546,-0.16643035291870234,0.0,-0.39452324541040085,-0.2732552284621966,-0.0656275097850525,5.590062111801243,0.9602263965700366,False,False,False
019ed4fa-279b-72a7-a16b-ba300d0f8888,3oX9emrqYRGzFEDPP3jA6tYnUBML4QSr3DfgD2r5pump,滑る猫,Sliding Cat,2026-06-17 09:47:04.475000+00:00,22927.656965075323,18044.547030051082,14625.835681098302,24908.14441575079,24908.14441575079,33.0,19,22927.656965075323,14625.835681098302,0.23955553333333332,24908.14441575079,33.0,,,19,121,,,19.6011582157245,0.0,29.6334491851429,19.6011582157245,0.0,29.6334491851429,0.6379123563902402,1.0863798448176478,1.736842105263158,22927.656965075323,14625.835681098302,10,2026-06-17 09:45:39.730000+00:00,2026-06-17 09:47:04.475000+00:00,1.4124166666666667,18359.425857852944,2026-06-17 09:47:04.475000+00:00,352059.6875166828,,305055.56743809493,19.510586047428543,24.882211146425323,22,22.22222222222222,8,72.72727272727273,15.747793308312014,11.7432918927941,-0.1504235544030017,0.0,0.2521111657082997,-0.07500655117218247,-0.08573336173275004,-13.157894736842103,15.355240531248334,True,True,True
019ed461-ec42-7471-ac22-1310b6c5a9f3,3wMNHtTmRjXr8PQC5vEfpLPXoFXbqs9uFjzk41hApump,Sneed,Sneed,2026-06-17 07:00:47.810000+00:00,20023.2499850589,12870.217142888872,13748.933171115981,35880.83987076485,35880.83987076485,60.0,43,20023.2499850589,13748.933171115981,0.2637730833333333,35880.83987076485,60.0,,,43,197,,,17.33621716199736,0.2126199008510144,22.928479971949542,17.33621716199736,0.2126199008510144,22.928479971949542,0.6866484302685759,1.7919588427222697,1.3953488372093024,20023.2499850589,13748.933171115981,10,2026-06-17 06:58:36.783000+00:00,2026-06-17 07:00:47.810000+00:00,2.183783333333333,16948.86332867951,2026-06-17 07:00:47.810000+00:00,20799.68923070827,,2089.4404344462228,1.616110202320917,18.13919079267789,56,39.71631205673759,-19,-30.64516129032258,44.0614797905091,8.647330544016341,0.4403187325838154,-0.3634979639538856,0.23444210054334746,-0.059988320996360645,0.32244341138807386,5.501985252410671,1.0387768841835736,False,False,False
019ed9e9-887a-71a7-8814-994c41a6f315,42ZzQ2vczbV9xHQSW5aUZuRdkJMdZpyuq1ts9tTxpump,SHILL,Shill Coin,2026-06-18 08:47:01.242000+00:00,25351.320249145996,13520.312819759136,15317.756644345278,29333.62378692561,29333.62378692561,104.0,78,25351.320249145996,15317.756644345278,0.21990355,29333.62378692561,104.0,,,78,190,,,22.6355025250414,0.0,19.0674410668677,22.6355025250414,0.0,19.0674410668677,0.6042192869565159,1.157084660626847,1.3333333333333333,25351.320249145996,15317.756644345278,10,2026-06-18 08:45:45.879000+00:00,2026-06-18 08:47:01.242000+00:00,1.2560499999999999,15903.907923885215,2026-06-18 08:47:01.242000+00:00,21273.41703565969,,1933.769612142955,1.5734411858111637,59.40308740766931,73,62.39316239316239,35,81.3953488372093,61.01483148423179,26.255037158634426,-4.8180755825527015,0.0,1.581987745312201,-0.15863676995560472,0.011582314067938748,10.256410256410257,0.8391443454064813,False,False,False
019ed6bc-d048-7e39-afb0-f05c3aaf3f52,4ZQhcqhZ8knh5KAcgC8Tmq3QJ2uzk8TPL3cVkjLopump,ball,ball hat cult,2026-06-17 17:59:18.856000+00:00,27715.34506540998,12942.904032635392,16251.753508696693,69961.48126372971,69961.48126372971,25.0,15,27715.34506540998,16251.753508696693,0.2244784333333333,69961.48126372971,25.0,,,15,339,,,8.0710508526644,0.0,16.5580486353531,8.0710508526644,0.0,16.5580486353531,0.5863810632825072,2.5242868562024454,1.6666666666666667,27715.34506540998,16251.753508696693,10,2026-06-17 17:49:49.305000+00:00,2026-06-17 17:59:18.856000+00:00,9.492516666666667,17470.256620825603,2026-06-17 17:59:18.856000+00:00,27266.332387752005,,1700.5019428160736,2.1066626407026,58.643033510862175,185,120.12987012987013,-12,-44.44444444444444,97.78568081975911,26.344112908707,-5.455126343245901,0.0,-3.511560377151202,-0.14990390109631946,0.4995673585129703,7.142857142857145,0.9837991308930747,False,False,False
019ed1f7-d158-7ef0-9d90-a2216b39c5aa,4k6WBtxobSHRrEEkTDQkrpjS9nZnXfpNrGkaZivmpump,币安之死,Binance Death,2026-06-16 19:45:39.672000+00:00,78026.40666422767,65446.153908801185,20447.04159042452,208417.94953498727,208417.94953498727,105.0,56,78026.40666422767,20447.04159042452,0.2461856,208417.94953498727,105.0,,,56,640,,,13.5796957413986,2.6870133565009,8.0268915264918,13.5796957413986,2.6870133565009,8.0268915264918,0.2620528416541673,2.671120694201332,1.875,78026.40666422767,20447.04159042452,10,2026-06-16 19:36:14.738000+00:00,2026-06-16 19:45:39.672000+00:00,9.415566666666667,17556.83271627558,2026-06-16 19:45:39.672000+00:00,47952.576708115565,,2246.309481164373,2.677453447884267,344.4218836344862,481,302.5157232704403,5,9.803921568627452,681.4419389123133,58.056745528713684,-32.0359224461886,-2.8514667714142,-6.028562282877699,-0.4747839008090482,1.1520001668537216,49.4140625,0.6145685641333027,False,False,False
019edeb3-f536-7e67-9580-deeb1458d4d4,4wHCJ3Wp2KsFRHs1AdFLFuDqUrxuZwDcTxVmCypwpump,Lemmon,John Lemmon,2026-06-19 07:06:36.214000+00:00,16084.508828224753,13991.649254721717,11920.399038069972,28917.34220547732,28917.34220547732,36.0,18,16084.508828224753,11920.399038069972,0.15511286666666668,28917.34220547732,36.0,,,18,107,,,6.305054240145058,0.0,24.89842142929263,6.305054240145058,0.0,24.89842142929263,0.741110540917004,1.7978380635866098,2.0,16084.508828224753,11920.399038069972,10,2026-06-19 07:06:21.182000+00:00,2026-06-19 07:06:36.214000+00:00,0.25053333333333333,16120.907057782164,2026-06-19 07:06:36.214000+00:00,14315.418520769885,,6273.341924216614,1.0231401788419552,-0.22578276412703888,3,2.8846153846153846,7,63.63636363636363,4.63043144998937,-0.1146271841892203,-0.4929515583346813,0.0,0.0,0.0008247310857573131,0.08344309239747205,4.761904761904757,0.8900127864426606,False,False,False
019ed2ac-1819-7c70-a7da-9eaf5f38a2d2,4wNsn7WNtct8kAhRyPX1qTovYPjFBiJFfoktDWt4pump,ALBERT,Albert the Monkey,2026-06-16 23:02:34.265000+00:00,20577.607221724746,14693.225673600062,19469.741724207477,21367.832917337248,21367.832917337248,32.0,22,20577.607221724746,19469.741724207477,0.17525618333333334,21367.832917337248,32.0,,,22,88,,,11.6623250149974,0.0,20.3014796330707,11.6623250149974,0.0,20.3014796330707,0.9461615976250318,1.03840221494646,1.4545454545454546,20577.607221724746,19469.741724207477,10,2026-06-16 22:58:29.153000+00:00,2026-06-16 23:02:34.265000+00:00,4.0851999999999995,18781.950965983764,2026-06-16 23:02:34.265000+00:00,36995.58513870837,,8057.405939370478,2.517866802058305,9.560541708330076,5,6.024096385542169,-34,-60.71428571428571,92.9284113013589,4.671872555694625,-3.1296007817605,0.0,-1.3788998846703002,-0.04419020031629428,0.44871245171632745,21.57394843962009,1.7978565116963838,False,False,False
019edcaa-eccb-778b-93bb-fcc62688b1b8,5U7XtJL252qdFUXu9H9auKpKkABTrcjomwoq18CNpump,Anna,The Meme Commander,2026-06-18 21:37:29.803000+00:00,24648.76555534992,17162.5861051866,14865.747281930211,36096.4079986671,36096.4079986671,66.0,37,24648.76555534992,14865.747281930211,0.33888111666666665,36096.4079986671,66.0,,,37,221,,,13.1888667338637,0.9281855580237,22.7877395707391,13.1888667338637,0.9281855580237,22.7877395707391,0.6031031147806775,1.4644306595237386,1.7837837837837838,24648.76555534992,14865.747281930211,10,2026-06-18 21:36:39.043000+00:00,2026-06-18 21:37:29.803000+00:00,0.846,18976.49066873162,2026-06-18 21:37:29.803000+00:00,24441.8630714656,,1424.638091790453,1.4241363697560225,29.89106355668148,51,30.0,16,76.19047619047619,29.40967314293183,13.969862963348334,0.641757486240099,0.0,-0.07939229793669966,-0.0842514452436881,-0.005447528488208064,10.174880763116056,0.9916059697423908,False,False,False
019edb79-c8d9-70b5-b5ff-9efae162b457,5XGHP7Kxe5xzMairhGhBgFHo51qwomGwaiHhMBXLpump,Yuji,Yuji naka,2026-06-18 16:04:12.121000+00:00,19384.16909443387,12498.777174157281,13073.631163660242,9842.1560674011,9842.1560674011,49.0,44,19384.16909443387,13073.631163660242,0.6526300666666667,9842.1560674011,49.0,,,44,110,,,29.2554910008031,0.8251875906464,28.2026374531529,29.2554910008031,0.8251875906464,28.2026374531529,0.6744488814542127,0.5077419630138935,1.1136363636363635,19384.16909443387,13073.631163660242,10,2026-06-18 16:03:33.589000+00:00,2026-06-18 16:04:12.121000+00:00,0.6422,22351.749177530684,2026-06-18 16:04:12.121000+00:00,25600.621422408527,,2004.3395023893502,2.048250086043687,-13.276724159378112,-7,-5.982905982905983,9,25.71428571428571,28.473106646158186,-6.874619321745268,-0.1506387875621975,-0.13294445371380004,0.0,0.04636644076239815,0.16500061064986182,5.343980343980332,1.3206973844321086,False,False,False
019ed6f9-0211-7aea-ab6d-295e33ea724e,5cvEH5ZFD4ofVrALJmTujL2rymCKNvyqjLPSewuCpump,Renuldo,Crustieno Renuldo,2026-06-17 19:05:03.761000+00:00,24832.80700726102,12955.180191977817,15333.302841853272,49991.19169659615,49991.19169659615,138.0,72,24832.80700726102,15333.302841853272,0.4681556666666667,49991.19169659615,138.0,,,72,215,,,11.8245331362145,0.0,23.4525900307021,11.8245331362145,0.0,23.4525900307021,0.6174615232732197,2.0131107885620385,1.9166666666666667,24832.80700726102,15333.302841853272,10,2026-06-17 19:02:46.687000+00:00,2026-06-17 19:05:03.761000+00:00,2.284566666666667,16117.086318406513,2026-06-17 19:05:03.761000+00:00,16744.22248939392,,1968.2858341228452,1.2924731452027487,54.07752069243882,101,88.59649122807018,-10,-12.195121951219512,96.25881778346039,23.993147267012073,-7.561823971234501,0.0,-2.2677969407629988,-0.14981427160633431,0.4326716384441214,34.33048433048434,0.6742782837436772,False,False,False
019ee0f8-7a07-72c3-9de8-0718bbcd1415,5yaqc8wVKUF7bPjGF2JWQyd1ppS2ddr5pf5GjXnkpump,FLORK,فلورک,2026-06-19 17:40:41.095000+00:00,45738.69942890321,56708.07948037205,15064.089791879149,108539.8560251223,108539.8560251223,179.0,78,45738.69942890321,15064.089791879149,0.21115238333333333,108539.8560251223,179.0,,,78,370,,,37.1937800202029,5.1796314828242,17.8098696581136,37.1937800202029,5.1796314828242,17.8098696581136,0.3293510742537608,2.3730420274375743,2.2948717948717947,45738.69942890321,15064.089791879149,10,2026-06-19 17:39:22.617000+00:00,2026-06-19 17:40:41.095000+00:00,1.3079666666666665,21144.614872646125,2026-06-19 17:40:41.095000+00:00,17067.280872612148,,17067.280872612148,1.35103706939909,116.31370306050543,222,150.0,46,143.75,322.6648821676679,9.804268730969067,-3.8531549120702024,-10.7523248745482,-7.004264763514001,-0.3194684234047411,1.1585538356563592,26.613616268788675,0.3731474896688249,False,False,False
019ee0cc-5f58-7055-ad95-9bb9db009090,661HKCo3MfE7eeuGTXdUz4JUxiZecWg2cMXU6ACwGQNa,BLOB,Blob,2026-06-19 16:52:30.680000+00:00,18876.005069736108,12602.20804059864,12961.288337001955,65713.9926834849,65713.9926834849,87.0,59,18876.005069736108,12961.288337001955,0.5885378833333333,65713.9926834849,87.0,,,59,207,,,27.587746273927138,0.0,20.38249130971459,27.587746273927138,0.0,20.38249130971459,0.6866542093582495,3.4813506587177243,1.4745762711864407,18876.005069736108,12961.288337001955,10,2026-06-19 16:47:27.983000+00:00,2026-06-19 16:52:30.680000+00:00,5.04495,15640.030907881288,2026-06-19 16:52:30.680000+00:00,12602.20804059864,,2183.4258922340487,1.0,20.69033099048516,126,155.55555555555557,7,13.461538461538462,319.617125006479,9.80369517318588,-2.893153176234062,0.0,-6.905797082787107,-0.06807925997306796,2.480044138427118,11.127487103905684,0.667631100650834,False,False,False
019ed292-990f-7806-bfa6-3a0dd40c0fa0,6QukiGJwyy33YAVewFyh5XfQTFLkCmrRKWGB8dgYpump,Bitcointalk,Bitcointalk Coin,2026-06-16 22:34:43.343000+00:00,33761.07100130345,13389.688935326816,24938.35933727614,33336.20304206826,33336.20304206826,123.0,69,33761.07100130345,24938.35933727614,0.3289038,33336.20304206826,123.0,,,69,111,,,26.7361098384513,0.0937445029238,23.0632658041357,26.7361098384513,0.0937445029238,23.0632658041357,0.7386720443884413,0.9874154478328372,1.7826086956521738,33761.07100130345,24938.35933727614,10,2026-06-16 22:34:20.292000+00:00,2026-06-16 22:34:43.343000+00:00,0.3841833333333333,18297.527076811915,2026-06-16 22:34:43.343000+00:00,13389.688935326816,,4021.0501816201568,1.0,84.51166028926481,65,141.30434782608697,35,102.94117647058823,134.36057450874543,35.83508603322452,-7.488489478979204,0.0,-0.4736481850015011,-0.2647035141623161,0.2100250354019011,6.331045003813876,0.3966014269751652,False,False,False
019ed699-d22e-7d15-bfd2-4f4049fe62a9,6VCRczotz9NoDnQ4RiCsK3FRX7GHxMJVW2wWbVbepump,PULLS,Collector Pulls,2026-06-17 17:21:05.582000+00:00,15379.053747402697,16896.574861141922,12069.969626001515,39544.77708305028,39544.77708305028,81.0,54,15379.053747402697,12069.969626001515,0.3961548,39544.77708305028,81.0,,,54,136,,,41.8372416317225,4.6199965506037,25.3106755857003,41.8372416317225,4.6199965506037,25.3106755857003,0.7848317474044826,2.57134006633723,1.5,15379.053747402697,12069.969626001515,10,2026-06-17 17:21:00.535000+00:00,2026-06-17 17:21:05.582000+00:00,0.08411666666666666,21978.769524681138,2026-06-17 17:21:05.582000+00:00,16896.574861141922,,1931.3043443463048,1.0,-30.027685443751828,36,36.0,22,68.75,14.20243748773376,-16.35045686161261,-5.933938573832499,-1.8251362951430004,-4.4843409059275,0.12832494721474208,0.9958691752526347,2.127659574468085,1.0986745438740346,False,False,False
019ed2c3-cf91-7a51-a1f7-62e105210271,6XK8TGpSTKbugQfssfkLXtyVd68AYjF5v2iNk9Dpump,GOATSE,меметик agent,2026-06-16 23:28:28.561000+00:00,24923.91943323336,14802.423966341496,15365.602014629414,53322.06086605696,53322.06086605696,243.0,170,24923.91943323336,15365.602014629414,0.3719745666666666,53322.06086605696,243.0,,,170,217,,,24.006265622192814,0.0,24.15011893990081,24.006265622192814,0.0,24.15011893990081,0.6165002280556661,2.1393930841775126,1.4294117647058824,24923.91943323336,15365.602014629414,10,2026-06-16 23:26:37.160000+00:00,2026-06-16 23:28:28.561000+00:00,1.8566833333333332,17733.827415184733,2026-06-16 23:28:28.561000+00:00,14802.423966341496,,2396.6618456690926,1.0,40.54450203959949,100,85.47008547008546,87,104.81927710843372,94.18382756127211,18.55965543184493,-4.420463073545385,-0.0255928325538,0.9275514583312088,-0.11431935170595164,0.5909637455508654,-1.1323529411764681,0.5939043418108654,False,False,False
019ed64f-bcda-70a9-856d-6a6d65d6b8e0,6aMWJdUjAhXN1jtZq2hgcT3Ev284P6ymPYgP8vX4pump,ESPEJO,El Perro,2026-06-17 16:00:10.458000+00:00,17804.08089802632,13402.16773226403,12992.933648557042,20096.6075571268,20096.6075571268,81.0,44,17804.08089802632,12992.933648557042,0.34088428333333337,20096.6075571268,81.0,,,44,82,,,19.979913659478,3.1907111529854,26.4919242226206,19.979913659478,3.1907111529854,26.4919242226206,0.7297727820365824,1.128764111566951,1.8409090909090908,17804.08089802632,12992.933648557042,10,2026-06-17 15:59:46.090000+00:00,2026-06-17 16:00:10.458000+00:00,0.4061333333333333,15280.968563225457,2026-06-17 16:00:10.458000+00:00,13402.16773226403,,2710.1994312839834,1.0,16.511468656986057,12,17.142857142857142,8,22.22222222222222,18.69248623249992,7.9404749189822725,-3.564049672167201,-0.8730589390822998,0.6722840788311011,-0.057947474751208206,0.020741450820352947,1.9580419580419524,0.7527581911712012,False,False,False
019edc5b-7304-7b7b-9676-41dace11a6b4,6dwpotLnFRMcWH2Ti6BaSNsF7hAhk1cGs1zVoKi9BAGS,DYMO,Daimyo,2026-06-18 20:10:41.284000+00:00,1204823.9165255185,996400.3808532716,14360.041431191743,48292.58334261816,48292.58334261816,251.0,125,1204823.9165255185,14360.041431191743,0.4207566166666667,48292.58334261816,251.0,,,125,96,,,,2.9530096506e-06,2.5930534163914642,,2.9530096506e-06,2.5930534163914642,0.01191878849201745,0.04008268982731081,2.008,1204823.9165255185,14360.041431191743,10,2026-06-18 20:09:57.496000+00:00,2026-06-18 20:10:41.284000+00:00,0.7297999999999999,1262989.6542271543,2026-06-18 20:10:41.284000+00:00,1345936.1012279927,,27329.994259156847,1.3507984612324162,-4.605400963258757,30,45.45454545454545,79,171.73913043478262,168.01487420295734,-1.8030932876261025,,-0.49663127021484,-0.19526326875681876,0.00034013405914357434,0.025816048336753602,3.7842696629213526,1.1171226622969228,False,False,False
019ee0ef-910b-7483-a21c-11b9c50ab00c,6kN7YnZPoxVZxE4YWjAZyxX2KNweE8LbNJCQTz2ExmoT,Clutch,The Patriotic Eagle,2026-06-19 17:30:57.163000+00:00,20887.78298583746,13072.127380098465,13611.775799709401,73266.69553375283,73266.69553375283,379.0,237,20887.78298583746,13611.775799709401,0.44112338333333334,73266.69553375283,379.0,,,237,224,,,24.120292329093843,0.0,23.593183133710735,24.120292329093843,0.0,23.593183133710735,0.6516620652818248,3.5076338921861567,1.59915611814346,20887.78298583746,13611.775799709401,10,2026-06-19 17:29:36.292000+00:00,2026-06-19 17:30:57.163000+00:00,1.34785,19935.78436521506,2026-06-19 17:30:57.163000+00:00,13072.127380098465,,2008.0488201587575,1.0,4.775325631448424,106,89.83050847457628,88,59.06040268456376,78.39930118740529,2.3596337017960476,-7.131515498041512,0.0,-2.1470141089772667,-0.015379253862397135,1.4475726654684409,2.2636315894315526,0.6258264646354167,False,False,False
019ed598-8545-708c-a2c1-05302afca35b,6snUbikeEfoenoF3eTp91ENg3ZnkDp4wUhy1fiwBpump,CASHEW,Cashew Coin,2026-06-17 12:40:03.141000+00:00,24315.677464322318,13184.018949639089,15003.695080956577,85574.60165684033,85574.60165684033,99.0,58,24315.677464322318,15003.695080956577,0.32945705000000003,85574.60165684033,99.0,,,58,220,,,16.182812577283766,0.0,22.648243176921156,16.182812577283766,0.0,22.648243176921156,0.6170379214385887,3.5193180112872215,1.706896551724138,24315.677464322318,15003.695080956577,10,2026-06-17 12:37:50.863000+00:00,2026-06-17 12:40:03.141000+00:00,2.2046333333333332,17078.08814825024,2026-06-17 12:40:03.141000+00:00,23815.245830035416,,2793.8881810946837,1.8063722390726202,42.37938844936583,53,31.736526946107784,23,65.71428571428571,25.75609106345802,19.389279544582735,1.3464765205457887,0.0,1.817266717817546,-0.1188194540277534,-0.465207445639257,14.887267904509278,0.9794193834401212,False,False,False
019ecf58-e1f6-708d-9a17-7062c4b9bf81,74qtu3i2fuiJ5cQEeZM4HvwJFAQzZG8r3YAgxcDvpump,Elonjak,Elonjak,2026-06-16 07:32:49.270000+00:00,22413.075154465696,15482.368861546496,14639.246927023736,70560.9680190657,70560.9680190657,69.0,52,22413.075154465696,14639.246927023736,0.42731736666666664,70560.9680190657,69.0,,,52,429,,,18.3465732363686,0.0,16.6138570776136,18.3465732363686,0.0,16.6138570776136,0.6531565537586188,3.1482055689715014,1.3269230769230769,22413.075154465696,14639.246927023736,10,2026-06-16 07:30:33.327000+00:00,2026-06-16 07:32:49.270000+00:00,2.265716666666667,18514.911738691186,2026-06-16 07:32:49.270000+00:00,15482.368861546496,,2390.217295907725,1.0,21.05418308653558,197,84.91379310344827,-27,-34.177215189873415,109.62299647455178,10.054283222008094,-11.938544736686403,0.0,-0.6371930622859026,-0.06528284476408197,1.3301633705975602,21.89177101967799,0.6907739680898589,False,False,False
019ee06a-f08e-743e-9d01-60b45d135676,7dWh3zJ3bnrSN8rJUAL9zG78Acydqjh6GisTuGe7fnDc,TVB,Trump Vs Biden,2026-06-19 15:06:05.326000+00:00,17696.560595973868,12592.379048810573,12541.012894001233,44970.20107686607,44970.20107686607,101.0,77,17696.560595973868,12541.012894001233,0.1866834,44970.20107686607,101.0,,,77,126,,,2.3785659028229,0.0,13.4477041008218,2.3785659028229,0.0,13.4477041008218,0.7086695081785797,2.5411831204701554,1.3116883116883118,17696.560595973868,12541.012894001233,10,2026-06-19 15:05:26.247000+00:00,2026-06-19 15:06:05.326000+00:00,0.6513166666666667,16038.020883051568,2026-06-19 15:06:05.326000+00:00,17775.2064431789,,1940.4658189244071,1.4115844491560057,10.34129912297962,18,16.666666666666664,18,30.508474576271187,25.48312391850049,5.022943893605475,-0.004026308417000024,0.0,-1.7811345001239989,-0.03588697902562821,0.30664003558347064,-2.0384678612526628,1.0044441317723019,False,False,False
019ed65e-3307-7aab-863f-3191c07a0cff,7fAWyzhRSvrhbTc8QJdfYixEvmmHyxBcRPMpRDmiBAGS,ANSEM,ansem coin,2026-06-17 16:15:58.215000+00:00,509038.8931342121,360151.0007243348,9693.096368386514,43841.9140631472,43841.9140631472,80.0,40,509038.8931342121,9693.096368386514,0.34528715,43841.9140631472,80.0,,,40,165,,,,0.1475055651703784,1.4720754227276953,,0.1475055651703784,1.4720754227276953,0.019041956320282293,0.08612684542276798,2.0,509038.8931342121,9693.096368386514,10,2026-06-17 16:13:35.492000+00:00,2026-06-17 16:15:58.215000+00:00,2.378716666666667,353207.2556716606,2026-06-17 16:15:58.215000+00:00,710383.5532361813,,31908.863635496436,1.9724603063922066,44.11903633356041,-5,-2.941176470588235,15,60.0,51.74665600589214,20.97823953423013,,0.0,0.08844728114573464,-0.003642357861759902,0.004329207890004988,-21.875000000000004,1.39553885335218,False,False,False
019ed20f-3e90-71ad-920e-1f88a374fe7b,7nSXuyYJm47YHqFjtFm4dCMAaFzSSnhwR5M4XubCpump,RUNNER,Homestar Runner,2026-06-16 20:11:14.960000+00:00,,16022.543689554363,6262.93960179791,47702.82122212992,47702.82122212992,169.0,127,0.0,6262.93960179791,0.27947774999999997,47702.82122212992,169.0,,,127,243,,,21.0166986849796,0.0,20.0530291526001,21.0166986849796,0.0,20.0530291526001,,,1.330708661417323,0.0,6262.93960179791,10,2026-06-16 20:09:03.297000+00:00,2026-06-16 20:11:14.960000+00:00,2.1943833333333336,19092.037150946715,2026-06-16 20:11:14.960000+00:00,32234.678189411552,,1626.266828757675,2.0118327535238008,-100.0,124,104.20168067226892,51,67.10526315789474,63.85628585312503,-53.464243396367586,-10.017766351132103,0.0,-1.371060600460801,,,4.261709554346943,1.0,False,False,False
019ed53c-72d3-75d5-8837-8a3217f5ec17,7qhL2SAx1w27sCo686JhTr7AoTyULBQL5GRF1fphpump,obuma,stupid son of a bitch,2026-06-17 10:59:29.107000+00:00,20418.02861415312,13777.29113757698,13777.371277135031,31823.73489771933,31823.73489771933,169.0,120,20418.02861415312,13777.371277135031,0.1844101833333333,31823.73489771933,169.0,,,120,158,,,23.8487350367419,0.0,19.7205165875569,23.8487350367419,0.0,19.7205165875569,0.6747650097612754,1.5586095748568076,1.4083333333333334,20418.02861415312,13777.371277135031,10,2026-06-17 10:58:42.175000+00:00,2026-06-17 10:59:29.107000+00:00,0.7822,15359.054366213202,2026-06-17 10:59:29.107000+00:00,13810.27382911266,,2046.398397673166,1.002393989588107,32.93805808167874,49,44.95412844036697,27,29.03225806451613,35.681091390634215,15.282900835274788,-2.3690397724795,0.0,-1.9811262644373997,-0.10333780868967679,0.03151005004212615,3.129921259842535,0.6763764558317752,False,False,False
019ed97c-37e8-7bec-b859-a7c09ec43f1d,7rqm8G9ZjGpr3RmP2UNc1syCPbJBRCUk5ZVKDu9spump,LeWine,Sipping on LeWine,2026-06-18 06:47:37.192000+00:00,13191.600344467146,13081.869625794718,11000.614781185372,40722.2127342674,40722.2127342674,89.0,59,13191.600344467146,11000.614781185372,0.6917872,40722.2127342674,89.0,,,59,139,,,7.651677599635,0.0,12.6661310478603,7.651677599635,0.0,12.6661310478603,0.8339105562578142,3.086980477796783,1.5084745762711864,13191.600344467146,11000.614781185372,10,2026-06-18 06:46:30.387000+00:00,2026-06-18 06:47:37.192000+00:00,1.1134166666666667,15899.354146267044,2026-06-18 06:47:37.192000+00:00,20848.79947422596,,1920.783821543648,1.5937171115905695,-17.03058990251904,36,34.95145631067961,26,78.78787878787878,62.798443144599844,-8.884556169437204,-2.447742327529901,0.0,-4.968504205418,0.07455446888105477,1.5137163588165712,-4.269882659713165,1.5804602117869966,False,False,False
019edaa6-1ee6-7738-8801-7d92a7c979f4,84JwffevVW4McuAiTBm5avGA7WXQWTfiTtJTzkgSpump,Cate,Catecoin,2026-06-18 12:13:00.518000+00:00,,13193.971650146426,6027.51631836348,60233.7779718598,60233.7779718598,86.0,47,0.0,6027.51631836348,0.17177836666666665,60233.7779718598,86.0,,,47,214,,,15.165811166632562,0.0,26.283367154773373,15.165811166632562,0.0,26.283367154773373,,,1.8297872340425532,0.0,6027.51631836348,10,2026-06-18 12:09:51.252000+00:00,2026-06-18 12:13:00.518000+00:00,3.154433333333333,18513.224983390402,2026-06-18 12:13:00.518000+00:00,19093.69467464097,,1347.549407597092,1.44715292566428,-100.0,69,47.58620689655172,-83,-63.84615384615384,68.08477738045879,-53.63243920357538,-14.228747806246439,0.0,2.409970832403573,,,27.2044601206053,1.0,False,False,False
019edbb9-81ba-76c3-b573-60f70512e4d5,8Ed8BUEffgNvhA3H8euhbAGvkEvvEQQeYR6zqDXMpump,SATURN,ꜱᴀᴛᴜʀɴ ᴛʜᴇᴏʀʏ,2026-06-18 17:13:48.218000+00:00,17276.776791321026,12344.924539876085,12376.803738129156,29005.35672804216,29005.35672804216,47.0,27,17276.776791321026,12376.803738129156,0.25679355,29005.35672804216,47.0,,,27,127,,,25.8835501228623,0.0,22.3026381815807,25.8835501228623,0.0,22.3026381815807,0.7163838421728428,1.6788638921707304,1.7407407407407407,17276.776791321026,12376.803738129156,10,2026-06-18 17:11:35.839000+00:00,2026-06-18 17:13:48.218000+00:00,2.2063166666666665,15317.05672567606,2026-06-18 17:13:48.218000+00:00,26607.268222010916,,1237.6339633580508,2.1553204425077834,12.794364483614382,11,9.482758620689655,-19,-41.30434782608695,17.447328584300383,6.1669015229330695,-2.0057701936031016,0.0,-0.7153758358657001,-0.044720221759561474,0.06651231249250067,21.324354657687994,1.5400597312443751,False,False,False
019ed25f-339e-72e5-a3b8-b090cf89f90a,8SXeSRLStHf4DfzJ5J6yMhmKq4BPCfJVewARvhpEpump,TISM,ThisInvestmentSimplyMoons,2026-06-16 21:38:35.038000+00:00,26235.62909763002,13543.748000299329,15787.216107525679,61241.79796710325,61241.79796710325,117.0,71,26235.62909763002,15787.216107525679,0.16636731666666668,61241.79796710325,117.0,,,71,235,,,17.0254768327153,5.9221647246675,21.3735614705053,17.0254768327153,5.9221647246675,21.3735614705053,0.6017471907678329,2.334298817047825,1.647887323943662,26235.62909763002,15787.216107525679,10,2026-06-16 21:32:46.989000+00:00,2026-06-16 21:38:35.038000+00:00,5.800816666666666,14704.938918471922,2026-06-16 21:38:35.038000+00:00,13543.748000299329,,2092.453941451732,1.0,78.41372373654389,142,152.68817204301075,16,29.09090909090909,242.96392840124713,33.57955158039261,-9.2827620929002,0.0,1.0165385311515003,-0.20196831645394964,1.1199701084727764,4.176784847013117,0.5162349242665119,False,False,False
019ee0e9-198f-7c96-bd03-bb1ac8bb10fe,8UxekN1DeMEsZc71LhJTJ39DJKGrkTTq17JYj4uG64GU,UP,only way is up,2026-06-19 17:23:53.359000+00:00,23298.16285243824,15765.585081811923,14396.599426257208,81166.70637437185,81166.70637437185,421.0,274,23298.16285243824,14396.599426257208,0.25665568333333333,81166.70637437185,421.0,,,274,219,,,29.1890571101918,0.0,17.9174568517326,29.1890571101918,0.0,17.9174568517326,0.6179285258429958,3.483824320760873,1.5364963503649636,23298.16285243824,14396.599426257208,10,2026-06-19 17:22:24.419000+00:00,2026-06-19 17:23:53.359000+00:00,1.4823333333333333,18736.922263869234,2026-06-19 17:23:53.359000+00:00,38106.70011531609,,1934.0318983309803,2.4170812511917585,24.343595625438088,126,135.48387096774192,224,448.00000000000006,206.98618120114497,11.517405926718638,-39.6290126841955,0.0,-40.3976300648152,-0.07107113393509634,2.0727144106150517,-23.175182481751822,1.635609655433758,False,False,False
019ed29b-7bbf-75be-a85d-bc8ae2d97a8a,8jg4V1378f5vCdhj7z2DMSheWk5E6S4PakmxC1dYpump,Nala,Nala Grok Companion,2026-06-16 22:44:25.663000+00:00,42085.42291619082,15193.106124885944,14785.866389158213,39157.297748074,39157.297748074,128.0,84,42085.42291619082,14785.866389158213,0.2711369,39157.297748074,128.0,,,84,181,,,30.5945275172347,0.0,23.0492456103048,30.5945275172347,0.0,23.0492456103048,0.35132987539659233,0.9304242427610171,1.5238095238095237,42085.42291619082,14785.866389158213,10,2026-06-16 22:44:07.635000+00:00,2026-06-16 22:44:25.663000+00:00,0.30046666666666666,26179.401983223317,2026-06-16 22:44:25.663000+00:00,30482.494490198682,,12184.818597396039,2.006337232139061,60.757770338530435,69,61.60714285714286,26,44.827586206896555,68.50976317485188,-6.204157875400716,-1.2335118084321017,0.0,-0.3153137577080969,-0.2508184303571175,0.04280251736594698,2.7685492801771763,0.7243005387138847,False,False,False
019ed25e-8340-74a2-ad44-4bfe65ac8107,8ns6sUJwLQa6AsvKGy4nraJB25BPKaEpKLEvKhijpump,ansum,ansum,2026-06-16 21:37:49.888000+00:00,21657.056879834498,13652.689762125228,14343.653424117267,52847.08171703168,52847.08171703168,81.0,64,21657.056879834498,14343.653424117267,0.21432856666666666,52847.08171703168,81.0,,,64,121,,,0.6331122185178,0.0,16.5671678863752,0.6331122185178,0.0,16.5671678863752,0.6623085262094431,2.440178368199194,1.265625,21657.056879834498,14343.653424117267,10,2026-06-16 21:37:28.293000+00:00,2026-06-16 21:37:49.888000+00:00,0.35991666666666666,20780.892476144272,2026-06-16 21:37:49.888000+00:00,13652.689762125228,,2059.156235090252,1.0,4.21620199756113,13,12.037037037037036,7,12.280701754385964,6.3108258848906615,2.074073713501876,0.0,0.0,-0.12096558263380075,-0.01389921823585627,0.0480784139981103,4.551630434782609,0.6304037449722745,False,False,False
019ee0d4-23cd-7a1f-8285-72d9af4cd7e1,8oGoTGPstdxKqe7EHUsboWbz4rbkaPG4FFX38CKbpump,Cuakssant,Duck Croissant,2026-06-19 17:00:59.725000+00:00,48126.512682579676,58615.021705340136,15382.544116882778,115700.5010907951,115700.5010907951,60.0,24,48126.512682579676,15382.544116882778,0.37037746666666665,115700.5010907951,60.0,,,24,363,,,27.61732147982607,1.8459890726268868,10.722345020721344,27.61732147982607,1.8459890726268868,10.722345020721344,0.31962723371084373,2.4040906901753374,2.5,48126.512682579676,15382.544116882778,10,2026-06-19 16:54:18.936000+00:00,2026-06-19 17:00:59.725000+00:00,6.6798166666666665,22129.269247438744,2026-06-19 17:00:59.725000+00:00,41868.39764707778,,1578.3705623692335,2.9085075949107275,117.47899645692037,248,215.65217391304347,-10,-29.411764705882355,410.0618942054795,9.657082407210819,0.6349870013735703,1.5928360677699869,-3.385928787930757,-0.3142781055685904,1.3790401293896095,69.99999999999999,0.8699653333126889,False,False,False
019ed6dc-d2ae-7d75-8eaa-2ad8de065dec,8vreH8zd6wKEkqEtaWanKZAcyjjrx4SfT42f5Sqppump,Day,Good Day,2026-06-17 18:34:16.622000+00:00,51220.39248003141,59038.37179507595,16408.966947576562,145622.78787611963,145622.78787611963,320.0,138,51220.39248003141,16408.966947576562,0.3257198,145622.78787611963,320.0,,,138,376,,,37.4781419371911,1.2862949151458,20.1134386952248,37.4781419371911,1.2862949151458,20.1134386952248,0.3203600392943826,2.8430627104798463,2.318840579710145,51220.39248003141,16408.966947576562,10,2026-06-17 18:31:39.457000+00:00,2026-06-17 18:34:16.622000+00:00,2.6194166666666665,13887.892021451276,2026-06-17 18:34:16.622000+00:00,54664.58835605904,,2379.883400123282,4.0447971317364075,268.813297229819,307,444.92753623188406,101,272.97297297297297,532.5747186902469,43.50069673260113,-0.6763717441946042,1.2862949151458,-14.916441973933601,-0.5030021121312772,1.1854572110784911,22.567287784679095,1.0672426685791283,False,False,False
019ed22b-38f6-7894-a2ce-be3cec441d1d,8x7LJbFzGN7JUfJGHQTh1JhpPKduNWfvSQapQNUCpump,Scooter,Imperooterxbt,2026-06-16 20:41:48.534000+00:00,18268.388761731352,13318.464766206014,13195.174864490416,49995.40771031766,49995.40771031766,113.0,75,18268.388761731352,13195.174864490416,0.35129343333333335,49995.40771031766,113.0,,,75,175,,,29.8991419548062,0.0,22.8565051991663,29.8991419548062,0.0,22.8565051991663,0.7222954928642469,2.7367168699107234,1.5066666666666666,18268.388761731352,13195.174864490416,10,2026-06-16 20:38:10.432000+00:00,2026-06-16 20:41:48.534000+00:00,3.6350333333333333,13699.311342147923,2026-06-16 20:41:48.534000+00:00,75911.84736030325,,6070.002377712546,5.699744579639565,33.3526066053116,57,48.30508474576271,31,70.45454545454545,291.9308691616196,15.587361284419258,-10.3921694275185,0.0,2.3388915343264998,-0.111013492152778,1.805562023843134,35.292517006802726,4.155366318858043,True,True,False
019ee0aa-9374-7a3a-a15f-6c418db0651d,8xKzNYHuoNeJ1cm1XP6xSPei7XYvdVXXMByAgf8bpump,WOJAK,Wojak Kowalski,2026-06-19 16:15:35.796000+00:00,20375.04163864797,12400.145141820954,13482.642903067934,31400.6126056595,31400.6126056595,132.0,93,20375.04163864797,13482.642903067934,0.53025735,31400.6126056595,132.0,,,93,168,,,43.0689899562463,0.0,20.201903263098,43.0689899562463,0.0,20.201903263098,0.6617234527508236,1.5411312115356812,1.4193548387096775,20375.04163864797,13482.642903067934,10,2026-06-19 16:15:20.681000+00:00,2026-06-19 16:15:35.796000+00:00,0.2519166666666667,18715.132949584757,2026-06-19 16:15:35.796000+00:00,18866.804165942456,,2549.4347378115403,1.5214986558755614,8.869339552835198,61,57.009345794392516,23,32.857142857142854,46.549264632193484,4.3555364785505635,7.955375531935097,0.0,-2.3018110321452987,-0.028622241388858605,0.3962470145030572,7.994389901823287,0.9259762262353052,False,False,False
019ed82c-a8dd-7e54-a183-4a2c05725b65,94CdDjBAzEEi3waMbD3YKXcKaBkuMvpNSbp5HHaLpump,X,X Coin,2026-06-18 00:41:06.013000+00:00,27130.808989583846,12919.489760703751,15893.630547633282,31534.64796080456,31534.64796080456,33.0,15,27130.808989583846,15893.630547633282,0.28962598333333334,31534.64796080456,33.0,,,15,155,,,20.3490624315603,5.8865287439585,23.8764700557971,20.3490624315603,5.8865287439585,23.8764700557971,0.5858148407493201,1.1623187488773907,2.2,27130.808989583846,15893.630547633282,10,2026-06-18 00:34:49.791000+00:00,2026-06-18 00:41:06.013000+00:00,6.270366666666666,15477.249769140277,2026-06-18 00:41:06.013000+00:00,22379.57157622001,,2217.2480426793522,1.7322333923968332,75.29476744427376,85,121.42857142857142,-48,-76.19047619047619,130.8506587245615,32.40861353033501,-1.1274758681629997,0.0,-0.15644802930669854,-0.18974102028255935,0.27972046691327923,69.02439024390245,0.8248766774633242,False,False,False
019ee088-1e99-751c-b48b-7ee4b9166ed0,97G3xuSATggNYUpXmHp8ZNcNYnZmtjdnqHytsFWxpump,elun,elun mesk,2026-06-19 15:37:57.657000+00:00,49111.92636836971,53423.65671914858,15697.639448925791,179512.05815299577,179512.05815299577,258.0,99,49111.92636836971,15697.639448925791,0.3443134666666667,179512.05815299577,258.0,,,99,497,,,20.6391401746606,3.3346380959256,17.4048856138934,20.6391401746606,3.3346380959256,17.4048856138934,0.3196298864594278,3.655162226921109,2.606060606060606,49111.92636836971,15697.639448925791,10,2026-06-19 15:32:40.289000+00:00,2026-06-19 15:37:57.657000+00:00,5.289466666666667,30264.662380775757,2026-06-19 15:37:57.657000+00:00,121635.5354778585,,90549.01229455185,6.547503123655928,62.274819888841115,343,222.72727272727272,9,10.0,595.6173079902832,29.503921217008934,-34.946355616091395,,-13.085197285579003,-0.08088217347565085,2.8024796021144187,68.73773708306081,2.476700558750578,True,False,False
019ed4d5-74e2-7e44-9ec3-dac970488563,9JmruaWd8Dscxs1GBVbnckGWWsoVdJwg9DDFGFW9pump,GC,gamercat,2026-06-17 09:06:59.426000+00:00,22019.244256370428,13070.456347529667,14319.270684390633,49838.033514234,49838.033514234,58.0,32,22019.244256370428,14319.270684390633,0.3997167833333333,49838.033514234,58.0,,,32,217,,,4.1404680636628,2.7529608280159,23.4314163843759,4.1404680636628,2.7529608280159,23.4314163843759,0.6503070912730303,2.263385288521665,1.8125,22019.244256370428,14319.270684390633,10,2026-06-17 09:01:15.175000+00:00,2026-06-17 09:06:59.426000+00:00,5.737516666666666,15742.496606596376,2026-06-17 09:06:59.426000+00:00,25117.493083954567,,1810.421492081661,1.9216997797251207,39.871360983136476,106,95.4954954954955,-11,-25.581395348837212,151.14685758760652,18.27538070207989,-26.2748680741755,-11.128155791103598,-1.0908019890339986,-0.11874000351044034,1.002836843776335,27.766393442622945,1.1407064107882712,False,False,False
019edb30-bb8a-7362-98aa-407f2ac08a2c,9gVWVw7kfMaUoF7Qx2MFs7VJk3o35YG8sUG6pec7pump,ELONGOAT,Elon The GOAT,2026-06-18 14:44:24.586000+00:00,19936.543609507116,16843.66002763646,13514.819385563393,12866.08911977568,12866.08911977568,63.0,48,19936.543609507116,13514.819385563393,0.08948508333333334,12866.08911977568,63.0,,,48,115,,,22.9031073772008,0.0,26.7117194993195,22.9031073772008,0.0,26.7117194993195,0.6778917976092204,0.6453520415464716,1.3125,19936.543609507116,13514.819385563393,10,2026-06-18 14:43:46.315000+00:00,2026-06-18 14:44:24.586000+00:00,0.63785,15853.72404367784,2026-06-18 14:44:24.586000+00:00,25338.627411726742,,23799.60941115343,1.5043421305198545,25.753063157784855,14,13.861386138613863,23,92.0,57.215360879192964,12.136123418353009,4.838875831936701,0.0,-1.6983941987596012,-0.08231791394697974,0.12914932709314442,13.14655172413794,1.2709639096941328,False,False,False
019edb68-99e6-730f-993a-2282589377b9,9h66V2NiHU3PpviwceSg4KZ7xqStLTDej58o5pdhpump,Vort,Vort,2026-06-18 15:45:25.990000+00:00,136756.94757369158,58396.12576047236,26385.703202635585,233600.70282607872,233600.70282607872,217.0,68,136756.94757369158,26385.703202635585,0.4026948833333333,233600.70282607872,217.0,,,68,633,,,5.50866053555614,0.35678202540395215,23.24119088444341,5.50866053555614,0.35678202540395215,23.24119088444341,0.19293866725430991,1.7081450483545109,3.1911764705882355,136756.94757369158,26385.703202635585,10,2026-06-18 15:35:51.349000+00:00,2026-06-18 15:45:25.990000+00:00,9.57735,18443.32321153024,2026-06-18 15:45:25.990000+00:00,409512.436584487,,154017.62799674712,31.010607107897403,641.4984057113688,524,480.7339449541284,44,183.33333333333331,3567.1703356022754,105.05932800487159,-18.42464954702386,0.35678202540395215,-3.8047243855193926,-0.5047312001010944,1.362759720113241,139.33823529411768,2.9944543502173513,True,False,False
019edc7c-d587-7e07-bb59-9bb6e96b6b8e,9vfRMTdHQMHnQ5MiFN33xg6GLwLXnTAW4tbjS2mypump,Runechain,Runechain,2026-06-18 20:47:09.191000+00:00,17464.585210528203,14383.656514555707,12527.588552251378,15595.04248656237,15595.04248656237,23.0,16,17464.585210528203,12527.588552251378,0.114037,15595.04248656237,23.0,,,16,88,,,19.738928107971,0.0,23.1419793793474,19.738928107971,0.0,23.1419793793474,0.7173138326067631,0.8929523546405893,1.4375,17464.585210528203,12527.588552251378,10,2026-06-18 20:44:14.536000+00:00,2026-06-18 20:47:09.191000+00:00,2.9109166666666666,14922.16035636688,2026-06-18 20:47:09.191000+00:00,65706.42062718244,,39831.72808009895,4.568130541819465,17.037914038207877,14,18.91891891891892,0,0.0,26.916674637721794,8.172227513216047,-1.4287688495908029,0.0,-0.7470916712786,-0.058790317312778395,0.06950436231839952,15.0,3.7622663140933077,True,True,False
019ee008-e0f4-76e4-951c-1d2897aa7e70,9zPnV3BDM3Ryph485gp5x5jpF5cTa76wT3Ttveuepump,Navi,Navi,2026-06-19 13:18:58.804000+00:00,18612.0700905291,14233.857895801935,12812.505111500683,42315.7921075755,42315.7921075755,177.0,123,18612.0700905291,12812.505111500683,0.5415973666666667,42315.7921075755,177.0,,,123,265,,,25.5588015193359,2.2417919405093,19.2460330433994,25.5588015193359,2.2417919405093,19.2460330433994,0.6883976392298472,2.273567201378004,1.4390243902439024,18612.0700905291,12812.505111500683,10,2026-06-19 13:18:13.200000+00:00,2026-06-19 13:18:58.804000+00:00,0.7600666666666667,13992.81009829474,2026-06-19 13:18:58.804000+00:00,25137.194979850352,,2412.335146399271,1.7660141870085828,33.01166784788494,170,178.94736842105263,66,115.78947368421053,149.58633814850845,15.305554279219189,-7.1592051760882995,-8.0272792608669,-16.4931622603212,-0.10570910357959917,1.0619184882998214,9.365853658536572,1.3505856606805715,False,False,False
019ed7f4-8946-792e-8123-5f8d10bcd737,A1aAXj2jWDzzPTv2LEWVBiXUahGVnGwDmivN7YWEpump,SHILL,The Shill Coin,2026-06-17 23:39:47.910000+00:00,27203.67709655893,15485.19906517909,15875.217725010483,36470.6564019548,36470.6564019548,152.0,99,27203.67709655893,15875.217725010483,0.3348304833333334,36470.6564019548,152.0,,,99,216,,,42.3488449654616,0.0,25.2032750026621,42.3488449654616,0.0,25.2032750026621,0.5835688193423889,1.3406517167698655,1.5353535353535352,27203.67709655893,15875.217725010483,10,2026-06-17 23:38:52.608000+00:00,2026-06-17 23:39:47.910000+00:00,0.9217,16951.918262985557,2026-06-17 23:39:47.910000+00:00,15485.19906517909,,1341.5538190888576,1.0,60.47550887475695,64,42.10526315789473,27,37.5,49.44287915279682,26.669982072976918,4.543704697957203,0.0,4.888194578686001,-0.15574211853599762,-0.09897369524117128,13.964386129334565,0.5692318362041525,False,False,False
019ed746-4d1e-7c3b-b300-bbda2eb15848,A1srGG2jZFyzT79ksrdZKrz3xFNzA2ckb9FncmtWpump,Boss,Congo Final Boss,2026-06-17 20:29:29.246000+00:00,20074.016372277027,15764.508274709413,13630.95497132835,38334.37910469804,38334.37910469804,27.0,18,20074.016372277027,13630.95497132835,0.19952576666666666,38334.37910469804,27.0,,,18,144,,,11.4133107360088,0.0,24.5151840958255,11.4133107360088,0.0,24.5151840958255,0.6790347640720874,1.9096516807488144,1.5,20074.016372277027,13630.95497132835,10,2026-06-17 20:24:10.346000+00:00,2026-06-17 20:29:29.246000+00:00,5.3149999999999995,15099.18876957746,2026-06-17 20:29:29.246000+00:00,16238.877786873996,,2660.4559610692213,1.030090980568395,32.94764823871252,37,34.57943925233645,4,28.57142857142857,45.052171666508336,15.379064375153161,1.8918253475876003,0.0,-1.7135531512954003,-0.10339552728633283,0.15935937561623503,0.0,0.8089501117125967,False,False,False
019edc0f-2eb5-7303-abca-49b8db91ee8f,A3pSvCXGcdvicHn8cR7PinrTjpuPLXcsTBZQTkTjpump,DINNER,Chicken Dinner,2026-06-18 18:47:23.061000+00:00,26418.799266922,12784.435638477036,15271.531475293681,36965.153773625,36965.153773625,53.0,29,26418.799266922,15271.531475293681,0.14095641666666667,36965.153773625,53.0,,,29,155,,,4.6069627577933,0.0,28.6332935879528,4.6069627577933,0.0,28.6332935879528,0.5780554718251181,1.3991988583640023,1.8275862068965518,26418.799266922,15271.531475293681,10,2026-06-18 18:46:35.412000+00:00,2026-06-18 18:47:23.061000+00:00,0.79415,22239.499456046462,2026-06-18 18:47:23.061000+00:00,31210.97862764082,,3077.382222576523,2.4413262744039965,18.792238643389396,28,22.04724409448819,19,190.0,10.897093060765197,8.991813939261888,-0.2984470736726994,-0.1802645368957,-0.9274563664307998,-0.051978115802238434,-0.09961378049623293,-29.708222811671085,1.1813927768745693,False,False,False
019ed28a-9c73-74fa-b157-6680bcd53df4,AKTm2hNrwNh1Mt7Sq7jJDuGEBXESxQW45KPS4GHTpump,PIP,Pump Improvement Protocol,2026-06-16 22:25:59.923000+00:00,18513.65170112907,15982.415284625333,13261.02096907977,23660.2630087705,23660.2630087705,96.0,66,18513.65170112907,13261.02096907977,0.6768835166666667,23660.2630087705,96.0,,,66,103,,,43.5501094145582,0.1361037901057,26.9373519089104,43.5501094145582,0.1361037901057,26.9373519089104,0.7162833774317486,1.2779900686652519,1.4545454545454546,18513.65170112907,13261.02096907977,10,2026-06-16 22:25:48.361000+00:00,2026-06-16 22:25:59.923000+00:00,0.19269999999999998,22851.89914081995,2026-06-16 22:25:59.923000+00:00,15982.415284625333,,2294.226836660816,1.0,-18.98418776031417,20,24.096385542168676,18,37.5,70.34651438200653,-9.991691531838056,1.7433023486564991,0.1361037901057,-2.501270776812099,0.07156201110426963,0.6701854192846258,2.6737967914438476,0.8632773016708871,False,False,False
019edf2b-c8eb-7195-9973-646b2359c50b,AUcHUfXcz9hWLcaRahA6MWWGNPJ1dXw9rAqJHTr5pump,QWANT,Le Qwant,2026-06-19 09:17:29.195000+00:00,26385.239524351506,12322.392593994555,15229.511172301764,43128.28831418278,43128.28831418278,92.0,52,26385.239524351506,15229.511172301764,0.3029503333333333,43128.28831418278,92.0,,,52,183,,,34.5656174852905,0.0,24.9858828903847,34.5656174852905,0.0,24.9858828903847,0.5771981398253414,1.6345611823754245,1.7692307692307692,26385.239524351506,15229.511172301764,10,2026-06-19 09:16:50.025000+00:00,2026-06-19 09:17:29.195000+00:00,0.6528333333333334,14226.794584346135,2026-06-19 09:17:29.195000+00:00,46435.93513767186,,5871.887235808869,3.768418737145487,85.4615905777076,59,47.58064516129033,9,20.930232558139537,32.515216006926124,36.20176296113162,-2.028557661345296,0.0,-4.304676904417498,-0.20875413247417773,-0.6530879338142215,8.681318681318677,1.7599209245311243,False,False,False
019edd09-1721-7507-8ad5-68153bfc53e7,AWvgKkGymGqupAxS7uufhzTis9XEoLMgBZhctimxpump,VOYAGER,The Sprite Voyager,2026-06-18 23:20:21.025000+00:00,28371.952759221625,12832.712013558414,11759.406259873791,70325.57847157247,70325.57847157247,112.0,63,28371.952759221625,11759.406259873791,0.21483018333333334,70325.57847157247,112.0,,,63,165,,,27.35157686485186,0.0,24.986921000156354,27.35157686485186,0.0,24.986921000156354,0.4144729254158115,2.4787006755717518,1.7777777777777777,28371.952759221625,11759.406259873791,10,2026-06-18 23:17:20.622000+00:00,2026-06-18 23:20:21.025000+00:00,3.0067166666666667,15652.85614445088,2026-06-18 23:20:21.025000+00:00,36382.585203966664,,4293.546870388945,2.8351439014236903,81.25735327402094,55,50.0,38,152.0,45.1401088723024,-0.5052515207061506,-2.54510733351394,0.0,0.7603412918618524,-0.34060477077280116,-0.616809776387139,30.718954248366,1.2823433590464222,False,False,False
019ed7a7-d3fe-7ca0-8061-195358997e0b,Ak2LkrMS1LgrrE7B2p5eUT2Pz2ph65wErP5SfhmKd9P5,BMC,boomercoin,2026-06-17 22:16:00.766000+00:00,34742.712717869035,13167.096413502873,13217.133293788229,19576.21225881194,19576.21225881194,114.0,155,34742.712717869035,13217.133293788229,0.3297248,19576.21225881194,114.0,,,155,58,,,68.1624234486263,0.0,33.3101316688618,68.1624234486263,0.0,33.3101316688618,0.38042893774930625,0.5634623990873173,0.7354838709677419,34742.712717869035,13217.133293788229,10,2026-06-17 22:15:25.716000+00:00,2026-06-17 22:16:00.766000+00:00,0.5841666666666666,18775.14468920478,2026-06-17 22:16:00.766000+00:00,62920.98814355368,,1514.200701283238,4.778653255628031,85.04631145583231,18,45.0,33,27.049180327868854,44.26170574751371,0.5877783791333521,9.216118751445698,0.0,1.4482855809450008,-0.3194271763427136,-0.15929793467477815,0.81913736861181,1.8110557069768436,False,False,False
019ed77d-3577-7750-8a9a-a1d95193b3bd,BPQw227L44JsgfPPVnHTEAoebvYsfN5PVxQpZVyK5aoA,Livaković,Dominik Livaković,2026-06-17 21:29:27.671000+00:00,18387.646716770403,13129.705490871422,13046.315171741962,46956.4299742197,46956.4299742197,74.0,58,18387.646716770403,13046.315171741962,0.32818948333333336,46956.4299742197,74.0,,,58,168,,,0.4534166050013,,13.3900536885211,0.4534166050013,,13.3900536885211,0.7095152181623713,2.553694374136154,1.2758620689655173,18387.646716770403,13046.315171741962,10,2026-06-17 21:25:46.530000+00:00,2026-06-17 21:29:27.671000+00:00,3.685683333333333,14488.636203274064,2026-06-17 21:29:27.671000+00:00,13129.705490871422,,1961.7566504899723,1.0,26.910817959631437,66,64.70588235294117,27,87.09677419354838,241.16568108602502,12.638903946280792,-18.0204149136131,,-8.677432044102002,-0.08989913635528979,1.6037411408306956,-23.938992042440315,0.7140503454907315,False,False,False
019edb7f-936a-7a6a-924d-80623bb7c940,BWPA8hVRxr37FYW6vzkRW2Q2n9VZZNYxPvC9v4t4pump,Jorge,RIP Jorge Messi,2026-06-18 16:10:31.658000+00:00,22386.90320689519,15756.38572753087,14073.349408518232,40192.31267739342,40192.31267739342,98.0,72,22386.90320689519,14073.349408518232,0.48528646666666664,40192.31267739342,98.0,,,72,164,,,23.72519063009,2e-13,24.607823227776,23.72519063009,2e-13,24.607823227776,0.6286420805260652,1.7953493748529785,1.3611111111111112,22386.90320689519,14073.349408518232,10,2026-06-18 16:10:10.244000+00:00,2026-06-18 16:10:31.658000+00:00,0.35690000000000005,16201.65043071118,2026-06-18 16:10:31.658000+00:00,15756.38572753087,,2123.336385256748,1.0,38.17668331159336,46,38.983050847457626,27,60.0,30.88764893481526,17.548577352256522,-1.1618478555724998,0.0,-2.671146966910701,-0.1103177574725509,-0.09998165157774141,5.603448275862066,0.7038215863048841,False,False,False
019ed95f-508e-7530-a71b-223dac759cc4,Bh77MrPYg8RRQPZ8kxRUyCCa5VrQzFzqLzdFtBgwpump,Helium,Only Goes Up,2026-06-18 06:16:02.958000+00:00,22814.65147128931,13911.462435687428,14439.940748361947,43500.3512174919,43500.3512174919,24.0,17,22814.65147128931,14439.940748361947,0.21676345000000002,43500.3512174919,24.0,,,17,207,,,12.6438059915725,0.0,25.1123294560647,12.6438059915725,0.0,25.1123294560647,0.6329240122968186,1.906684889411269,1.411764705882353,22814.65147128931,14439.940748361947,10,2026-06-18 06:08:16.323000+00:00,2026-06-18 06:16:02.958000+00:00,7.7772499999999996,16188.032237477477,2026-06-18 06:16:02.958000+00:00,23357.82415714116,,2008.8970259361856,1.6790344124583725,40.935297981865375,78,60.46511627906976,3,21.428571428571427,75.86683680706706,18.64932712467953,8.8090567537296,0.0,-2.664636350961402,-0.1188824786004713,0.378715160010308,-10.160427807486624,1.0238080641527834,False,False,False
019ee092-cc05-7c79-9b91-c5e524743528,Bk1ZX9zPw74gUGieWqEsXjwKwxNbKB1Z9V3tGa2upump,CAT,CatCoin,2026-06-19 15:49:37.413000+00:00,22610.182442575406,14571.046614665078,20408.821679000295,17743.526297199605,17743.526297199605,50.0,33,22610.182442575406,20408.821679000295,0.14524326666666668,17743.526297199605,50.0,,,33,59,,,37.8808231808245,0.0,29.3415009595123,37.8808231808245,0.0,29.3415009595123,0.9026385227467291,0.7847582098138317,1.5151515151515151,22610.182442575406,20408.821679000295,10,2026-06-19 15:49:11.667000+00:00,2026-06-19 15:49:37.413000+00:00,0.4291,16672.61150969675,2026-06-19 15:49:37.413000+00:00,20563.376558185515,,4094.963858848227,1.411249109414655,35.61272287443018,17,40.476190476190474,12,57.14285714285714,61.775939927216605,16.45445596017797,-1.8758051659772974,0.0,6.969944805942799,-0.14849573254441695,0.12691503685005745,-9.090909090909095,0.9094741544174488,False,False,False
019edd90-d614-7ce6-9ab0-811f95d3aa06,BtcsR6NbtRPoKNNKpS1ZPkk3sYASC83fgmtQJDvdpump,gary,Gary VI,2026-06-19 01:48:37.268000+00:00,16787.08697363968,13546.663609667768,12274.337244658182,55231.36891794262,55231.36891794262,56.0,34,16787.08697363968,12274.337244658182,0.26057328333333335,55231.36891794262,56.0,,,34,98,,,46.0453721092207,0.0,25.9581438694813,46.0453721092207,0.0,25.9581438694813,0.7311773188482462,3.290110369039666,1.6470588235294117,16787.08697363968,12274.337244658182,10,2026-06-19 01:39:37.133000+00:00,2026-06-19 01:48:37.268000+00:00,9.00225,15560.840494698265,2026-06-19 01:48:37.268000+00:00,13546.663609667768,,1937.3822699659877,1.0,7.880335765662605,36,58.06451612903226,-28,-45.16129032258064,333.4717735286912,3.940246326395332,-12.442937560399699,0.0,-10.4691352746969,-0.027716925195453657,2.4712837856413947,21.568627450980397,0.8069692872229551,False,False,False
019edf80-f20b-755d-891f-74918455077e,BwLS1TLvwb771PyNuyktWyxUDdxpziZ5oGYKgQfNpump,QUACKSSANT,Quackssant,2026-06-19 10:50:30.283000+00:00,18611.497546831222,12098.057458803778,12779.520134925458,58483.58785887636,58483.58785887636,24.0,13,18611.497546831222,12779.520134925458,0.6694226833333333,58483.58785887636,24.0,,,13,206,,,10.2576467588086,0.1138795206461,23.1445058336253,10.2576467588086,0.1138795206461,23.1445058336253,0.6866465260395603,3.142336489136186,1.8461538461538463,18611.497546831222,12779.520134925458,10,2026-06-19 10:46:39.128000+00:00,2026-06-19 10:50:30.283000+00:00,3.8525833333333335,14833.14083192242,2026-06-19 10:50:30.283000+00:00,15838.410542760945,,2465.422305328877,1.30916972387458,25.472398312145717,4,1.9801980198019802,-2,-13.333333333333334,28.48455670832611,12.072155993042276,-1.3627218305295,0.0,2.019112583848699,-0.08210094429763548,0.07366811609011226,38.461538461538474,0.8510014039927475,False,False,False
019ee01a-1cd0-7453-a375-bc74e48bb7af,C3jxjp95QFWNfRXq48J67WiuLBLgqL9YQ8pExkyNpump,5DAHH,GIMME MY 5 DAHH,2026-06-19 13:37:48.240000+00:00,19371.08683190673,16053.51036868206,13073.027009581152,25673.24512291329,72225.84941481167,45.0,30,19371.08683190673,13073.027009581152,0.20871971666666667,25673.24512291329,45.0,,,30,160,,,2.700853681362,0.0,22.9480113561123,2.700853681362,0.0,22.9480113561123,0.6748731820275646,1.3253383945719595,1.5,19371.08683190673,13073.027009581152,10,2026-06-19 13:37:24.890000+00:00,2026-06-19 13:37:48.240000+00:00,0.3891666666666667,18998.495927654567,2026-06-19 13:37:48.240000+00:00,24473.66267961607,,6555.381349563762,1.5245053647182636,1.9611600079868068,22,15.942028985507244,14,87.5,16.348923006776864,0.9541934586780373,1.5470177431744,0.0,0.0,-0.006731515512582331,0.16389197442925685,4.3478260869565215,1.2634119547337286,False,False,False
019ed880-645b-7d87-a27e-39803ea85f26,C5tcc5ppr9FMBoRCgAPn4w4qQ2vQzRYepdzsfPfxpump,cooking,got something cooking,2026-06-18 02:12:33.499000+00:00,78254.41166188546,55572.61677174767,20234.45014675324,217022.75028775795,217022.75028775795,249.0,99,78254.41166188546,20234.45014675324,0.31185868333333333,217022.75028775795,249.0,,,99,527,,,31.8143735381617,9.37011024689,21.7924471503046,31.8143735381617,9.37011024689,21.7924471503046,0.25857264423864573,2.7732973218871044,2.515151515151515,78254.41166188546,20234.45014675324,10,2026-06-18 02:02:54.519000+00:00,2026-06-18 02:12:33.499000+00:00,9.649666666666667,15818.97847946127,2026-06-18 02:12:33.499000+00:00,105503.18205004225,,3721.945956105892,7.4382901979832585,394.6868836283447,385,271.1267605633803,38,62.295081967213115,849.123325440705,66.8911385141968,12.551673578888998,,-4.026632005507999,-0.5078700603215804,1.3278436355580412,66.76548089591569,1.3482074660006491,False,False,False
019ed228-e917-7025-89aa-ddcc3c3e2587,CfbVyNSBuV1tNj68vY1JZADLkiYSAT5FKK6RELtPpump,PIP,The Baby Squirrel,2026-06-16 20:39:17.015000+00:00,20724.93156555507,13514.462974781942,14043.929690339164,30186.44416892654,30186.44416892654,169.0,96,20724.93156555507,14043.929690339164,0.17496211666666667,30186.44416892654,169.0,,,96,81,,,24.5694233815296,0.0,26.4109528240404,24.5694233815296,0.0,26.4109528240404,0.6776345507302055,1.4565280504518792,1.7604166666666667,20724.93156555507,14043.929690339164,10,2026-06-16 20:39:02.287000+00:00,2026-06-16 20:39:17.015000+00:00,0.24546666666666667,16829.75278841045,2026-06-16 20:39:17.015000+00:00,13514.462974781942,,1304.3350842094512,1.0,23.144598890525454,18,28.57142857142857,14,17.073170731707318,14.831464330142616,10.970425133540509,7.2996430007525,0.0,1.1342055508089999,-0.07434089537278443,-0.10544421552935113,5.3680048661800575,0.6520872183357671,False,False,False
019ed7f5-4ff7-7151-886d-0350ca72d943,CpzZ2N6p6B48o8zWouwMs2BXFm4nZjh4tzFHpg6tpump,OGAI,Open Generative Ai,2026-06-17 23:40:38.775000+00:00,19705.493794467842,15894.62280402989,13511.382395404018,23918.3152833106,23918.3152833106,47.0,24,19705.493794467842,13511.382395404018,0.21243665,23918.3152833106,47.0,,,24,91,,,23.9390470859939,,27.6331047151357,23.9390470859939,,27.6331047151357,0.6856657608446853,1.2137891865478383,1.9583333333333333,19705.493794467842,13511.382395404018,10,2026-06-17 23:37:32.664000+00:00,2026-06-17 23:40:38.775000+00:00,3.1018499999999998,19898.631890031964,2026-06-17 23:40:38.775000+00:00,17919.304146768292,,2476.8786295017026,1.1273815281873232,-0.9706099224885525,10,12.345679012345679,2,9.090909090909092,55.93203442744369,-0.5004961215952006,4.107334759290499,,0.17484197059719975,0.003239623560003402,0.44293537663079074,10.470085470085468,0.909355752952458,False,False,False
019ed5da-ab7d-7b4c-9446-b374d047c70c,CsWnH9msTEqswGPfNjkSRF3dnf7Y3QYCxXdcSgfhWU9S,Thaïs,Justice for Thaïs d'Escufon,2026-06-17 13:52:18.301000+00:00,18948.341832160226,12920.749374611523,13310.803554949487,27562.77714364785,27562.77714364785,135.0,84,18948.341832160226,13310.803554949487,0.31054006666666667,27562.77714364785,135.0,,,84,163,,,37.0088336021484,8.2813300176921,22.0192712371976,37.0088336021484,8.2813300176921,22.0192712371976,0.7024785426003672,1.4546273963068739,1.6071428571428572,18948.341832160226,13310.803554949487,10,2026-06-17 13:51:57.824000+00:00,2026-06-17 13:52:18.301000+00:00,0.3412833333333333,16544.364870527286,2026-06-17 13:52:18.301000+00:00,17244.369821257613,,2123.307817687481,1.3346261367116785,14.530488057087453,60,58.252427184466015,30,55.55555555555556,53.85150448068789,7.016682858818267,-7.317541779500402,-8.126248571872301,-3.540066093030301,-0.04932209431333778,0.3717703504653176,-7.674772036474159,0.910072763833586,False,False,False
019ee089-d20b-79ae-9aaf-8ac8b22b0542,Ct5ZGEs7TTwbV63e1gTDdhdves3xenJRe6gKW2pupump,HERO,Zero to Hero,2026-06-19 15:39:49.131000+00:00,12771.075989693845,12725.610927599808,7887.650084389553,26552.32505162704,26552.32505162704,121.0,80,12771.075989693845,7887.650084389553,0.3413075,26552.32505162704,121.0,,,80,154,,,40.1021617376992,10.1039213988769,26.5574760797207,40.1021617376992,10.1039213988769,26.5574760797207,0.6176182876646277,2.079098509244996,1.5125,12771.075989693845,7887.650084389553,10,2026-06-19 15:39:37.999000+00:00,2026-06-19 15:39:49.131000+00:00,0.18553333333333333,20053.390883973003,2026-06-19 15:39:49.131000+00:00,14475.636001213545,,1524.0072480855345,1.1375199260428601,-36.314630958993085,33,27.27272727272727,35,77.77777777777779,79.68843184904854,-41.004889434545056,-14.357425280524502,6.856381817677699,-3.3318932008264994,-0.04910219475156219,1.3422221590461838,3.125000000000004,1.1334703522941423,False,False,False
019ee0bb-ee4e-7bf3-a1a3-f951486e4058,CwPoaq8GGF5i2RkiDyHsNsrnP5L1B4PnQZAEu3Xkpump,ELON,Comrade Elon,2026-06-19 16:34:33.166000+00:00,21576.477984518282,14006.07395308547,13880.475880433418,36848.62505303751,36848.62505303751,84.0,46,21576.477984518282,13880.475880433418,0.3005887,36848.62505303751,84.0,,,46,123,,,30.0736047903719,0.0,23.7191339238413,30.0736047903719,0.0,23.7191339238413,0.6433151828761414,1.7078146433109898,1.826086956521739,21576.477984518282,13880.475880433418,10,2026-06-19 16:33:37.409000+00:00,2026-06-19 16:34:33.166000+00:00,0.9292833333333334,16819.955525858262,2026-06-19 16:34:33.166000+00:00,22168.38888846948,,1963.2780528019778,1.5827696585584492,28.279043017370352,37,43.02325581395349,16,53.333333333333336,35.00438446466752,13.268541231022116,3.2608667356620984,0.0,-0.9781554423802987,-0.08525300667598368,0.08507602660835345,24.505928853754945,1.0274331568097401,False,False,False
019edb91-aff5-7cb6-a6ca-a8a3b9fe0e26,D5UbiydvQRQtjYb1ktXchR7uS8sQWNdbVeJx2rfspump,CENTER,Card Center,2026-06-18 16:30:18.613000+00:00,23169.1299295532,14459.931405012554,14324.39988210144,10292.86183795731,10292.86183795731,75.0,56,23169.1299295532,14324.39988210144,0.19766378333333331,10292.86183795731,75.0,,,56,65,,,14.6562299196076,13.587904757292,32.1370195381737,14.6562299196076,13.587904757292,32.1370195381737,0.6182536817591093,0.44424895838787337,1.3392857142857142,23169.1299295532,14324.39988210144,10,2026-06-18 16:30:07.594000+00:00,2026-06-18 16:30:18.613000+00:00,0.18365,15010.6505530818,2026-06-18 16:30:18.613000+00:00,14459.931405012554,,1944.7246560115066,1.0,54.35127110327943,12,22.641509433962266,10,21.73913043478261,22.023040705456115,24.238006971747968,0.0,0.0,-0.28023419984739917,-0.1498545966158129,-0.11769730206464213,-0.6336405529953981,0.6241033413416316,False,False,False
019ed5b7-e01d-71e3-a55d-a303e617dcfa,DCaoXH6QoxgFQ5phtpR18aTXJ6nsidDt5Ri2bTELpump,Pilly,Pilly,2026-06-17 13:14:18.013000+00:00,23783.241837133843,14764.586786968986,14879.733729982396,25458.6573642283,25458.6573642283,123.0,68,23783.241837133843,14879.733729982396,0.5900964666666667,25458.6573642283,123.0,,,68,164,,,33.2942145832133,,25.5001091778967,33.2942145832133,,25.5001091778967,0.6256394242583868,1.0704452125815143,1.8088235294117647,23783.241837133843,14879.733729982396,10,2026-06-17 13:13:56.571000+00:00,2026-06-17 13:14:18.013000+00:00,0.35736666666666667,23340.195821076824,2026-06-17 13:14:18.013000+00:00,17869.26903137044,,2006.764555742556,1.210278979642126,1.8982103640147518,83,102.46913580246914,26,61.904761904761905,126.19794202927098,0.9511394003679051,-5.058630142158606,,-6.320631167619201,-0.005869422930214974,0.5882283963000086,13.388937664618078,0.7513386591171246,False,False,False
019ed240-925d-7dfd-b7f2-6068c4f1b452,DTZhKWmpnf7DKgVPhHpkMQi5Zhg9dg8sUVetNhUbpump,ansemconzimp,ansemconzimp,2026-06-16 21:05:07.677000+00:00,15224.568633042443,16697.39342575026,12051.27997957255,29660.050951061,29660.050951061,75.0,54,15224.568633042443,12051.27997957255,1.5784686,29660.050951061,75.0,,,54,83,,,33.1017624764689,0.0,30.7069088611219,33.1017624764689,0.0,30.7069088611219,0.7915679103982763,1.948170202122423,1.3888888888888888,15224.568633042443,12051.27997957255,10,2026-06-16 21:05:02.712000+00:00,2026-06-16 21:05:07.677000+00:00,0.08275,17544.37023408147,2026-06-16 21:05:07.677000+00:00,16697.39342575026,,5737.531588266916,1.0,-13.222484307431055,3,3.75,6,12.5,99.56470061624873,-6.841748632183961,5.295491422176198,-2.9555644271954,-0.5977230593443004,0.05421726504201008,1.101039573487045,2.564102564102555,1.0967400015203905,False,False,False
019ed23f-7a88-7bd9-84ef-de458741f3fc,DVWZVVLCjYjtnEnSpBBBUTwQ8ta73hFADiitnKthpump,ANSEM,Coldest Nigga Breathing,2026-06-16 21:03:56.040000+00:00,62664.11172637251,60845.15243689528,18130.01749453531,68551.01634678517,68551.01634678517,171.0,80,62664.11172637251,18130.01749453531,0.24003343333333332,68551.01634678517,171.0,,,80,166,,,39.2433358964962,0.9530216071659,25.353796786909,39.2433358964962,0.9530216071659,25.353796786909,0.2893205855003798,1.0939437974660562,2.1375,62664.11172637251,18130.01749453531,10,2026-06-16 21:00:16.090000+00:00,2026-06-16 21:03:56.040000+00:00,3.665833333333333,28769.93329090763,2026-06-16 21:03:56.040000+00:00,40937.782019738246,,1894.5776765202272,2.5373089286485726,117.81111236075306,114,219.23076923076925,19,31.147540983606557,257.70808256071587,47.95457617455689,-12.573874811381799,-21.928879927297398,-17.279494987628198,-0.13660229019597114,0.42783328164961654,106.96428571428574,0.6532891138471109,False,False,False
019edab7-4364-7c7a-ad84-c3c2412e6fbc,DgVJZqmccrew2HySCA34pzkfyu54ZCkkZw6aKibYpump,Rebel,Rebel Mode,2026-06-18 12:31:43.972000+00:00,26343.504593807218,12577.114052908593,15546.03692535416,47420.90556398528,47420.90556398528,229.0,160,26343.504593807218,15546.03692535416,0.5812487999999999,47420.90556398528,229.0,,,160,184,,,28.5737613447397,,22.831407182517278,28.5737613447397,,22.831407182517278,0.59012789547404,1.800098593378988,1.43125,26343.504593807218,15546.03692535416,10,2026-06-18 12:31:20.148000+00:00,2026-06-18 12:31:43.972000+00:00,0.3970666666666667,15258.81141365744,2026-06-18 12:31:43.972000+00:00,23993.404002323165,,1456.3117246608106,1.9077034605386625,72.64453881531293,75,68.80733944954129,34,26.984126984126984,50.80657922391647,31.393699514429873,-0.5804661948429981,,-2.067716798096921,-0.1852696976577216,-0.260668205227121,4.241329479768779,0.9107901310884615,False,False,False
019ed51e-d7da-7a7c-9fb2-2e9816fbe18d,DicbCpQUfJgBeDHZvcLur6RcF2HgDWagrGkjiXoGpump,Alon,Alon Card,2026-06-17 10:27:08.890000+00:00,20262.238849346035,13263.117347393912,13746.068751046147,22312.87834917082,22312.87834917082,82.0,55,20262.238849346035,13746.068751046147,0.18043515000000002,22312.87834917082,82.0,,,55,117,,,17.782423519261318,0.0,23.734826058488522,17.782423519261318,0.0,23.734826058488522,0.6784081884164445,1.1012049811016302,1.490909090909091,20262.238849346035,13746.068751046147,10,2026-06-17 10:24:39.344000+00:00,2026-06-17 10:27:08.890000+00:00,2.492433333333333,15771.62492994967,2026-06-17 10:27:08.890000+00:00,16501.279632837974,,1476.053556740086,1.244147902836759,28.472741010147107,34,40.963855421686745,17,44.73684210526316,82.29437565884652,13.325963162779525,-1.3419885015616018,0.0,-1.1386243027284024,-0.09067382118799328,0.3251260602636351,23.162055335968386,0.8143858018617006,False,False,False
019edec5-efef-729f-9aa6-345b3d8545ac,DqQ6vpwrkKweG2wrxwpMVHixNwgRvn5aNftuc7VUpump,WAIFU,WaifuCoin,2026-06-19 07:26:14.511000+00:00,20713.88848970168,18396.89424131504,13511.640523000036,26995.9935053634,26995.9935053634,147.0,102,20713.88848970168,13511.640523000036,0.29528171666666664,26995.9935053634,147.0,,,102,145,,,38.5634701741145,,22.9081338374469,38.5634701741145,,22.9081338374469,0.6522986029261293,1.3032798510422123,1.4411764705882353,20713.88848970168,13511.640523000036,10,2026-06-19 07:25:23.180000+00:00,2026-06-19 07:26:14.511000+00:00,0.8555166666666667,19911.13454499943,2026-06-19 07:26:14.511000+00:00,21949.205753630707,,1363.3440448186213,1.193093000683671,4.031683593358356,30,26.08695652173913,34,50.0,53.50185557079254,2.018236732970805,-1.4554305430012988,,-1.9923030828040993,-0.01287386075427377,0.4200175830190467,-3.921568627450981,1.0596371494682513,False,False,False
019ed2ca-f240-790f-a07a-3dffa1154a9f,DrAQUhCLErvvZVxiZDBf9gYMCYKiEWyoyRY4cYaBpump,Kardashev,Kardashev scale,2026-06-16 23:36:16.192000+00:00,16435.465261414945,14297.602094257962,12488.642473102896,29706.69193471294,29706.69193471294,101.0,73,16435.465261414945,12488.642473102896,0.28658560000000005,29706.69193471294,101.0,,,73,116,,,36.5762866520462,16.8423316901346,22.5748043366242,36.5762866520462,16.8423316901346,22.5748043366242,0.7598593817980993,1.8074749611411647,1.3835616438356164,16435.465261414945,12488.642473102896,10,2026-06-16 23:35:39.326000+00:00,2026-06-16 23:36:16.192000+00:00,0.6144333333333333,12692.872387119343,2026-06-16 23:36:16.192000+00:00,14297.602094257962,,2190.1111605880455,1.0,29.485783518107095,32,38.095238095238095,40,121.21212121212122,39.83369230958285,13.791798553209658,13.2871050187955,-21.999607539317303,-38.68349353369099,-0.10479860468853852,0.13375593343667425,-6.821358680458486,0.8699237817029749,False,False,False
019edd2e-9344-72a4-8f48-f84dbf38e280,ER2hhTpLnV9xgL2hAJmMvYwpFobwYXPkuYNQb9Wopump,Juanita,Merlin's Girlfriend,2026-06-19 00:01:17.636000+00:00,19489.65719824395,13445.481899412998,13220.758959698864,41024.31636031085,41024.31636031085,25.0,18,19489.65719824395,13220.758959698864,0.24575591666666666,41024.31636031085,25.0,,,18,203,,,15.713910205221461,0.0,23.861615454773254,15.713910205221461,0.0,23.861615454773254,0.6783474344992623,2.104927549162189,1.3888888888888888,19489.65719824395,13220.758959698864,10,2026-06-18 23:56:24.199000+00:00,2026-06-19 00:01:17.636000+00:00,4.890616666666667,16504.991503920162,2026-06-19 00:01:17.636000+00:00,18446.00468562349,,11712.000566175762,1.3719110124590481,18.083412485337465,54,36.241610738255034,-44,-70.96774193548387,69.058945796764,8.674801215757007,-2.7717031095482394,0.0,1.3823810158229541,-0.0587284931329175,0.634688711057315,-2.1464646464646546,0.946450955909348,False,False,False
019ed5e4-87e7-7ba1-8ee4-5b6fbc71e837,EVVtxoxCaWBVhDdFgo18P1trkG6h8AEvDxnau6YLpump,GOAT,Messi the GOAT,2026-06-17 14:03:04.551000+00:00,31803.190363573493,12780.274210140076,12727.103528337222,64809.29060699368,64809.29060699368,67.0,43,31803.190363573493,12727.103528337222,0.3256928333333333,64809.29060699368,67.0,,,43,317,,,6.6477274559233,2.3820322587405,17.896079925731,6.6477274559233,2.3820322587405,17.896079925731,0.40018323265185685,2.0378235600295143,1.558139534883721,31803.190363573493,12727.103528337222,10,2026-06-17 13:59:40.453000+00:00,2026-06-17 14:03:04.551000+00:00,3.4016333333333337,16423.187668863204,2026-06-17 14:03:04.551000+00:00,160621.46067396962,,16703.14328119088,12.567919751403295,93.64809685435979,141,80.11363636363636,27,168.75,63.69744211881494,2.7735754530171617,-11.250785067654501,2.2345290849337998,0.9367716010887008,-0.35385029254630274,-0.3728473033445634,13.319238900634256,5.050482635161693,True,True,True
019eda03-c73c-77b2-9f8c-9b9ef5ee95e9,EkrnLXAyAryizTvGicA2vvwXexDqy6sTTRhYeBfGpump,muffin,just a chill cat,2026-06-18 09:15:41.244000+00:00,19591.64743978732,13755.159523365497,13461.995039134195,26076.56488136396,26076.56488136396,52.0,37,19591.64743978732,13461.995039134195,0.23657258333333334,26076.56488136396,52.0,,,37,106,,,21.1042844802669,0.0,21.8619709805142,21.1042844802669,0.0,21.8619709805142,0.6871293024493265,1.3310041925523255,1.4054054054054055,19591.64743978732,13461.995039134195,10,2026-06-18 09:15:21.993000+00:00,2026-06-18 09:15:41.244000+00:00,0.32085,17155.589467559617,2026-06-18 09:15:41.244000+00:00,13755.159523365497,,1925.2611310317523,1.0,14.199791717062071,-6,-5.357142857142857,10,37.03703703703704,13.88990542381775,6.86437583331528,0.0,0.0,0.0,-0.04716613146402049,-0.0036215672845438807,2.5566106647187716,0.7020930509106189,False,False,False
019ee098-1d3d-7ed4-9907-1e0900e51b3a,EoHKjiNy8w2ZcizdGexxsHcTHvDZT44HVGJg7eDUpump,CEX,CEXcoin,2026-06-19 15:55:25.885000+00:00,21662.593673565796,13096.340419676499,13898.113118399177,42525.64140217332,42525.64140217332,44.0,35,21662.593673565796,13898.113118399177,0.13363931666666667,42525.64140217332,44.0,,,35,102,,,15.679849007706016,0.0,28.31135836126248,15.679849007706016,0.0,28.31135836126248,0.641571980152987,1.963090941139983,1.2571428571428571,21662.593673565796,13898.113118399177,10,2026-06-19 15:52:16.139000+00:00,2026-06-19 15:55:25.885000+00:00,3.1624333333333334,16019.24917936483,2026-06-19 15:55:25.885000+00:00,28290.94574248655,,3728.728289663192,2.1602176513357145,35.22852058179126,17,20.0,6,20.689655172413794,18.132105276801184,16.27741247483429,0.35556293368731673,0.0,-0.33059630277048413,-0.10456458993620232,-0.2841041216742277,10.476190476190467,1.3059814613523926,False,False,False
019ed5fa-7054-73e9-b2c7-78cf0446218c,EvCtT2DFU1Z9aq9pcRqeioUCU14Vygo3z6h5uSwjpump,Ronaldo,Ronaldo Patriotic Dog,2026-06-17 14:27:00.308000+00:00,22746.96320904398,12911.980029651397,14564.054523281131,34197.30415617848,34197.30415617848,77.0,57,22746.96320904398,14564.054523281131,0.23879083333333334,34197.30415617848,77.0,,,57,135,,,7.5909418373851,0.0,20.5862043076673,7.5909418373851,0.0,20.5862043076673,0.6402636866045749,1.5033788836736655,1.3508771929824561,22746.96320904398,14564.054523281131,10,2026-06-17 14:25:58.308000+00:00,2026-06-17 14:27:00.308000+00:00,1.0333333333333334,18893.69062107832,2026-06-17 14:27:00.308000+00:00,17314.185759424498,,1994.4537026915407,1.340939632780082,20.39449393580545,21,18.421052631578945,14,32.55813953488372,54.074286800477886,9.70909421865053,-6.1726043548104,0.0,-1.5945698385131024,-0.06236013034720733,0.32863036688802305,0.1512401693889917,0.7611647146174016,False,False,False
019edc04-b824-794c-8a38-6262ec6fef5a,EvFZj7rVA4ttaCtx7NTb5euv2zB61soqJ9UcMiZdpump,AYOUB,Justice For Ayoub,2026-06-18 18:35:57.348000+00:00,18057.284640299345,14677.792497595125,12635.746475787948,42207.51048732502,42207.51048732502,76.0,59,18057.284640299345,12635.746475787948,0.4039621,42207.51048732502,76.0,,,59,133,,,1.3484146112992,0.0,19.5258375854317,1.3484146112992,0.0,19.5258375854317,0.6997589464579919,2.33742289209577,1.2881355932203389,18057.284640299345,12635.746475787948,10,2026-06-18 18:34:21.326000+00:00,2026-06-18 18:35:57.348000+00:00,1.6003666666666667,15062.5078647145,2026-06-18 18:35:57.348000+00:00,16568.68406011786,,1944.2087476903278,1.1288266994394796,19.882325058235644,33,33.0,10,20.408163265306122,71.40416488158876,9.435131486586663,1.2979935261759998,0.0,-2.462464949687501,-0.06680228796577847,0.7025986091364387,-2.8943937418513705,0.917562324024106,False,False,False
019ed2bf-8440-7884-bac9-180f74407de6,FJVis6jGFFiizZ1NSyNdKYHSTnqUWHmM5P3nyco5pump,Meepcat,Meepcat,2026-06-16 23:23:47.136000+00:00,21215.548649678803,13081.774101199904,14176.466704549286,40066.35734350491,40066.35734350491,85.0,54,21215.548649678803,14176.466704549286,0.22755376666666666,40066.35734350491,85.0,,,54,183,,,12.232319769609001,0.0,24.518355108695367,12.232319769609001,0.0,24.518355108695367,0.6682111756164228,1.8885374121169147,1.5740740740740742,21215.548649678803,14176.466704549286,10,2026-06-16 23:21:36.249000+00:00,2026-06-16 23:23:47.136000+00:00,2.18145,16583.652428890244,2026-06-16 23:23:47.136000+00:00,867587.9995214477,,55201.578663541346,66.32036242254554,27.93049505016984,42,29.78723404255319,-32,-37.2093023255814,32.177305323723445,13.036510669340151,-6.3209141319329,0.0,0.5928011125326655,-0.08804524090309085,0.06067804199915838,14.720652856246087,40.89396950545433,True,True,True
019ed4de-b056-777a-87f4-b0a71de92e8e,FKxbCh3egLotiMNFAEMLw8MDQjAVmmEA1LLq7mFvpump,Monaka,もなか,2026-06-17 09:17:04.470000+00:00,24381.74788084655,15939.395527124296,15071.018628340089,55952.7840025852,55952.7840025852,48.0,32,24381.74788084655,15071.018628340089,0.19919223333333333,55952.7840025852,48.0,,,32,252,,,20.9183526337251,0.0,25.6132197667823,20.9183526337251,0.0,25.6132197667823,0.6181270802237832,2.294863529720105,1.5,24381.74788084655,15071.018628340089,10,2026-06-17 09:11:09.291000+00:00,2026-06-17 09:17:04.470000+00:00,5.91965,15932.588630174707,2026-06-17 09:17:04.470000+00:00,36230.24581116803,,3051.6319137639,2.2729999860731547,53.030674718294,126,100.0,8,33.33333333333333,71.76621037705048,23.72239885550863,-1.9057171874138987,0.0,-1.5150259535468997,-0.14642650929048073,0.25031406001605205,-2.7027027027027075,1.4859576921320414,False,False,False
019ed66f-82a1-7a43-ba13-0c623b3e1aa1,FpJfSLANsaPJkRFuFroPqPkYJGyNbXdQ194P499spump,mohammad,mohammad Something,2026-06-17 16:34:52.705000+00:00,23683.25412007015,15329.259627849535,15036.17825495874,82888.68198309364,82888.68198309364,73.0,45,23683.25412007015,15036.17825495874,0.20193901666666667,82888.68198309364,73.0,,,45,249,,,12.0903342237277,0.0343297225649,25.1451600728536,12.0903342237277,0.0343297225649,25.1451600728536,0.6348864973845159,3.499885681370552,1.6222222222222222,23683.25412007015,15036.17825495874,10,2026-06-17 16:29:08.311000+00:00,2026-06-17 16:34:52.705000+00:00,5.7399000000000004,17142.74628274183,2026-06-17 16:34:52.705000+00:00,25186.51712185973,,1968.3021474826548,1.6430354585489542,38.153209115116304,69,38.333333333333336,-75,-62.5,73.83830064751379,17.633745515471485,-6.646814398633401,0.0,2.3583354626398005,-0.11074654059429023,0.7184477783516674,-0.6802721088435351,1.0634736676880756,False,False,False
019edaac-3ed4-762a-8a25-bed54fb7e784,FyGmxqqt6Vit6WhXg9rpedyvury8Vt7NNQZwGR5Jpump,DARK,Dark And Darker,2026-06-18 12:19:41.908000+00:00,53532.07504398391,54295.63743582651,16422.808688381087,69847.52045579924,69847.52045579924,58.0,24,53532.07504398391,16422.808688381087,0.32714883333333333,69847.52045579924,58.0,,,24,301,,,11.3466176444371,2.2238257014877,21.1358498865971,11.3466176444371,2.2238257014877,21.1358498865971,0.30678445912824237,1.3047788713291977,2.4166666666666665,53532.07504398391,16422.808688381087,10,2026-06-18 12:15:02.313000+00:00,2026-06-18 12:19:41.908000+00:00,4.659916666666667,26046.978897651305,2026-06-18 12:19:41.908000+00:00,51337.54375338255,,1483.5782151267306,2.181721839151904,105.52124395820421,172,133.33333333333331,4,20.0,183.72070920380932,6.470949337018298,-5.877056401468902,-5.982101423597001,-6.246186179431501,-0.28540264974690577,0.35962482360923664,79.01234567901231,0.9590053012367211,False,False,False
019ecfbc-a914-7364-9a12-09e0cbabbb4e,G7pzH1i6A3A9Drj92mgnU3khHkJD4NohME8Vgphwpump,KOHEN,Justice for Kohen Wiley,2026-06-16 09:21:48.308000+00:00,25176.98025629834,19758.790456801333,15595.87615770948,38832.98270288031,38832.98270288031,162.0,116,25176.98025629834,15595.87615770948,0.4954716833333333,38832.98270288031,162.0,,,116,143,,,43.2367128850543,13.2799504115237,24.6823593904642,43.2367128850543,13.2799504115237,24.6823593904642,0.6194498307162144,1.5424003318732298,1.396551724137931,25176.98025629834,15595.87615770948,10,2026-06-16 09:20:57.845000+00:00,2026-06-16 09:21:48.308000+00:00,0.84105,18441.58262994572,2026-06-16 09:21:48.308000+00:00,19758.790456801333,,2040.882342075433,1.0,36.52288288650227,53,58.88888888888889,57,96.61016949152543,49.369398884800596,16.804093801792337,7.0443744481015,-8.905846110642301,-15.052719384819099,-0.10457510659840308,0.13265414929112596,9.862068965517247,0.7847958832099581,False,False,False
019eddf1-9192-71bc-a630-d35ebd9b6a51,G9QiASU1UxaXXvfJmZ911MDd8pFTjk5cYR5DWMH6pump,MCAT,Mayhem Cat,2026-06-19 03:34:16.722000+00:00,22604.644320678875,14613.943354597772,14190.93447986258,52822.3039789193,52822.3039789193,129.0,78,22604.644320678875,14190.93447986258,0.23997443333333335,52822.3039789193,129.0,,,78,227,,,10.521927850729638,0.0,23.82078714406647,10.521927850729638,0.0,23.82078714406647,0.6277884437615602,2.3367898751053167,1.6538461538461537,22604.644320678875,14190.93447986258,10,2026-06-19 03:30:30.474000+00:00,2026-06-19 03:34:16.722000+00:00,3.7708,16350.246824096246,2026-06-19 03:34:16.722000+00:00,20279.385837726324,,1419.4167549614922,1.3876737678298252,38.252618225708886,122,116.1904761904762,37,90.2439024390244,264.12485081622873,17.563004349927937,-9.128560175181361,-0.3193711123242,-2.839981000568933,-0.11048289016537083,1.4495466184244177,-0.28280542986425466,0.8971335956467411,False,False,False
019ed654-5703-7b72-a3fc-5d9278320902,GXB3aNL2ABERkqg8jDkGFnbtuZd2ohnk3fC7sqDZpump,DogTrain,DogTrain,2026-06-17 16:05:12.067000+00:00,17360.09579485747,13003.566174258975,12842.965187196312,42973.24294334835,42973.24294334835,77.0,58,17360.09579485747,12842.965187196312,0.34800316666666664,42973.24294334835,77.0,,,58,128,,,0.0,0.0,16.5308949954778,0.0,0.0,16.5308949954778,0.7397980598125932,2.475403560623104,1.3275862068965518,17360.09579485747,12842.965187196312,10,2026-06-17 16:02:46.625000+00:00,2026-06-17 16:05:12.067000+00:00,2.4240333333333335,14062.165217685324,2026-06-17 16:05:12.067000+00:00,13003.566174258975,,1948.5945433079207,1.0,23.452509098844125,43,50.588235294117645,23,65.71428571428571,95.97915550161824,11.181864912291303,-15.1891481588957,0.0,-7.133088057695797,-0.08164819657435773,0.9160806836112603,-8.891142663962126,0.7490492176956179,False,False,False
019ed37c-01d1-7a94-86c5-b2602df2307d,GcAQw7vWYWqP8DXAKxUVM82dhz5YUVd7kzq3Ue1ipump,WIF,MessiWifHat,2026-06-17 02:49:40.049000+00:00,21273.905947940235,13400.039459509258,14217.55608933988,40439.20212297504,40439.20212297504,81.0,50,21273.905947940235,14217.55608933988,0.1023014,40439.20212297504,81.0,,,50,195,,,20.13821746684,0.0,21.645558428721,20.13821746684,0.0,21.645558428721,0.6683096242002725,1.900882810234028,1.62,21273.905947940235,14217.55608933988,10,2026-06-17 02:49:23.082000+00:00,2026-06-17 02:49:40.049000+00:00,0.28278333333333333,20746.34471258067,2026-06-17 02:49:40.049000+00:00,23229.797108254734,,2014.5544966626137,1.7335618434891882,2.5429117402047647,44,29.13907284768212,11,28.205128205128204,9.922753033222891,1.2612853864639162,-3.019992003308598,0.0,-2.3694839360979003,-0.008458545865429046,0.12761883294456378,-2.799999999999998,1.0919385074419712,False,False,False
019ed3c5-6a69-768c-ade6-3e3c8316e9eb,Gd343z31qUT57uKBHjzaNrtis3q2qVujwSktyWREpump,Dropper,Dropper,2026-06-17 04:09:50.953000+00:00,15066.739967057489,13023.999238748554,11953.264931411657,16167.5810932935,16167.5810932935,33.0,15,15066.739967057489,11953.264931411657,0.38151461666666664,16167.5810932935,33.0,,,15,102,,,0.3929917985982,0.0,27.6206294856189,0.3929917985982,0.0,27.6206294856189,0.7933544321828574,1.0730643210570392,2.2,15066.739967057489,11953.264931411657,10,2026-06-17 04:09:37.990000+00:00,2026-06-17 04:09:50.953000+00:00,0.21605,14928.818097946201,2026-06-17 04:09:50.953000+00:00,17505.639340122867,,2186.4553575385535,1.3441062932528967,0.9238632837937898,2,2.0,3,25.0,3.8670091934786583,0.4608595922606034,0.0,0.0,0.14424331085080055,-0.0036564093945218312,0.03040604415079362,14.782608695652177,1.1618730646707838,False,False,False
019ed917-d9c9-7655-a9b6-c5a723c69695,GeBxTNrdan9NSA6kC84ATxh4tM2QUKjni81p7jV2pump,COZUMEL,Cozumel Fox,2026-06-18 04:57:59.497000+00:00,15718.03237319062,13436.957270108724,11991.449677201472,34818.34408422495,34818.34408422495,33.0,20,15718.03237319062,11991.449677201472,0.13736431666666665,34818.34408422495,33.0,,,20,213,,,17.578575056628754,0.0,21.64551879090874,17.578575056628754,0.0,21.64551879090874,0.7629103562386489,2.215184652731259,1.65,15718.03237319062,11991.449677201472,10,2026-06-18 04:55:45.264000+00:00,2026-06-18 04:57:59.497000+00:00,2.237216666666667,17691.149067488142,2026-06-18 04:57:59.497000+00:00,16520.874925846165,,1997.5326775894027,1.2295101185294226,-11.153129097327051,37,21.022727272727273,-10,-33.33333333333333,24.585110809466123,-5.6750164121328055,2.1698670911217057,0.0,1.086752448737613,0.044307549720205563,0.6354435136172059,23.75,1.0510778024624068,False,False,False
019ecfe7-d6ca-7531-82d6-42a6d8bb91b0,Gpwny7K4hQbgbCf5sA2ty9tq3c2tWJ22reJbqHsgpump,Nong Sompoi,น้องส้มป่อ,2026-06-16 10:08:58.058000+00:00,23850.440279178285,13293.585918319166,15162.249336172064,19960.5004463438,19960.5004463438,76.0,57,23850.440279178285,15162.249336172064,0.22240931666666666,19960.5004463438,76.0,,,57,86,,,39.07898692591972,0.0,24.571372868968773,39.07898692591972,0.0,24.571372868968773,0.6357219891411768,0.836902808195518,1.3333333333333333,23850.440279178285,15162.249336172064,10,2026-06-16 10:07:01.567000+00:00,2026-06-16 10:08:58.058000+00:00,1.9415166666666666,16889.946240626246,2026-06-16 10:08:58.058000+00:00,13293.585918319166,,6550.844711566347,1.0,41.21087148169607,18,26.47058823529412,4,7.547169811320755,82.82106936007915,18.839502886910296,-1.1325655665860808,0.0,0.16886319648557446,-0.11967376669710184,0.19047963987893668,5.4726368159203975,0.5573727680794481,False,False,False
019edfee-dc86-70f9-956d-ab0e3a04a52d,GrTuX8VAHTBisSozfp9VbnCfcN4UW6imdmMrhWhMpump,UP,OPERATION LEVEL UP,2026-06-19 12:50:33.734000+00:00,18505.543419993955,13307.56854824608,12725.307293058968,39298.2400110945,39298.2400110945,213.0,166,18505.543419993955,12725.307293058968,0.2567724,39298.2400110945,213.0,,,166,155,,,37.10144158110102,0.0,21.378222783369957,37.10144158110102,0.0,21.378222783369957,0.6876483983339909,2.1235928672397417,1.283132530120482,18505.543419993955,12725.307293058968,10,2026-06-19 12:50:27.168000+00:00,2026-06-19 12:50:33.734000+00:00,0.10943333333333333,19886.365274496962,2026-06-19 12:50:33.734000+00:00,13307.56854824608,,2184.8637519169447,1.0,-6.94356075352707,28,22.04724409448819,13,8.49673202614379,12.206845987103044,-3.5341929656400373,-0.7377972905058741,0.0,-1.924605885078222,0.02430339174830065,0.36243481225571816,0.6765523632993555,0.7191125516405087,False,False,False
019ee0ec-617a-7048-b285-2f11809bbc41,GxsEZJbMRzc9BiKz79W1PrpEcBArVDa2DNvYZ6DKpump,ROOTS,Rooted Acres,2026-06-19 17:27:28.378000+00:00,16077.654702306074,13140.330609708595,11953.34151045408,10053.08476365384,10053.08476365384,67.0,51,16077.654702306074,11953.34151045408,0.2749882666666667,10053.08476365384,67.0,,,51,69,,,7.0409298104144,0.0,26.6906602983022,7.0409298104144,0.0,26.6906602983022,0.7434754466234165,0.6252830372213363,1.3137254901960784,16077.654702306074,11953.34151045408,10,2026-06-19 17:27:23.817000+00:00,2026-06-19 17:27:28.378000+00:00,0.07601666666666666,16795.157579287774,2026-06-19 17:27:28.378000+00:00,20904.091687586613,,12531.139483571094,1.5908345313733465,-4.272081840223656,1,1.4705882352941175,6,13.333333333333334,1.7855136033007486,-2.159366015798619,-0.07516446538440036,0.0,0.0,0.016054192181608307,0.03721267932043171,5.5672268907563005,1.3001953378553568,False,False,False
019eded0-0af3-7b8a-959e-64ebf2d3e89f,H4U66SohL6XN6LuNN6CN2Cz3TpGK6xdr1rMzaAmFpump,楚德,The Chud Dog,2026-06-19 07:37:16.787000+00:00,25668.820272934896,13103.20207777975,15030.668362838813,51836.76952797998,51836.76952797998,27.0,12,25668.820272934896,15030.668362838813,0.2686773,51836.76952797998,27.0,,,12,196,,,12.708593112513176,0.0,26.959825039265144,12.708593112513176,0.0,26.959825039265144,0.5855613231546559,2.019444952156078,2.25,25668.820272934896,15030.668362838813,10,2026-06-19 07:27:21.191000+00:00,2026-06-19 07:37:16.787000+00:00,9.9266,16175.98062822973,2026-06-19 07:37:16.787000+00:00,18382.664846142725,,1377.8240512504462,1.4029139394343786,58.68478618315485,46,30.666666666666664,-23,-65.71428571428571,46.65342330355262,25.849405182519963,0.37766025188783736,0.0,0.7006542501872381,-0.1527788638900105,-0.16567410761683998,38.15789473684211,0.7161476316667866,False,False,False
019ed539-c654-7788-a901-f171b59e1662,H5pRCo5YkNrXVTGA8b3wQbAuesYgdePEXzCHsY6YBAGS,EXPERIMENT,THE 24 HOUR EXPERIMENT,2026-06-17 10:56:33.876000+00:00,2353133.887193505,306873.54090441397,20451.577985170436,33734.80703006128,33734.80703006128,100.0,61,2353133.887193505,20451.577985170436,0.08109125,33734.80703006128,100.0,,,61,114,,,,3.1498760802e-06,2.6776926649607735,,3.1498760802e-06,2.6776926649607735,0.00869120881581552,0.014336118830151023,1.639344262295082,2353133.887193505,20451.577985170436,10,2026-06-17 10:52:43.946000+00:00,2026-06-17 10:56:33.876000+00:00,3.8321666666666667,459430.1295170926,2026-06-17 10:56:33.876000+00:00,1215045.3106473885,,110470.10152082228,3.9594332801271226,412.18536530612096,67,142.5531914893617,35,134.6153846153846,121.63948804745286,126.88898130802475,,0.0,0.20354446150280392,-0.010928562653989246,-0.01879313230095059,-9.312870596442274,0.5163519667368046,False,False,False
019edcad-c370-73f9-9265-768599f58594,HA57ZhNgdoVT2HAjaKMgkomSVZbWusWCByXxrswGpump,Asteroid,Asteroid the Shiba,2026-06-18 21:40:35.824000+00:00,26066.027261193158,12764.612982796167,11297.243901113636,29142.93291770784,29142.93291770784,133.0,93,26066.027261193158,11297.243901113636,0.29757758333333334,29142.93291770784,133.0,,,93,149,,,45.6972470533417,17.0115884213789,23.5611575202504,45.6972470533417,17.0115884213789,23.5611575202504,0.43340873497561555,1.1180427544896936,1.4301075268817205,26066.027261193158,11297.243901113636,10,2026-06-18 21:40:06.524000+00:00,2026-06-18 21:40:35.824000+00:00,0.48833333333333334,15934.998256602772,2026-06-18 21:40:35.824000+00:00,12764.612982796167,,2280.300787152627,1.0,63.577220665164035,54,56.84210526315789,30,47.61904761904761,88.79477094138488,-5.449508103212888,10.222675231048399,17.0115884213789,0.8587428479481005,-0.316410698610271,0.1493383488945348,18.548387096774206,0.48970304737615294,False,False,False
019edf29-bbd5-7201-8153-87bc8969ba42,Hdda1yxF4e31hxvRExfQRcMvRVFk8VhzuCk6f2mxpump,QWANT,The Qwant,2026-06-19 09:15:14.773000+00:00,21444.591990478973,12449.241558397398,13728.79872947159,49928.30881687697,49928.30881687697,98.0,69,21444.591990478973,13728.79872947159,0.26888805,49928.30881687697,98.0,,,69,233,,,16.8967618593074,0.0,20.82573101929,16.8967618593074,0.0,20.82573101929,0.6401986447476798,2.3282470862138234,1.4202898550724639,21444.591990478973,13728.79872947159,10,2026-06-19 09:11:25.733000+00:00,2026-06-19 09:15:14.773000+00:00,3.817333333333333,19196.680361948067,2026-06-19 09:15:14.773000+00:00,22547.21645337384,,2063.2228658389604,1.811131734219186,11.709897680990453,122,109.90990990990991,19,38.0,386.1987456049114,5.607834995918905,-16.7809746579366,0.0,-7.2965875679891,-0.036990932171833246,1.7933048509075236,14.53950444132773,1.051417367296352,False,False,False
019ed6db-1727-7bae-8ac1-fcda1b498ac8,HdifyLNtMwRj5KDmief3zfdwq4ucjFCUoPnNc4rLpump,GoodDay,Good Day,2026-06-17 18:32:23.079000+00:00,21616.016156681275,16588.49794943657,10544.970326656352,23316.40231876293,23316.40231876293,136.0,84,21616.016156681275,10544.970326656352,0.18826536666666666,23316.40231876293,136.0,,,84,72,,,44.4583050291736,0.0,44.9677607029683,44.4583050291736,0.0,44.9677607029683,0.487831349228383,1.0786632536613867,1.619047619047619,21616.016156681275,10544.970326656352,10,2026-06-17 18:32:09.294000+00:00,2026-06-17 18:32:23.079000+00:00,0.22975,23788.371285910827,2026-06-17 18:32:23.079000+00:00,20381.77437553333,,1559.6600321425456,1.2286690716458508,-9.132004470252136,10,16.129032258064516,33,64.70588235294117,27.41390381819556,-29.542912570287506,0.0,0.0,-0.4140829492138991,-0.14132120984066932,0.30939110380509416,3.2142857142857166,0.9429015146823687,False,False,False
019ed867-4ab4-7e36-8848-4e5128ceeb25,Hkb3kxi9VuCGfXME4LFo8HCfJhhnMj6RV1VGTbjmpump,motion,motion,2026-06-18 01:45:08.532000+00:00,17609.15157675294,15152.757699069703,12799.215843269118,33279.2519288775,33279.2519288775,22.0,13,17609.15157675294,12799.215843269118,0.49184273333333334,33279.2519288775,22.0,,,13,106,,,32.3559519553389,0.0,27.1748535829751,32.3559519553389,0.0,27.1748535829751,0.7268502282737033,1.8898838926920103,1.6923076923076923,17609.15157675294,12799.215843269118,10,2026-06-18 01:41:46.233000+00:00,2026-06-18 01:45:08.532000+00:00,3.3716500000000003,17057.5443705068,2026-06-18 01:45:08.532000+00:00,22240.298685755595,,2078.884703913947,1.4677393466880968,3.2338019721050486,28,35.8974358974359,-2,-13.333333333333334,38.5250286393582,1.5824584998553743,-3.6685606392039958,0.0,-0.6923478326946011,-0.01181581345331073,0.48147487487928564,20.879120879120887,1.2629966065552274,False,False,False
019ed775-7d03-7da1-b729-e387162c42d5,HkxGeftPi2MKzSysaUhpxixBnn7tWospcRSbnDTTpump,LECHATON,LECHATONCHAIN,2026-06-17 21:21:01.699000+00:00,22935.414897328224,12834.319895138213,14573.661463933848,48994.68782639886,48994.68782639886,33.0,25,22935.414897328224,14573.661463933848,0.3139391166666667,48994.68782639886,33.0,,,25,180,,,5.0562887385691,0.4165425991711,24.9171142240846,5.0562887385691,0.4165425991711,24.9171142240846,0.635421749690325,2.13620237722869,1.32,22935.414897328224,14573.661463933848,10,2026-06-17 21:14:12.787000+00:00,2026-06-17 21:21:01.699000+00:00,6.8152,15392.123026788788,2026-06-17 21:21:01.699000+00:00,12834.319895138213,,2225.8085509983316,1.0,49.00748166715486,53,41.732283464566926,-10,-28.57142857142857,105.01813165644975,21.983858818422895,1.2152869576746004,-1.2037702791837999,5.1072534791024005,-0.14076778583527938,0.5836073262912878,-3.7499999999999964,0.5595852506960011,False,False,False
019ed18a-3bda-73d5-967a-a3da88748627,JAZYu8Kz7epcKeKtCW2mbkwYf1rkaqKZqZgoPFg4pump,MBGA,Make Bagworking Great Again,2026-06-16 17:45:57.978000+00:00,25335.36646588814,15208.147754589105,15450.783961275845,56211.39689310024,56211.39689310024,244.0,164,25335.36646588814,15450.783961275845,0.12098981666666667,56211.39689310024,244.0,,,164,124,,,34.4195015201834,0.0,23.8967706599201,34.4195015201834,0.0,23.8967706599201,0.6098504232050078,2.218692868278972,1.4878048780487805,25335.36646588814,15450.783961275845,10,2026-06-16 17:43:27.247000+00:00,2026-06-16 17:45:57.978000+00:00,2.512183333333333,16314.474664274676,2026-06-16 17:45:57.978000+00:00,15208.147754589105,,2067.494047366589,1.0,55.29379270401731,37,42.5287356321839,96,141.1764705882353,90.32724310852912,24.574261544820246,-15.478967322906499,0.0,-5.295118200284499,-0.15038675602628704,0.4083938026642504,-8.026607538802663,0.6002734468066823,False,False,False
019edc4a-5a14-7cf1-a01e-c3c8565e1a37,cY435H7F4wcZ4NgWQFM3wUjBDffdb3qdsQST2EVpump,SPEEDYCAT,Speedycat,2026-06-18 19:52:00.788000+00:00,19516.11479186697,13310.01663358081,13192.541514560537,49070.19100779756,49070.19100779756,49.0,18,19516.11479186697,13192.541514560537,0.35250966666666667,49070.19100779756,49.0,,,18,215,,,27.9128750116926,0.0,18.5850493639037,27.9128750116926,0.0,18.5850493639037,0.6759819592810715,2.5143422003362463,2.7222222222222223,19516.11479186697,13192.541514560537,10,2026-06-18 19:49:51.043000+00:00,2026-06-18 19:52:00.788000+00:00,2.1624166666666667,17882.042000199264,2026-06-18 19:52:00.788000+00:00,32438.12110051871,,12754.134483502094,2.437121003942115,9.138065952699904,38,21.468926553672315,1,5.88235294117647,21.3682464584662,4.454084478647226,-1.0638740135510005,0.0,0.12433854295990088,-0.030312715772389365,0.25336823972241573,49.28315412186381,1.662119814648599,False,False,False
019ed2e8-fe7f-752c-9c10-a92f6d6532d5,hQrnw6SscDqSoDxH4fquStmsTFucTd1GoKNTaGqpump,JarJar,JarJarBinks,2026-06-17 00:09:05.407000+00:00,24827.22339256265,21616.889564655263,15334.017554995291,48035.3315948408,48035.3315948408,68.0,44,24827.22339256265,15334.017554995291,0.3518418166666667,48035.3315948408,68.0,,,44,247,,,,1e-13,11.013476253768468,,1e-13,11.013476253768468,0.6176291771551391,1.9347846851545416,1.5454545454545454,24827.22339256265,15334.017554995291,10,2026-06-17 00:07:40.683000+00:00,2026-06-17 00:09:05.407000+00:00,1.4120666666666668,22589.051895886707,2026-06-17 00:09:05.407000+00:00,21616.889564655263,,2027.3732089353111,1.0,9.908213531899039,3,1.2295081967213115,29,193.33333333333334,36.55666565188457,4.85149486487004,,0.0,1.118322041820365,-0.029786671076528104,0.3775649969094754,-3.409090909090917,0.8706929978779226,False,False,False
019ed6ce-18a7-708d-b64a-f7359a985d6a,iaGJA8Yg2KS4Cf9JirGzXXn6pPBfVoDrSrFHXkspump,HAWK,The Hawk,2026-06-17 18:18:11.495000+00:00,20673.159821741345,13479.198763726592,13957.570074670793,19253.71562778125,19253.71562778125,100.0,59,20673.159821741345,13957.570074670793,0.07571336666666667,19253.71562778125,100.0,,,59,110,,,16.241221774438,0.0,23.6132113436646,16.241221774438,0.0,23.6132113436646,0.6751541706745784,0.9313387887386568,1.694915254237288,20673.159821741345,13957.570074670793,10,2026-06-17 18:16:57.755000+00:00,2026-06-17 18:18:11.495000+00:00,1.2289999999999999,18423.99647014858,2026-06-17 18:18:11.495000+00:00,18994.681198468166,,2757.430552413875,1.4091847394953547,12.207793001029737,35,46.666666666666664,23,63.888888888888886,69.19951501175052,5.931390957064059,-6.442856884838299,-0.8946084486166,-2.5628383028455026,-0.040002675113852026,0.31370421683483407,10.939907550077043,0.9188088014727206,False,False,False
019ed4ba-c17b-78eb-9ab3-10730df88106,m5HoubAkSxBn5P2ccdv8Pbn5e99dUdLSwcspUwXpump,CHUD,CHUD,2026-06-17 08:37:49.563000+00:00,29975.523437546257,12938.181169967005,12381.488302872496,63194.72303579994,63194.72303579994,187.0,124,29975.523437546257,12381.488302872496,0.09594068333333333,63194.72303579994,187.0,,,124,226,,,11.9559968201619,1.2034035090422,21.665271253814,11.9559968201619,1.2034035090422,21.665271253814,0.41305328090998045,2.108210826325205,1.5080645161290323,29975.523437546257,12381.488302872496,10,2026-06-17 08:35:16.047000+00:00,2026-06-17 08:37:49.563000+00:00,2.5585999999999998,15864.3956981173,2026-06-17 08:37:49.563000+00:00,47188.00993167187,,1729.2991658335857,3.6471903826179153,88.94841006205858,88,63.76811594202898,28,29.166666666666668,84.1172548780448,1.70023658342352,-21.664394035060198,-1.7025192740714001,-0.23007262105380022,-0.3543565434992049,-0.05531851791588682,19.648093841642222,1.5742180459329653,False,False,False
019ed55f-6ef3-71e5-b9a2-72dd0e7edfbf,oLQXV7Z2RY9GsRsM6Gp9Y7dT7Fd24QhD6JZtY94BAGS,Elon,Speedrun to an Elon,2026-06-17 11:37:41.875000+00:00,738825.6870627373,376044.98915122956,11485.253460046442,39425.224029182,39425.224029182,151.0,65,738825.6870627373,11485.253460046442,0.3725253,39425.224029182,151.0,,,65,168,,,,0.3685384574631104,1.0461698033517874,,0.3685384574631104,1.0461698033517874,0.015545281737167287,0.05336201044378985,2.3230769230769233,738825.6870627373,11485.253460046442,10,2026-06-17 11:37:28.359000+00:00,2026-06-17 11:37:41.875000+00:00,0.22526666666666667,761920.4264640011,2026-06-17 11:37:41.875000+00:00,376044.98915122956,,30395.76947224274,1.0,-3.031122227349149,48,40.0,39,150.0,20.98247436322567,-1.3441010844910686,,-0.19038740254721298,-0.012261310286592053,0.00026582514832434664,0.010591730734585747,0.6666666666666836,0.5089766040028029,False,False,False
019edd2b-975f-7d62-8767-97e14a3639cb,sBRr1CwcRYW2cE9WFNEhHRam5TVWq2pb8YgMHAFpump,GRIND,Grindscape,2026-06-18 23:58:02.079000+00:00,29037.092201121126,13863.213797037304,11929.249953163659,51089.546781549,51089.546781549,277.0,172,29037.092201121126,11929.249953163659,0.30672631666666667,51089.546781549,277.0,,,172,154,,,39.811801885718,4.2054796010864,21.5588663513895,39.811801885718,4.2054796010864,21.5588663513895,0.41082798065789344,1.7594580899383727,1.6104651162790697,29037.092201121126,11929.249953163659,10,2026-06-18 23:55:52.212000+00:00,2026-06-18 23:58:02.079000+00:00,2.16445,20216.185351699412,2026-06-18 23:58:02.079000+00:00,40198.71700405655,,3876.0002421850677,2.899667969677232,43.63289461372202,57,58.76288659793815,105,156.71641791044777,55.074542821720506,-11.391635838711633,-14.089416311004001,-3.904632012851601,-11.748505574125897,-0.25511831694888837,0.12981563663183104,-22.927740863787367,1.3843919606559114,False,False,False
019edc81-4efe-7726-b286-cf9620842b45,wF4Cdd3h7TYtyKdHN2KD5xmxPasmuMEcLAyqHWVpump,SPDR,Spider Robotics,2026-06-18 20:52:02.430000+00:00,31001.96438239265,12697.410815848218,12340.976476655715,44029.90798696008,44029.90798696008,160.0,115,31001.96438239265,12340.976476655715,1.3175753833333335,44029.90798696008,160.0,,,115,215,,,24.816651365443626,2.732249953422303,19.68896146728492,24.816651365443626,2.732249953422303,19.68896146728492,0.39807079075494606,1.4202296165454136,1.391304347826087,31001.96438239265,12340.976476655715,10,2026-06-18 20:50:54.616000+00:00,2026-06-18 20:52:02.430000+00:00,1.1302333333333332,21814.64007527414,2026-06-18 20:52:02.430000+00:00,211870.72280428448,,112586.31755021338,16.686135927793952,42.11540632995319,121,128.72340425531914,41,55.4054054054054,187.24020533601373,-11.83191482254501,-19.610039773959272,-4.8061724132766965,-3.368575721736981,-0.24356719040754676,0.7175546243691735,16.996047430830032,6.834106387291219,True,True,True
